sample_id,fold,Tg,FFV,Tc,Density,Rg
87817,0,72.54349013230144,0.3763176148934497,0.2137459166621174,0.9524876224338149,10.54095778529548
106919,4,117.48852046663292,0.36961535911081705,0.27082382253420334,0.9515710443283273,15.495249355014334
388772,3,257.2298782213693,0.37467529037528435,0.2637212959395997,1.1144065206655251,21.564791559085776
519416,3,169.99295091219142,0.38279517887092707,0.26123970792081797,0.9721776339037086,17.35868433063027
539187,4,64.05983330006461,0.3570649807945986,0.2669370111711237,1.1135850037526838,18.59073382215769
950661,0,37.12532403193532,0.33864505421072505,0.2376839739475734,1.029733358046002,14.057210741750144
1012066,3,161.5875370825766,0.3535934680493422,0.2688526532619202,1.0222144890137408,17.448593954190432
1022104,3,164.13819541265502,0.37412087276787737,0.2673075499779927,1.1200593381053108,20.148896595620926
1722264,4,13.671739155508234,0.35467194272011604,0.2246926977517928,1.0331867851453485,12.537179449733106
2265305,0,137.86951081937445,0.3372010727015532,0.2563743246189531,1.0337160591731027,18.723606250398735
2986007,0,56.06812145394061,0.41165911374457725,0.3405264017001854,0.8741953602538414,22.280624943977795
3013292,4,84.1241097009749,0.3102069897863732,0.17441935333688857,1.0941253186060569,12.055711341615384
3053950,2,157.7725819737733,0.3644676714803202,0.2270815924528116,1.2010852701364365,18.525799383702644
3128201,2,195.38977098523182,0.3700702403101682,0.3399714132323062,1.1663159088912942,27.053585756491163
3139746,3,-3.0481097924680114,0.3319194083032588,0.23900631998482536,1.1518236116265899,20.99156675644077
3254580,2,180.53942619899107,0.35215517825652987,0.25307194715429915,1.0242411757244372,19.121044724515706
4600132,2,142.18905981116853,0.33620533198446995,0.34437871652990854,1.0990165813718316,23.470290052754848
4658296,1,204.96565585821884,0.3653953708753888,0.24378031854331408,1.1147411148675912,17.503535183484427
4834929,0,188.5556905720889,0.3547800993807597,0.21173137622048352,0.9709461892080036,15.582121923883248
5118841,3,22.202126843980878,0.39142708015118893,0.2720262581223168,0.9678040082469377,13.819184871146561
5350166,3,37.19417401775531,0.3210773635211359,0.2207565201531683,1.116557220477687,14.99923133750114
5650517,3,32.59044395892421,0.3410065713496933,0.25319226050522986,1.1038757045825283,16.760037045710153
5661484,3,339.08768143284215,0.3929152993017858,0.27960276217195756,1.1569953339631984,23.000494119453343
5709902,2,61.52717461019916,0.3328649750845699,0.2963304655621203,1.0670041932838157,18.673274205870243
5724071,0,173.28424782118373,0.3358498157980062,0.24442428970601876,1.1800649702893546,19.277945426071543
5857263,4,182.44444111503336,0.3661528945623698,0.24481511170310363,1.161986560150106,20.4724398645063
5905810,1,46.88302546586812,0.3548935935431716,0.22499378258196168,0.9845363082384698,12.020241724583016
5966923,3,77.67191498190047,0.3870872386006897,0.24471176711862014,1.09232350639643,14.644250104051773
6019988,1,94.09881211064136,0.3412634029385025,0.2577223717413152,1.0395559350567647,17.9406350804679
6102563,3,70.54061596628772,0.33817534068202776,0.26285633044239937,1.1775961671305284,22.073180276882944
6259923,2,187.1227698165833,0.349316823442067,0.23247644056606903,1.091684656450272,17.03020515223354
6645418,2,63.21325334345963,0.32986885003009636,0.29763958600300716,1.020232720142745,19.621274024005952
6665789,3,187.0049699795706,0.34942122974177403,0.2996778243987812,1.1256884579074216,22.622844071092803
7586800,2,215.388491838692,0.37514192520819567,0.22271790491966517,1.1210014247906739,19.51656288327608
7687820,0,54.31608880768503,0.3713901015317519,0.35885944381026713,0.9263185601340804,20.237823916986596
8689461,3,21.196991619890923,0.4096437406486026,0.37014998085444667,0.7633312556563314,11.442957222535263
8973725,2,80.99035301897925,0.38581627933075135,0.1948874591506208,0.7351907913394589,10.921656270087762
9231170,3,43.2933932472691,0.39080469068256674,0.2183502844876674,0.7703921773312151,12.686697511720046
9284896,0,-16.427010049926224,0.37421464779895347,0.22977206975668624,1.008077266866612,15.791732697853712
10061985,4,41.28456719810878,0.3538155000816008,0.28224325479775814,1.052174863169883,19.32774689744216
10142210,0,102.39143659184793,0.2831078164835889,0.23571969563900497,1.104234538354976,18.631221224793
10557152,1,138.5299538219338,0.3997120224666802,0.20134383364081523,0.7602864388064516,15.764863955381824
11301237,1,290.535251415595,0.39571901254778596,0.20174352991062053,1.1197196379557268,21.50451836615104
11664621,1,-41.461387228170764,0.3508198099352504,0.22722517715493504,1.0132150087670442,16.04250981584377
11667291,0,172.05663053783098,0.36862575157781635,0.2155055936544339,1.1486100229209597,24.142606510183313
11796436,3,196.47529116190535,0.3730219230572952,0.28140705454180026,0.9843085570669199,19.031794541324775
11894206,1,106.89332119731856,0.3568102444114941,0.19779570917691783,1.0257216636910518,13.268605392063893
11955349,4,175.80181208484578,0.39597492222359687,0.3211091071232718,1.0635517291762382,25.918577837285
12008966,4,42.78068081719809,0.4055941288761911,0.1960609129812425,0.8766474413864362,12.150457989218403
12265790,2,1.7444728321283378,0.36968707841061793,0.20422611848040287,0.9458389044117308,13.053893412624937
12381586,0,16.20644856553909,0.3595380324983209,0.24378881767908095,1.05819496651156,12.697287498460984
12395811,0,150.35677540931715,0.3822872943320627,0.2641821296361559,1.0395552409987359,20.216474476345827
12627006,3,200.3177584195164,0.3971344631094795,0.2479875394585575,1.0823867406763643,17.847289756380963
12724819,3,95.88891061380833,0.40352838742525704,0.34879007748844226,0.9890816693046146,23.147556115774613
13021733,2,-124.97959335106812,0.3652933892652655,0.2103951390547172,1.0592310171120087,14.933030322912744
13364814,0,38.60888752195375,0.33405015588660886,0.25967185539468424,1.033093915406663,18.252379559066064
13630833,1,293.8624004614758,0.4277274813016776,0.20040220199483788,1.0306128638333194,20.298819130318662
13838538,3,-57.07668206630689,0.4528989237083184,0.19315777266184855,0.9955389939223149,24.306795770864113
13850404,2,68.17868094976006,0.3105939642179229,0.20772862410249895,1.2894664098469721,15.657042785529052
13874722,2,-67.65889816448133,0.3645328688613309,0.25659275187860275,0.9946506816945607,18.68573384185506
15891916,2,236.62474198950747,0.3993840377186459,0.30756227007794973,1.160595708403927,23.823701121443253
15979280,1,97.59818874089093,0.3347640447315785,0.29847998702381495,1.1747394851640725,20.967133899508667
16364869,4,272.0025111620626,0.3849586939020862,0.14285729201732883,1.1540610442783454,17.20758548891153
16498242,0,-3.096785581189266,0.40636189819019836,0.3499879261567023,0.8041570698153194,19.239173088383986
16855553,4,29.798209581749262,0.34106406043738957,0.2061838014792958,1.1008193427693007,13.092353595205324
17114758,3,98.80546527204237,0.3648071835788809,0.2521174506125595,1.0885271605001572,22.235415920785396
17899555,3,87.7983515329399,0.39606380849222567,0.18281540742267438,1.082109058996136,15.225967367841912
17943713,1,12.975818928614459,0.36040016333157193,0.22115330507591252,1.127303206704939,20.303705496164724
18227797,3,22.779396253940845,0.3577363958499032,0.2724784176201119,1.0247310015334676,16.779795006401006
18308835,1,26.501736298582884,0.41216427660189053,0.1906740779864446,0.9598681292097704,15.740293890738844
18339242,4,23.229975014968133,0.34173745479757445,0.19914415450801165,1.0629586626465064,16.897297319726864
18520951,3,157.7237226361691,0.3793325330284626,0.14610599539549712,0.9332589944158148,11.644166465018955
18696710,2,127.20156217418676,0.36269672500740446,0.18710915840974635,1.23129442484777,13.934492190998656
19277692,4,256.73541099728845,0.39350895443524897,0.24362710791192463,1.083682038001075,21.885848341200447
19303052,4,70.58239068869614,0.36310892572126563,0.1388609547079548,1.1925388301375264,13.83482968933731
19522327,4,79.54579923257333,0.3801867181839966,0.12844082781165567,1.2989889116567561,15.899843977076848
20039468,0,155.4456694503794,0.3745102038965155,0.221807087233263,1.1574521515531768,23.773567798023603
20273521,1,41.57332101080897,0.339195906424966,0.16196280689100423,1.1370021761319007,12.499202239889513
20627281,1,173.53087930466347,0.3515720006552812,0.2539982835785644,1.0674568173873853,16.743124552093455
20883601,3,158.33008301953114,0.3354111412269467,0.22428834648549456,1.0977481253289294,15.883328297964331
21279513,0,157.57944328794326,0.3757590557348618,0.21046484646818106,1.1314407195694296,18.58385753454091
21520341,4,198.03473691899708,0.3757010086895463,0.2473059341140179,1.0594763291329696,18.293698792988522
22184710,2,16.648510894308203,0.3743922969547822,0.2188994853469332,0.9971751992453152,11.551002297730019
22597605,2,301.3170621067696,0.437291914441678,0.36085457489771033,1.1374870850314498,25.865852368602106
22905078,1,-78.01294959927162,0.32664160149201277,0.13924321009257157,1.5622744786219407,13.2231464888832
22928574,2,-32.6831646815677,0.35912731540356463,0.22664613047715318,1.0068055761588333,13.383540721004785
22953969,4,-11.403342777192009,0.36251239157550436,0.30350125526944144,1.0096343680383921,21.873787982391118
23036398,3,166.3423544591709,0.3535747880889666,0.1821945174315288,1.1854689329859602,17.360552427046862
23192453,0,21.18311935622785,0.3542561256401817,0.1985879806860393,1.2513565244458638,17.35541020596642
23694396,4,-57.17535655833913,0.38081464399733256,0.12300948331689421,1.6899764658117429,24.711126636132597
23713841,1,185.86208085535446,0.36189676855349423,0.30056880716114687,1.151098226799774,20.40278772492328
24351648,4,217.25083911135073,0.35528384559409226,0.27298837529877196,1.0103009603240993,17.466421312777218
24969052,3,2.012850992781111,0.34418605587350604,0.25712822294869103,1.0926137850587998,21.088731081573385
24982830,2,270.5353316351921,0.3592758018247955,0.2065026093388099,1.2435533607013791,21.03048122312369
25581268,3,201.25728862113624,0.3726058725161797,0.2587605186022662,1.1864400141562295,23.17298839946314
25596707,0,180.49906460934602,0.42170436295417796,0.22611966205954198,1.038087832919838,19.187133533146728
25599707,1,295.6437073900862,0.39417550432293197,0.25221290939213203,1.1599638309204163,21.923911910986057
25748429,1,179.4456020911408,0.38382251670283235,0.20034198875588655,1.054257965800101,16.4614209361547
26299008,3,85.25341084192641,0.41433257327339945,0.18057349390062294,0.8263188110335278,11.0382489154713
26367456,0,144.47807744868132,0.3545818915790683,0.27589560899910387,0.9357789968032226,16.342041282469904
26995134,0,108.18513942960136,0.33765536952610575,0.25072677298895946,1.031472533135013,18.985996157884767
28121925,3,280.31235627595424,0.38541404550449204,0.17519471977525186,1.1386409394122194,22.707635833656866
28200504,2,14.751362041838803,0.3287556379602574,0.25615385721170997,1.0918281784855701,19.050533720389137
28479659,0,149.2105359279579,0.361689383080643,0.2132504321327091,1.1812999678422467,19.96601069183552
29482987,0,142.7361085327062,0.3980358806869306,0.1973791335702133,1.0681417026664453,16.473670063861782
29766304,2,107.91540897700477,0.3532064737000877,0.18303940436560734,1.1188708508752478,12.478302634311234
29881762,0,63.28108396445569,0.33274506064530573,0.26011658521639697,1.1029274588151414,18.431591751725673
29928066,1,83.19326641388518,0.35559806257244364,0.1676513218895569,1.08291958609975,11.262754533244422
30582999,2,30.005501694334313,0.3447371515828872,0.2843188563427838,1.078061701712507,21.465446677997512
30682090,0,145.05412655351643,0.37232694608948735,0.2008735998475099,1.12934511478602,18.793382140697396
31430153,3,44.930021077149185,0.34915769859509993,0.23807110516972005,1.152533809992677,16.491285303098955
31529134,3,151.83173817388666,0.3477784364619498,0.2899746445368995,1.1862550612278278,22.412080304849365
31841016,2,63.013031070008516,0.35042251308193584,0.1748060612451552,1.2122298354094443,12.49289890830002
32316139,4,51.468685224721646,0.34176575161029327,0.17326238488901297,1.2535283504046126,20.657430476932433
32586958,1,129.04203834350938,0.2899366725429745,0.2271481704095664,1.1193096066742958,18.247219108084106
34026248,4,173.27476863150582,0.3689598354003354,0.2650928282966997,1.1661952637356796,20.45660903905579
34042817,3,1.6061786944139556,0.34825559917110105,0.2667589539889933,1.0720165100169503,21.1073442305546
34234994,1,205.0197701592957,0.3624849242427489,0.2162294246559428,1.1678990011408317,21.106199680347316
34546505,3,112.47985596458832,0.3826366143745882,0.2762403149730217,1.1299452548194258,18.49376714406496
35288312,2,234.81790255505058,0.39995663877744353,0.25039959727917205,1.1140361341645124,19.231368509639836
35380876,2,321.7668146165459,0.4251982780353052,0.3940535216582038,1.2552208937349694,30.701821327008364
35399593,0,92.11555919482059,0.3951108206606022,0.18617268983949295,1.0913871649108884,18.74806975575875
35822036,0,174.48243337847612,0.36414710486938995,0.20031758004334443,1.096677556652063,15.601549414581685
36217683,0,60.90804255587226,0.4341823038176653,0.28855178510711477,1.0284446272488625,23.509614293669266
36780446,3,68.66585339691139,0.36200200657447723,0.2510579251349865,1.089516058396549,18.396135000119003
37511814,1,120.34623125222811,0.366631873249085,0.26918328239588657,0.9723485312709448,14.804135278207184
37571918,0,185.91671155653847,0.33483579269584396,0.24795233629895294,0.9666756494054116,17.59140843914188
37623475,0,217.07697945854036,0.36398321824924534,0.2208506101110309,0.9510106704488097,14.536317883906973
37727451,0,239.60821509373227,0.35055188602720283,0.2746352699403697,1.1449299191508904,19.996323243532576
38112797,4,243.62419081529717,0.3769845255971119,0.27957998106628235,1.0137879942044117,16.615447665668118
38228922,4,255.95299115408977,0.37466736729261724,0.2522926136222094,1.146664812077783,20.38260749221543
38242048,2,26.162590448669036,0.3208516938631632,0.120233757754972,1.6682714382983157,20.914237251446707
39109326,4,82.22034554683057,0.361495357110417,0.20002313244526532,1.131501336738327,15.263418117189444
40088405,3,267.5173657819694,0.39473054772842986,0.23382856421257023,1.1657889670518,19.47776017629605
40146140,3,195.9934192986231,0.3756938189747524,0.3043038344073574,1.1981924069231549,23.624947996093272
40417262,4,135.26663598299376,0.3363029594530904,0.28255983753740777,1.1355792635303243,21.425694029154347
40655089,0,161.54034472874935,0.3569778767575057,0.2613411338805883,1.2256339323910064,20.382210769179686
40953121,1,179.7287573974337,0.36446411347203905,0.28468731524291113,1.1046425165695894,19.57573282832069
41386383,4,-56.416037370473276,0.41137124244776935,0.3466450685073255,0.8181489444285259,15.54699574482881
41421570,1,310.30221300880874,0.3761699836039345,0.196107699467949,1.1659291019745206,21.416822093416467
41644742,1,83.14105979855925,0.35050748886525357,0.23322127833922218,1.1716658020992963,16.640247215142143
41684723,0,71.72290158728482,0.37032823371543344,0.27843559317902444,1.0513813153318028,20.037002743742903
41977066,1,170.59623536542347,0.36980514510828294,0.10973929631130766,1.3954483079821076,12.808079541803469
42779237,2,12.38626716773912,0.36812695796503325,0.33261908661353756,1.0257588288102482,21.518750642636828
43489811,3,16.810321380286553,0.33492876061291454,0.26297793576873346,1.1258614054246665,19.777095606942517
43517583,1,105.54437055145723,0.3953722381456947,0.21234130605447438,0.8612430217537141,13.35125201050446
44130721,0,105.45216760614889,0.3610917764906862,0.18053692291111945,1.1599371922976605,20.295672578708068
44332410,1,1.9940519527112457,0.4121167277744779,0.2926867465293659,0.7991203999150498,11.905458956579825
45108843,2,-75.9919833650549,0.36970769226207334,0.13137194129059693,1.4623104866735537,12.818867689321014
45704443,2,155.1982142165546,0.3770831298540495,0.19620932103499825,1.1808393970308761,21.16701155586496
45818224,1,-123.11119475536813,0.31624792692961096,0.1278116620456477,1.723493891110861,18.60416983974909
45908417,3,165.66909953614385,0.3859761082727658,0.18589575359420213,1.1316208535344157,15.924298139820012
46067784,4,76.25559457061013,0.363570787886014,0.17747610222545818,1.0401549966393888,10.234124736893207
46369100,4,175.2909705341729,0.36432432616442895,0.23288775919338825,1.0448704010793979,18.2867958978926
46473006,3,53.93726527635328,0.4147261816942973,0.2006729161645019,0.9267733320255298,16.787246100483504
46656995,1,-48.1816249643158,0.39778449612469285,0.2385436732637308,0.8096058532767565,10.791824095993306
47046176,2,149.25166186472305,0.35893213021754,0.24392012977530797,1.2246117824766392,19.809548046359133
48005195,1,99.60847030967727,0.3718576555981801,0.21422896378248835,1.159777186994323,18.3637680126781
48202315,3,240.85534834880835,0.4197588396501725,0.3247995356961262,1.1776995180613568,23.848427639277908
48308812,3,82.69103661339584,0.3220367660078331,0.29070954569424085,1.0618969401630887,19.15689739804685
48554956,2,226.22228524488963,0.36869386700401324,0.23766754063641152,1.2484924131241326,22.32447209823024
48717962,2,137.55709071078883,0.3559870854385483,0.22437639295838707,1.0215433804509935,18.276569614090455
49062920,3,-17.171536847469696,0.36137220710714596,0.2253378460701047,1.1010592699234263,18.699082119157957
49325830,3,223.58355504030087,0.38152071820951716,0.26821667504926966,1.155612136606464,22.563563003524596
49367014,2,135.141835994723,0.36464542631227254,0.2962301795387122,1.1763069620243267,22.097270314297823
49737348,1,173.2439185197939,0.41273362002069974,0.2367994580414967,1.0129375156542724,16.139329352756363
49886836,4,247.55996011454178,0.3945632252902791,0.16417902164477807,1.1630846079413883,18.35588986651964
50053709,4,193.77716966727215,0.37116992965220036,0.21382633012227714,1.2208120605059891,23.802340370577063
50438012,0,30.36260906616009,0.34500572568735144,0.2596501899192745,1.0488296014331693,20.654693712416655
51223278,4,86.39041663994317,0.3621792454535062,0.23052640722702447,1.1224008476139882,19.650975954409382
51367162,2,187.9303595490928,0.37789788557074994,0.23607987704313155,1.0314401249869434,15.967702708465541
51939851,0,324.33410606740085,0.3876635676447653,0.20673600576396312,1.1416334048478227,24.281247827976287
51976096,0,36.927610033935935,0.3483910086007401,0.28796009170780684,1.02373031748891,16.579849126114095
52181246,0,56.95568920351087,0.3530044831960702,0.23032071070179522,1.1902843611635516,15.615436390851201
52357313,4,257.9969138431562,0.4182247688686457,0.18158963623589647,1.0514020377696571,18.120462705191823
52649125,0,89.712753999818,0.3499228455988814,0.27572100593331256,1.0566117309621783,15.440681845088111
52868719,3,2.5280298157347687,0.38159245005717174,0.1769823503709001,1.0681454260864396,13.495855845359289
53248904,2,73.9628038512011,0.3807569718866841,0.2623355163842326,1.2088039641582962,23.589545653305485
53311142,3,-81.31848284916177,0.34047609768367715,0.22874935100967386,1.0940371396458963,18.367413415068473
53548350,4,216.26857595182219,0.35493391415868014,0.30552847258749405,1.0237730537528318,19.976247347473908
53844809,3,-8.48309069716467,0.37261520945360393,0.21690521591212059,0.9553113644379535,10.976781338001993
53951865,2,126.2606412608859,0.3061841780853452,0.2199256959752472,1.2458657924611698,16.026993855934105
54084083,2,-17.418160228256937,0.4063912995580516,0.2432975087843787,0.7823997376571138,10.947281997595606
54206705,1,32.881941003573736,0.4211424127093543,0.251526941979681,0.7808573287723355,11.984739320862788
54625460,0,205.6652419321614,0.3465838891596322,0.263333500330203,1.178361080608776,25.30824102646982
55326263,4,268.4501997997986,0.37812268376654296,0.2454639790539814,1.1712552535335654,20.734363678785538
55400154,1,151.5301578468702,0.3946384885225286,0.21381953755518074,1.047081417804228,17.693700077133546
55701750,4,-11.660128885378654,0.4208830852009592,0.21022055292242806,0.9424496810133189,14.073828218139006
55715472,3,187.9084271069144,0.3465789616665165,0.29392992871257895,1.1375445495881076,22.080732663275043
55938751,2,64.51854861443925,0.3742938362167001,0.1419146536519869,1.3178136009370003,20.440205306737333
56235690,4,311.4863971461893,0.40173186166803077,0.22340825759602695,1.1006848811338281,19.39873809835853
56319655,1,170.9909828684526,0.3671745132295717,0.2637805281093296,1.0897731524763974,20.757993072375463
56734204,2,44.34313232524841,0.3725875457106265,0.16037100646333127,0.8968009899478556,10.784701395453656
56881469,1,251.05835105026563,0.37257710757991525,0.2033112050868104,1.1693772365509512,21.04439746031921
57070808,1,151.2890804492757,0.38067016229568035,0.3027703709500157,1.1461615954524658,22.8793732386909
57222914,1,186.8468951821185,0.3672145310942016,0.24490312737947884,0.9919080722314563,16.06814507820485
57727191,2,32.98633643486221,0.3465973144158726,0.27584942995375866,0.9784640275591518,17.574396684010548
57989832,3,-23.43305818548062,0.335303270910783,0.22014066980150998,1.1801985922863998,17.675437601401487
58312031,4,192.6621845073148,0.38651179464909746,0.19350062241466104,1.20211238277385,20.809317050797084
58492814,1,151.8935612650891,0.3683460031905011,0.2865849273827,1.172929077869615,25.781544151550328
59233337,3,248.18969454148717,0.36930945523952313,0.23970816051988447,1.2160761893567855,25.64133767845574
59411967,3,215.88279888405526,0.3870877532624174,0.256705744071324,1.1159323910244132,21.028951996242387
59671897,0,131.2474513612303,0.3743494760217509,0.21028435463039136,1.1088950364219612,18.99637775561741
59967073,1,99.7758742685799,0.3238707652645671,0.3103314998317837,1.0996374320725495,20.927033205715922
60015302,4,-46.28085455561228,0.34056731006456764,0.23911618968703685,1.075801810590903,19.23597962168105
60029399,4,175.34672917478989,0.3759172865326276,0.2733122322609855,1.1201798705751922,24.382694770511975
60738401,3,51.60811326132127,0.38018443119998824,0.208367490051864,1.0836986015320218,21.25985528292938
60763059,1,315.2374504575861,0.42593586942369704,0.25574092018415256,1.171660618525305,22.01193694507736
60840755,0,17.311150912509817,0.3403198189510452,0.20721225060160922,1.0744685588948597,13.61919438354768
61414691,0,-11.617013833003654,0.3484532752514803,0.20041217519450857,1.0407505847881613,13.321668737984542
61470142,1,155.01418560360594,0.3751055648266718,0.19222792894285903,1.1992928057139756,20.451009151896354
61636599,1,160.49664691453435,0.3720742454735754,0.234278376834959,0.9681269135688568,16.33165259611403
61782925,4,-28.08529013799543,0.35088120346940804,0.16630196933933444,1.140735199592436,13.686756834210446
61915107,4,295.4683639138045,0.4271658080365422,0.14147096183950697,1.034591420555813,18.193668971546145
62163979,1,133.4951242947395,0.36652868271591715,0.24886411790001767,1.167049529729611,18.606944105018492
62269402,3,248.04307710457053,0.39156339074397234,0.20303145142871226,1.022551741022155,15.720471191470653
62619308,1,44.01802442269409,0.3736572213837801,0.1734266060422007,0.8571514363854096,11.992743731503275
62619449,1,156.29057741368604,0.3505239802039705,0.2338486091011665,1.1609468763335342,21.11551039857135
63090033,3,54.0757848125434,0.36296022846890047,0.15209735798722288,1.153428856892286,14.818151019338387
63333676,2,-52.075572680543004,0.36839660911237015,0.19711227251226673,1.164501663593745,17.43006755291209
63397318,3,167.90418695102858,0.3634379267044441,0.2947654891946357,1.2930812628007111,19.435344162381057
63969847,3,77.99309997389734,0.433361849864358,0.33011780745464503,1.1158791148375113,25.846576096562856
64606581,1,23.44505982883402,0.37592451326503007,0.246642581737293,0.8778145375484848,16.82472803928364
64725995,0,134.2837586785953,0.4083682393844426,0.23059833018805487,0.9355157765746981,12.221387153346065
65098291,2,246.46955367655073,0.36566687495522104,0.15316653089126578,1.2622949875109641,19.001866009504717
66059501,3,171.16899059394134,0.35754077049300614,0.3001835127156742,1.1614442609515785,22.73764776153854
66287866,1,149.3960692041096,0.3774646958447985,0.24425403266590062,1.1164301665845595,18.770638726149652
66714118,0,139.70356237425685,0.36200266093556877,0.1707232746154353,1.199783807490881,18.170427956261527
66764672,3,111.2295821854604,0.4447069138912813,0.15863714439806093,0.9801599458736068,17.06687771000309
66797597,2,141.86608292176464,0.36556310170265827,0.27138606778314245,1.0645067612534618,19.22988874157242
67251636,0,45.73538283012444,0.3386113877981766,0.24929107736189532,1.0228776789967817,13.674685902951154
67510171,4,-8.39982404221908,0.3909115756903748,0.18327156509770665,1.0539067125407144,14.65634759479354
67637672,3,102.6754592117951,0.38219989607911004,0.1460185170770253,1.196913743639218,17.301727390105594
67701587,2,65.57925022661576,0.36466714876302075,0.26086209232712904,1.0233562425438483,17.251474353212686
67919894,3,169.15149083174651,0.37966077680186366,0.2586888792460863,1.1259057297506405,20.314201141535037
68067670,3,234.40128138114633,0.3849815297002158,0.2564158066447504,1.0053875655431375,20.750593974435066
68287641,4,265.6940133754098,0.3781629971295704,0.31201905641696714,1.0047644985354751,22.20489868754366
68342514,3,25.11654260743761,0.36404294351433414,0.16719795436969748,1.0872431382790664,11.863922100911406
68581387,3,83.93933936883208,0.41952332279321514,0.29916151226559645,1.1398421764937678,25.009972480841768
68792546,4,-44.06816119640868,0.3680587960603569,0.30548486476191405,0.9359901180758593,19.662118531633247
68905066,2,192.06521653801323,0.3479897581539636,0.25358552171050824,1.0711720710402037,17.123953905363447
69087168,0,108.25403373473925,0.3484340030082942,0.24260582650183254,0.9874521436029696,14.880688139835565
69121777,3,106.74886404929939,0.3462370871815815,0.3004159393940159,1.162217896606184,16.69878268209554
69694252,3,-36.8019038755053,0.33531693726611905,0.24612936058333973,1.072532751396268,19.461647447348334
70273581,1,124.6490156390687,0.35028926336916183,0.24060935297684163,1.1592694435800361,21.18597919393269
70329705,1,-82.62222175658971,0.3347113959967154,0.14193541739992852,1.5483878602113976,13.768301082740747
70414190,3,22.648486873631512,0.34795041519892694,0.2540614128003834,1.0887580036777273,16.928975598100006
71102106,0,107.26223848521761,0.3800308063003681,0.30689091770403676,0.9640065700284967,24.99520932039546
71135797,1,64.77673198562519,0.33784958526175246,0.227344678773064,1.1617347795802055,16.872768906915237
71203158,1,75.01550894821466,0.36745982758259615,0.26816201815997837,1.0120155050617812,18.20598700010398
71861682,3,203.79481792899716,0.37106822584442317,0.27759253059338723,1.1746205302799986,22.630152216858683
72083210,1,31.56165098655059,0.3400159210002052,0.24605527279470826,1.096992354762673,15.734738602024303
72192148,3,168.41593819718958,0.39093408290030157,0.22397222655689752,1.2647571572455718,23.40694019062576
72343609,0,87.8976368718064,0.36531612796115626,0.2546498208388324,1.0882356320999451,22.576878042257626
72459734,3,61.135844684574096,0.30820972145712777,0.3236442944385043,1.2353435519283757,15.435238007957706
72780876,3,205.97116215643337,0.36693656270786,0.30108344605041815,1.1062644769176744,22.230370577003427
73164224,0,121.58039512504448,0.29193967035746465,0.23109274237533572,1.0701329211058357,14.90759806483167
73437424,1,104.09799602662795,0.3750398162090959,0.2192351323839029,1.2726716201838737,21.725074639529595
73489735,0,50.25725257511339,0.3299364975491124,0.1598050826952236,1.3266894924029944,15.780402217665896
74066581,3,97.28022450094906,0.35203629205148723,0.29197484755320635,1.1382486930511764,24.137466022872555
74313131,2,34.74951998739156,0.3630816731703393,0.1954988343861971,1.169794852229352,14.412809668830985
74688893,3,7.766676716430538,0.377904867481442,0.21290755925910004,0.9158402650721924,10.54957428379479
74865291,2,17.54491799977447,0.3191066873139472,0.1932638803124913,1.185225812176175,16.31401325131784
75135470,0,51.443115734140136,0.35870913973221913,0.20662582000759666,1.0863321523604361,11.547473586301773
75252869,4,-26.70726163351901,0.38300483213055225,0.23315360188629206,1.0078272535784765,15.809570084593338
75381552,2,204.0680611555289,0.40821690510788566,0.20394645423081903,1.0392068909674166,17.45274251926517
75443529,1,26.350229446134648,0.37444177615861013,0.284712394627535,0.9741388301771811,19.43699935858764
75466481,4,187.43299204490364,0.34957762059760744,0.29546551135871757,1.0371380367237368,17.96438067795609
75536580,2,241.90016569322648,0.36806091798581336,0.2672498385620188,1.1631627214497096,21.414321694123124
75538162,3,216.63901720091184,0.3721793005332414,0.26290042528593704,1.028928341211739,20.44008546229979
75851204,1,-6.9062303615878875,0.4093250847670143,0.26718865192498215,0.7852359325114011,11.57462563874241
76090504,1,-0.34895548532198006,0.3534729639555724,0.11676193505477414,1.4560266214734678,16.76622114670017
76415472,2,148.67649205976608,0.37329180094685405,0.3454173394968098,1.1716290085122734,26.60726519883797
76724169,3,18.33750394378798,0.3765136655439544,0.28403476741468076,0.9770543700213441,20.213807648036248
76990549,2,43.41690127372401,0.3507867180904454,0.28798383543675643,1.0558576091586491,17.538878211116007
77456502,3,303.59501016037984,0.40826995201247507,0.22337637994375464,1.1534019926099293,19.220752546843833
79415769,0,71.43131807112059,0.34926947033588446,0.20323068072124012,1.0812197318625412,14.405623076625545
79940149,3,109.50884843615327,0.3630790283918889,0.3293331985819802,1.0600740228738017,20.18002667934129
80116442,1,12.594558780332733,0.34053323869418056,0.25391168918781504,1.0844719695385099,20.58344946300106
80376161,2,151.61288759471216,0.37063680670748284,0.24830507266903581,1.2649553064423358,21.76532869684357
80487296,3,96.42970898644606,0.36589437289950744,0.22270890531895932,1.1357887669059927,22.776715665611032
80883741,4,159.6527457234725,0.3472717112356782,0.2885427502929848,1.1761447579797284,26.037047283217877
80922127,3,187.30431168613,0.3669590315065942,0.2638739559088333,0.9672268524553592,18.282152774078803
80929895,1,46.12031720372506,0.3466573219838741,0.2597261257375457,1.0606873650774686,13.775261867213942
81065395,4,186.79377038168104,0.3556350967914539,0.2975596943927045,1.000620240202633,19.157738811281426
81137216,3,57.870860642882775,0.379766139011466,0.4005814381642713,0.8909982681260822,20.959759315582396
81531670,4,-35.5169068447606,0.35757980135152295,0.22161579806104897,1.0876454714913029,19.185559396957768
81725470,2,94.78987187819465,0.385343789695783,0.2867002754766895,0.9854125121363684,15.03759382112083
82529518,1,154.5813635289599,0.3611708846513167,0.24692523727316254,0.9790098756493167,16.888297385736365
82633177,3,151.30144594215133,0.4021201407954846,0.14760825640518216,0.8881882885503702,13.094758167075556
82784880,1,11.45501910277487,0.33440730041406197,0.21326762613308703,1.0765825346614053,13.987188428035976
82911538,1,155.43121856956478,0.36179876819842016,0.23724852343419323,0.9931723970584162,16.408772972342813
82950702,4,-15.677093429193505,0.34289985192606315,0.2479956978675532,1.089148764156817,21.056037892641108
82977315,2,-13.930586294648492,0.38100506686196195,0.3714889229072868,0.8954165676753616,21.921038071735726
83711501,4,5.371816051417781,0.33244498735916644,0.3639525579321514,0.9193890894050012,17.93734351331994
83752896,0,109.81784076116905,0.40918144635752174,0.1243266329978312,1.331464525601025,15.232201548613029
83890516,4,-57.25330347546483,0.3536884985081909,0.1403875608329423,1.2345929129785926,12.440135418185683
84000426,4,364.8186406944361,0.4303120018939903,0.167581996734672,1.0707850387243978,19.036568760245437
84183521,4,145.18659445695172,0.37067118611609046,0.2561158425196467,0.9493048665622734,15.623848930303186
84553861,4,29.556985679746205,0.43529710477428774,0.2081436511906647,0.7719244277170061,12.457507971595966
84753546,4,187.6751800919052,0.36431673818743016,0.21915712155154224,1.2200460169695384,20.789378671397632
85350789,0,-93.76682657116946,0.36778501222894666,0.23922457040214531,1.0589283877227293,18.081484529808296
85512320,4,166.49453863895081,0.36405511566147664,0.2344916810607426,1.1728236099788434,19.8473494024799
86043004,4,148.3125078405576,0.4378723589705244,0.26711061993704344,1.061024155744827,18.51159601908355
86169021,4,144.23735488131416,0.3700577755034957,0.2754228378906282,0.9622217881121301,16.280300301636277
86465615,1,103.53503705467331,0.33031452816243356,0.19074373993899046,1.095664742728769,14.191631026013141
86721128,0,158.37571745292422,0.3909830762803309,0.2258810216890603,1.0002750874963502,17.64812510316596
86909617,2,222.05298236124966,0.377867446262251,0.25082965644933525,1.0184839957743537,19.239746804895038
86993682,1,169.39165300203746,0.3571943827432388,0.1366614667385374,1.19197913543639,18.053873707713365
87338341,1,78.39118938769376,0.35278879715594247,0.30038356207530276,1.1029475231368557,23.076672649714556
87721068,4,-14.22427574423071,0.33743039728256113,0.26194297974149006,1.051903790407832,18.596449796008926
88136935,4,114.4488349703662,0.3777609477452331,0.15816145251024563,0.9984705122139266,12.761648064531984
88832421,4,28.02105740175979,0.37896777278870963,0.2067292261701891,1.166860009213722,20.4475835821995
89077090,3,-18.97107479654501,0.3748906719615078,0.3150886789257883,0.9238715284536146,12.833664937647
89099554,4,62.684085742648364,0.3510781873174053,0.18905281711305683,1.0730737115728837,11.137469609649528
89164117,4,194.12204886276987,0.364747667068546,0.19250940442891884,1.2132417984867374,18.573277973580712
89377326,3,230.5215851607892,0.362222295703695,0.29398750018739894,1.0090050612616799,20.304793638976545
89692209,1,168.21803549466068,0.36131214471686995,0.2527642921297644,1.196612333761965,21.814726004717805
90074942,2,76.52802605043017,0.35211522207017204,0.2597059662004273,1.1771826514583341,20.763210930203144
90183382,4,97.48419010454192,0.3741339850209503,0.1764501448033391,1.0115711033920753,11.974395446669744
90208491,1,180.1408439007713,0.34395972365653865,0.261080262082307,1.379807666867665,24.852820624552198
90217162,3,24.25032780571236,0.35326426624009,0.2233965118086977,1.0437577165083762,14.939597948856067
90460674,1,63.026709784273464,0.3481802761426376,0.2601073876861159,1.1697797569394561,20.559817965611746
90954727,2,-53.82745060076333,0.32089403890508233,0.10316044823221648,1.818128891301731,19.337100612336403
91029862,1,342.20212193085234,0.3983484448031364,0.2929274994272425,1.036045306677572,26.752825344673308
91669068,1,187.2975509033351,0.37684865826303926,0.23651247297200817,1.1241430161374821,19.147097921893373
91718962,2,-17.072358440511138,0.36814890697609787,0.2100133506104364,1.0324284404083532,12.316880886679911
91927958,4,40.32828418736486,0.36324527073824636,0.20920665758133383,1.0447807278198282,11.203337809006882
92209780,0,60.45873201313499,0.34810321120230797,0.1872918350158043,1.104348602793702,11.656084004370253
92330874,2,96.75413245100893,0.3603911168046332,0.3271115080304894,1.0883289391925488,22.074688808446744
92595615,3,31.112182871594115,0.34862456120689866,0.2221387961019688,1.0915862262586538,11.847395328472604
92619090,0,15.055303796503097,0.35389007483713386,0.20400865972915247,1.0553805319788814,12.276971819672752
92814383,2,57.40026615221225,0.38162771646162563,0.42782505743738175,0.8707929636222594,22.357317266482653
92922401,1,225.63854559231237,0.37174261591880703,0.20957636204146424,1.1042562962292304,20.03918885974312
92946122,4,166.58318174186502,0.36059229756642325,0.2609520283432783,1.180755161972567,20.1233971191454
93073928,1,188.71759458322086,0.3689359966496571,0.24986734466607025,1.007533363178871,17.992068620580405
93319116,2,57.47610612419521,0.3306057469831208,0.2558044986441924,1.185786041412081,20.10246885958835
93467042,0,145.91927858500364,0.3496455495844943,0.23652857215515716,1.0001442639337268,15.962477779913133
94248723,4,-43.34179117855808,0.3413326934899713,0.2271458844336629,1.0408047658671538,13.248814566616513
94344742,2,243.7678670019132,0.3994875159497878,0.3267062059773478,1.126591245925534,25.10324810078633
94543909,1,62.933709691709794,0.365972376769133,0.19595963536756889,1.2404035547266121,15.373147188093588
95310452,4,77.83509217283168,0.3694260151405694,0.18567766893865037,1.0114431165502202,11.913772749970832
95396471,1,119.02461888086421,0.41699063877552267,0.32484196015074446,0.8750263036773089,17.50587446798866
95579704,2,147.775598646098,0.3842624690717823,0.1945702608881673,0.9401899680626562,12.192958389586838
95950675,0,178.46970895986038,0.3902357922740676,0.15972103397682735,1.0581190776972624,16.79970975849294
96953852,3,142.79737736569032,0.34983938544061516,0.27099021314725924,1.0476419237452133,16.787700939046648
97597340,0,1.132414054085075,0.3708895277214144,0.2980076615480575,0.9364761292881211,21.02282500217604
97633900,2,116.47038416670031,0.36748158199583075,0.2206132469555055,1.1214759759105672,15.457821836255079
98585154,4,281.68681059776713,0.408569170630767,0.22142969853063832,1.148307128563974,22.34511584574317
98641557,2,168.45864257337985,0.3736524114672583,0.20282218371958088,1.216668606419157,21.396039649934792
98940224,2,246.88072060178564,0.3641010643946285,0.23312086007445262,1.1433110393000578,24.02510334969123
99321215,2,58.03394446942472,0.3517121634240252,0.21952705361400987,1.112724587530926,17.128987470715888
99440116,4,1.0937170407654122,0.36847742424545676,0.2104868671671445,1.0421025496360667,14.102755499396972
99885429,2,221.5947888886658,0.36439070483990776,0.19178774582232266,1.367021488428207,22.09815672657014
99908460,2,68.20806067331296,0.3465806345568542,0.1820804890008865,1.1237929556832038,13.856833060251246
100028701,0,119.81982754124951,0.3202010911204172,0.227716988535982,1.1926150974048837,17.19559150676028
100174621,3,40.08695529065717,0.38934323394180853,0.1588976147482526,0.8308908543832787,10.422120412368054
100767985,3,42.53060707858567,0.35372974125960155,0.2791676875324982,1.0183241464028325,18.358418101679607
101151007,4,-42.966706420289114,0.3624355741028755,0.2808430513512675,1.0275596674726493,17.632288010687628
101268497,1,189.59246553412243,0.39169419226328744,0.14493660359121718,0.916145445143074,11.317154161594026
101351388,4,25.41897240783318,0.35535766590739615,0.30403144026311807,1.002630174501909,19.89107113314446
101355121,1,188.13655010730713,0.3868479376426662,0.2626661390126544,0.9869620511660401,18.169758536211376
101541565,2,109.4113562392567,0.41934797524765677,0.39351720374576826,0.8808638576579672,24.767853876888633
101762204,2,167.9836568118955,0.3669755020487943,0.2732289776475739,1.220287965177439,23.097294342836836
102315862,1,66.24952144526259,0.3521011748443477,0.23538268103891166,1.1496658677825975,18.14028893069288
102324503,3,107.5583484462443,0.3740105695448811,0.2463195829502767,1.0268286687467802,21.13277121618182
102434627,2,168.63161806950555,0.3672491583668278,0.24824450800206185,1.1123021415975736,21.69680028107088
102464376,0,167.19927791092482,0.3607523248944451,0.24767527510732032,0.970188510826867,16.369880500045266
102545459,2,50.3734901350539,0.3477944582311615,0.30478775520446894,1.0248481474309497,19.167112255591906
102606896,1,28.131021942632515,0.3679905221135667,0.3577213849474973,0.9123031561844612,20.83727152525519
102779162,3,-2.2061753300498594,0.41072050339642835,0.4020909810259272,0.8756029551376392,14.98233078683718
103257739,3,277.1356540513418,0.40805523374871483,0.15733145068278165,1.1094403866451907,19.775878112454333
103265366,0,57.117290815557766,0.33808579908016484,0.165785107885315,1.1778793724375867,16.42228996534684
103451865,3,40.94044195633949,0.5079875986842898,0.18296923387625957,0.853395319480992,16.13986545957255
103929649,1,218.61303856431553,0.36707167193301177,0.24030704552291499,1.1340076307265115,21.802590232509786
104251154,2,178.11042432234316,0.3420976302254187,0.3312368834789294,1.1618157218026004,22.12863348591646
104578958,4,188.19086177988586,0.3969133157115243,0.18794187855234423,1.062592915768027,16.776369689716223
104743895,4,156.57741436304207,0.3628958369394451,0.1579208539149466,1.2014344595993127,16.589574296357267
104905382,1,264.9796358799117,0.397796875597217,0.17357136552666422,1.0257442140010342,16.81429751182045
104973461,0,37.70602198179381,0.3514230136329919,0.241000478281614,1.1139108824167865,16.895596085730155
105391120,4,156.35007673732588,0.3612601764905163,0.23402579858696776,1.1845966973835014,19.7483891635298
105613036,1,216.74806386928685,0.36623061541340557,0.19078884172643457,1.1514995130039953,19.695487429200394
105789643,4,163.8955596154891,0.3634507048135313,0.23515917872712608,1.172562407329014,19.777112462319238
106050783,4,157.47579690770257,0.3921529265089507,0.21149674895928816,1.0817606386084258,18.99169457049058
106083096,2,134.47095828146078,0.30216711442875405,0.21892563447066965,1.2755616842267334,17.04377433569812
106612314,1,249.1657684985267,0.3875886684880751,0.18051741939062374,1.1704766831732196,18.630146355852343
106732867,4,249.2977505896603,0.3701574234185873,0.1838469601214175,1.166936934675018,16.462971049491983
106795224,2,46.412639509752246,0.36094220785499703,0.2595144271467285,1.0492791771605998,16.599478117196828
106825904,3,-67.8018972409316,0.3712284786398754,0.24796293918445045,1.0320728280804883,14.487487357478706
106963136,2,151.18544381432332,0.35100091551904217,0.20594633108020904,1.2884652024206449,20.31166939869462
107158685,3,234.9309856464923,0.392279420827477,0.2329160371177094,1.0860290084298843,21.23591387369244
107530968,0,62.161166020053415,0.3789145236869891,0.31394243651784454,0.9605276645161155,19.964267711129928
107562247,2,177.7590205836152,0.3516284342606979,0.23780649916160249,1.194453551184729,21.627866266219474
108528555,1,108.35990696841841,0.3442660533005081,0.2540045595093241,0.9849043243606451,14.223436502815805
108998578,1,115.73957907127843,0.3787509053149821,0.2261331503292649,1.2462478404585122,20.99085359450448
109027922,3,-33.28676017943937,0.38662383787658733,0.2151095934305482,1.0536202792179619,15.383120581533252
109081671,3,15.176997520628632,0.36317282723047817,0.22106293450487152,0.968270631609927,14.944214149672227
109313016,2,138.6705462887216,0.35561339044361207,0.16698874953282083,1.1603262655011553,14.96245213465528
109395625,0,47.78111793216065,0.3648121699087283,0.06597081553148801,1.3403621298648472,14.256426305269954
109705207,4,103.93556334142721,0.3236836521422278,0.247594079064241,1.1005493842332517,18.612790019539176
110596247,0,75.28272014281333,0.3531918519284739,0.29443506525624286,1.0131722118799305,15.99921014470224
110986650,3,102.30883961816622,0.3597684733488797,0.2810458981738875,1.1641678885626943,22.237908128823868
111009795,4,55.02536112256598,0.34430488113939256,0.2877113374655568,1.0832295569631096,22.15949905457645
111108341,2,151.96927612033102,0.410947428864713,0.1365361270014116,1.0152012974000373,13.264484020002367
111650158,0,147.1144328586245,0.36023148616275125,0.20733825600712757,1.1918867960049073,20.025142404054197
111668732,4,40.91373373691364,0.3509093694398978,0.24183633631809406,1.099910730945206,20.64618548990563
111707044,0,213.71992156091994,0.3517686062637786,0.29807302496516036,0.9407793966579887,23.986962147498932
111708400,4,-31.034189088188526,0.35336976509385465,0.232816147620391,0.9776995651118087,15.915535000589285
112017015,2,192.46848918849847,0.34706839673255535,0.27256597976605373,1.101351359273479,21.451396124197743
112351140,1,-58.28581032780096,0.35782305777632295,0.18800718803932578,1.4888032766428108,21.05991532402593
112553722,2,72.77898478484235,0.3336580285190962,0.2639886584750137,1.1162574624228876,17.61042466289065
112989596,3,-47.11077203208299,0.3167663204239994,0.2316744880299181,1.180526496603301,18.910753443303157
113181684,1,-23.27867868330246,0.4138341681147833,0.22137742672347246,0.8121460866317383,14.922716823614705
113263690,2,168.31405662545185,0.362031265592235,0.2692036474140761,1.0484999897550669,18.970408123815503
113817075,2,67.98796368151656,0.3641019121470289,0.21182586241953483,1.0824391372182693,12.376932114564882
113985401,1,104.95124846264322,0.35468670858456935,0.24007062486292577,1.1696518954476718,19.740764476015986
114257024,0,167.8763654211762,0.3724665923730813,0.22866211496885058,1.1732098403811737,22.222540512744448
114287113,2,70.81893945124887,0.3751502839617074,0.2930987035737749,0.9892960036790769,16.91724204810437
114988183,2,267.36214515888236,0.4023645514003408,0.14850734728973386,1.054430679081053,14.92468016330792
115242060,4,48.215504701315965,0.34747622461781197,0.26524354670517025,1.1093275198791532,19.850032427698586
115627985,3,50.89006264900292,0.36577089451015515,0.3393525837900774,0.8970867166989684,19.71728208421303
116018739,2,6.959801030214351,0.4014953055745544,0.2358305466332899,0.8105408715352136,12.160634984435
116082085,1,147.89889038610752,0.3493717117477153,0.24074013680250247,1.0002990619702254,16.14083615288657
116488904,2,-14.627466284019178,0.37881108275333936,0.36030178568621396,0.9037132711565758,21.704118335877176
116842973,2,159.7629836422289,0.3495976022640521,0.255783486098814,1.0750456887843547,18.320338378959516
116907306,2,74.07723014293342,0.361430959187213,0.16352054573885344,1.1113098779996575,13.341658158994248
117726673,2,152.23415141885826,0.3618907479987488,0.23230760707504572,1.0997362238296524,22.04368387887154
118056137,0,-85.95138821161986,0.31880119679332475,0.11715959795028563,1.5018686218751864,14.310264674086664
118556246,0,125.76325425776962,0.3969322267850537,0.1515631652146172,1.1816100632453477,15.435939367614823
118829848,4,229.29244071448778,0.3630081161452512,0.18797796298309577,1.0890049675885412,13.94514458030755
118919299,0,164.00430492112105,0.44161717623556035,0.19751137521781256,0.8828914504006559,13.397273635593738
118991284,0,7.4090321072739584,0.3256589230328162,0.22078715973146126,1.0990697471432318,17.195749815069686
119301714,0,67.73233663571251,0.3143953520449583,0.2629889577156272,1.072908461588967,19.132182929258768
119392727,0,226.38582147299877,0.34673723767134196,0.20155810289628434,1.1647927882021423,20.740194572316103
120060047,3,138.67832203264544,0.3775503559646263,0.26238694127671236,1.0359569787700986,22.515174220195966
120425171,1,80.80172923107452,0.3718044097389158,0.26786749899888296,0.9467058711864959,17.391618018519598
120794322,2,389.90228641689214,0.43753019404419935,0.3566251327329492,1.002242411849938,25.673569433926225
121214961,3,207.51759393775092,0.3616829354292664,0.18297907291818216,1.2391090404381462,22.05619575194728
122170493,3,109.12374047326045,0.4718462369417019,0.2220526524337849,0.9681889882893805,21.186785481005455
122752033,3,27.708552346424057,0.34541252606753303,0.271707751839005,1.0078044809979156,18.460444987479125
122815777,4,180.22134275477228,0.372827478261473,0.2653154610358654,1.1619349723635617,24.281662895657192
123479038,2,0.1314839605321083,0.3214687231534951,0.16048278440185726,1.0721453726475538,14.263024101912025
123524661,4,216.55850535317816,0.3580628412033118,0.1275635592497227,1.2175566079720503,15.857899209968462
123705047,4,24.16548037745615,0.37271675258906556,0.2533716433970566,0.9373376252767858,12.158453767129613
124053674,1,145.43264018304407,0.3679353604984626,0.2049667743927225,1.2978279984371681,18.976975661263282
124111614,4,273.3232086283742,0.38660442047983057,0.26263948186325675,1.0625317824862852,22.27658610769254
124665758,2,-21.045674424051526,0.4066248390974555,0.23250356897756644,0.7644218188943795,11.052761158009565
124836094,2,129.83128141196337,0.34883759122866265,0.1664744361628604,1.2917212573181325,16.050558647051744
125425163,4,369.6803644969892,0.4169386420947529,0.2757926376636757,0.9958113855401108,23.570076053694514
125472122,0,15.109018669199003,0.3085930417735018,0.24428562441674348,1.147994572068991,19.31149048004451
125514208,4,197.37934479704154,0.4046576369619914,0.16899018976926045,1.1187679619886997,20.30012518589027
125846951,4,10.507900578371391,0.3816754960189641,0.2707373691358313,0.9618721207431385,11.98826709166675
125969488,1,21.015601414747707,0.3181538988795454,0.20414646163320138,1.0669532173060507,14.374818273881935
126334280,4,224.64144406643547,0.37666214517371344,0.25920777526878025,1.0940225817046225,22.507982592185062
126444620,3,92.51254995307437,0.3528416394174898,0.20695485347831377,1.1850143976800744,18.376172964729207
126841859,0,17.34077332669699,0.32928450885575905,0.25596523780981,1.084057015617109,18.963392965185548
127626732,1,8.61883615083245,0.35100785366660303,0.14724052123264453,1.196216266394143,17.445598639973937
127834200,3,103.48936838989194,0.31982158890562884,0.16548077195484712,1.363722911558819,14.094187895631682
127883611,1,179.722392948861,0.35866831303253444,0.22604657047395788,0.9381550457673942,13.411365096186449
127891371,2,139.35326880511985,0.36535962028570174,0.3010850574778029,1.1734965407634805,22.24070195993484
128067074,3,350.41752649884194,0.4542229396869588,0.18636437600329875,1.0223981587550806,22.13966776743995
128211105,4,205.75094464038165,0.3816785961075092,0.20681937830309136,1.0595440600363917,17.04226823215095
129058504,2,36.0956362546927,0.3241327318491335,0.2304886442747134,1.1582527476602693,19.806736709887677
129677973,4,107.84287418628705,0.382415612937672,0.11091212164273773,1.3331475364078136,15.927537108591086
130236950,1,173.8074129463273,0.36411969729453025,0.22070343921978613,1.2030439501632422,19.74129557305821
130348754,4,-55.49078171051946,0.3892799905407377,0.21676877592317806,1.0548289056392257,19.225861700578147
130603875,1,155.34227457635058,0.3574327700723463,0.2734868496302651,1.0329844635371468,17.90823966270908
131030961,4,113.35798659807644,0.38213024254716027,0.2422337044569136,1.0806270233194135,20.09402615508996
131086449,3,238.81745684319984,0.38776779179942644,0.22404971101401336,1.089423782022534,18.279522021737172
131094319,0,25.133565827320794,0.3815920846147988,0.228913834269406,1.0255548819450857,16.890639674373876
131123838,2,93.96249919658831,0.3592540421742327,0.25905884963722675,1.0512261922032347,19.877719055800778
131275030,3,22.798571975958282,0.375518712276802,0.21942088756263026,0.9082750117338416,11.487567428540252
131448132,3,194.13923388251618,0.34337886980893245,0.22634129488118024,1.0858494318377832,17.08138161640939
131486630,2,48.243066820136384,0.3484863532687645,0.2730804162158967,1.0489252871492294,16.940897722944147
131992742,4,344.41709957874605,0.42947060611180676,0.31949488881491817,1.0531820006475308,24.090831296868334
132133665,4,5.869133689024679,0.3586476135049701,0.19505836167636764,1.1270749642778957,15.976774807040785
132181866,2,207.996941324499,0.35604780629247723,0.27439264977511646,1.1996060916278004,20.70181336966196
132706466,3,320.85708866058997,0.4031450305095833,0.31119230087521677,1.0967615241198894,24.801293501722352
132725176,4,128.5025246829973,0.4091036942828113,0.1740129774867395,1.148102233807689,20.268225229889225
133123853,3,97.27260975158084,0.327963600031312,0.28225937823147335,1.1410719133774538,20.902045944354718
133124835,0,101.70641415411147,0.36687742749287927,0.1884594438096227,1.132505772421751,18.4461587419947
133986624,2,44.024794339563414,0.4318376148847457,0.30383858990696344,0.9433687604584517,15.023424596162041
134240821,2,91.74303300644993,0.4141016325142865,0.2509150304084985,0.9283513294749135,17.906938203673608
134957671,3,23.709552400511726,0.3449179187600247,0.22301454023489442,1.0361253807602933,15.127773430720188
135202428,2,211.33508016374816,0.386402718720564,0.3066597306507227,1.1659237949806223,24.034270557440202
135272498,4,16.046208280531175,0.35670809901998357,0.27684901285698,0.9984153338998919,14.198828870182751
135399849,1,206.46745467230917,0.37129821979379324,0.292145849592238,1.089513153925846,20.701241325814177
135571738,0,170.23745265684238,0.3680489856871868,0.2205204849021091,0.9688435426197636,14.33081117166531
136037972,3,124.20306557831827,0.376724553403032,0.27287090223423316,1.0232054835072983,16.939077411592688
136482029,1,75.22973529787994,0.34826548110018213,0.23524351668565224,1.2343667715088733,18.169498312313564
136535007,4,232.89928774149814,0.3810699991805183,0.21852796694192184,1.0249609765926448,15.719675345569618
136564910,2,80.83109077332077,0.32671092819182945,0.2333027855190667,1.1598917333131928,18.846783140332366
136668087,1,20.792601689213143,0.3510716656882149,0.2661252558643388,1.0623138480590577,21.217656060603275
136676580,3,83.89756702944078,0.3416880599808945,0.2514934315338139,1.141808036471981,17.478839261672647
137060513,1,-30.94371716124708,0.35703589337920155,0.2211859293692166,1.0836300354670214,17.437352778146003
137117611,1,171.49216505652475,0.36111286399053977,0.22555984003176374,0.9084160134427405,14.376414568642264
137415290,2,43.65372612520258,0.31692752396999635,0.24408478925292404,1.10560431530954,16.82008665271233
138808143,4,-54.5095150498484,0.3262536621819273,0.23939800753722876,1.1144994937769457,18.648945005186306
138809640,2,126.55813130792788,0.36462242920763754,0.12324261137347345,1.1603672871445796,14.108688359614076
139085360,3,46.983400151969,0.32505798335677805,0.21593892910366205,1.0114200410613985,17.117046310801797
139188730,2,216.0526960413411,0.37398549053936647,0.34114933586972496,1.1268589340831918,23.75867044058293
139200098,1,-34.86221251586082,0.32848531806792947,0.22283180657738322,1.104531986551388,16.370614639692857
139585639,2,228.8716825223451,0.3716603008920414,0.2866607213483568,1.175228742774181,22.583662723788702
139914608,4,218.92948673219988,0.36587556197353654,0.2970287538444191,1.078129876153944,21.279760339012036
139977598,0,186.49162968351783,0.3973779945940077,0.19111399030728662,0.9808328560942351,13.678109121479345
140168832,1,5.772054578313487,0.3455149286753214,0.2607840906132533,1.058577914931087,15.15159398139824
140415340,1,-45.07751521567056,0.4150233275395571,0.2985552792630534,0.8443432482019052,18.732919504261147
141066783,3,282.9051143357999,0.37357643281697106,0.3221026398909208,1.1249461059184103,22.769933617332867
141135744,4,346.2697074287175,0.43226184419225033,0.28825761148556717,1.0341350923674395,23.373339846104052
141962685,1,214.43015148495232,0.3831724434689419,0.21499452592511337,1.059299132556233,17.69786488825772
142147775,4,8.241111566903882,0.3528545991134458,0.2830250930616136,1.0842200424647603,21.709622556867814
142186672,2,73.89235897849937,0.3507967019828437,0.17887749559725558,0.7040278610365563,13.924658920476867
142224028,2,277.1299944491393,0.41933378732802307,0.16477025605557738,1.0407153629761146,17.46953922397017
142367496,3,54.86387358027911,0.40131765101917594,0.19600731508978467,0.857326169480088,12.694752684130112
142490647,4,193.4771393911334,0.38128665559378216,0.2663356687409966,1.0932470628604392,23.400895617330832
142802262,2,17.310382081051912,0.4098506671803377,0.19580084031010814,0.8276199668773389,11.611636017149056
143774509,3,192.18291603199862,0.35482653408547704,0.2643525955356659,1.0663863897639099,16.467478067264597
143809812,2,244.88679228138,0.3753348380681986,0.21348486150733417,0.9944735699433257,15.47742416673022
143899690,2,132.98598687565044,0.3597970648985526,0.15776354309822688,1.230913233330153,17.261903138453246
143924095,2,93.75210049765448,0.36213898191309307,0.26369640328723043,1.0334379783975802,20.083190367663352
144238786,1,22.129736060282653,0.3587887592982385,0.2481666830376532,1.064020676437511,13.255286734309907
144472572,2,176.8995687213714,0.3782706590859425,0.21891899618396238,1.0120529131255622,16.971144661383917
144839830,2,181.51276179112872,0.3617329531082587,0.2739290600328276,1.0995813317622398,23.620383440403195
145920765,4,193.36426971859285,0.3513801397797353,0.32170243719149194,1.0318071276988792,21.418333359448827
146156380,3,174.34604025323839,0.3728548231743985,0.2912814273268137,1.1356460765046923,20.853784844303572
146165767,2,105.56568810124972,0.3465520346223184,0.18152887172392373,1.0850614784518222,13.105020346494891
146221251,2,86.22061523166903,0.3835975694465933,0.20266649301949113,1.0920830283549976,16.088724656789797
146716935,2,153.79143275369006,0.35243707396933277,0.24083449972878482,1.058831526109634,17.063077620423947
147030895,3,229.3306859648348,0.37325835187396933,0.185731127150487,1.1489091849738136,22.91223689498884
147633092,1,60.03584764852168,0.34194402296836046,0.1969943317043426,1.1014158034692447,14.303579456073773
147677118,2,15.776410559205175,0.3564293930263859,0.1892862488847696,0.9934897460203304,13.111242503790415
148111753,1,-32.552425520792156,0.32574325612904426,0.2459166236045684,1.1775643566772682,20.061910256134112
148248890,2,19.055342337831817,0.36638700924602535,0.2061794229725068,0.9596575758991467,11.78315707041218
148252767,3,12.280808715242841,0.384336682897558,0.15933487821418413,1.1567136417796777,12.881050533067286
148616974,0,-47.284057528436946,0.34206810771115004,0.22740581671388543,1.0682716385198698,17.602607767356208
149053950,0,287.5912394130346,0.383076005241438,0.161202479831428,1.1625186011012139,20.416516753359204
149101883,1,261.70068516581273,0.39445736283493704,0.28337177793432683,1.1369225271675962,24.92226681918185
149152941,1,118.82214037992449,0.365015662057204,0.2944429254347546,1.1995751518156628,25.192700886966968
150274872,0,73.15714096311422,0.36212897805710415,0.21797102272738983,1.103295003454485,20.605769189299917
150383443,1,-27.39094346700071,0.32413706607542014,0.24188599479383172,1.1885714468420545,20.096447947334973
150398974,1,160.18885822438745,0.37588693347556373,0.1668721140088672,1.1399306221532992,12.572390688999207
150541495,2,99.56916919510701,0.3585347241504436,0.23973349131534313,1.170667408189942,14.12707041071811
151009154,2,162.2296664385582,0.3441623597687456,0.19478709018207457,1.254970466539451,15.295036763148994
151282337,1,176.71487112700072,0.3734434710301517,0.22310221448192202,1.123564783169396,19.79433919734011
151355449,0,4.403682020984036,0.34100763631736025,0.21346333889490443,1.141603561303223,20.077920224668024
151560379,2,-22.218571042399674,0.36248841545788996,0.277469426097047,1.063989039822658,16.949127470322477
151874358,4,31.60414375471359,0.34595479466846396,0.22842494729120194,1.103921418146034,17.357003554004386
151905187,4,-24.246957720543847,0.3344830731457705,0.25882032127238463,1.076942672735644,18.622911986805953
152255453,1,115.14249486590477,0.34496798378328075,0.2645485856155692,1.1824375862148058,23.936800829581014
152289390,4,176.20523235283528,0.3641433434487533,0.24352769755579234,1.1684191184605277,20.424932319682412
152393943,0,158.14522153573944,0.3619158193980442,0.21895630212627784,0.9646052328544081,14.99395479846326
152467749,2,191.17333982389815,0.3628716846990739,0.19951290281044426,1.2396640039678917,18.363183960211217
152612020,3,11.08533273546196,0.3758568667659048,0.22314432162889233,1.0218919958314334,12.954374906836978
152623829,1,117.9312692712639,0.3589956065252475,0.24039639725327477,1.0996565090353336,21.222514301516
153052486,3,327.85012036423075,0.4105779803497498,0.3196773240649037,1.1055107806850772,25.585593596615603
153647431,0,177.754773144157,0.33224034929502877,0.17480566547796084,1.241998847342023,22.001498717953176
153735651,3,116.69182335002854,0.34832078038342124,0.20570232155330315,1.178957371965955,16.619731037827997
153736542,2,39.418122184902145,0.3459594604004377,0.2677008407106703,1.0950580106869445,17.701574141567427
153783159,1,-60.29862489765463,0.3690415733770477,0.2323961141222916,1.063781513562348,12.814739962910885
153852064,0,91.34323940384273,0.36322168271652394,0.2912738891588073,0.8947804695092378,16.759102536978226
154178646,3,153.0791957276382,0.3538732562472113,0.25498790100458113,1.0176295093984897,18.68190765872446
154318869,2,81.31008810139829,0.35556812947406036,0.13363883726946654,1.5356251699707406,12.469974760370077
154607078,4,51.10432253532841,0.36301027591431073,0.2149121933794997,1.1464261045103854,18.36372644881075
154881704,4,208.3030882175412,0.3630340028441123,0.18625773661214073,1.1278266895715503,14.356533130087113
154956060,0,178.0489457448021,0.3310086956675625,0.24324550721134333,0.9816135511749556,17.16188468947333
155701787,2,123.73912241774521,0.3669620883503011,0.20297197728790817,0.9991548941774983,14.614145040087962
155951033,4,3.4744175190335937,0.3457561325508097,0.242698129406904,1.10255292050645,20.654573048098385
156397667,2,369.2952723582367,0.43197300428210944,0.33614329710535124,1.080121745617698,24.672902463990454
156526173,3,84.0788895165627,0.37756614529958893,0.19566867694152973,1.0009149768028225,10.707522206682071
157448813,1,86.6864006083067,0.3696263947561126,0.29489438680920405,1.03479955191628,17.44947462441615
157842166,4,57.79223079119979,0.4054807043647408,0.18625957459250128,0.9901534457003021,12.915180729479843
157943579,2,112.33770081614524,0.4218198464529209,0.19216435420893913,0.9088126141738011,13.630475067259384
158153643,3,382.32774528652624,0.37844196393975776,0.22139220340810523,1.158660014713694,25.172222959315878
159062110,0,250.8927176113383,0.39908885313946946,0.19636791494403877,1.0839295158028812,21.760966827780653
159202130,0,180.55569898301843,0.3320289887874931,0.2454782848925439,0.9942046285222693,17.027158237358893
159242278,1,5.981012945287091,0.3562249405287112,0.26570463261395216,1.0453345798159797,17.97729675025124
159632571,1,177.7393560839875,0.40748484651751427,0.22752662194725987,0.9470296462099039,14.700801815592392
159895291,1,167.37222336283827,0.3491499465016829,0.19576834083343886,1.1624083268373964,18.010746853010364
160086436,1,156.95191946615194,0.37788903762796355,0.23170187164870745,1.0687011219821443,18.361827392277544
160203629,2,52.461308781605936,0.3548053961293502,0.1892141080197146,1.1130841312236195,13.424877284255507
160829220,2,125.93464637125557,0.3822865655145675,0.1660207369593919,1.0118589242626816,14.519636276184345
161010769,2,13.659720840823809,0.37273403454663473,0.21649494860031046,0.8816383000894679,16.538543889531795
161201125,4,75.57430318451749,0.37401598713745665,0.1701446343432299,0.9206648913373177,10.901035790653859
161607336,1,180.12570112986668,0.35967346688391966,0.25089438859949703,1.080175791678387,19.310990646317144
161723503,0,142.56533087648654,0.3601659814956922,0.17376664924518181,1.1923857298634335,18.166649010462788
162025525,1,178.5350836329485,0.37281709192064694,0.2347540738623089,1.0891005749354294,20.678460129807636
162133188,2,182.3555434408857,0.3584691422219523,0.2365852390272882,0.9682139100349454,14.995579216553072
163611533,2,178.61594953331013,0.36040638979355655,0.2250643452860884,1.0623307206387491,15.35264952157272
163724879,1,163.43931071850432,0.36352743851387187,0.22774737407646298,1.2175109525487655,20.38093492477461
163827064,0,23.381148517085208,0.36405684662004006,0.212711085686962,1.1642193032864367,21.591776083177287
164182648,1,41.981377795931074,0.3474376516977314,0.2043367015026772,1.1042933834669535,13.540518885954288
164916720,0,0.07631087764875133,0.374195578435628,0.226629865265481,1.1652631997576668,22.251453649390378
164960718,0,282.15965250622463,0.38480513641011016,0.15553861858042445,1.1840756156762575,20.424058890135846
165064963,0,138.60097732303936,0.35973618386985245,0.22849289053171545,0.9753166179720806,13.803046232744565
165170378,3,79.56405429658581,0.3832487958060376,0.19689260464156952,0.8764680233076494,12.557336603126114
165675920,4,108.33733255160398,0.37386285288179516,0.18193222398630304,0.9728108283410407,10.30086076864059
165704886,0,66.73499170415447,0.36836697355706716,0.1518840974322912,1.233211137348132,17.290097974272232
165718490,2,108.93418751412538,0.33932823938523804,0.32558550478270276,1.199063087542909,23.712759187723186
166073456,0,73.84064611515174,0.3574054265819755,0.20594183751325304,1.0822181363339927,15.295578010346606
166405771,4,7.004443543211792,0.38169443325090385,0.32740146771806106,0.9016506377751717,15.136964473745419
166484126,2,186.3690836027253,0.36276911495015013,0.2133354960429461,1.0196751677884155,14.632167734865384
166538508,1,112.7409724238826,0.3699314016006186,0.22360561673845797,1.086670545421374,13.578151138995517
166991206,4,-62.395263463214576,0.3821622640019971,0.35000445184726936,0.8958929670314396,20.539343323724427
167315243,4,41.41556797323827,0.37852056713430987,0.2929759749982013,1.0266798149622098,24.83176370972005
167636925,4,212.5503151759267,0.4195545969470148,0.1935398469518011,1.2228849946348959,24.53961505128457
168537867,2,220.82654845349094,0.3857476488102286,0.25383426531694264,1.1529207934820989,19.095963602913695
169123787,2,172.01237514116616,0.4003156752526824,0.20537103965540834,0.9585625746606554,12.830505262887353
169172468,1,167.61166513012597,0.3750205836262504,0.2559467907246577,1.1524020190770041,22.553884204303564
169292990,1,45.04013507762263,0.3693273595943584,0.19544645177243208,1.0727316769376234,13.891034742093796
169412293,2,-65.57624741944066,0.38561865778096854,0.36779725420835446,0.8757644877823983,21.870255172798615
169491723,3,243.13995856912632,0.37031890249370875,0.2816110905392173,1.1733431197346174,23.852038268058134
169582663,3,9.256490007024794,0.3643158287683128,0.1606264993768275,1.1118576674820477,11.887358869808924
169699943,1,109.17446982263085,0.32987536400544676,0.24266610049161166,1.1215393368947195,17.086996285251363
169832897,0,141.2912908974265,0.3723542564954524,0.1511376952561509,1.3924076200947113,14.58277691576239
170092813,0,153.2839039108855,0.3660621387059541,0.21137020514530905,1.2122712912391347,22.58399535167231
170253465,1,210.02861756716123,0.3523134176892012,0.2535068537940552,1.1784204221588042,23.40178595683706
170762410,1,130.6591392013019,0.36706585062820885,0.24638430112414367,0.9427552208477801,15.275723647758163
171128702,0,43.32730412209675,0.3423668238976673,0.27113392583765616,1.118200268492113,24.820987536337103
171195170,0,40.37654344370516,0.3748911383781701,0.23236856922977217,0.8533190410924382,13.285112854828885
172004497,0,193.97833486329517,0.38867788633347944,0.17394172211134695,1.0651238877630014,18.62898542223551
172704550,1,30.481264406659818,0.39843488700595026,0.21653809525328327,1.0220699900872452,18.20065664259177
173018796,0,250.85142376869777,0.37754945483001534,0.1824698143902831,1.1339782136053622,20.301083945066154
173214636,0,242.63647405705393,0.36463605518643105,0.20492059300874138,1.1215209367431478,20.39901674061041
173616711,1,324.8315170238632,0.4059218214066465,0.17764214934197642,1.1305046454742753,19.81546293368275
174572139,1,49.379607377725286,0.36996736595140356,0.18825033421468698,0.881041418145268,10.90192747581522
174718000,3,138.7142915446597,0.36825698178675603,0.22063478936970712,0.9945699495396451,15.518596115132292
175197734,0,37.867781404704296,0.34465464947816793,0.2814029278202925,1.0411061391600012,16.76514941687696
175226564,2,161.88632652515446,0.3628344328944152,0.1453244908251432,1.2615191573983786,15.82639098658475
175456331,2,11.917168202202092,0.34574133323721407,0.23457716666311207,1.0709291641808871,14.402571634942865
175513548,2,-3.2311990198846274,0.3609548069391777,0.3044470005227608,0.975959145695748,20.409126277330436
175985223,2,36.65128739751089,0.38371237972726824,0.22649018291469986,1.0827353757951503,13.882966900890672
176911109,3,165.74681800252256,0.23819972329666414,0.13478495779319244,1.0728406553941476,17.390404552154383
177156003,3,14.537831285313402,0.34741990154230357,0.21614048799014468,1.041747658348002,13.238939607464605
177272960,3,205.11425459539464,0.37532876036996365,0.2818067903109359,0.9775072698074494,20.58401074142468
177304158,2,0.10721110028377723,0.33600671545169536,0.09566446598534895,1.484909992237953,12.396568848533306
177634653,2,190.0378731903811,0.3578267587929522,0.19726817191302687,1.0946760671357072,18.64001675284001
177677392,2,39.504125018321865,0.35969979769187005,0.216893596312847,1.0059451590504427,13.584546264439505
177977769,0,266.3457677889773,0.39464247362194776,0.33069090052949646,1.1842039247509644,26.746091206839736
177999649,0,29.10179889783135,0.4182713060882621,0.19235616852331644,1.0094296670577054,15.709870510567452
178586120,1,64.58384962217076,0.35000117124694896,0.20682177267194396,1.1006708145732356,13.365614840540946
179710096,0,47.19906543905631,0.3274172259070138,0.2605871820384689,1.1199611449743747,20.9452001706949
179732838,4,116.82487325755112,0.32741729620562054,0.25570331774103194,1.199590775276937,20.188281961157912
179923409,2,30.900979662652205,0.3470963584437667,0.2561401480191975,1.0627282733639958,19.365815689969935
179976364,1,175.36097154528682,0.3565176595972396,0.312790339598112,1.197738403502352,24.925902854253444
180279074,2,240.6442842416851,0.3611469067815469,0.23673111812022138,1.2032442870377116,18.089365582164035
180321996,3,-90.09194359422287,0.5058822149248398,0.37857583098896813,0.892121583129564,20.541875524758918
180324539,0,-7.689699804332562,0.3489884911339169,0.10336179261871131,1.5031501271323355,16.81943147738058
180355416,4,130.7833067384864,0.3798881798315612,0.25834665769133824,1.0984238445995627,22.85220007783909
180651708,3,-36.46427753927344,0.3896410822456413,0.25905124647547284,1.0061898010449737,21.530488201546017
180714059,4,42.98376599020075,0.3449183392913304,0.2686787440557141,1.070826677437823,19.32561498764801
180949734,1,-11.777414417061308,0.36102529247236315,0.23154709825856545,1.15187005038835,19.609736418845667
181297795,2,140.6759124908844,0.3663984826996728,0.23292839257033565,1.1159095573457445,19.181170052232364
181346795,3,12.630428229530906,0.3572535014435044,0.21979416255515744,1.120815426720566,16.564155500563167
181691220,3,-53.48546353717802,0.3019440000732008,0.13909968998441619,1.5060439289767977,16.56722827678216
182042962,1,65.29115750295543,0.39121003274252886,0.22136897047636023,0.922206709287639,16.26497602477449
182803961,1,178.25936780643804,0.37352953811072964,0.2674926143911354,1.0049454076642719,17.618743580029815
182838821,1,-12.748919461732342,0.4105899811518464,0.24534271836803154,0.7783216795304071,11.484243571402533
182963487,4,185.8649428556926,0.37687170208763326,0.27392990619153174,1.1108442183504224,24.570150473399046
183287787,0,214.4139211353865,0.384841468475927,0.22395668812473893,1.106842751847453,20.963177803275485
183910750,2,5.703261722443813,0.31138081469541956,0.21201687704590813,1.1403429416568482,17.898976371758163
184043122,3,-15.660663669837461,0.4140381102614037,0.3026647770817611,0.7798783660512472,16.33073027046862
184129336,1,178.6073811306212,0.3628753848100717,0.25019132885897666,1.0389192899096544,16.181006612897463
184214887,0,176.27154828995003,0.3729944073952592,0.2487812294343553,1.1254244954985155,24.366728510649047
184273461,2,35.61108784080538,0.3329439892834498,0.2635048481796339,1.136310170321437,19.930371443348665
184399060,1,2.687407511262137,0.4132912017121405,0.15921894805827358,1.2693745145013517,20.288456594199182
184854748,3,154.2442310838959,0.3548268766137215,0.1343184281157473,1.0318578572744077,15.669769407027236
184918589,0,1.5811492447154762,0.3640800909194824,0.2639554691752059,0.9909786323928466,17.850487070247794
185502634,1,143.4554071676462,0.35516776884980233,0.25424102478974103,1.0322686102058336,17.81585444477704
185789282,4,70.45919689974563,0.4046851382539581,0.16413992571267783,1.1299179952693386,12.831494061548455
185974329,1,75.54838806876405,0.40220868865236864,0.1576396986135707,0.9292552900045034,14.348890088974812
186514002,2,80.33647783732992,0.3451087786266866,0.3430918039808678,1.1470858004342803,25.46588877708197
187577688,0,80.26973494245173,0.33987058830084943,0.2589940473265829,1.0441686698337846,17.33270695633485
187968183,2,-61.23705486013124,0.3291519710592087,0.14767806714910303,1.597120678026497,17.339319634037494
188178084,3,213.5412895526918,0.37848139033166894,0.29486914881319837,1.1524810557801732,24.38913982910468
188574710,1,93.51501863812587,0.3485988423595881,0.3299289593329663,1.0894602867604963,23.667473191212398
188691845,1,195.11187362319015,0.36567475390969156,0.22030692046528524,0.9316295960981528,14.956207475428206
189225250,4,216.50302495574866,0.36790339425434976,0.20328463663283208,1.0895239161555643,17.383139330994908
189385552,0,-98.47114211310505,0.3214418094021428,0.12877009603018938,1.515446658438607,13.175030604813484
189585434,0,183.511792353509,0.35431696720545486,0.29638892987342325,1.1666170264767983,26.18063465566101
189637201,0,33.67747885957963,0.3804037173985713,0.2434009864087333,0.9407768367523922,11.284483613621983
189875275,1,49.45541026857562,0.3759145451045626,0.17658803635849157,1.1149400653741128,14.40789592606749
189877162,3,262.3661788816946,0.3835940764474743,0.29164573346940603,0.9761497046560029,21.585330553351824
190124790,4,60.55471974732372,0.35252662387633654,0.2546769048427302,1.1105794361398937,19.300416874255102
190194752,2,15.424423566500863,0.3819250944683326,0.33895422757016047,1.0185647274787577,22.317909527422216
190344544,3,174.73703790217945,0.30475872679113997,0.2558279849501262,1.2172922505112407,19.91221338895185
190407869,2,96.35416518897397,0.2873165827343672,0.27273984347836266,1.1307278158060916,17.54534175000611
190689808,0,74.40078426843759,0.3799457373864383,0.19953373959254134,0.9421581370390065,11.088970156599272
190870051,2,100.92073566562611,0.3723237385196993,0.1805112526065396,1.0565532671156552,13.105706466365005
191380298,0,54.33841904488362,0.36207061001384067,0.1924192076648858,1.10754097848555,13.658101051812924
191414295,0,196.96309063188602,0.35637093008036613,0.23056899434310738,1.0249484155359847,14.9254274086161
191656364,3,78.99562275641628,0.38557640910851654,0.32739053500888643,1.0480172059383175,23.48681376287921
191836476,2,79.47345863099821,0.3288588938888931,0.22807485513170464,1.1353684004094473,19.858308242747768
192948428,3,-21.194082174702416,0.34124789379958537,0.2508984137384998,1.0832791690044097,20.805141224226112
192960125,2,145.2533744725673,0.341554993393151,0.22256010313202518,1.0967346338320014,16.992887599496868
193203313,4,-27.49624283932478,0.33737011913995574,0.24533267732724953,1.0983663435191184,20.507974949942998
193475796,0,164.7478110785877,0.36709851111850456,0.21386569103109912,1.1701880452374152,19.904192920863757
193587045,0,67.04409387004083,0.326881257622445,0.3295018448931293,1.104012495446636,19.812892628492893
194134308,0,-19.22869864129504,0.34007409337183825,0.23851998696620297,1.0455296436441865,19.99541084592567
195032699,3,148.0293461708612,0.3498899231358056,0.273222936267428,1.0688734411786491,17.11238832152708
195040498,1,219.27502035928046,0.3810499430671362,0.2581763396344861,1.0700508347303275,19.781558463068478
195313590,3,2.927546295885648,0.3557083852218085,0.19568566437039447,1.0676310377162355,13.701887383243958
195349220,3,109.82121226195032,0.36649258782872646,0.195767713331495,1.1361066493144498,18.52487312160638
195585477,1,62.90989082536743,0.3798563980027483,0.22717961023333572,1.033018143544687,14.307938001568877
196134048,0,96.54886909965937,0.40771999837028106,0.1437462491934894,1.192226982685408,12.647624433567312
196264517,1,-17.193408460926648,0.3494501355482095,0.2743279473962795,1.0552408922025915,17.543928458501206
197075441,4,264.086104231899,0.3805703257923012,0.23846331414575186,1.1385741801953482,21.738405571455154
197916751,1,75.67667787448885,0.3516844057042139,0.2358196015624745,1.1519748855276428,16.731144951769547
197924325,3,32.15999242896818,0.3712185818339502,0.15644659889629123,0.9007357266217975,11.061658399353089
198466108,1,135.19450131413274,0.35146896883611206,0.23539092094455635,1.169082301769571,20.112950729823854
199188552,3,134.8947182283353,0.34922482369867525,0.26363574085219277,1.0332200103633242,17.673777453891162
199261804,0,161.05083515623778,0.35949376079857576,0.22655775286018293,1.1554971103602976,17.42855313641896
199401973,2,76.22746713798938,0.35781865192252216,0.26775979865004745,1.1440884988188205,20.922714996476017
199573915,3,4.355402628198476,0.3399788631671468,0.06779806972920926,1.3393438189081113,13.613935327110699
199989730,0,319.98770556409715,0.37970892329391376,0.20694445658023083,1.081976596854319,18.790584692596966
200483739,2,60.01160610771086,0.35327044124626533,0.2688605997006436,1.129725569857146,19.384062077096402
200513526,0,62.139328941803555,0.3556220391581205,0.22273450960994026,1.0926644256794034,18.741337195653003
200916875,2,383.7669700194356,0.4318838609770973,0.3172684191804432,1.14613922287879,22.449079600910242
200989241,4,57.07879261079531,0.3673663795843362,0.22809952295506583,1.1656450992937373,20.39114713036078
201251785,2,82.14061802664042,0.36842635193277484,0.24481206158961638,1.1745129142011481,17.884234683813958
201564281,0,70.76326194508368,0.3458984114056615,0.22972048020982225,1.1620868688934771,24.92050493517745
201596108,0,29.561462490765656,0.3781902192958466,0.32056153076599053,0.8959432199199873,14.55851186586489
201709435,3,239.18751487095528,0.3706206755278955,0.2736794453905114,1.2296652708375349,23.32089278753211
201838282,2,-49.05788442713735,0.40192614217379247,0.30467100590894897,0.8687409145506733,12.157141149513773
202074426,4,130.50310290714867,0.35933008046531184,0.2477368561115037,1.2327511412646297,21.847201058128384
202457389,2,278.85996643513164,0.38396172067223844,0.21858238073221642,1.0489807809634515,23.234813601903284
203166993,2,54.294170838240184,0.33566265929695926,0.17743603217486317,1.0782419301506945,12.637797507747841
203328995,2,-66.00530532129896,0.3851024659831355,0.36394366589701693,0.8781818461377661,21.80106208710709
203569820,3,-86.85240914318118,0.38423681939644805,0.17538073799378184,1.1231490785592704,13.802769093092124
204188551,1,118.72700011786668,0.3975765968004656,0.15074219177492576,1.2123324916066816,14.568029466439695
204433294,1,65.06741580802768,0.33438145690507554,0.22846702855967732,1.137794443101575,14.080238814294416
204583818,2,132.39723606967436,0.323250886490976,0.16675246291487678,1.0433456945668818,12.916129846970554
204710529,2,152.37778788356894,0.38755024784342645,0.2683934526821849,1.1785176364730827,19.469814525174886
204753687,2,11.083481245262405,0.3493914005546323,0.32272428815893484,1.0838067372149025,22.39063600508797
204849258,2,26.19356394762241,0.36193813159868293,0.244148050974715,0.9964989542752275,11.119020893221062
205078323,3,15.831049995893295,0.3707154741316653,0.23397408113346282,1.0552073162767368,19.47178396314257
205238044,3,48.72533743919332,0.3597252756688357,0.17078776858773356,0.9414488727674669,11.409691755205404
205810542,4,154.0806767694363,0.3517549399614671,0.2877985182861853,1.0468277057469506,18.612719281432785
206145001,0,131.2742364675991,0.36252146280720476,0.19721148381023135,1.1975688780756328,19.83219864123064
206778782,0,250.1788996225854,0.427920927925285,0.16640711837467242,1.0304086776578898,17.59609052313528
207198573,1,19.54476086138311,0.38719891341379953,0.20251789715097418,0.8958684409019293,13.811153651079268
207258565,1,124.91299845624147,0.41257923989041856,0.315875114723919,0.8893171438875478,17.837557882415638
207627808,0,194.55431821360378,0.3554863631393491,0.11106343706668376,1.2439046227388089,16.076663815256968
207945160,0,87.22775153703547,0.38221339231977824,0.190835103270988,1.1264260461765228,17.070583844301733
208376671,4,347.17274245830356,0.39894786352425693,0.14998133604598402,1.1099648220585034,19.429393510160363
208448147,1,78.54620987742398,0.34538346829428396,0.18310271615326218,1.0710642851548329,12.403120914212726
208451383,4,-18.944923779958685,0.33811123743785604,0.21738022590565215,1.1605456115000996,16.77889463549795
209437861,4,15.05668491504089,0.35061031644136187,0.2575785758129253,1.0081046234721247,13.827414884749583
210091509,4,8.582742434957055,0.36202425847188247,0.2505743025955842,1.0345552564646336,16.193571528882536
210562725,2,161.637256731184,0.34875144183643647,0.37205702753720815,1.1692007098582884,28.840824668373816
210731746,3,200.58177537265902,0.31291110765514674,0.2724142236105632,1.2175039981254128,18.550091893424263
210803302,3,70.66924196576099,0.3408569404072624,0.21503263215634524,0.9517740222380296,15.987091027325084
210909359,3,-36.79332491136927,0.35558019967717835,0.2051356290410497,1.2123855867739992,20.11646875178359
210914084,0,7.2486042135250415,0.354214768602982,0.2854191770368412,1.0258842881199208,18.35909649642987
210989195,2,170.5120356712813,0.38139853602338286,0.20453581957262107,1.113981772877111,18.544968675875676
211760119,3,30.101114532120363,0.42367033485187844,0.24623065653624246,0.8733658772621611,14.034827886950014
211825763,4,-40.927326213027584,0.37025362342287516,0.2052470959548003,0.9692311426206259,17.607579204077975
212654540,1,108.29927075637538,0.3746761292784088,0.20078937209367298,0.995127749379434,11.23576770400172
212760661,1,94.12783836550828,0.3422948337734578,0.2798836611849866,1.1745020633703094,19.39811404419589
213054047,4,32.49481313938624,0.40083063784050943,0.17910090365687897,1.043133182367518,15.561307933358213
213771383,3,95.4163748049064,0.35396365501482613,0.32241435547356767,1.1413873251070934,22.55449272256825
213984999,1,121.33910501542309,0.3768054784031413,0.24695688126919188,1.035574408071953,20.29373179407513
214162824,3,14.024015475353323,0.41913830713670286,0.24257505473621394,0.8269646325571796,15.445270350621508
214279994,2,1.6781243013070224,0.3785501973165217,0.2919446316770689,0.9947523466800393,21.917614993796644
214573613,1,55.6463369325421,0.34526334845073603,0.22606265546206902,1.0306521990495592,16.24213158180013
214883571,1,236.59134608310532,0.37575322587102655,0.18725639120185994,1.1622445329517541,20.583355804242455
215105340,0,223.52415817801142,0.3967718468962752,0.17343060012683753,1.088132674348404,17.007825551985864
215128069,2,35.725229287572496,0.36004063225302746,0.30830751876661416,0.9376509100761474,18.01035009021176
215274198,0,173.80618752616394,0.4965041952057875,0.2728427485662422,1.0284047587836365,23.613972015712335
215595067,1,95.65353920834383,0.35531820646732115,0.19471481738045304,1.1230770776185144,14.576408239056988
215880524,1,136.5280940179654,0.3385818712500894,0.3018118538524973,1.0959431394407484,20.607139940833108
215968936,3,122.42641822981152,0.4648305908265705,0.31150049831970467,1.023687444218019,23.55424165931808
216165703,2,181.13099493551567,0.37423668968230234,0.1985715183020338,1.1184863020646834,19.12180605850069
216288111,0,162.75195736035255,0.35470368846565115,0.21190390878102633,1.187690664813135,18.697384700513204
216414863,2,170.04626667902784,0.3496289325753383,0.21398817528170672,1.085840066021015,15.971071813312935
216608930,0,17.70657890850859,0.333892893092378,0.2273271791587973,1.0907131417673188,20.986600246658394
216626801,1,44.509013600124675,0.3914686907120376,0.28214285022800134,0.903566638924285,14.583617505950969
216772383,1,64.13301582829979,0.3817618311806293,0.20494323644105483,0.93975836575466,11.654438192298018
218059466,0,138.3640374622578,0.4169979228053974,0.19524342367372316,0.9696021706432989,15.161068117918632
218216912,2,61.408546855230234,0.3340087501634959,0.2212430467143653,1.1603223620885554,18.622001858044868
218350404,4,-62.78688751420921,0.37142385516596427,0.3097709385088787,0.9315773312765611,20.234157367187823
219039564,2,319.48386360478986,0.3883437046494359,0.2933378210290169,1.1052852739989616,23.317980355854928
219386483,4,95.83410285273344,0.3688297267601282,0.22183117935145988,1.0788464375277909,16.771201221134685
219718402,2,178.26707548915402,0.35514346625127646,0.3246944224871487,1.077461265536265,22.22825095964469
219873035,1,-5.724962325356856,0.3921067600343792,0.20490415976348156,1.0609837896955914,15.073029028041047
220000766,4,5.7286532332054065,0.3840300176303637,0.22708784337163657,0.905953620672685,11.14085555119956
220223317,1,152.89459339396745,0.3626045132115536,0.2919254057496261,1.2010805040176142,25.273926786687383
220286370,4,-15.764604147042405,0.36008737653254286,0.243705062660583,1.0428306875548703,18.869924850063537
221632888,0,9.431680795056849,0.3643172263504175,0.21315255748863096,1.077554260843172,17.530387530424196
222144803,2,180.92769701464272,0.34099408472907805,0.2761800144912611,1.0921809270173384,19.499962849552933
222164121,3,106.66927478077264,0.34369399405508316,0.2800082769768399,1.1049788278763761,21.88843581952077
222724508,2,124.46471749241667,0.3682199561568526,0.1899260074115151,0.9988274327762082,10.928409940461718
223538531,0,113.8267956099396,0.3393659790622904,0.2762709638811314,1.1336758144345707,20.391953052866654
223648222,0,170.1820413173628,0.34012237788295513,0.25774476224118664,1.0220968541143962,18.41015109896425
223739255,1,116.65980908441722,0.3568080902007593,0.1883378389297677,1.1165142057186728,12.478678411105625
223791997,2,99.24753980889415,0.3783612419789589,0.18788553560609011,1.1521735048359552,19.3082905420615
224878400,3,-5.308780426727267,0.37843638438068994,0.2277406757080708,0.8716207254586213,10.396409980460948
225113015,0,108.10799621911436,0.36718764703467394,0.23410833761788286,1.1222940282333038,17.653333729855866
225199973,1,190.43148452394496,0.36490899001675847,0.2167575763763646,0.9704861317596388,15.774737718387895
225304239,2,173.78515525621336,0.35799476122291857,0.24950049137931996,1.213094423394773,20.3477189668114
225689380,4,176.84741115877134,0.37399514571494463,0.24825733812285428,1.135488177748028,24.117530955628034
225811773,4,191.23393634288382,0.3471762138541599,0.3248015400065035,1.0435075535307208,21.54411994394483
226076507,0,74.96273067120211,0.3473482885229693,0.2245381526294817,1.0383410199699759,12.339281030494583
226216876,0,167.50082816944294,0.35862354682394726,0.20752463531552956,1.0202673928065473,14.78106764365884
226520604,4,84.462149290678,0.3840757007584682,0.16369529522173049,1.1045229598121267,13.190428142835183
226546629,0,39.42616039497172,0.3457077186681238,0.24439960501491043,0.9935019385648984,13.466844713221473
226561298,2,147.74373331112264,0.3806666525297034,0.2640692844939262,1.1483078371615034,19.64779953518431
226567495,3,140.58849120303253,0.3645166444278781,0.24465698105895106,0.991964292492292,15.869634001551397
226643768,0,27.823011441958165,0.3689639239784681,0.1591876218515913,1.1040373678197224,14.528758195707114
226759816,2,136.1613978554979,0.36043437839620013,0.22748860424606032,1.0451732302681112,16.154803738840204
227298587,0,-20.03481625889269,0.3443541812695428,0.2434559725732582,1.0283796180333504,19.91056671329493
227838325,2,143.79255385059162,0.4026968040090991,0.13140769867211888,1.23450057694289,15.58359167558066
228251537,2,178.065228921199,0.3613557752246608,0.27177442360941556,1.009914214561204,18.643553766234586
228252916,4,-0.9554922688631677,0.4040518688439909,0.3450787823690153,0.9457762685427171,15.628578547067395
228347866,1,83.02913454000655,0.3339219492769377,0.28016613823914543,1.0810677102133626,20.447002850712032
228476998,0,181.7519908099477,0.375480179675997,0.19628708845756918,1.1005983328370073,17.469577031484842
228510296,1,102.3678408801894,0.3692695953767942,0.2141856630377615,0.9937551474715655,13.321284211385173
228992973,4,134.00341838259845,0.4003767967405378,0.21388092296167371,1.13656473062825,18.30584635360553
229505065,4,45.07194875839219,0.36318052607808465,0.21354001243532794,1.1724789544335021,18.68712014279087
229703472,3,163.56729341143466,0.3733734757038573,0.2894702695158899,1.157462849032451,23.56032171447316
229766352,3,207.06826735040838,0.3778747015231847,0.1489614102847001,1.130771931772454,19.329868503574218
230018905,3,133.26117054056323,0.37817341223315576,0.20737107217850526,1.1359854468592057,23.234006171527543
230210475,4,75.70101060255641,0.3616185223896735,0.2242224346688496,1.0887436596575146,19.277429640613384
230305493,2,-20.21434761110916,0.3586482068907485,0.3004783378725654,0.9716824267402066,20.51539045024703
230397925,4,-57.375070459233,0.40346963488157467,0.350483119805418,0.8320233918852884,17.1612509130431
230432971,3,198.92013558620323,0.36863571076767554,0.14540979909650564,1.1921219490678572,18.205255122861093
231066951,3,244.09132827576875,0.38643071106328036,0.24072135494736246,0.9191020917856401,17.213273143986267
231144775,0,210.04057442712406,0.38913415373504484,0.23685181823727602,0.9800333740934298,14.640688458567041
231347203,0,22.118582702898976,0.33566750159564057,0.2850986977015221,0.9302757530405756,15.67780896645685
231567628,0,92.07262888640187,0.34795137466059717,0.17884551663240178,1.1221890721038454,12.623603583392839
231654446,0,157.932873867868,0.3671252156280205,0.21277559799757048,1.2155431974174356,22.635170326565916
232089797,4,110.37583435159337,0.3567128477206137,0.2586665642349397,0.9880673404549754,16.932745761447453
232335054,0,262.7218254192083,0.37307329048880217,0.16896177047706673,1.1665815841709262,21.275106395490656
232528549,4,243.72548427708412,0.3686922961887878,0.27699050519348045,1.1414131227669733,21.635242902989354
232607063,2,50.26898933395401,0.36389584489477017,0.30517713179107214,1.0066354106467061,21.12406652483915
232782325,0,178.9510715465389,0.3875322036067848,0.3227477500589008,1.109736147081145,23.402605892119915
232863145,3,73.5030077826874,0.34844925803335625,0.2188418949133233,1.1514730188225168,16.639716086671587
233782359,4,164.45350191410802,0.42342273635441136,0.2501732625149511,1.1001864273064934,19.448690363301075
233996434,4,170.94896618120498,0.3717329053830752,0.18791720781887525,1.159945087552245,17.920638855995037
234298821,1,124.25410655159396,0.35958192652861326,0.2461755843412063,0.9887111701913126,17.94750520981615
234298840,1,113.72806047463155,0.3791882978420408,0.22978865588057268,1.0141702475674716,14.23593953750289
234377391,4,18.973184255859422,0.3785703299231136,0.3779079087676091,0.8957324658465686,20.432217647026093
234483624,1,87.7808903775412,0.3045386798201135,0.3280308387907287,1.101125488063326,19.629904999685117
234538951,2,186.78058962910922,0.3547958380179619,0.23617825532836048,1.1892649310334515,18.997167077320757
234724783,2,233.35594255321416,0.3802192812851808,0.28313758914334,1.0663397447220468,23.002849928787057
234741357,0,24.895764582242123,0.33977069258633125,0.27836974564630096,1.0421231029470275,19.72742438383659
234747929,2,228.68382048577655,0.3803335510480683,0.24964865815267823,1.015351663836557,18.947303462009863
235082589,1,128.2808074248692,0.35226309778337694,0.21413807873197743,1.2356471142847143,17.654574267255963
235587729,0,261.2770669630025,0.3773528458828548,0.28003322938535075,1.1082917327349362,20.379655171399172
235628108,3,249.46142575310952,0.39944829182352276,0.24486977503155744,1.0565921143549586,19.465183108561078
236163730,3,179.04369794277375,0.37608077852251987,0.21829317747114763,1.1509763079852626,19.903223638527358
236477815,0,155.70738561674526,0.3678961033401017,0.23352970232647147,0.9767447743372016,13.768505584654635
236843078,0,259.3905169941644,0.3680618331775233,0.21326174898603462,1.0956147911992584,23.0393008291446
238179937,0,198.14371315515092,0.33582075157849967,0.20698943248305157,0.9616925371711822,15.134814090990139
238223157,3,164.06532098755252,0.37756969577002103,0.16786403028099106,1.121552176184371,14.364625050883054
238571886,1,117.21839662003029,0.3488959777794926,0.2684006887712299,1.1732004926247899,24.077002803115132
238619204,2,88.15279916710445,0.3397153523084657,0.27482548158719844,1.172144258975468,23.22232638740968
238841218,4,270.44489285699626,0.3882265500977207,0.23717618534087265,0.9878737184635265,17.440963058951642
238997456,0,66.58955584244701,0.34358090893534676,0.2093079298623712,1.2030180417681127,17.780249176738003
239786978,3,236.53964832497724,0.36422742496691346,0.30068533588533325,1.1762100119188714,24.71109559740136
240082161,1,33.84575594768955,0.3481330976113268,0.40207679432860544,0.8687684956855755,19.59200269267229
240111092,1,53.32612938955125,0.382000801155736,0.2247097722076517,0.9094537067728171,11.728485953691454
240232361,1,57.67634540646734,0.3878054461439581,0.24653227057513172,1.0347773189679705,17.00867800530832
240796718,1,-14.043382348588878,0.3536559305939263,0.17982743613968166,1.0218941540892355,16.162800292273786
241359312,1,277.3984096048499,0.385500782874484,0.1609177802491558,1.192740732926616,20.029958966570245
241371117,3,147.31716520028235,0.4799106941089362,0.36137656643054467,1.0733030464147255,23.528870833140704
241512397,0,140.71577440425602,0.3523464475184377,0.3086005121545664,1.0791548789773302,18.209255988622754
241814157,1,-19.997841718123908,0.36112447435279543,0.293967812529367,0.9564863188151822,19.86975470427828
241915001,2,25.624213118382983,0.3480302709929682,0.28133796058716193,1.0571989416952632,16.0454053658998
242653142,2,182.23666814207797,0.3270129906860273,0.17335050785186376,1.2297554954774548,18.11273850764605
242836460,0,-37.97958161453802,0.33351086270118924,0.1739059704330399,1.2696284039111045,14.223086340368273
242840603,2,101.88000322271938,0.413793488970885,0.3299789268100765,0.9922648709816947,18.60764989064402
242927288,0,3.36018398727731,0.33982585978552404,0.20089231898484133,1.1209514816143171,12.620927751453282
243127357,4,104.4197598715128,0.36874425821739015,0.24009644007422828,1.0654497210494147,13.556636110588427
243290882,0,196.5894997141371,0.37641958777528284,0.26518594727971057,0.9584227883326785,14.009989674086714
243418714,0,35.01309137725207,0.3446551618281912,0.20959724360391868,1.0630848899243153,11.127886222476949
243622593,2,73.15398996354355,0.3349485806205456,0.29125561979211806,1.1031307424410641,19.656561700996154
243711331,0,62.07149985999493,0.37040725586901335,0.2985235361945201,1.0275193328554724,19.987610274807174
243853291,3,87.84427638495625,0.3441384670509174,0.23181674039620642,1.182479342019854,20.568901995094503
243952176,3,-21.222237747030462,0.32442935535343,0.19069065025021248,1.3338296813663337,20.068832028257386
244278527,1,50.52332186973552,0.363308486465239,0.29017894328039806,1.0270939840506306,22.21057106167551
244304146,2,196.67025083412463,0.39746464919536245,0.19996495916504603,1.0697830828493018,19.45978709080841
244332189,2,50.24699862443872,0.365098151640948,0.1512459602966132,1.2786642168323308,12.92303283129107
244803582,0,91.01302839108746,0.34894712513954895,0.2145611673672747,1.160860839267933,23.49681087593307
244913940,3,183.24054189727792,0.35347575743572,0.2971065458786754,1.1636239564415563,20.926701532255745
245591935,0,165.65108758453823,0.337412809410155,0.2574345306705307,1.1906352333854777,20.775362925636355
245779778,2,138.3425913944498,0.34844155931375215,0.1875850226946671,0.9128963402633696,15.650251925953855
246955408,2,152.45000964629165,0.36575914629403733,0.19832790040413087,1.1659039914286242,18.695035042156828
247237663,4,208.63045103377115,0.3630030242018404,0.2093260887949647,1.1829887552081404,18.619765327016196
247440971,4,140.92348498917846,0.3653154473260686,0.23365247423204816,1.014920780403997,13.425287864560064
247441113,1,199.4572223208869,0.3721938392685142,0.27376560831545066,1.028818796257217,20.449173385616213
247473503,3,23.88200695138009,0.3820728198391497,0.16706157446467604,1.0800757686252587,14.034883251690664
247558689,3,-62.36775151576532,0.3581645657184081,0.20730082152594997,1.0805838933026854,14.308715934433229
247866107,2,163.08051869566236,0.3493145018150862,0.2607920993398065,1.2071582639194784,19.615483094302366
247996319,1,65.22414942264574,0.3521321252806159,0.22948828197851212,1.0868404308880162,14.185044876574356
248016214,3,51.350767722267314,0.35344473515685165,0.1761335341421837,1.015859970516091,11.746236265115055
248038345,2,77.20732364522308,0.3523063932617489,0.17135850811495507,1.0549454639996256,12.826338679494215
248424742,3,231.94010752667052,0.3695047924032399,0.2900532234072514,0.9918829487633011,19.961330655710093
248434754,2,62.40554492554795,0.3407181427793663,0.2255755254703438,1.1617730528474366,15.433972554712204
248544464,1,108.60852112622686,0.3630572528448249,0.298493297432605,1.2021721576476918,21.210691999438815
249614010,2,230.27523574227075,0.36332801773747553,0.2747618693553072,1.1221493235368414,20.029285804388238
250010482,3,156.99748392373493,0.36725187565968853,0.30253292964911743,1.1379439295992584,22.81169240674282
250039671,2,250.07097064791515,0.36383680811678343,0.2456886753098502,1.1814210592249574,19.851576300895886
250587037,0,158.28616636328712,0.3989923450259798,0.18016806845254646,1.0983475482278873,16.58562040029826
251202338,4,-15.197790420283098,0.34915647784293713,0.25758963417180364,1.0647610591927803,14.352319678262923
251297590,1,221.96825713675122,0.3987501230609007,0.23775414589503974,1.1303109049885511,20.28961353927265
252276774,4,7.271175227657949,0.3419562247489769,0.23962818108648873,1.0727482347522677,15.170144273237414
252299281,4,64.44040527282161,0.36200637713673056,0.22541780779673654,0.9333417300841406,12.875936288428788
252836035,2,299.16614351840406,0.36845953932155034,0.21149743177997649,1.2105312421393408,21.484392277821495
253276168,0,77.7922391808005,0.310291059322574,0.24626722417399663,1.0357071909060134,13.678885806506733
253355524,1,156.5923709911359,0.3260796288960844,0.25297606811626616,1.2827416471157096,20.046782864802907
253518655,4,-51.860769320458274,0.40609585474284005,0.2891162832228902,0.8437117103794716,15.249028842262051
253610686,3,323.7049573190663,0.42028157252560905,0.30823220669463114,1.0593842163075349,24.41803810449977
253726027,0,188.74970587797281,0.35428903338058026,0.29422050052818544,1.169104940921758,22.85671793402627
254267891,3,-90.65643141664995,0.4204573503702719,0.21284782565081362,1.0011816230743171,22.469817517352922
254408923,0,59.77678524337546,0.35290012233318413,0.28520784755457124,1.0826670199092265,19.980740343719717
254419051,0,194.65210834541105,0.35338352189306665,0.22818132048547934,0.9653364740169404,15.860430073925727
254630145,2,98.0257888880037,0.36330027720829405,0.19456718924240352,1.104944459524523,16.26394983110364
254694603,2,59.71175252566008,0.3397418475402406,0.2276592223953802,1.1089569259521892,16.783044153815187
254845509,0,-67.57661455449066,0.33696823290457695,0.14536310166662855,1.4560653375760912,11.156147054260018
255108764,4,236.45280266731726,0.3623327133568516,0.19198642667601457,1.1558684416814782,17.395616723729287
255514575,0,247.9587243372036,0.3928069957861906,0.2906703297212494,1.0453253507909424,22.536506452054596
255574677,3,171.02382971012568,0.35908208239085027,0.30904940772732714,1.1794095061896097,23.920637565851823
255628383,0,69.5200871407616,0.3717539618593066,0.20247898450653862,1.0021122925186288,13.145754554487498
255934897,3,22.267885539484595,0.3390021047569173,0.2518614346577038,1.1133769957618127,17.114463903269584
256392827,3,305.18712960272705,0.377023292801917,0.286259325144388,1.1703929900330092,23.558113482520707
256452381,3,162.37303345305003,0.35447246420406275,0.2737631706723736,1.019987548316053,17.231266949600776
256964530,2,115.89598073034017,0.3268827716146963,0.25208275413847814,1.0861245585489712,16.685899413756086
257055666,0,192.0482882751789,0.3706662111857114,0.15597597800209012,1.1927769164696251,21.37965151698161
257349913,3,47.26552713804829,0.37334113416963133,0.24812224838141844,0.9661844891563464,12.861686913702036
257379568,2,265.4458574375611,0.3790189302184104,0.20087873632067713,1.161244785040388,17.50276178600823
257538013,0,-2.622951887794713,0.45368842941512666,0.19199616349006698,1.0142702895788873,18.312400727661302
257696451,0,-4.5832126808366525,0.3223453512083603,0.15106049703406393,1.3556387215958936,16.90812109919808
257850952,4,-25.40593765798232,0.35139108516832945,0.25817221332756873,1.0751998302531562,18.3548195864129
258103927,0,179.9955690490484,0.4343415622689801,0.19442349318423302,1.026645133352013,16.208026112146342
258160847,4,188.2260239538574,0.3581463979230141,0.2505155448283881,1.1635514598627483,19.405503563405546
258763444,2,126.60324871580775,0.40713053785844033,0.31389567186231965,0.9514996360500266,17.401710090537698
258775514,0,18.21209970822234,0.3943076797531917,0.2927117776214111,0.8535311086267118,11.36335224674841
258956403,0,163.98774793134896,0.3406218958670863,0.25592683716014325,1.0255690068435466,17.97537277104501
258994540,3,141.26010583346195,0.35974166920971173,0.1555232451182947,1.180903988488024,19.218944583423067
258997794,1,103.6163536025255,0.3964730126293382,0.3132135521854382,0.9760119692956551,21.06256452891213
259074348,2,86.06825115113492,0.34035310413645825,0.29368063596093247,1.1669065775832552,20.136161161630866
259180745,2,76.69051653902751,0.3918766669506306,0.1209370790140907,1.382435670863075,14.260362357957927
259297341,0,152.49726935948908,0.38008062517440455,0.1718825857716268,1.1882285257522485,19.114223262701948
259345713,3,197.32811636539958,0.36865451808944155,0.28596156466515166,0.9755059384065439,17.669598078229708
259345728,3,172.01313661175595,0.349720988901143,0.22260151401819162,1.1837179872666015,21.77227900421741
259439423,2,218.0178007640783,0.3631756578295302,0.2259411208831242,1.011963734472103,17.211202905399794
259788945,4,69.11917770883358,0.3518358056926603,0.20875276216897734,0.9765083483962116,13.550696621063748
259984370,3,150.50517909645416,0.4037162772077406,0.3309584609622005,0.9523866157414541,19.445842800665577
260073812,2,101.83159102330013,0.3564887935109933,0.2686088050175019,1.110831405561602,19.112707657738284
260077968,1,11.975083587493373,0.3555016329046263,0.2431679829493382,1.0907108680638977,19.53555349393763
260201518,4,-75.33698824862682,0.3449514284187557,0.19102507185222342,1.1506743411854434,14.877968686883724
260366998,4,-33.07614466262717,0.355898221386196,0.27390562797136137,1.0175721403961737,20.480761009802325
260773607,3,276.4984454768458,0.3798719089513897,0.2038227869388283,1.1371600284481564,22.949616306923023
260812845,2,33.631890074314086,0.38477416462214986,0.24041391704066334,0.9216600431935412,10.99552655944117
261071879,2,155.31554999614568,0.40024888769164707,0.18478796279748802,0.8862435122543317,13.247689822434529
261334701,1,167.64282784464007,0.3742023389259815,0.2756327190125856,1.0368536444897398,17.552561789071
262074826,4,102.2118463905546,0.36156289307146344,0.23739069854726488,1.1553244537364282,21.816216930392315
262353559,1,177.44255513614334,0.3798569876685788,0.26154174412310577,0.9710631261356404,15.574665885233667
262479772,4,87.00671074097866,0.356097946815031,0.1873661888087505,1.1216061675919455,14.741431724014081
262850499,2,317.2435443894912,0.4077184598625488,0.1673694784198521,1.1607986321424375,16.71772264504402
263068772,4,-56.95621740049597,0.3766376619758284,0.3028338219055779,0.938293876842536,17.771855410777754
263087206,1,95.2262985984581,0.3590097128762751,0.19058486958230703,1.2217924788783214,13.16783703259288
263236795,0,46.09098330942361,0.32080185914290454,0.2855324574892988,1.049759152701834,16.862525265684493
263279017,4,197.83528184897528,0.35863294870794704,0.2110061421666111,1.1062254445024198,15.679330068898414
263293393,3,158.00975492173242,0.38191542202530837,0.2879841417588853,1.1086190425305968,18.913169094355755
264131865,0,89.48465647898723,0.3724120665071345,0.20510173033402526,1.1697647194293468,17.90223557590006
264402592,1,200.9670541902742,0.3229242463091989,0.2787106090711884,1.2190751929722503,19.497698152832907
264552260,1,167.4821799292677,0.3516062591870566,0.21895128156142524,1.027895110700341,16.56135351749432
264939963,2,96.69340176653613,0.35049310667700995,0.19299838095199584,1.079695888674711,11.610165163347105
265038627,0,-44.08240387874103,0.3826667755131703,0.30181455418362896,0.9054519066807443,21.32431505818325
265862660,0,142.06750993182567,0.3637088913122007,0.21597690884162035,1.2447634132621288,22.616068297297993
265889946,1,173.63460332819008,0.35913465797637323,0.2655035445720137,1.1949387093485422,23.16656430559539
265939765,4,-0.3565058647048147,0.33549760285445457,0.33849145539835,0.963825777855886,18.182631594583068
266241866,3,-12.798991164083063,0.3765539004416202,0.24310386720399546,0.9339925163379247,11.175831090697248
266415058,4,-71.8807290229903,0.3272082975518776,0.10964942377651365,1.376305141662408,14.379625563989615
266479070,4,-2.279114524029211,0.36120365264760085,0.23165308382948302,1.0999345069488686,14.83019311858375
266620737,1,111.58041357782601,0.35635154845135203,0.28440207983504123,1.1816847690641976,19.992542155979564
266988735,2,53.33573195957989,0.35656379640456864,0.32841739093533606,1.0793778948395323,23.214377648321637
267049794,2,-11.333864989685026,0.32089599660134716,0.16428974149161707,1.3982338917999795,17.20389487914215
267912832,3,28.737206226089413,0.363750126637442,0.33563980023311296,1.0487722636541363,22.24065782264183
268323392,2,171.62950959783018,0.35984281439578947,0.2513422574035389,1.0004995929598408,20.30828114210501
268434909,4,137.6676902739648,0.3739928956647471,0.171741769615463,1.501522737098396,19.918657041315974
268436916,4,4.708963129574656,0.37155023174966045,0.18740437378848548,1.182848169716374,17.340993999728855
268533943,4,-25.1165388599141,0.36707316084079,0.13024733208868886,1.2448858871279493,17.602040982391514
268805413,4,24.243647300823113,0.39016863257952117,0.31520916337326965,1.025635359686932,15.50420546899316
269136469,0,143.23350207294484,0.3301855856492768,0.22286558001007023,1.0388607675125539,16.114523755337615
269301575,0,187.51108786233704,0.3478242401974599,0.2709896112314207,1.1340971088336818,21.89732507855361
269388015,1,135.28184265345766,0.3547551168407348,0.21870701581896956,1.1062514785421518,19.703775819750348
269527017,4,59.781834586375176,0.3604353248359045,0.2191422837450749,1.1373294230560056,16.18022039147557
270193915,3,-59.681613702987306,0.3637171300396826,0.23130863903159293,1.0921498107158811,14.260252183537116
270468068,4,173.15782884350187,0.36316244368204087,0.2225362002174777,1.2415727229511722,20.290117208826487
270662526,1,202.16200743975747,0.4209493813878524,0.23085629020577839,1.1573557526922427,20.326654895656105
270794936,1,154.920196218518,0.3539991450640619,0.2735070640361378,1.0343285431156355,17.971065029584082
271080458,2,13.25558687342,0.34789862129744364,0.24424344457279282,1.3175550446161588,14.592703167362597
271082869,4,-33.43887024675453,0.3360657651712858,0.22168069269998814,1.0613526681732905,13.727394271818099
271540328,2,95.76091323912082,0.3699352881226731,0.2529084141251731,1.0348281394028187,17.378657939327073
271698010,2,209.69705884532976,0.3757945739932511,0.19896318524471168,1.1741813569024624,19.33439401848418
271737793,3,209.91719835724734,0.36307261946240177,0.2506509128524811,1.1632038714459463,19.604906760167026
272150874,3,19.525409856305515,0.40581194846580293,0.33755309082267004,0.8305186518391234,12.261122260395178
272832139,0,46.18900686979995,0.3413906304998517,0.20185110216320185,1.0877812901453587,12.021015130696501
273139332,1,13.615409736113719,0.4034847360392448,0.41868161853500363,0.9095640428477739,14.774920981549602
273204422,2,142.98398072474987,0.3990750910178024,0.19138302170949906,0.8767521765091248,12.504720617162402
273571217,4,159.20600363826927,0.3374019469482937,0.2335081740188453,1.1698620148126793,18.35185151592527
273593115,3,280.90846065468327,0.4092661354254799,0.22977327335616618,1.0745235965490045,21.1892962322585
273667291,3,126.04571382439258,0.3561473151717379,0.30897782242448396,1.077213034837043,17.25475901701318
274064100,3,128.3700217981484,0.33752507602145304,0.2739836148604304,1.074992373056386,16.706349869946415
274098381,0,149.78033835277571,0.3714864390111866,0.17676543838793074,1.264203485001952,23.029306191923823
274614510,4,9.121880670719634,0.3636342973955342,0.19084490155000206,0.994704388847081,14.507531780265246
275666084,4,10.396066229319146,0.36249510949776115,0.2066684067034487,1.062266824807095,11.337640870848109
276378650,0,-7.973811962423511,0.37413568453875473,0.28397126529867245,0.9694424841450746,11.26524614817491
277002638,4,42.25675536594178,0.3416678327752575,0.2884882673037264,1.0455299921655024,20.257733387434993
277986602,4,9.044988489397639,0.3761012637907837,0.30545411744031437,1.0265025740670113,21.662082084641344
278061089,4,212.1166440497633,0.39960014867150123,0.22948866904740503,1.0691305096193515,19.499252901374494
278123349,4,89.23316015218664,0.37526134652578746,0.19620007435139655,0.9572952290713292,10.969952844253479
278169291,4,67.55240002628162,0.3456195541985207,0.2686655794544001,1.1030888017993286,19.973050878011602
278692232,1,223.05043763375267,0.37038809076648344,0.2965417648863017,1.0784672839277476,22.411214882248345
278844630,0,27.05908192856139,0.32928798065416903,0.22102013386696376,1.1512856692815059,21.309932288757906
278926278,4,194.5358547195014,0.36883548098328794,0.25014066783554006,1.0851307774596617,20.20315649670468
279552323,2,162.10289686500082,0.36226242210255455,0.20417777484306834,1.174766098853274,17.825061232506627
279624532,4,-30.62997291526736,0.38141289043173027,0.27137049174678396,0.9866530937485655,14.519397225594052
279990409,4,22.807155373116515,0.3647034090303854,0.34287189309327054,0.9303040824132724,20.064264526936118
280111011,0,121.42990931570202,0.3541802861924069,0.2162901524703515,0.9636763215621428,13.320146877571442
280819340,2,176.00931291074875,0.37081932602893686,0.2727039549900093,1.033089540629956,19.141052793354962
280901586,2,218.54763952743147,0.39095436074357076,0.3116800680866658,1.158251744948776,24.271532647092997
281000054,1,115.37218880418679,0.3696001842415702,0.23471493769083204,1.1411201642282731,17.512678926982847
281136178,1,135.28790042134787,0.33898123822839316,0.21375576279482011,1.1372957797573748,17.416615145257197
281150361,0,154.86621426107172,0.4047560319879836,0.18749558522556192,0.9455936955047662,14.046260312065055
281517661,0,169.26265495242035,0.39046421618710137,0.23219665612900198,0.9805376801409387,14.088165647896899
281814625,4,175.10022512299645,0.3546940437171523,0.2775326718900321,1.160815201551959,22.803317395388817
281920156,1,20.511510706654207,0.3552722792209423,0.23002822971745124,1.076889520370755,13.193996770349262
281967969,0,105.2131071618878,0.3541578932718058,0.24614902448216808,0.9617764256904688,14.492347422743407
282298315,2,50.50311833129771,0.4187351338497009,0.19779788632220016,0.9696010304518712,13.964324058952645
282747611,1,126.10323607802577,0.3742319073329595,0.1770777901726945,0.9849904538943889,12.504963482302818
283523819,1,59.5631636804316,0.39473553944541734,0.29539799729440247,0.9381691198760286,19.61174011555304
283582804,2,-34.57368071556188,0.3878993882716123,0.22118496371241386,1.0188489872344029,16.12830883562804
284421147,0,273.5680082631812,0.37857418264394166,0.21673776681430384,1.0632989310632261,22.888852793333854
284595179,1,58.461471037210075,0.33570401769424535,0.2287536161017193,1.1352106518569829,17.433528128533577
285133703,4,239.72749203619244,0.3796661850553553,0.2242726897674245,1.0456155068177893,17.435523898518706
285241910,0,56.226520820547066,0.37308664249163975,0.18858051435913709,1.0659915471205494,11.027395341548889
285299858,1,92.58154859337077,0.2889921121205432,0.27417498857019645,1.203652297227849,17.65236434379222
285419416,3,8.824140949175757,0.3575722344072759,0.310887872483142,1.1098565220345216,17.273474418577607
285781116,1,129.22589835914258,0.3664799805521564,0.22786065046886364,0.9510743325754305,15.194557547653298
286143083,2,191.08288120138002,0.36624533890647853,0.21071506112848387,1.001032332681095,15.213209656154467
286285970,2,-82.51974830431935,0.33007167955391714,0.12747048025625798,1.624498426157869,12.818837325104269
286520814,3,-24.606639098693137,0.3719048615137682,0.2720563998644193,1.0233197959004874,18.599749562435747
286659449,4,51.035693529597445,0.35071697204816676,0.1804159009059565,1.0384862721196095,12.122981187948657
286702486,1,115.32445214224964,0.3536328853651978,0.24585083416429138,0.9900141007434446,16.186030190190166
286760389,3,253.93551590451747,0.40229423207975606,0.2728349093852684,1.0507120205626566,23.74619148005679
286863590,3,314.2236117669306,0.3937378643629175,0.29346734959998605,1.1246973938172777,23.53218212145713
286904793,2,99.96709422047188,0.3502290865955777,0.2828366401010289,1.0633608589775,19.666116122151323
286907970,4,19.422301114313953,0.40333680733984945,0.2322578704633323,1.022477735318616,17.626037664158932
286918876,4,7.607946546087888,0.38037479342076397,0.3224397245261421,0.9048671362662097,15.129001762759678
287377564,0,225.3699008877051,0.3935765903071071,0.13443231232919162,1.5079791000186131,20.307798815548498
287416791,3,154.63069871906418,0.33125695520109305,0.22925129162855826,1.2814108548125844,17.94305486352259
287463310,4,54.76361516779318,0.34069898270555177,0.16923237449338374,1.0235338066192996,12.310934708515408
287576128,2,95.42670701516647,0.35180002311133984,0.23463572994417028,1.1540895611612263,20.306582695962874
287781923,3,16.190544672948548,0.4009971245636068,0.3605584578356528,0.9290194400580954,18.99832033037945
288191338,4,94.6039901252999,0.35381285706857557,0.24073363517810806,1.1635111898048847,16.794170787690167
288320875,4,301.5649180408579,0.4182565722531009,0.15308821946590367,1.1414243176675907,19.844563688412485
288350972,3,129.97771232766,0.36381930125963724,0.21512961852346826,1.194805489045197,19.523078998000756
288433754,4,104.69021184532181,0.35410843053610247,0.18763523591056275,1.0872897789671396,12.661115960677373
288686571,2,161.53128762210878,0.36253459297708945,0.2117588641530495,1.1425496768818795,18.749107305051027
288758624,4,-30.147343929650788,0.36071529100621896,0.2507818188840296,1.0593600285039848,17.29348610609774
288986880,3,-1.896196776991573,0.35611380999777803,0.21676818469775863,1.0233563689066492,11.64009331548669
289030100,4,258.30078128697346,0.381441531795652,0.258854910167185,1.0024688793213437,19.255784338149688
289287510,1,159.26381035665554,0.3384625077933657,0.31586761849206896,1.0896722314644043,20.95508414044631
289478370,3,171.88944318258905,0.35618247734781433,0.26661853943615144,1.2189892588761269,23.793811514689878
289637508,0,78.94865910672476,0.36869600343207826,0.18528370780475778,0.9604926743226028,10.376055115964329
289857593,3,-17.18350998121717,0.3816956440803741,0.32233181002256,0.9800366402965167,19.82939859796422
289881295,4,-87.90679895395303,0.4221662113264009,0.35397224955489365,0.89977421100052,23.68679309210026
289972048,1,148.42506210334244,0.3760634357267554,0.23566458749244987,1.1408887194126838,18.90144328567007
290244345,4,104.56753005619015,0.31647341491391556,0.21913007966265188,1.2096743626722688,16.921418455914203
290253227,0,164.5764613579875,0.38474323162896695,0.18005780461301535,1.128595194570393,20.059391726158765
290300802,1,-23.59579310431134,0.31101106959008284,0.15904659962816284,1.5369259555068886,14.48796051179275
290418374,0,192.48819263290068,0.35175837001191346,0.30002851891770915,1.1566889528594877,24.64207468527346
291057839,1,46.163539394109854,0.36649298742210434,0.21158938424137735,1.0441741292276916,12.330663167254698
291499422,3,77.68722883376945,0.3291049910778451,0.23539297187826227,1.1182991099412385,16.35083624756153
291719291,3,104.0468006156464,0.4060873063998811,0.25143741959785537,0.9954480474955685,14.045249173539462
291812607,3,59.868934129201065,0.35488830914129554,0.21783366271561583,1.1579081279923438,16.629700267336485
292223018,3,14.557287627653054,0.3511567595010133,0.16902483436101307,1.2549087878898284,19.975712508029048
292271271,4,141.2640222967971,0.36486695527448765,0.24020476838608945,1.1212109244314317,20.219674332876814
292300264,2,193.5555593060244,0.3676055527028283,0.35161945250562454,1.1501616895630484,25.19870985538246
292368159,1,65.93350184131387,0.3098169962833885,0.17993764048324334,1.208302456771722,14.396798864989867
292543407,1,181.36469768252985,0.40190065494434746,0.1662533125092804,0.9394079632053325,12.956758315635168
293023790,1,70.97031325119842,0.38197593428078125,0.27901130207691355,0.9342085740240387,16.545444003851163
293350949,3,309.61064128177543,0.4398380887595653,0.11132846830568832,1.4603700903938945,23.77826912204178
293363115,4,19.23669349594823,0.39007759081204013,0.21983863180872096,0.8339137684185465,14.08452850779432
293508970,0,183.9839821837411,0.3529543759012164,0.23971592172937312,0.958601564707557,16.390483797899048
293562405,3,104.26798162826577,0.3585213254028382,0.1604411004360311,0.9657626359724628,11.746293484177162
293886642,4,90.15754306679366,0.4054254714984845,0.22742152254376508,1.2078630347711135,22.41526125888649
294224638,0,25.35707861379153,0.3769374052541292,0.2011032840790098,0.8935697415129531,12.287386309048907
294498348,4,-6.811197798677995,0.36093530919248584,0.2590083905698307,1.060269236921529,18.465878273921927
294894075,2,372.7528833143159,0.4490388234777152,0.2567800859816956,1.0285391911082404,20.937167527934157
295260492,0,-51.350054428944176,0.3729687594397196,0.23928223481921668,0.9817100185852002,13.70449070717657
295275980,3,32.64290659630434,0.36595163390686614,0.24171487796424668,0.9874909468890997,11.986118971006992
295305734,1,108.41178299515916,0.3616255573706363,0.1779512796649354,1.0198246782902405,11.223802319739383
295343824,0,210.18291982608613,0.40188527748126335,0.1898856380169387,1.0062860761474313,12.408201461661653
295492872,1,202.92940165082376,0.3923141591956253,0.17779799632665105,1.0276707580365816,16.805062038032766
295884244,3,153.92265355751974,0.3920041724328882,0.2698027827939931,1.0557912968835708,17.087388293415383
296205481,0,-34.838159111113924,0.36939898864316245,0.29413921595381676,0.9380970904140117,20.535813085962875
296253043,4,44.07275805982986,0.3467112337190952,0.3082162643339541,1.0165574138989069,21.633181870824483
296446712,1,47.44712665848306,0.3331125872957191,0.20694528201575896,0.9291201159708384,16.04824286505933
296474292,3,-121.4847920478658,0.31357965323938597,0.0809184081092798,1.839908984714846,20.024526725680573
296559312,3,174.58403301221446,0.3588021264063031,0.2578822656604618,1.1212205484500963,23.515824886980127
296620653,3,163.53571026231396,0.34419852598806966,0.29453644185082295,1.061721034790921,19.53219086873836
296709911,2,198.27103206435538,0.3619773514079888,0.28514871174808293,1.057854997024664,20.13370667434886
296780712,1,52.17046754148974,0.33642341351732996,0.26582439046150674,1.0861227350958795,19.01162858277356
296827731,2,61.326942163713575,0.3537194923089199,0.22191860543302666,1.168413169507903,16.24788900597716
296831504,0,80.1030537932329,0.3695890010837723,0.21142107372428637,0.9703941331794692,12.643549186576628
297020286,3,59.36420173181335,0.39377453922718,0.22427004576074652,0.9429711545523679,14.874689545471398
297297701,1,153.21489993218793,0.36104409552928,0.1808471778725121,1.177413821457073,15.820003774634877
297474668,3,154.10281848581255,0.36098635512532623,0.21201866615153778,1.2779607780324536,21.285509025580506
297502549,2,105.66320680969086,0.3380709215084752,0.35514883770380334,0.968801288579818,19.124214581601386
297731512,0,166.72814672856936,0.3559494756088839,0.24607314326279103,1.256900338583336,19.72660292194997
298003696,1,190.09988686038093,0.3670559286450693,0.24978772289321277,1.069106278235655,16.84444361755597
298173145,2,30.628186352294875,0.3339542466086938,0.2579127841203244,1.132342673713701,16.67657819117837
298248052,0,218.738622644946,0.3939178476684655,0.26042373120066437,1.0459277626398888,18.856291969513716
298750870,0,276.69514888345003,0.4152439050404859,0.1771739174497759,0.9404928523863758,18.33248342542644
299097300,0,29.47485062846299,0.33387006664483415,0.20423914040893143,1.0512658140428388,18.466534838747943
299152684,3,58.03731526400493,0.3661954041513984,0.35886718899079284,0.9286189552011351,20.364788090499644
299349220,0,103.11222784813594,0.28975281714310475,0.23910807552607763,1.0875902386102567,18.758975270384425
299618473,0,264.5110586888299,0.3692012869214766,0.27766735895005656,1.1770154621030735,25.2218178185503
299922696,3,273.8102096930875,0.3839034211815211,0.3008035431920343,1.137494074663809,23.418565196743998
300005769,0,160.04798657081187,0.3602560538838011,0.24647046424041208,1.1393027511840907,18.974999569338618
300892142,4,-33.33021304665701,0.34823188035963243,0.21388770687752334,1.1764169800615136,18.371091304203038
300941372,2,114.96987175522943,0.333210601698947,0.21831303111191774,1.2230171309961813,16.479715343691044
301268217,0,-70.88096362367058,0.3980935469360624,0.3707496566080145,0.8598413667575487,22.382263439223905
301459957,3,289.8545028979014,0.3937325403959915,0.20314786496542636,1.0754514060416691,18.31619891074214
301935252,4,27.797563414493936,0.35523740707018586,0.2856876862580871,1.0470796129444258,20.093982902993353
302206099,2,127.8920941900474,0.3608898928145863,0.2724897090358102,1.004875791862701,16.05899495467518
302309984,1,165.45559440747638,0.35948948851237744,0.2507215473164805,1.2027774721452018,21.78378967027267
302979803,3,26.313795849259122,0.34716582208870916,0.25208660884638096,1.0868345976172284,16.745541351298876
303176560,0,165.06480049992743,0.34945840030271247,0.2330056341532682,0.9577506747961063,16.803941862691115
303191070,2,106.92194349290719,0.39017269314144193,0.19833742571677815,1.1426107706607376,19.487679827452666
303219921,1,99.88792648633988,0.35020261759123983,0.2748126739756306,1.0699298582237253,18.852747011521455
303267980,3,29.229808475977947,0.34457501147419023,0.25966673480324054,1.0010358573738545,18.75020046367158
303343344,4,10.36028933202644,0.4298058901958263,0.3283976798661823,0.878164613623092,22.302626660309077
303682893,3,168.46490644341463,0.3872408268745131,0.21507773265887484,1.0149108470688362,18.085238404993042
303795473,0,81.06942505508425,0.34137027981360946,0.2476575567358821,1.0064095214015045,17.079476749665155
304139587,0,181.95892030483574,0.381344485195996,0.21258638166752064,1.0382037429679214,17.54800466782792
305079648,1,112.63616842268367,0.3653121358580071,0.22987070338213486,1.1405879310715583,20.131749926772944
305318799,1,91.85403894703556,0.42003625226013436,0.31911770554175517,0.8648236636441968,16.70720213457804
305819221,2,132.66595338422024,0.38894155138479175,0.13770393033196748,1.2875582677802755,18.80045932412401
307030577,0,181.3586735342495,0.36614195871929506,0.23555744402847034,0.957985593616709,13.850062764137434
307396008,0,31.150834877097736,0.35349555188340015,0.20281315442338774,0.9887676945723327,12.771746163753958
307817942,0,141.84044640092407,0.355817319757231,0.20850441765962835,1.2188076550962264,18.657512289370484
308504449,1,-19.865606284048198,0.4259431384590238,0.2990842611938569,0.9197565537541583,20.55402586768905
308535213,3,38.16111147084396,0.36232889588339906,0.17032549911400746,1.1708618274374039,12.98053434943979
308745808,3,22.65087882780651,0.3557703680549123,0.23179321851953202,1.0819691611578655,19.09513789739957
308992648,0,-96.98998195103009,0.3191104627325956,0.1376324102814177,1.4870967774656982,13.61889780595537
309072874,1,146.3441710172529,0.3847501803912882,0.2087433878975557,0.990912580290228,14.990519757575926
309419979,4,279.7698573929976,0.4128647140296309,0.2627685467330593,1.0921984972317607,24.212195563770386
309733373,3,30.209834862666654,0.35917360350355026,0.2794730608569769,1.081745764815042,20.916775614398432
310196546,3,72.74185188444727,0.35275065556990415,0.34635012321806724,1.0663835885013064,23.0431265591727
310395295,2,245.91627624177585,0.4064309984830413,0.31560361393296843,1.1599137571549265,24.70102752867843
310494439,0,52.26456401959071,0.37660986848308153,0.20120759277585257,0.9593549841489794,15.382923428086013
310611274,3,30.36138319953065,0.34895971031493295,0.22720185069382925,1.0927994861505055,18.078308805707497
310843241,1,28.61063095839239,0.34539248351265034,0.2029468590128001,1.0494211358833285,12.172553256795048
310898724,0,180.76349643765624,0.3790849821814717,0.2530835402286451,0.9530443709344629,13.800520486203538
311037297,3,-82.33317920851547,0.33568148816406834,0.06894883723906609,1.4400459732541564,12.238346689548685
311737289,0,97.7904920971561,0.38353994356188453,0.23807667760739332,1.0408763587305516,20.185310611522663
311750318,3,172.8064836698149,0.349384796559877,0.2479958396486981,1.1216858886260235,19.86943869628642
312401249,3,242.43864829531483,0.38766237655880154,0.32757274680479526,1.0760858746221618,25.376287327037524
312938401,4,83.26241643243115,0.3668071668759666,0.22930635264858193,1.1744728048365736,20.630307505717532
313210022,1,-36.54652920539314,0.4107543434822576,0.33926132989480007,0.8380447385756179,19.093268164765938
313256095,1,167.45929429553988,0.3738010305255796,0.27564635393357695,1.0369730165567732,17.529890567014974
313737003,2,196.6205250416293,0.3653278585910239,0.29074704569059256,1.2091515648408788,23.751113372033817
313765532,1,-24.386514833099625,0.3517510572475927,0.12237702375924589,1.372343637681925,14.160417538098674
313831314,2,-1.6632902550418862,0.3992807459347673,0.2126687000767903,0.8045616312768205,11.056751963230539
313842947,1,347.7331641000053,0.46292389763992536,0.3373563837792618,0.9263614452210566,21.963385118401924
313907766,4,30.513119862738677,0.3765010687947534,0.3237555255567184,1.0316679985970052,21.138175019330752
313933456,2,207.34739307351143,0.362443607608971,0.16901996894185978,1.251632099771679,18.139830910393908
314234289,4,185.9333712674977,0.3436031585643539,0.2643452244265128,1.2232751842979523,23.90153389180307
314354319,2,47.08801031323927,0.36162352649231205,0.24379160494581026,1.1396373192543747,17.93500281849889
314797178,1,164.47262676009095,0.3453413387766465,0.19647591805422815,1.1806565525062989,17.957077244168413
314863833,0,147.85622939840215,0.4280235770733203,0.19534563453620984,0.7766222132377898,14.505798861136798
314916411,0,167.3966203958495,0.3079214762932421,0.2148453276199573,1.1692882466779904,17.23157510295892
315380987,0,308.93681572823186,0.4211580222687868,0.17976420670850246,1.1765291791328503,23.894529995630858
315519001,4,12.234289553574953,0.359334946923948,0.15420454336265804,1.3370575747842817,20.329016470242024
315538569,0,377.8888270385743,0.39910222440021875,0.23839636569997769,0.9772006424290559,17.690331300795783
315696598,4,-38.95135956942471,0.348102637894981,0.22926808193215373,1.0629750514195107,15.033713068720125
316809152,2,365.98808667187194,0.4456469461792262,0.34223848045275146,1.0111368421719857,24.661037019513127
317007708,2,62.879913522941074,0.3510032783795523,0.26416755173969586,1.0927505835318403,20.382434459386978
317020980,4,5.902315806824831,0.3956430976081113,0.2349284746820769,0.8937688486939106,11.314048665945434
317112247,2,88.59629769139464,0.38548865742661953,0.24674043772312299,0.9296354358341448,13.083364252827538
317286954,1,-20.481157283208006,0.41058150821544914,0.18879699124338795,0.940117442856381,14.94810176041617
317794773,1,22.345335877735764,0.3424355322525059,0.25111649489107346,1.0881938902670605,16.03819216072505
317893081,1,164.78435283448437,0.33625751735377646,0.259507179721563,1.0988446097199476,17.19652279674997
318193611,2,188.3786851782396,0.376811474398632,0.18445969269690687,1.1848867703524124,18.107465162481105
318514421,1,-46.73018773499362,0.36047506229926707,0.2301989880377756,1.0696663069855576,15.31423623851874
318909763,3,206.47388678223007,0.36647750767502113,0.27319462166156966,1.1807944086627111,23.03436727441503
318923469,4,59.77871890975256,0.3215577345841601,0.28309025294844736,1.1596195054504321,17.132634698073492
318933021,1,44.76795762070724,0.3696633927770587,0.28598193503585323,1.0589896696627141,18.506649773550205
319236312,0,101.80663391567283,0.3798420886184274,0.14034305172454414,1.083777110584527,14.788489822676805
319319228,0,33.183892506425195,0.346071807851327,0.31074249473194765,0.9903760399054005,19.431374716225854
320070845,0,164.35964238231423,0.35745042470806493,0.2283745216596969,0.9443573354214762,13.882586795159808
321187243,3,82.20671600373053,0.3565339400155102,0.3168545226901365,1.1150146643372056,23.848175451559726
321215899,2,105.30349594056428,0.348368409239856,0.245237980860905,1.1232601309105281,20.638935762482557
321268777,4,25.774703087642692,0.3525792695555853,0.27804382601708943,0.9920721209419783,16.7611688973262
321308254,0,98.85636804009314,0.3948457063950221,0.3312131207344704,0.8978009516691582,20.758235224180048
321519190,1,7.523504658541896,0.37314787646322084,0.3157700971670414,0.9456130274501447,19.935282795330107
321552204,3,-47.58596914055846,0.3928581874985133,0.33529465966865524,0.8717841121448073,17.914750235896868
321955140,4,22.028203863603693,0.33998010758657654,0.2596285294303065,1.0486100023580252,13.909544477203044
322065979,0,244.70867535600541,0.38011702441898315,0.2136509571228517,1.081852928640726,15.958101256523925
322351570,3,6.277945818507632,0.34822356495599793,0.24836358518508242,1.087576297138242,21.430507956829114
322605911,3,2.2321223674042585,0.3493871925188659,0.25748091096052694,1.0666233313423648,16.91211180273636
323040540,3,54.325279664011816,0.36592745230390467,0.3144487408057335,0.88050882721371,22.2496126058617
323411656,1,40.237878329955954,0.3472540971485048,0.2565655636604101,0.9891532434312323,16.370078866539142
323702728,2,90.03869155693144,0.3644459790583379,0.24830141840056727,0.9572673981874796,15.309540551633567
324341393,3,184.2817568770801,0.37547629441359875,0.29501492999484796,1.1329362116185404,21.272655399045348
324348126,2,83.16121753693137,0.4150065614778526,0.1730856078368832,0.8126422325256084,10.2089473746536
324392817,0,-12.047600774320713,0.3863929879555598,0.30393435073116964,0.8786653683134038,12.747735816793377
324827592,2,145.7053318750203,0.3848810939204253,0.25152955421476514,1.1157274488235065,18.318473904623065
324904007,2,153.40242947955647,0.370110177224333,0.25604720715568074,1.086245895592474,20.07734567379617
324919224,2,-1.9525977913574906,0.3466213661128407,0.21318917814347527,1.2797253899870857,18.98043834388994
325038822,2,187.7993512111724,0.3839641337300887,0.30033727227329865,1.0483427207242477,18.70037218003402
325850735,1,114.21151948713167,0.35565876042138833,0.25955806492489464,1.0489391340269576,18.318518954267045
325853121,0,181.2973640137431,0.4359321045477691,0.117088760903343,1.5451657090487068,18.327251028305092
326740697,2,-22.658982050727843,0.3483522869298654,0.14779635226750493,1.1310860344871687,14.586577674133224
327326654,0,172.91554246475357,0.38867406520550807,0.20105483087259135,1.0930169411955672,18.36845057580333
327432808,3,233.58923298304316,0.37103666325767687,0.24386531455556365,1.192310938598271,19.880742110083364
327552819,3,51.774484364490384,0.36625599818026244,0.20176069351936973,1.0019607187986164,11.407670015010929
327962548,3,-98.65254714345411,0.35653307065448375,0.10623725793135377,1.6480499870429486,19.043986175099718
328019914,2,89.37583528134977,0.35444598317406034,0.17244095822263228,1.2965157939468754,13.348985128066008
328180933,4,170.26910807106646,0.37374819540040716,0.2320815020476001,1.0713959153232937,20.541309201276757
328387168,1,186.45665225771648,0.36245396898034676,0.22804344548758795,0.9758683851776574,16.432233911125444
328610666,0,127.58571000190415,0.32405541435728225,0.1793442806547241,1.2578130027328234,16.106797328617198
328753275,0,37.51116173024442,0.32707548844143775,0.2672218681932033,1.0305717106133496,18.26902425088345
328792977,0,152.2310161307949,0.38610055790971365,0.1935484776248761,1.1439784930760153,19.958003649643906
329116469,2,226.8425012464852,0.3849094679669306,0.23133490141218327,1.1041415651543922,21.707034972109454
329479579,3,260.33434075732225,0.3700599611385738,0.2782713817772368,0.9451316674832145,19.602796012542605
329844440,1,194.50178351876423,0.3815675380444485,0.25128666976550257,1.0909613281330572,21.163391868825876
330131370,4,43.65882925843406,0.4087396074627876,0.33715454706561604,0.9514805310125397,16.442135633817113
330131913,0,-53.74208574478014,0.3589077291092776,0.17894517677817756,1.2333821225264612,20.94707195397087
330440675,0,196.97654400800747,0.3481443228130979,0.2651298666494949,1.0106735540892253,21.547149032945192
330874137,1,184.21765903568368,0.36802312040039364,0.2628160339027035,1.0783686020786691,17.9944163698704
330921769,2,-22.330922035099846,0.39272391199934537,0.4085021473349004,0.8636205324976455,16.638546452563904
331019668,2,-34.73864664254721,0.3298292694274084,0.2412824944472634,1.1005142652791926,19.773575085211203
331170381,1,-113.88926046501552,0.331475495944646,0.14928702497892682,1.6328585004127556,12.75487344824644
331790904,4,65.68459233334752,0.3659768336406897,0.1827231717738112,1.1027770290811927,16.95194327428886
333349586,0,36.63671529643676,0.3528829460673663,0.3186718088657728,0.9525402966203438,20.294729500660576
333365529,3,217.08548413354237,0.3594563579612416,0.28750915573721586,1.0151214332899725,20.325797273219155
333446735,3,237.52307556271364,0.3641299211289696,0.2865124655951984,1.1863354104868455,24.10748535355259
333695147,2,165.12377945123043,0.3577870401475789,0.24525663214549376,0.9811585830449014,16.682009834198045
334420972,2,170.87033672738073,0.3663389598590488,0.18913897042708516,1.2131838437733242,18.239599369493476
334571792,0,129.51827827611163,0.3601508376113481,0.16398062677313996,1.1929373482306884,17.70931378690557
334621145,0,-5.124319830290915,0.36683178769765,0.22295975611491758,1.0363117456436768,19.79685670848078
334995050,4,215.53699049189927,0.3611594249212233,0.32167620712191536,1.0179630100002943,22.469359307050468
335146594,3,163.36103747461289,0.357340871357303,0.18728997733238015,1.1419336583104627,17.29617005492414
335695120,3,153.5583749721145,0.3436280999667213,0.21039212250704104,1.2464969616743076,17.677207153877784
335867964,2,102.89568449471993,0.4432766134364605,0.31282942548874126,0.9909727815393838,20.381687889654167
336148935,4,160.8274108117588,0.3872758120816307,0.2857735354806992,1.0496081075863108,24.398900075405383
336321161,3,251.03368796694255,0.3842949101002364,0.2953899667257552,1.0847763394709742,21.344193001639496
336593955,0,-11.818078024128098,0.3192800147616523,0.1930096100892053,1.27160874688059,17.206054089800052
336780982,0,88.3970235961295,0.3895819870669951,0.30909241006394655,0.9990280377427545,17.846777086340275
337489231,1,303.35627148089617,0.4095068176700146,0.1895346020684076,1.0692069788575975,19.7701520277241
337825369,3,41.16171108039931,0.36475856630219794,0.1955926766155341,1.000380903473129,13.830652789747065
338101273,1,176.73199907823738,0.3687981710365747,0.27520672914166994,1.2232590071689504,20.333843956287296
338143659,0,267.4819534032351,0.3559097550463217,0.21961900435549053,1.1805873066396892,21.196572759607363
338510207,4,121.84185352333304,0.3854843010923669,0.14757751494449678,0.9319256935973811,10.365388990140413
339460948,1,188.96875616927926,0.3621155262405476,0.20983778907083203,1.2062491972726537,19.163375977973132
339625856,4,83.90091983998373,0.3965083468009178,0.19637351432320155,0.9332612645425944,11.424070837887655
340997850,2,272.8768928895484,0.36756318614776345,0.2578694399343049,1.1545065100869265,20.94063601291296
341123684,1,12.24894613934174,0.33022780867628276,0.27348763927662156,1.1180244946577587,19.7606974081421
341439882,4,56.600052559031674,0.34141927440972597,0.2829858122597686,1.0964765635793103,22.30542827998621
341816925,1,110.62301914219263,0.339048904137397,0.2674875763392102,1.2066666689221945,19.214055196451117
341876947,1,242.99034075077358,0.37691588631006484,0.21891112588078263,1.2302290100171567,22.265688285411727
342399286,2,23.65309274126183,0.34277241872661224,0.32368051182013796,1.1347896210109103,22.184851301080094
342537511,2,138.17499404254792,0.34674748155161655,0.2001991213171918,1.115404459336422,16.471113791353666
343006911,0,-42.80120323174539,0.4003300730226164,0.22914411974127344,1.0084061734469678,15.134259908257073
343110199,1,27.396116098062834,0.3374757634496042,0.2449909931143835,1.1667334375033684,22.320292160850066
343123949,1,-4.148649998339437,0.3474902828830162,0.24100435463680145,0.9585594707202221,18.072072314459692
343155685,0,65.74477127554243,0.403257870359559,0.2578280086550664,0.9796118443481592,14.75532633940857
343326237,3,176.54107913928254,0.39333121204917865,0.1929846044562907,1.067381177271427,16.373824684577446
343355330,4,49.15210362423851,0.38913552676344937,0.3377239137280861,0.9777428066217906,26.855407088007183
343928203,2,309.33517659606815,0.45618953497309883,0.3507260959078935,1.070062696111508,24.43577798831079
344065840,2,222.13762200805024,0.3743594903038678,0.15596667313680712,1.2374275813204259,18.738962592379508
344567495,0,38.73228575410552,0.4069502408289025,0.34112236885137015,0.9219083010969172,16.00040253587952
344756877,2,1.8228187616027043,0.3990468478429339,0.2802625260327884,0.8650186167142393,11.828961909227917
344924762,3,192.5465064294708,0.3415498350551308,0.2804053461147002,1.0431048004826966,19.122156155740132
345530183,0,148.4884657461295,0.3423626695630374,0.18667727886589586,0.9160696477679233,10.678694721092146
346660576,2,114.50221736058731,0.37674534478130467,0.2609189023887737,0.8894816705422153,18.88177720370377
346744541,0,193.1941332293792,0.3365862347591938,0.22395409316090142,1.2025035172587277,15.488643112930667
346973737,3,-154.33528935802912,0.32499100082841104,0.08347600379463382,1.5772465958180089,12.685600548126581
347210288,4,41.96896131928043,0.3744757165738728,0.19083991274616632,0.8782913019968505,11.8886890453496
347336274,2,111.0655603122602,0.3919174773881517,0.10234717917891187,1.3535336222058565,17.942424223070436
347361170,4,301.3738232080042,0.40008070949919183,0.2795357154795092,1.1089454017745357,23.465451743409112
347389709,3,3.730948915490359,0.3206416815040013,0.24596267610888065,1.096592134728125,18.843718927916278
348198056,2,157.91452971476176,0.3652162862628822,0.23014040044971884,1.1974714800080566,18.651255691597527
348809308,2,70.06870189607662,0.37352841955524596,0.39641057632666965,0.9210919847504822,21.018781806840675
348992789,3,92.16457281933278,0.35322860418142343,0.28397543954008186,1.1352754572828778,23.331933417488262
349443030,0,164.18552439614854,0.3865441921211928,0.24639145969445028,1.139997757295792,22.463387499333777
349759369,3,176.8606522347858,0.3791211713676255,0.24314200483597295,1.0471813726843888,19.437210934282323
350457801,4,191.5891817148082,0.35113952266522075,0.32315758178269527,1.0329476389062968,21.43089209402941
350689430,4,22.54734741449839,0.3301737407205361,0.25763807506855396,1.1235142138194383,17.942527346859993
350799877,4,153.36634562252317,0.39137204438538464,0.15905116360977958,0.9878372571723011,13.523294045972701
351260510,3,83.04349907880533,0.3405438400335813,0.3087240039713273,1.1559626946122439,17.015169956169142
351343100,2,109.47787601615829,0.36827693293908453,0.24434190714098478,1.074346700392745,18.66338048548576
351687879,4,-1.0182264014826075,0.37171233785696245,0.22062044595913144,1.0059707907508113,11.267778968221918
351780192,3,-49.497327606596826,0.3382789963359351,0.24352031946798733,1.07597131864092,19.99934636480716
351892249,1,78.32976586368349,0.33938545064526215,0.2471633291709885,1.1924912513892814,21.94536440868542
351941026,2,128.03149189039507,0.34784464122918857,0.19465478465966377,1.3381731564581436,20.003549205703656
351987442,1,188.05275703050256,0.35341348667979755,0.26023455184859806,1.2221633688867573,19.42743333150269
352084468,0,367.9118401294682,0.42116077391087026,0.3102439493424863,1.0781239802203226,23.253239687340198
352515684,4,195.1924568757839,0.3885809493591114,0.2337182744648093,1.031948007100654,18.68740058380437
353134698,4,191.38544946462534,0.37508832686816695,0.2309963997035297,1.1122957828544626,20.353240434800977
353348926,4,-101.42745075093777,0.3292801092314212,0.12239198621827768,1.42825790302309,12.693520431456927
354177724,4,126.69593372669506,0.35137011900955917,0.22863157272181958,1.1727979389136345,19.059215278984187
354467864,4,145.11206734272332,0.4602128566009304,0.11075788133166672,1.2759561932453518,13.02683727258232
354485735,2,21.83764013761933,0.34944541289260606,0.2965441884268187,1.112060640324904,23.58727920131066
354498686,1,132.97180503761618,0.3568844966772293,0.18947004036595885,1.237461788330552,18.135124592204665
354785060,0,149.54700184004622,0.3616688734046645,0.21342281373246702,0.9818354929257358,13.90979647635243
354906741,0,142.42439919984417,0.36683440498220987,0.20859617578914463,1.160341789506074,21.178607288642866
355069751,2,53.15281740877582,0.3580346331494555,0.21123650242903205,1.044752941955026,14.18439805193231
355158617,4,3.4133075501364374,0.36569973880309,0.23245163003142627,1.0043497651933613,11.339180645487394
355564083,2,121.93964826024552,0.3818041323243492,0.20672404610136283,1.108597722465181,17.99566188786035
355968898,2,76.42651273045333,0.37850772050658477,0.17535419482631268,0.9542359596173325,11.317488656705827
356782883,4,160.91648098561194,0.35398091082746586,0.27357820355892914,1.2162267309849097,22.826261655979707
356916100,4,92.01048335266643,0.37955921019351174,0.17803976739783028,0.9094133187288606,13.072438376605993
356993441,1,126.26084027006519,0.35614282956181875,0.20418188213997335,1.1809555072022029,20.11026329687292
357011061,1,170.25862280331197,0.3452041730277078,0.29787879571968545,1.1680986921579235,22.605072675215354
357282616,4,186.48037796177138,0.36754534340441886,0.24419688718223073,1.1609948639146894,20.554414865595106
357513605,1,47.30288451080462,0.3485470149449889,0.32319536360719825,0.9616822699116858,20.077757973427985
357543937,1,120.39945354121227,0.3704363091103078,0.2456860576855443,1.2083175138199822,19.604897565022917
358009894,1,120.1071967436962,0.33802903320965977,0.29118757858313893,1.1895514949504835,18.4080324253646
358172536,1,11.191504550730244,0.3626925019709541,0.2471831149503286,1.024963169292739,13.970330397602655
358272082,1,159.19789049812255,0.3124953497431737,0.2018938872305565,1.1953672181318196,14.334125318143387
359188290,3,336.0069513584243,0.39143790195724637,0.30166197958002605,1.1155376304866855,24.570249816410744
359434805,0,271.48035465050276,0.36738676589234004,0.18889870325496078,0.9487820579252598,12.946222788949418
359677253,0,229.97471668014447,0.34194264644704003,0.3192332788748287,1.1714635058142524,28.97113626210102
359720037,4,81.79676397159929,0.3523521754215757,0.22851872715793534,1.0542787324238503,14.356471042400045
359727146,0,168.65771988409483,0.3637364155705575,0.24471982667578637,1.1234600404592487,20.779358292921376
359769379,2,66.20290810487407,0.36015735496272305,0.24802970885730377,1.0157467590233662,19.748734927347584
360768817,2,31.44801085426178,0.3630017276315239,0.18131663384476443,1.0935111670580548,12.590492565196591
360823125,1,113.11148061124652,0.35942038704786966,0.12195348125118166,1.231374967755714,13.786715541524028
360959263,2,95.61044346238053,0.3405920183767797,0.33371231423788417,1.1301989660682654,25.268491839736356
361088502,1,40.63101658381226,0.3536956224751396,0.20032347533480235,1.0763587241571704,12.596870576368051
361254383,2,203.7914427842104,0.36307646609268246,0.20680463131661864,1.0349692218052418,16.46745593046573
361271652,3,179.33365223141172,0.31945526798862967,0.2560485372448563,1.2070774899263077,17.195280994015913
361586466,4,-68.86048334290945,0.4408201192480783,0.17553688826443442,1.1454025431660013,15.741396408963826
362892396,2,89.26295698636282,0.34399509506040293,0.32988955476146853,1.0615615334898085,21.855362778053866
363282083,3,231.80745429150178,0.3637765213075665,0.30367571595025245,1.1693671015509373,24.710466187718175
363316865,2,241.6940328867476,0.40401275596465136,0.1760348907922445,1.0180781035334263,16.027858678969743
363884489,3,79.77907460739935,0.3634753739959785,0.18087515689730116,1.00778756467763,12.356820876867411
363982437,1,18.957028768005415,0.41481531238811314,0.38520317666586995,0.8859675941885735,14.564622117112503
364021169,2,97.86532664815404,0.3738966018065793,0.1556629012841469,1.1587889476314546,14.961311108675586
364113470,2,315.64898227433383,0.4139765945255612,0.34186041651274174,1.0914878385085345,24.43095648497667
364555377,1,48.415472562359966,0.33743281612161863,0.20121481299811478,1.0561707090106767,13.363561993464629
364982310,3,91.7917862600516,0.35976350929741857,0.18441437719222253,0.9966741577446342,14.491346465334198
365169812,1,221.60089984607708,0.3742315598513094,0.3119849598083874,1.1509715642298652,22.55066649348322
366601299,0,86.06137719773105,0.3519680895662275,0.24291556940201658,1.125774343758203,20.52926792530502
366883952,4,-35.28736268585996,0.35804672841895474,0.25327583532167464,1.0672420106007738,19.01091189558269
366967975,4,177.78963965316154,0.3564023556221395,0.307067907065202,1.035628142049826,21.39153268611511
367099874,0,70.6726456321173,0.3583493831312938,0.19032698488554428,1.1438939501292495,11.37999375996159
367205774,0,156.6367337924521,0.355256083301056,0.22369401115341525,1.1961133652999987,20.22991969573099
367282123,1,23.83187320581858,0.3481775331435512,0.2356791175262631,1.0854255884720652,17.815851031556978
367646881,3,311.0216403504471,0.39844630107886114,0.30298481020500234,1.119692163914524,24.540633653708653
367702294,4,138.27198918177254,0.3732296868371889,0.27850636208055773,1.0815866614303349,18.144283867160745
367735151,1,99.69983724516548,0.3506596998676584,0.28052031896845,1.2154918270607418,23.494397266466247
367931242,4,25.644245857344558,0.33215985946291904,0.2352468418166538,1.1666650635305564,19.460340803852866
367944221,0,115.21672136649907,0.3252599922565913,0.21091445974114767,1.273709190711353,20.56084528507515
368322688,2,161.1536849286059,0.3594391610008003,0.2336915239632355,1.2788993705831346,23.15238896055171
368356823,4,70.11854958900636,0.3808861658488142,0.17352414437190303,1.151389937481651,12.400288796331514
368542881,2,-33.113375527332735,0.3717418814299352,0.22381309647083292,0.9920319204543874,13.848402672257226
368592179,4,167.5841324903575,0.3346666116463187,0.2891368091230972,1.1711936991270355,24.514645476389234
368595823,2,79.05529265804711,0.3551197946198836,0.3375258159666146,1.0171303576399904,22.187244224216222
368968267,4,105.93523444425664,0.36199882099800745,0.20186399570209934,1.1359120398472675,15.384855145279827
369213312,1,87.16315633954454,0.342679715329843,0.30033508806523346,1.1558799856506905,22.183324281592604
369610662,1,19.639033843661323,0.35159248803297427,0.21477230808246772,1.2065348933031106,17.301384426252582
369639389,3,-72.0521993668161,0.3272553211707192,0.09842643600391329,1.5259151115321372,15.185510643223743
369676731,2,113.34788992116064,0.377207647045371,0.27560500400967053,1.0965194358304757,21.0247304076147
369827633,1,74.91478907632005,0.34739514135424515,0.2552971818620605,1.202614489294946,20.49502412646045
370323439,2,164.38282987653042,0.3657051775425933,0.25555746160053133,1.133487438986451,22.515996206058293
370727281,1,100.9991860004762,0.3693602830419656,0.30740337756261793,0.9131515168298266,15.47313938132166
370833911,1,-69.403677573908,0.5098650112358117,0.1489981874856225,1.370440349204522,21.80231608267411
370860168,1,40.32017427740716,0.33710115015147524,0.273748152263289,1.053006815890369,19.097222858062867
370933065,2,246.0361281518928,0.43027850701363135,0.15508516431559347,1.0325816090653863,16.1237487013431
371139580,3,235.7039743683188,0.36510793424450055,0.2981202448039622,1.0037831097637187,20.548906846821545
371520322,4,50.94511243052853,0.3785846196390803,0.24535575523371508,1.0339545702082669,16.02571846099499
371572748,0,101.82567971427287,0.33553518272352567,0.24489063880393544,1.0286635404661668,17.10125495637309
371620331,4,143.22813125107297,0.3677862695246641,0.27444833186188133,1.1642569842577735,24.63427742706065
371754917,3,168.12192159531585,0.33786721826958416,0.2964158803704771,1.1867911637329938,21.94881146655485
371907376,3,4.70306448166734,0.37564466791039924,0.09836329102949093,1.6796425918842581,22.477065795026043
372375740,0,225.2370767441799,0.3750895817533863,0.27012741172214993,1.2302887160880793,22.168656814267777
372416932,4,220.79719736355696,0.36915411822858596,0.23990079831779137,1.0390676787567703,16.70662870111656
372715194,4,-3.1480874108500814,0.3456310247005938,0.21661437217653562,1.0679981050641052,12.095579729040749
372897734,0,95.45421404433749,0.3533329210582428,0.26088966775919464,0.9824247813876749,16.393712637870117
373230047,4,122.68324150996241,0.36353841926312963,0.25037334650380455,0.9909277878077728,17.679972470538935
373313460,2,7.094010482981702,0.3433150483878314,0.1997704394376705,0.9958411509152988,15.14790312056358
373751734,4,117.02750547652764,0.35029254428126777,0.24760768976428688,1.1902053425928385,19.943642521821033
373797398,1,4.923136067964904,0.3488540992208247,0.10971689415234456,1.3370574274526503,13.782748560634863
373831673,4,31.873593163316542,0.3134506070229501,0.27768737437546487,1.0808095107275975,19.18768154014946
373885914,2,3.469622799781277,0.35311654695801714,0.22968288041859297,1.1333019015490164,16.331944087375337
374709833,4,-62.49051322413857,0.3783665431514914,0.33261982619127795,0.9094604583848304,20.4099029137252
374925730,0,83.10707235036124,0.37261470631567134,0.2267309439220807,1.2620699771001935,21.510742682387338
375189153,4,133.45083388303152,0.35653157017378206,0.2568480688775807,1.1119323170685853,20.659613173059377
375346790,0,183.84420121131245,0.3683400784278147,0.23229656614090455,1.1183167524545157,19.302537319401385
375374780,4,36.982869282694885,0.3592455598745227,0.34569483801947737,0.9525871329010807,20.130636124888845
375389813,0,159.60498517489208,0.3707569761868545,0.2332295974915736,1.1931699362985342,20.337534243282146
375630257,4,-25.893497371711945,0.37194828521232504,0.21560797611682497,1.1626685892913273,20.438568170991452
376977834,2,63.78031863095453,0.361948216333952,0.35570826252635734,0.9351445834576786,20.860897351174728
377086807,0,180.72795611608427,0.35599634488741877,0.2507650454520976,1.1754701544453208,24.080633678606443
377154393,1,92.12902723133548,0.36245572657061226,0.192802439935505,1.0564202566650263,11.83832282929064
377318088,0,155.36126036471438,0.359922153492577,0.18202135674815284,1.1991128149452275,15.646203344749336
377845835,0,392.20987358984075,0.37472662520410704,0.21173688368636132,1.146636632985385,22.062719187734835
377905218,0,30.911751418752367,0.3358763684275381,0.29325536398299706,1.0596557972846268,19.275478000007663
378178373,2,248.73740790515149,0.4158241327275053,0.12261085839039104,1.3735435895269927,16.016918855604242
378689716,0,191.17332566833824,0.36434195462870805,0.26109464485067635,1.0850709611928595,19.4761203422148
378754763,2,157.21876875918292,0.35811430170651914,0.1495859658671552,1.0551178274195354,12.300378909876894
378853299,4,24.117072533606134,0.33876249852658824,0.2583446775421251,0.9982273674827459,16.756492299261062
378871007,3,193.81168315213876,0.3604567616873494,0.2322952605718383,1.0888224849150423,18.976370992193672
378915192,1,158.34912367929434,0.40020893877589614,0.1842800842793377,1.0173681997662067,14.124223206406725
379560437,4,31.919147396801932,0.3454645079017532,0.26133836726029885,1.0256576091132374,16.745176713650764
379965710,0,99.76746275924425,0.3659945006653494,0.1711790460473182,1.0415671616424185,12.741452960082494
380076712,1,157.0935729650586,0.3779623115047092,0.2229745000008318,0.978074247155596,15.187797323991163
380209354,3,-139.35815514994908,0.3102262878166701,0.08851664693885941,1.786813609744542,19.613579951428466
380408256,2,173.18017167823274,0.3708815761089774,0.25395433124739475,1.0997092849110441,21.78368706942996
380596855,0,-8.421008497133869,0.3773822244989666,0.24578258019060967,0.976776373688019,20.035255617031826
380971589,4,52.56576575910313,0.36432236156836095,0.18732087160784971,1.0598002969230946,11.642660237051324
381746717,4,-35.68491396382515,0.3486957840992935,0.2220013023849466,1.129319103180038,18.270543015692922
381822281,3,9.909794161430241,0.3657595765162919,0.19996050119521153,1.076075574327372,13.279006725899462
382336764,1,254.79749426551504,0.39636393322549107,0.20166236400053855,1.1928442986192167,22.16774361463667
382786072,1,42.52021575511824,0.37668351673135214,0.37938030279890544,0.9056894887857462,20.99953709940924
382859238,0,-3.0718383138360537,0.4047450003395787,0.32342345573779474,0.8110604085263153,18.981841031188416
382866074,4,13.310786562854588,0.35136994804238,0.2721810330479605,1.0697982907052415,19.9137829485968
382983445,1,45.457830869572746,0.35666465661993507,0.2773665417315731,1.0774623405591972,22.348770976847888
383068073,0,33.04457839113468,0.3671440466746884,0.3433091451375213,0.9246296376434816,20.77295686045364
383183030,3,228.9503385252651,0.36219557589254664,0.22267663881359842,1.2806787335217762,25.57050153917854
383211120,0,39.95316977394489,0.41628506836241663,0.3307461469712368,0.932383414153569,17.64909955265495
383339614,4,156.09330357068285,0.3299734648820579,0.2466593428044175,1.1741061806147857,21.20372036271535
383541557,4,96.80364427268783,0.35293624728116824,0.25858310274574237,1.09465430398053,20.71001023698254
384321860,3,13.725101380713468,0.37715167656086107,0.3598632865480825,0.9226136614996565,20.271060882639475
384392762,1,56.251978518250596,0.3898022090822061,0.14662510547702462,1.1585217394786032,14.823751190453594
384493304,0,1.1324995349695257,0.37088954474003405,0.2980076433286525,0.936476141674761,21.022824725775674
384566125,4,111.82145977369835,0.37040226869973103,0.10807528737223213,1.3066856339405062,12.774822653159122
384803806,3,-7.448109497377175,0.37974269929947047,0.15230744261974474,1.2232979487428777,19.51066669997241
384892683,2,363.6009230949927,0.4427556295854078,0.37325717412037085,1.0813819659567074,26.01363751863626
386257654,3,189.05112642181172,0.3575495006164339,0.2686905332914458,1.0099605375723384,20.89341540248679
386866912,4,24.074119550385106,0.34181696325871247,0.2513470313357869,1.1074987503930236,16.438836946395845
387403474,0,157.0133757202305,0.3570284632608603,0.19098039001262299,1.132810946199899,19.324104839930627
387542061,2,53.859880605652194,0.3737154194374966,0.34596082815022694,0.8977407723424207,15.564587784817649
387982325,2,128.78357415581812,0.37220396228787633,0.22509410118551265,1.1060401904146813,19.947410226075235
388271536,2,41.121467948671764,0.3532247114694121,0.1928199900405298,1.080349647615736,12.216534114608212
388880540,2,70.79766085414657,0.382805100452527,0.2614378727268978,0.9471293941039524,11.211304712178435
389198623,3,166.30772457512336,0.3860735375630016,0.18727676963313084,1.1304756069066393,15.953653505454305
389422500,3,150.84122861373268,0.35474730312960817,0.25303627191817823,1.0040424418689597,16.562052700030705
389523248,1,83.18421933375086,0.32248182495048194,0.24473917975897924,1.0793018217091364,16.85033336770475
390128853,0,139.236080568122,0.35012019709528913,0.2361079745861631,0.9678147372049132,14.681046643352335
390205045,3,216.3821293402405,0.35680510154391365,0.23124562218359823,1.0051617159206427,15.358019161773303
390452260,2,137.66885505850115,0.3659806716379111,0.22899361434692822,1.1168030807198874,19.023024018589137
390786079,3,68.1492113394205,0.3774407608361861,0.19442844515357266,0.9640764998993109,11.577051154197157
390859311,0,213.58591383591778,0.36715816054066713,0.25124208934079495,1.2175481485116875,23.278675707386643
391030269,0,61.033853979146485,0.3532912299186678,0.24394663676863734,1.1444929680388405,16.141560340801266
391108347,0,7.1222634663125035,0.3365404492980161,0.25951981641138877,1.1009609971401975,23.647465659217296
391439612,0,81.72598071443672,0.39048341139864057,0.2768287275426401,1.0656071318775486,21.598644632262918
391755316,4,91.91387230312462,0.38978125235361455,0.18926768934185184,0.9350005318510997,14.115827957266955
391808404,1,-35.25676875566859,0.4003815564279338,0.20658499775280162,1.0881248641031973,19.370201276613763
391913299,4,117.07428268588359,0.37588455416834676,0.23207862986837785,1.0660197660907293,17.894790844969858
392174026,4,16.70440871744873,0.3474450388086775,0.235532508440589,1.1108362696200467,20.219067687341145
392422616,1,127.99506676744627,0.3602255678420612,0.22828219452262152,1.1254979124596567,16.992363188848454
392652504,1,44.029523299467705,0.40255069132412347,0.2511368363975583,0.8927517729616746,13.954986744648087
392657358,3,116.36132610626797,0.3423802608786638,0.2701154606594976,1.1430495699770646,17.747146331375827
392908557,2,54.3892954925691,0.3805051470697589,0.30883404380144036,1.0454171264097498,21.360400416600264
393047512,3,62.88866603143828,0.36100114773787206,0.2642884782685088,1.0524140094332584,20.59493799286888
393084491,4,254.32136016115325,0.3819546383193768,0.22800943244541183,1.0056943464543537,17.17652308883289
393235817,1,-7.502463775390694,0.40317569849534557,0.24798673899383075,0.8336990346633131,13.2591980114476
393266857,2,175.00965628742253,0.36642267736942213,0.3131724598239257,1.139455595701728,24.284145218444724
393468444,1,12.025346243009139,0.3635797029129704,0.24528842882888813,0.9668448407311182,15.456286129396432
393692859,2,56.256667873141225,0.3770348830391415,0.19444811213171412,1.200600011490237,15.903614711178285
393870517,2,51.072899818996426,0.38362379038575967,0.22821148985520062,0.9905738962486117,11.634899464308313
394096295,3,14.591830653029433,0.38427806536098763,0.2292830563054109,0.8555993650766422,12.952778071159265
394475074,3,274.582289739585,0.37341800481031334,0.23464682762689545,0.9675547611220471,15.456029057490401
394508821,4,96.2649118756442,0.3786841635345999,0.18603915627136472,1.0103991701340613,12.315452738813462
394549340,4,151.90974577144215,0.39946751303171185,0.19755393711521133,1.061184867492092,17.361973917519233
395181216,2,172.07106676804213,0.36961314960566405,0.24777209463623853,1.1008806220383738,21.597251892900015
395216039,0,167.50300464427002,0.37110327531428616,0.17035120313047997,1.2419541398294434,23.45267415994958
395903864,2,192.927503285863,0.3621178918591923,0.22889076505118422,1.041994590069596,20.005842400494878
396309311,4,150.76693629273663,0.3702526800504043,0.21020002970149274,1.1160153850923709,16.57010288263794
396421326,0,102.63221487311378,0.36465652657051534,0.250884916123649,1.2134049660769635,18.55532486299826
396650322,1,173.97229503370352,0.36438932550542663,0.2607379973734275,1.0074012184064522,18.270626425179504
396757724,2,373.79595844876525,0.44930113326405885,0.25618349136907653,1.028046179353528,20.889601843118015
397033633,2,52.5788276758175,0.3467795164184266,0.21723767950268247,1.0163724286133995,15.445612774701106
397580304,4,130.11593398253964,0.3664486744335129,0.19389576675800063,1.0011082295176548,12.803038088620637
398123321,2,274.1547345315017,0.37674775694277385,0.27962115141367244,1.184824458995312,24.489853594054544
398381683,3,105.77377858471239,0.39516846748084655,0.23612855103794989,1.03461485644871,19.907267913625503
398390180,3,4.9281487058219255,0.3877707684915811,0.2629329133432457,0.8889536422111922,10.684896306067483
398441562,1,92.24176700739983,0.3906841982382105,0.22826984142482534,1.2248041001048349,20.45803792771326
398923440,4,236.50526768508706,0.3679699648723343,0.24666429275881413,1.1495680639139267,20.134197586237374
400083990,2,4.5072248416851295,0.34253698961590506,0.24324613363602468,1.016967658747378,17.821142298550978
400248641,2,12.230673996513246,0.37284468965284284,0.2296071755882441,1.0238123867456097,11.511644144271237
400445600,4,353.17937874039774,0.3930607814206363,0.1936651029020264,1.1579156696514437,22.50010624586965
400718320,3,36.53737547219477,0.37423840255440605,0.22490184785264614,0.9906666869749368,12.383958341587363
400901906,4,155.29095375033435,0.35867412737424875,0.2656232638022768,1.0913496500338464,22.256207394045028
400957282,0,285.2299549137889,0.4068902098873552,0.1556904018413558,1.1995167845638819,22.277868679531842
401075968,3,-20.00906264264185,0.36564791078722686,0.31751799870266917,0.9476036599365681,20.387776113604517
401205052,4,26.592310987900078,0.3854333458947165,0.20556416632189253,0.9660064859334974,11.545413897310082
401382872,0,79.94644870326825,0.3535570876292119,0.21099991395650705,1.043913822973889,14.299761460193146
401549184,4,-62.84117728962718,0.3626276352300782,0.23425261500883454,1.0989129284003618,17.337217882410542
401691844,4,76.09426528804514,0.35498876583790934,0.13233940385660573,1.369780725507578,17.811456890910172
401918606,3,57.924873373471286,0.375969288187042,0.38506407854428765,0.9042027240720009,20.75578210096924
402031428,4,213.07126407215412,0.3574971212747547,0.2963586894357829,1.0324512512224535,18.86910026977012
402151358,3,231.33753551765827,0.37959886351764194,0.28803150048970205,1.0404962160289275,22.444193973651238
402476752,4,-64.99756199261066,0.34676295129079976,0.2596646135261491,1.0119045070094843,19.701199730900324
402492102,0,39.13754733954201,0.3476785034873208,0.30402511460172316,1.0488293619581297,23.6006157972449
402626556,4,215.34703451488267,0.3910473707338531,0.23353565798755999,0.9620663448114329,18.26811671259604
403135402,3,11.398959352708928,0.3763098099462198,0.2023115197090003,0.9203942481077683,8.823154914010747
403160938,0,88.78872659820219,0.35438402325405316,0.17696708035224368,1.0493890894456936,10.870164993566586
404125467,3,-14.218990127374099,0.3568386006323464,0.24221423603482398,1.1447346077290872,19.53252491150372
404307501,1,28.02064987334289,0.35910670851799226,0.34041351587405466,0.9290139232288339,20.54669782073678
404342250,4,-45.14868949652089,0.39464720506652184,0.2144948512704357,0.9122814899928108,13.641579042641972
404367957,4,43.82798817487936,0.3855523198612382,0.214872092720526,0.9675021303587188,11.837875924161636
404981014,4,-58.54105177176115,0.3555028222762165,0.2660333839345743,0.9684444727429906,18.832455419248163
404993408,3,184.0629598844302,0.3577536152837544,0.30747009468721953,1.1821436776835674,24.032220564829473
405636435,2,57.065047711328006,0.33032496816113566,0.28896731326498903,1.256638674070187,16.171938071349743
406335515,1,35.71431847693952,0.37453578310714486,0.2538453497669635,1.1146277991191498,20.516531508738474
406786412,1,132.96249909260467,0.35273462160776836,0.23471249573651726,1.0635497337538817,15.52538294682016
406938063,2,133.3175972803089,0.3416337315066602,0.25983675396059114,1.130756661667094,20.548435353760052
407026307,3,77.35822322065013,0.3528514910166417,0.2425759529558577,1.1374654356684986,18.15515718495506
407061099,0,182.66282908644547,0.35332993115548417,0.26396104886801103,1.1197888385544474,18.118835064015105
407729292,1,62.742314564683504,0.34467431966996154,0.2765465507799849,1.03174660755527,18.750695690892144
407820973,2,23.999532039167832,0.35206454785531655,0.20048469875243588,1.1282036865822214,14.785164665918602
407930180,2,32.5278716813591,0.3355288618723823,0.2280289463355243,1.1580155347697911,18.814619356246535
408163304,0,70.14084603588877,0.36401681658731516,0.282326787001891,1.0796156785002278,20.862963875513778
408357369,4,229.4028450229718,0.37325263002203896,0.2285599423939207,1.1408046851824754,20.270094836645878
408389877,1,132.02137192371183,0.34160167632487115,0.21467554936111324,1.146213325405154,17.256725308797684
408594368,3,75.67762151813666,0.34763942737254017,0.3246842219112494,1.1403127886111162,22.99437538845072
409036126,0,82.38760933550849,0.3666335366776218,0.29869486887709995,0.977969104928628,17.184093251550532
409348345,1,-19.269511371198774,0.33078587122616865,0.16503413098606728,1.393114007090452,14.071428883718424
410114761,1,21.588896432554748,0.39242417750191083,0.23228370039149274,0.7875205486700385,14.954844235333963
410273784,1,130.42555074811605,0.36061269574446714,0.28654700272344136,1.1487145937991812,21.692719497767552
410419753,2,-52.09258199417887,0.35655505041443303,0.12864286429896332,1.7168712170797984,18.770494020758818
410618641,2,88.84479016565884,0.38273260294405254,0.26720731847608226,1.0304467825788939,17.47591765948215
410876568,4,267.0656875819767,0.3796496718937777,0.23523255058160564,1.1608076388526392,22.95654366806521
410915024,3,217.32355706975335,0.37736433878579373,0.2588820908960056,0.971754684573589,19.77422829616356
410978773,1,137.3801156091984,0.35407265059524096,0.2600121325379608,0.997931779156515,16.9949941330073
411320818,0,41.95721321845528,0.3670492775954126,0.29243898107195276,1.0738840663850893,24.118501634297694
411535293,2,128.8340154517379,0.3505957423099426,0.2766763983331178,1.187894152799495,21.72049384153889
411815101,2,284.9992977901928,0.40537842480007247,0.37421469279599,1.1677805838943984,26.46984956810757
411845496,2,-6.813029508880447,0.36519754887315686,0.24647323330490717,1.0317362068901534,13.371949947332142
412332648,0,57.814492635464745,0.42006335240665504,0.3123892738793132,0.9928474099282224,19.80676372678566
413205726,4,158.67981988765408,0.3624140178456526,0.26053055312276585,0.9812523920635104,19.655624857180403
413548295,1,97.75813941113633,0.3481052464305842,0.25452749503414357,0.9734075032604117,16.1085108426679
414071257,4,198.12747602046193,0.36721005463188605,0.22236442943191848,1.207805603878134,20.928065542514535
414579766,2,237.11300695198827,0.39316260986059937,0.17788436937649313,1.0952821256585379,17.22546976942252
414690406,4,201.00148225781982,0.3453951370965158,0.3088656126140953,1.0279700228716533,21.04139803459917
414711304,4,178.9567986461576,0.3840993989029794,0.25903171396456237,0.9746009673046147,17.679913173309714
414802450,3,14.922949270360604,0.3691515032080274,0.20956447383189114,1.22764429036288,22.226021398477105
414910324,3,20.56432642204014,0.41064421175018995,0.3828900720288859,0.7758353611531411,16.263123547904225
415110926,0,216.9958909764635,0.35969434672843503,0.20802504949539746,1.1672215605700618,21.948241342704996
415720254,1,182.26059439721365,0.3724441997974085,0.2655219153429428,0.9918875776096713,17.719639047816074
416197163,3,95.19882055939769,0.36520306885630704,0.30203974967472297,0.9157251001208198,20.866667610175917
416481975,0,152.86453469178892,0.364800064967639,0.1809745894598993,1.2434037730799652,18.890081914210626
416508716,3,-20.67685883225839,0.36020050622310573,0.2154897231869542,1.3035297287228307,19.108727689553238
416714038,1,18.201954546507864,0.3432460893600059,0.2185198831538212,1.0759683252214511,13.64099316238444
416985872,3,126.03025632164436,0.39838935097673955,0.18313190639195318,0.9942741020629153,14.686691018854908
417097500,2,42.296653499775935,0.38009102708116327,0.1932890581754157,0.9508052538643404,11.406215683742118
417759199,0,253.2883917279422,0.37405381557317885,0.1397340342737794,1.2337625740446674,19.65071609596784
417837947,2,238.62139668315137,0.3829320190487448,0.31685625676167595,1.1628939410527461,24.544056785222782
418211347,4,-66.45663044313409,0.3276469365294059,0.12938604270295148,1.6197672430115482,22.28141862258981
418914987,3,260.6981850493717,0.3745423050884272,0.2627003852314821,1.2553671510079674,25.218476094131944
418998358,1,194.8317323614545,0.35883192511847384,0.2952666536851944,1.2031018157749405,24.837209375144475
419242334,4,23.808106121608972,0.32134238921003055,0.22609027015351077,1.2298845272850523,17.640951405638432
419308262,2,103.70916187092966,0.3553962242008994,0.23750420828100696,0.9355400143737825,11.379346973343308
419514472,2,190.66568505771517,0.357941457025993,0.1566384217304096,1.0999895875374022,16.497672052011207
419730462,1,60.52898359072991,0.355010849295543,0.2708646747602172,1.0739520030948717,18.914801809834422
420554258,4,64.60540995377008,0.35268948232645514,0.24128603803204654,1.191268314198644,16.678266661975975
420766140,4,97.02938179786437,0.3434322053416696,0.19751540918870353,1.063549553364833,12.467738627195839
421125375,2,49.815546668468194,0.335790185639545,0.2587629172707251,1.1089268267018197,17.09692292747607
421588558,3,210.40164257348317,0.37012384352552047,0.27163927760598294,1.2106296996970047,26.81757510363417
421601596,0,207.59209942574256,0.3546322093673757,0.21148938087669533,0.9567494028174987,14.176569264436077
422376704,2,184.53491939767872,0.38301931760150737,0.23309265337615837,1.2127047983572723,20.70687277245571
423361710,0,36.076407825245184,0.38874959921384594,0.21987916184336914,0.8826468720653062,15.737912156860585
423638166,1,187.15821894421873,0.3736466411817699,0.29109988727354247,1.04108741229532,19.017903992657562
424246919,1,170.41862438090183,0.3738188731818247,0.27748254132219635,1.049375418171222,17.871346849662885
424737952,0,210.1258317461809,0.374461900127487,0.20355401790038438,1.1691824647725333,21.405934427748313
425753328,1,42.787763323020094,0.3745217908283761,0.2214339540446707,1.076295031432533,13.187806827495704
425876006,2,257.47936770719247,0.40820662540973307,0.27865368467276597,1.147101360367993,21.727562296912126
426452864,3,113.5522181297964,0.4545445198080921,0.32217679306091795,1.0482331684957544,23.57288447744261
426568984,4,32.32233471700657,0.37408632181378076,0.32980638732092993,0.9860349511020559,21.225858180988823
426591461,3,298.0135254031826,0.3760109453593471,0.29404949202397257,1.1739827819603712,24.202920921280967
427022128,0,96.42234259590948,0.40743993996520855,0.28019386987992206,0.8949137745287378,24.424940638851307
427272579,1,7.623324274239437,0.3871289607947448,0.22691974356680253,0.8978992735094437,10.8927265267485
427458054,3,61.32652619351341,0.40677540217488345,0.2324524716985537,0.8129033730358874,20.36216528524997
427930827,2,206.8977313858374,0.3729898729098173,0.3316244887854841,1.130847362293356,22.90170588709771
428473296,3,116.51637718608237,0.36179867346271954,0.28697487387255444,1.1222221825218024,23.751671794672006
428642513,2,34.8460485204775,0.3429012555783276,0.18978193438207547,1.0847639864855743,12.296160790886528
428683484,2,226.03393490266643,0.3654267205716842,0.2174798686036883,1.1371322146905387,19.577421130756555
428785387,0,169.29660401445108,0.36528326881339546,0.22102221608468692,1.1414463170375155,24.195010913903193
428829541,4,360.68280807262045,0.401599574940852,0.23827772233732125,1.18883558157889,25.75363722257215
428976415,3,79.53259642439465,0.35360799159465034,0.20725758953382348,1.06293318113739,16.29097529062691
429074783,2,-99.25634323209933,0.32840450756608813,0.14910331078349887,1.5128919098553242,13.82860186009006
429504710,1,21.5081174003074,0.3171778966326539,0.26340392831938475,1.036691318401835,14.592630454856469
429609044,0,216.5135157700769,0.39870383821982297,0.22652397148039646,1.0878651889868454,19.22378366882706
429737042,3,294.4143426020521,0.43218355270352943,0.1900513367464924,1.1115620733803904,21.352989372826308
429776664,2,12.170612400995154,0.35062218017332875,0.21496196725831485,1.051088731200804,10.90342214007631
429914397,2,110.99483059459328,0.3673508581499077,0.2699641513190491,1.030842786472994,18.119688570431062
430188200,2,204.63480768794372,0.3466885606308835,0.3569096827187392,1.1555075742687546,25.120749589604763
430475615,1,147.68315536534277,0.3637453029273904,0.2906232924291023,1.1720482581775902,20.812836146276002
430498669,4,9.1473172746729,0.42184667017937116,0.3676614415433913,0.9282106359978113,16.065783994267157
431067883,3,49.288388752828155,0.35877164139254913,0.3148671269779926,0.9647177389227257,18.824842995094272
431258453,3,141.24735431239216,0.34403933902923584,0.27530150194074016,1.2095643499504345,21.108222119313048
431336110,0,-0.8433648072103068,0.40274753749049436,0.32276912402382923,0.815977491711674,19.037319006973977
431834567,0,53.90506383800102,0.36369176789367547,0.19762635528048667,1.0970353406190996,13.661688728558657
431972606,1,150.4258171973254,0.32400056194558285,0.24546038649222315,1.2779234269348139,18.969221098331605
432187357,2,18.383922062731116,0.34857986912065386,0.28278757938959614,1.0241556498057045,19.790507175322976
432686237,3,184.49516863211815,0.36492052456664387,0.21907271467271838,1.1486909300788115,23.21812841159876
432789142,1,-30.70830511217484,0.2966844502954342,0.2837982464607394,1.174986639382472,15.490136944191267
432947505,4,160.33954697175446,0.35917864715862696,0.2371938671942098,1.231028249568979,20.11508183381085
433053026,4,41.00558634264163,0.3541274375505643,0.22274514857662675,1.0756898791315948,13.041171854535936
433063842,1,253.96763612446716,0.37637123778034315,0.184063342580089,1.1970753997051842,20.59023549060689
433310037,3,203.14486117414947,0.39101639226356516,0.27369233811229277,1.1024627633846742,18.704569851059
433650150,0,236.49472511316435,0.38697596345905433,0.22857221521865223,1.0956908947153157,21.14209037793876
433804845,2,89.44688544960252,0.459943385291224,0.1451146877871381,0.9631853745641721,12.474478692996959
433899559,0,178.57003064093783,0.3811274207637248,0.33200105274309955,0.9914663243433678,22.261399087346078
434366510,4,-37.99078643697615,0.34232265102805465,0.23789140619410984,1.0663731775222902,19.359949339073683
434463983,0,51.54055079150432,0.33227226189403575,0.291226266236706,0.9880392940792366,18.924435992053763
434558166,1,54.427535137940744,0.3317321795865974,0.21493131365256835,1.067023556994616,16.364709598318186
434569704,1,128.62199133299328,0.36893722753320424,0.23416617403709095,1.0598197599728807,16.680240008515565
434774652,0,14.894165753868009,0.3476556286710684,0.18440474123727113,1.1048593535067721,12.862745456126664
435176754,2,170.37339077548447,0.3522591351551651,0.30752125772057404,1.1943098411410258,22.840320583671538
435414001,0,151.69732609192957,0.36320043183487355,0.22578939630092384,0.9579512433995954,14.7209853905828
436053156,4,-43.243073083948275,0.3624482195681648,0.2809843722143816,1.0277506080836114,17.644286839901458
436095263,4,70.08968994676988,0.36559003348199814,0.1896724094021135,1.137943738840671,11.632563244382261
436303110,0,161.468521059456,0.36719892634878065,0.27540639324642846,1.040629426933605,24.293480202557113
436672073,3,187.43522774787556,0.3413757420321372,0.2654368147128662,1.112035321468449,18.85407504835166
438056577,1,73.25725418424025,0.35160741394930795,0.24110512649237867,1.0727017127063372,19.258120140556976
438250982,3,227.75052629336253,0.3897573644990971,0.2935363350040684,1.0177058155308154,24.956463121260622
439011698,2,154.11959449966275,0.37030825346341545,0.31697559073472886,1.1778772440343783,23.88206894600906
439136445,3,119.2054030496764,0.3816162540314374,0.1142988232776875,1.273244913336873,21.473343312296503
439339917,1,99.97615530350011,0.3279408037924817,0.24571575866476833,0.9671367958390137,15.033409461748763
439415309,4,203.2028323540547,0.3935668355482196,0.1906302650971133,1.0768191954383948,16.155985404608124
439660621,1,203.42034795891163,0.37605100623793314,0.1998671841370902,1.108520773184468,19.904458687560737
440187772,2,204.65279361288884,0.3811043285165334,0.21140008094420165,1.0668706088356414,15.423400375154493
440221059,2,61.243892901302004,0.375110442512127,0.32148970596516246,1.0809709795832814,16.943852244804656
440284269,0,16.476002671463462,0.36323010155895313,0.2480310545399778,1.0368175540873936,22.045254001432106
440459365,2,122.79053103645306,0.36562074684902823,0.15983428185215354,1.1941479927626266,11.83447371099409
440694575,2,-4.785014740973239,0.3479088328706347,0.18031719309089875,1.102606315377147,15.5499955501054
440852775,1,195.85236567288013,0.35368990306757564,0.2356406141535788,1.0571003715457263,17.50440971872966
440867054,0,90.00543068498527,0.3643990619505417,0.2735997557375238,1.1226806730715015,23.21827006588283
440998252,0,51.499799423707415,0.33609357259163386,0.25879003944238205,1.091508876035364,18.505767244844073
441045416,1,92.3510916632294,0.351903129608329,0.2732116903262456,1.1028173960353507,18.608802262022262
441295392,0,189.72293862466418,0.4228197489550161,0.26267338753393693,1.025589444799519,17.605171933548053
441800426,0,50.31472203127232,0.33751458433857,0.25229620685761134,1.135890727334299,23.36586564992039
441855685,2,-31.048954860064512,0.35023146917647147,0.25636994902969074,1.053991849558118,17.23343640668419
441924430,0,6.037070487353631,0.39163031588308317,0.33263244882884424,0.9007569572390856,18.029348787243798
442093631,1,77.44625344258252,0.36057808271121033,0.23871583780359418,1.0483876520032192,17.169477737972947
442452634,2,19.841378801308295,0.373740782988166,0.13582459684925866,1.198493565320125,14.535883082138389
442573599,0,64.470484717008,0.45247601578504093,0.3273887478811129,0.9691718174814802,20.625465755754284
442588281,0,77.92854831423007,0.35224946288359765,0.29971813313280304,1.1315511258204805,21.99039847926992
442933041,1,90.13497005994697,0.38603632756046896,0.23181940185521352,1.0287115853131785,19.9603989069192
443073633,4,337.47691210724804,0.43194978373159154,0.3152894825791703,1.044225150169672,24.715942408282793
443095393,1,98.83320751319617,0.37661206713326945,0.23824146857200124,1.1216846444629134,19.649067636306803
443473345,3,215.29342939305923,0.37928216572803336,0.13019970800440955,1.1684906717381944,19.252549656482657
444454370,0,-9.253763273415714,0.3269486370248168,0.1971480958971934,1.0940189130193338,18.470705996665497
444535836,4,78.05350660423305,0.3624940954704866,0.22212438812512522,1.0709734569733478,17.593798667529633
445398297,2,138.03043861372333,0.35983383086466936,0.173630894526845,1.068436942669187,12.518364736171062
445451403,4,194.98608455070587,0.34872067901405907,0.3190466037974231,1.036067506805328,22.083614785827564
445559767,4,-20.67963416769949,0.38662858267811384,0.314048518964673,0.9517369543346956,15.188341406941117
445698643,2,113.2340061912668,0.37508954786930027,0.2236907309867605,1.0973647305723344,20.590623786504406
445846164,3,170.68408535860476,0.372239682438015,0.27325475699959273,1.0485195758480048,23.628361007186776
445938720,0,317.92958888472145,0.38567406413537936,0.22841315460677838,1.1451515574289908,21.249644393809845
446207313,0,201.01633115425273,0.3693898745005486,0.2594773007789466,0.9396633934265362,15.497981575683466
446600296,3,13.06081294512451,0.35607263966764774,0.22822120853633687,1.1111273209041932,21.43427540822401
447303285,0,53.090191005200204,0.35272093955683537,0.21373381377160142,1.04957693696992,12.94850972557455
447418869,3,153.2843425460436,0.38122963353447026,0.21337793806797556,1.0612996883571824,20.17518928446559
447438744,4,195.00878401818696,0.3810224982177127,0.16628581868975245,0.9941494735911227,12.923380768905362
447444897,3,96.26744320825851,0.3587988019697379,0.23583840607325648,1.1749886614238485,21.055334752129262
447477268,3,209.03330447522308,0.36733005887251535,0.27427043921520744,1.1827402944206227,23.130019532850834
447614903,1,33.65974257199522,0.38660804543722044,0.2906397424934399,0.9307489879805765,19.244167443043583
447641645,3,394.9732987774999,0.4461938550811693,0.29446578546458013,1.0414808815829077,24.622580887157376
447643667,3,24.41514547495497,0.3547384339084162,0.2655809389261833,1.0404204427454666,16.797855666926626
447646076,2,115.19817499483261,0.3879757940015679,0.16037575841705642,1.4598550969036799,14.41189149948795
447692460,3,36.445205059222424,0.3870389403795035,0.25662164975865726,0.9374925591173159,16.393362726054765
447769500,0,59.11719830035145,0.3589834852553878,0.33491840114515053,0.9526169802440402,19.75111300077159
448340777,2,58.263661760819396,0.37246985132384713,0.382321718497881,0.903354783892063,21.488181397786292
449447335,0,171.4135644195895,0.3577503545908788,0.20756790379981727,0.9859634723082104,14.123432399747308
450028530,3,90.43946064133766,0.43039904662150325,0.16752537077833152,0.8362908535233332,12.791855551751574
450668833,3,77.33645677172946,0.36130066912700026,0.24765124896015903,1.0400816900606578,20.814332300980244
450754739,1,9.974556030790993,0.37105809768887194,0.28983114732865406,0.9967522494015423,22.363868877957728
450878191,1,304.3330461570797,0.40185393796694563,0.2413114324200872,1.0268887568354665,20.726579433236342
453918545,1,209.68872303696045,0.3881615481469093,0.2807503900063671,1.1224916334879709,25.44529555528547
454048621,0,115.71946074974197,0.34618121786995015,0.2587757001198927,1.0123106756514142,18.706416773460713
454723677,2,168.6244969453757,0.34723671558504066,0.3712446789073728,1.178253153411092,28.28040262703432
454925520,0,84.4753517167977,0.3388130709811453,0.2534352801589196,1.1474344316934275,27.39136555000043
454931454,4,198.77370552954596,0.388174234140889,0.2503061691254089,0.9753635908471806,17.052238886841042
455272434,0,66.13803923534576,0.35253860385726593,0.23540658735442582,1.177302518355806,16.211720341233022
455575558,1,168.32476696746102,0.36471333985943655,0.2693142933800883,1.0173167453010816,17.890779813313774
455581331,1,69.84695510169566,0.40887749330253376,0.32327270568184163,0.891331976177385,17.35261133002231
455634892,4,41.88383184545462,0.35461042419318,0.21412271115359094,1.0039833932077744,15.504660034576231
455687362,4,15.124479191209403,0.3451299216429548,0.21064922031280975,1.0933744180151121,12.051937805470576
455760856,4,61.61658957694517,0.35661031713314745,0.27204473581921373,1.0744961482790791,20.297283383620158
455774790,2,209.79813811583583,0.3693584915522603,0.19660931995059291,1.2107186238497012,17.27647949463013
455931063,2,51.155484512833816,0.3780982509429992,0.19950532537072035,0.9141089765703406,12.695382826948178
456072913,4,172.30265164216263,0.36251207929871787,0.23966132635622642,1.1789837356450859,20.473124642861645
456108334,3,-3.1612331894984322,0.4009078724831859,0.35641147516981797,0.8334915048261964,11.760856795095858
456414718,2,70.94400673703808,0.3966939945311045,0.27525296611351474,0.9106884725115175,17.5311871500141
457126750,2,74.8658437751426,0.3698069559335022,0.22690943848060982,1.1368645623440057,19.437557419872455
457390290,0,74.67887495576451,0.3205068458497379,0.19098723009784363,1.0686037656266212,10.566697292943374
457518738,4,46.2048644270126,0.34970909261384053,0.2543800696748696,1.1322153362697132,18.41132914824718
457660714,0,180.68655706620137,0.3586763349992554,0.2646382342228745,1.1687194356544386,24.481274350168825
458141446,0,7.771753801792812,0.35149467635321624,0.2314689158292057,1.0791099650207507,12.617005353864784
458250694,0,105.46119570263701,0.3352371383246264,0.23388547264942644,1.2033107628441975,18.97105008451429
458811601,1,44.20608563391363,0.3631437455026763,0.3481883630830626,0.9358521151955479,20.492057628636946
459396662,2,210.51828044403072,0.3511638327791776,0.30018988678962943,1.1731833187606773,23.69796874988971
459959706,0,204.73393427156492,0.3910698622834124,0.18448858693943937,1.0835103188748074,17.89136433491972
459974276,0,16.54046840924174,0.391068067266897,0.24025142648342096,0.882541915935848,10.387182441883414
460632304,3,157.60421178609036,0.3356288083633087,0.27951041504923535,1.2119031780352534,21.732385132387265
461284204,2,42.767787072207206,0.4332864248575098,0.19061115565841463,1.2205926999436716,22.794760887156123
461293601,0,113.265718810788,0.35789887966749107,0.21381974169149282,1.0806811524983087,13.511597525619925
461562711,2,54.383323921334494,0.36810142544653146,0.19997947188858503,1.040784062142596,12.409662511649419
461922685,2,243.8507026306009,0.3772765912992696,0.1272311808568418,1.1738677230717245,18.71323323653562
462593659,4,-31.37835649878801,0.3801610294930419,0.25288691157731763,0.9547659031466592,16.405200183271067
462771322,0,155.74558899664038,0.34874134853069433,0.2497678336442697,1.1092868010713521,14.498920361638007
462814038,4,-62.11557082284921,0.32084944198466403,0.23709787558871895,1.1992019893631745,18.670991017396652
462826166,1,54.53757414541387,0.37138172068728603,0.296807659366974,1.0673863278335858,22.92375820631012
462869039,1,-29.85633958085154,0.3393845415771069,0.20697687868709227,1.053571358228509,13.415681863867949
463127063,3,81.820901478955,0.34088830869181924,0.3057260964787842,1.1753114851899413,23.049654830314296
463296831,3,-16.940586322293754,0.34125197979640975,0.25184296376504406,1.2028664092720058,22.720326809709924
463338969,0,27.364511704142863,0.4056220396764064,0.3509508373316991,0.9124050892310329,13.680794627431698
463490376,0,96.13853455250359,0.3495774840630353,0.18152600235735225,1.1379160090336438,14.391822406370194
463727468,4,-76.69132078676469,0.32632538814728607,0.12612620502235886,1.4104782250311907,13.329706311969598
463770035,1,63.40630792111444,0.40641581746603533,0.25307610981939044,0.8044156146903656,12.941147339285054
464374325,4,-62.31967190702477,0.3579185797953376,0.2770037582107594,0.9696413006173856,20.096636907450446
465735962,2,29.572266066319827,0.3846179254010131,0.28062584714339184,0.8571588805774719,21.01494532984059
466297996,2,191.20925741760453,0.39679922070534,0.1382637083402713,1.3336766041986141,20.85702410282959
466352320,2,47.25691320456499,0.34371586518491304,0.27174807648760724,1.0882057220649957,17.35304328500836
466488035,4,201.43330274324785,0.38938973227958323,0.197478022631924,1.0868568451380893,14.998404568460499
466577746,3,96.9018163482489,0.37638662060099104,0.20877442492465267,1.0762117574478425,17.435234627703586
467415058,2,253.79469462171556,0.3550456450810904,0.23378335627166905,1.050571511125747,17.79453015185512
467619338,4,2.9796881901474563,0.39592804406980114,0.22742484484062667,0.832021005511489,15.208638918265315
467841477,0,69.7791139469937,0.36200149784727276,0.17496748502831788,1.0548896246630644,22.339230113499966
467957331,3,158.5261029960286,0.36153825245511756,0.23632765683720328,1.1681192347564897,23.48444235063852
468123146,0,144.99581543941832,0.35057594139822934,0.10542414598481378,1.155173108889375,12.985583306615009
468202587,0,172.86076236872842,0.34678806064393813,0.26041417902685926,1.1730798467234291,24.219347413295203
468435322,4,2.9791640576314933,0.41082933231575886,0.3276300149494219,0.9793254977600516,16.143103604770452
468647784,2,88.67600172097093,0.3584143105916773,0.30422627013170755,1.0056502566761547,17.40823185072413
469117883,1,33.367373654659744,0.3563405290711452,0.2806084483695182,1.0524472058815626,21.8585069689142
469170848,2,43.55238574681175,0.33665907291290187,0.2071720247659437,1.0752969664940863,15.644938884450502
469302506,0,152.086020824415,0.35351498356418093,0.26184601734559115,1.1954968079081914,20.062285085186062
469358545,2,164.9863824476621,0.3348622591231533,0.29745924186731854,1.1078489118462347,21.42382318682709
469373885,0,37.37509260083656,0.38367009121641793,0.20687011620196893,0.9252820543580405,11.738252857862166
469522235,0,152.2021170163992,0.34481191943813333,0.24678210456149638,1.0533367198661219,18.896121538599765
469762118,1,6.78183864838978,0.412466434711101,0.3309310367849726,0.7937197152770954,12.087118993262418
470248513,4,4.754465596885623,0.3876635272636435,0.20647577242945303,1.049085921622479,11.522364157412621
470644305,1,10.624356337140583,0.3732513185037825,0.22174277608103843,0.7781005842315963,16.204794504030183
470882237,3,32.19277823661264,0.3544093729356502,0.17406366771944826,0.9138527953538971,12.579220775157825
471167389,1,205.0858219234986,0.3949078341852146,0.1916085703639933,1.0623483611409892,18.057687503285983
471229336,0,22.08986112572481,0.36301601090653773,0.2677243782553482,1.001142973942298,22.022354231140582
471232533,2,154.26410584533798,0.39805228077200305,0.1963412840742577,0.9749489049131974,16.58227074690676
471408495,0,150.51564492078808,0.36677501974052806,0.16993621713824986,1.2276019382670682,19.17226706308155
471856670,1,42.19239718899688,0.3982624378298641,0.14178534132390036,1.3397321163697322,15.66398439320107
471964961,3,353.69848585459033,0.3971090812449508,0.2546953356515906,1.141880208132095,24.01641697775898
472043812,0,220.29324376402406,0.3573953945535462,0.24292343758223806,1.1537135167803065,23.030726889803102
472240930,3,133.5582639438269,0.36410093076416034,0.19997279599366388,1.1353710829926142,14.607856131520558
472323951,4,55.07954089486329,0.34271839643380014,0.23352123010965703,1.0473253129379927,14.50822981329536
472677846,1,4.07473858501244,0.3630309565567186,0.1774919650952145,1.156314982717059,17.12271109365628
472726378,1,84.39140765852787,0.41929501072199726,0.34321914019576616,0.8549185149170523,16.574473099187976
472812489,3,60.590161764452965,0.33081414094609735,0.19017783490078205,1.090033987493087,15.475727381878674
473402909,1,228.86920564066057,0.3848368314340837,0.21671232044562488,1.0475809230384214,17.581661469798775
473547925,1,102.08703844128337,0.3084561317846479,0.2732163389635292,1.1799719328529634,19.190896088718898
473567594,3,106.71457658885932,0.35310155576101593,0.23163146958183767,1.109020762726966,22.104488110560133
473657934,4,256.637857641603,0.3757341998739101,0.23513003093070894,1.015689725753441,15.032336954433493
474558626,1,111.21163005709604,0.33572270799512177,0.26398526353319723,1.0645581769164365,16.10545894607835
475124319,4,46.934246589136976,0.3595755265303569,0.15652252060007643,1.0594310933119795,12.369695332693851
475611696,1,179.157691585448,0.3629810920624509,0.24317333199212296,1.003628279585077,17.686203007523623
475921569,3,144.36325546719314,0.3943993907262291,0.18195271083096354,0.9115082255506988,14.50261438212039
476061574,1,45.9772951834932,0.3716710254853586,0.21555263012171522,0.9535855317451399,10.683457362540823
476584063,2,201.05818579259716,0.3625761630975704,0.23693356713524583,1.1672945194978914,17.749905060359698
476711294,2,118.0009511130107,0.3659836316002639,0.18179798321140622,1.0468413975113318,12.13952015382393
476733840,2,44.85949520893874,0.32955286853058696,0.22298810004524375,1.1081297426866832,18.80172877124058
477018729,3,-0.01684239055722969,0.34055640403913573,0.22762040236272404,1.2787165273643502,20.835995014049352
477055088,1,35.02016488908573,0.43516773733404424,0.32663779985566876,0.9392084793548883,16.409323593003812
477209068,3,105.18138574381636,0.3963935032291799,0.26893273361384606,1.0682187721889493,22.911507881753096
477797468,1,2.400090581083859,0.3782845489639175,0.18321321255780504,1.2143887131480304,12.705070198566116
477893372,4,66.84199340246633,0.3859209756918976,0.18690137804364065,0.8403015471264984,11.431810451768627
478096853,0,33.95768519879662,0.3319570627265224,0.22592037560402844,1.1470708755521586,13.93897827415374
478367903,2,358.8790345429219,0.4002879376367395,0.21898031939760365,1.1552927433312579,19.870852007112923
478448217,4,48.42560095556598,0.3549702917874602,0.27433775430145946,1.0844088291979,20.672983930873073
478818056,1,251.29121731990878,0.38257278139868295,0.2233011107143675,1.1074920365060497,20.831427819445096
478981386,3,171.95224200183713,0.3605647080726029,0.2621298509283748,1.1601954546032145,20.075089833369297
479722574,0,220.28548472989735,0.3810795008093554,0.20258882669698078,1.1819352208026686,21.14852110884525
479745021,3,177.23536054216638,0.36984620677885166,0.31572270187576706,1.1824696680943423,24.600369294936936
479794111,0,83.42693195678262,0.37094622502887187,0.27455442783726713,1.0528520058702964,22.165080746337402
479814581,4,40.31637796724936,0.3977042273280817,0.1824709504980399,1.0530936960435224,15.818103095401302
479850250,1,130.02767378306856,0.3570262156642548,0.247330379939413,0.995129507541063,16.249772894090025
479918416,3,50.193930488279776,0.3741195443842289,0.32801817299188774,1.0339921409917485,12.31251875312738
480111697,0,80.56684841429443,0.32091637474742474,0.21541480375615885,1.1870015547420656,12.47946963753429
480125029,0,23.036180544720708,0.34505924835045526,0.28616558441852585,1.0231738683320617,19.948856455944114
480361178,4,97.36507714827063,0.3314567307700597,0.249297622950189,1.1711219675381264,19.483617128927403
480471385,0,190.29644302932383,0.38635976223568874,0.19382378845223516,1.27559935894176,20.55919849169679
480495862,2,17.165497724112754,0.401258510379091,0.21576074766892706,0.7557306379682585,10.575888626895175
481255154,3,178.98658502576848,0.3812858751073553,0.2465869134029483,1.1339777071351165,18.574455558147314
481310813,4,10.755977027712674,0.3599269848945811,0.2545989788962422,1.0484008524866935,14.611340858291014
481600989,2,140.39803944531442,0.3681075974784141,0.2304255738618703,1.1085748481092341,19.10223228153212
482356088,1,144.15381801099605,0.37132732708560173,0.16603395307827457,1.232129054353014,17.393381629327546
482559838,4,-23.70267522119876,0.35411047254715594,0.2312171234616358,1.0704039909786167,14.612507269670537
482933364,1,168.92906641297827,0.3604957905449221,0.25559084748845984,1.014441655710945,16.550386380638503
483443678,0,230.32993578318997,0.37242362528489037,0.22232859948421108,0.9407079051008853,14.721741207382586
483503968,3,315.62357310292884,0.39812836879659497,0.31591305503843226,1.0855093481182592,25.754365458751614
483514243,3,-3.2115644487170414,0.40851955599550527,0.36852205985085285,0.8065670562204789,19.751310737274057
483787501,4,119.71761237927551,0.3657983997316344,0.18745796993882358,1.1448432543536498,18.639415591643072
484741548,1,152.87646955492306,0.38317771536225953,0.10552025909683127,1.1672076111051404,13.913539876861424
484824618,3,197.34563509122876,0.3601708975252664,0.297227128862889,1.220105901306886,23.03122817309106
484906065,2,84.15867254604743,0.34385860849260497,0.2674636938713734,1.0790320936659694,17.129552064076325
484910075,4,280.84430316761603,0.37923504508211014,0.2968850859393286,1.0961030258922506,22.66960312015304
484914577,4,282.6011824195501,0.42339460701974563,0.1536249525995236,1.1536740832386645,19.908416898159423
485094036,0,-27.2124488623206,0.3479905049457723,0.24498398983000996,1.1513378913556753,20.435843496124374
485407995,3,54.39056731826041,0.3263244128610254,0.22255239888759595,1.1740101334188329,19.821416538800186
485725497,2,296.7061952708947,0.39474874720660846,0.22683990369828472,1.0346211287196936,16.49639640669443
486162047,1,143.0649400036054,0.3731364889806094,0.23947371982412172,1.0919900912582816,19.203863048277316
487578819,3,121.38358467207944,0.35251085363244733,0.2584312743900628,1.2292656472383314,22.10975173446792
487601527,1,160.97609764349033,0.37070780284137617,0.26132373479807075,1.2100784126934618,21.712084743132337
488191156,3,70.20912318852693,0.34538192629812353,0.31227540695407685,1.1089533584330216,23.5774095516043
488617798,3,303.0345044739536,0.3804279644349706,0.30717392511112646,1.1586944998222635,23.555014116656533
489644096,3,-0.8798166957046334,0.35374273212142,0.2512837206033727,1.0102227970839956,15.598016305789454
489823970,4,163.01510110871985,0.3954500651954289,0.19582894164069695,1.072841864830159,17.008853266824
489861944,1,369.32074051146003,0.4096335607244083,0.18735596777082905,1.165918981663395,21.941733834765934
490110901,1,57.90956122613573,0.3492425942353793,0.2544463933504348,1.1826617846055298,14.823086977828808
491061236,1,210.08802788088462,0.3708252204886072,0.2857804913826275,1.210507133051188,21.268492833319495
491271299,3,255.92316300957853,0.40726942527178206,0.20449987104569667,0.9874589210411581,16.107779605592537
491291994,3,57.89311650700825,0.3785426029109033,0.3948892401038847,0.895815117468553,20.885264335167086
492004375,1,174.4220603916483,0.3623921641917515,0.25146641098919925,1.1991442099262262,21.896987338877352
492439302,1,173.86293863807214,0.38787567429139197,0.24272868537390085,0.9532781096634899,15.920812410102664
492508713,3,235.45610644657555,0.36376465496423577,0.2782619564769035,1.0066113410442181,20.22965335469413
492534708,4,205.9648230607499,0.3542755439755072,0.3181755672213773,1.0268274367473111,22.136850582517205
492635161,3,35.841089638438035,0.3538852325647118,0.21468695773177238,1.0392335947581597,12.033864039886907
492640026,1,138.04385504721478,0.35225912806876825,0.2981037340562853,1.1584794598512866,18.797798946971692
493007317,0,178.1203814623891,0.3686384647106292,0.2211572687262125,1.1323189984063233,20.038991167973165
493762918,2,-67.24298382315983,0.382311741273402,0.19879794782677768,0.9669571633750386,13.087526100517149
494086930,3,144.3722553618125,0.38922605103032937,0.2242008041038089,1.1910069073585856,21.755897928464528
494165732,0,241.96514664332375,0.38528545918270213,0.17417638804874952,1.0688942901385488,20.84529940454744
494602606,1,48.21963221425802,0.3436819612161059,0.31580094205177506,0.9723792095659951,19.941639303322873
494975376,3,249.6591695401577,0.39244523057861047,0.2418826114738321,1.1222718222870638,23.342958683066627
495203055,2,233.6792144606177,0.3962581848096698,0.1755016445255728,1.0700020320661472,16.96580835921911
495342241,0,89.37546697808001,0.3665525768646223,0.24101997044227513,0.9986142062942335,13.62322070767365
495385866,4,174.15146761985815,0.36229385452326945,0.21202693931150807,1.1754681157264217,18.18416132357411
496258709,0,120.70014914199973,0.3548382851456495,0.18734198002412283,1.1220453045024397,14.975901708582862
496344217,4,177.60224610177846,0.373037567267124,0.21579561890771326,1.1637689532689444,20.089272052058156
496407382,2,120.85987220843546,0.3280101608475961,0.16850539335823658,1.394182865743717,19.892815085797274
496740168,1,288.52932232171014,0.4020244601993358,0.20315159916913736,1.1938328802304068,21.073182920007735
496873266,0,63.48391695234292,0.35647410949276126,0.2394550172458863,1.1605422383720432,18.276105904650972
497236966,0,62.934922547435264,0.3951793215004377,0.1990540122457532,0.8880681327867839,13.311906277070882
497317849,3,29.323776195299658,0.36147982052712635,0.22803966940417317,1.1621271774557902,17.77301517531599
497633362,1,151.18049899945498,0.35536587901926076,0.21795275481375484,1.222485949396091,22.567561113635648
498302991,2,191.9946699349668,0.366616398008832,0.2349633699292659,1.2522963603250428,21.629252991641085
498538377,2,250.48585412174356,0.3998843976339561,0.16956443688303785,1.194807257664085,18.104569419058514
498645722,2,137.35543743048873,0.3718228107469789,0.20408284279455,0.9795181761379637,11.427510192516493
499146119,1,23.56787060279531,0.36765434107566936,0.24599266086973565,1.0141050209280817,16.12429186564169
499802239,0,173.7076609436599,0.3605200619391035,0.20996072073522157,1.151399461214152,19.177544098861944
499947957,1,180.3019996529728,0.37583564483301796,0.2337951619416123,1.0959246090452899,17.033454740426276
500257329,1,134.79641000237166,0.3743172816439345,0.25943324671520107,1.1330419784961907,19.043780842734897
500559499,4,-54.060145831293596,0.3215214337161544,0.23868019180938632,1.1686165382518237,18.741817302254336
501088576,0,21.709444888125446,0.3699950160843585,0.2526039404176925,0.9568595757868299,11.19554847917972
501489325,2,29.99879427360628,0.3350172469963113,0.23464656498730657,1.1797211588487997,19.169687085457706
502239610,2,207.52038213368309,0.34797590010256496,0.298117949344673,1.027211896532536,17.786910962018542
502600207,0,105.31291924538488,0.3425968977210909,0.30605167464516414,0.9464537866252846,18.417593455208905
503030513,4,5.179291177995822,0.364568131031782,0.2691714192461147,1.0397064592595955,18.841527197704696
503126715,1,-49.570116807961256,0.3316806470049134,0.11500033138708704,1.5136455726271247,12.647273187491912
503535995,1,221.68804992218062,0.3929293403579641,0.19732250548498123,1.0345669346256212,17.141584357480795
503739413,3,98.1632836210327,0.4169666293828188,0.21086223972446014,1.0149468915759199,20.443721786677354
503770614,0,81.98994650754037,0.3611936400950668,0.17809831800798237,1.0766689298792478,11.982134444065625
503797851,4,168.301391661511,0.3668479558504964,0.21332283603290308,1.1166080480441807,19.81092444003619
504470036,1,84.59329505718433,0.36502182415288026,0.2051440229570729,1.0456689952710332,14.888887580370683
504498894,4,-33.813294986299724,0.35873833252828635,0.279866470226618,1.00665492990269,20.536621232095897
504683650,0,206.74052570397708,0.3968476944055015,0.1917750632011309,0.9795852744892851,16.53012119350962
504741555,1,104.76133974763462,0.33372194024310853,0.2710770571788951,1.2353152597620494,18.82790764381529
505042674,0,102.69372165719966,0.33982323354379596,0.15587394933365423,1.0394724610837278,11.5007923285524
505139445,4,41.25804350449279,0.3637402272641091,0.20471582853537204,0.9263039101719979,13.896787899161199
505192232,3,51.13772010550452,0.39290091137679783,0.21258637299801003,1.043593124931288,20.90073732321207
505306090,1,188.41950755509518,0.3599793297091066,0.19719001256172689,1.1714150863776782,19.064658008059986
505372159,0,195.80925650271627,0.3702486956289629,0.2588671563278392,0.9806372217603943,12.91087505179188
505451918,0,271.6908611916322,0.40550271228110746,0.13855135542918945,1.0739570236945908,18.76794639705132
505548035,3,175.55622875562636,0.35622711816716224,0.3002277643806206,1.15730827501402,22.55062725703919
505708528,1,-90.35160382031202,0.3259544617938209,0.1344531071233197,1.5964588796476036,13.033330221531594
506323355,1,55.47112333357091,0.3360786134427961,0.2782063333359773,1.0604561009817208,18.825927020475564
506576027,4,-39.62041149065408,0.3835800930744459,0.35297895781288463,0.8954608579050993,16.57345903605047
506639284,3,348.13124591946325,0.3782085474590403,0.2406956175512101,1.1209165592602024,25.502913111482094
506748374,3,12.519863822581556,0.3416787630340775,0.2756635805520019,1.076444479733246,20.32590773779739
506781855,0,248.93295655269776,0.4358122504709776,0.24925627829819666,1.1335491899429018,23.937467134027557
506857730,2,119.73904796253402,0.37017735986532657,0.16885410007061544,1.0108782858511443,11.926451659217648
506874673,1,147.54286379247785,0.3792783069966416,0.29048632123747,1.0861421382359386,20.168831968739582
506900433,1,318.61232297483696,0.4317578332132524,0.17413698488499452,1.0616457047659087,17.547707985344363
507068449,3,168.29891284139325,0.36436649078213,0.2555567876819079,0.9890735096485807,18.56459586605633
507545745,4,29.232243526096,0.3805593097489034,0.2660241592022401,0.991152634447574,15.147957342905856
507783555,4,75.80001179343255,0.3891442024755116,0.15883893314284386,0.9638585641753274,14.674807031534746
507898117,3,223.5530075137978,0.37457734033779366,0.23176366936215734,1.213943958738744,26.13193709580482
508336740,1,-6.699501200435606,0.38548224700989653,0.23677947079416495,0.956502248608043,11.948196840724137
508339615,2,91.71968970722641,0.3644750827590371,0.28295895207210886,0.9353618495516598,13.992190609942098
508597876,4,176.0585011314554,0.37600526223054315,0.2731457423198732,1.1198938917503285,24.38606508549807
509167762,2,156.41564837981775,0.35201805884369397,0.26631332106026717,1.143936910327668,18.467076102801364
509179600,0,269.74563188334764,0.43072946594140726,0.17100401482550753,0.9892795167297614,20.056348281732934
509220897,1,186.26800076862418,0.36943963916380634,0.20127370114557747,1.0947930471848408,18.286260065310856
509241405,3,146.31664016720006,0.36270143925194515,0.27728539286122794,1.165650609038004,21.70568873127106
509577164,4,52.64315618985386,0.3578691057317191,0.17581710792907962,1.010552007725132,12.24183599611003
509659753,2,118.56130219775459,0.3612469680080361,0.20357511687395405,1.2611301590555615,14.873916485755721
509959736,1,48.482790620993924,0.38583007438668504,0.18596950561638217,1.1053342944917697,12.720374531225529
509992676,4,155.86060814591468,0.3532166910256185,0.3185303992432818,1.0317925681866733,21.87544272389365
510587206,1,5.313240491413495,0.32536869547965014,0.24941864164533184,1.1034461247718415,17.97168104754154
510665412,3,18.95678622484401,0.35767948834647184,0.21295259569841582,1.08103787183588,17.014836178306847
510669742,2,236.7132202613152,0.36536715526500685,0.2310299603006391,1.1782925635539017,20.18852104984314
510815019,1,23.04150762233904,0.3374903155599204,0.2537960506170157,0.9897879254539663,15.398220020052246
510908370,1,150.24891520577947,0.42036736015368814,0.1933373874822757,0.8346044322537864,11.889041641121388
511605655,0,143.37411812786002,0.3408890362441224,0.2605637063350261,1.0259509943051106,18.43122717964342
512074662,0,155.59025050324237,0.35951131595261016,0.14914918774160107,1.4911145410417115,23.252051165768037
512260776,4,126.11080286265752,0.3549754626723491,0.19085087096726627,1.1063856649374322,14.577546041889814
512380282,3,39.08906942489089,0.3826696796518687,0.16251359878913435,0.8805130813050547,10.739861043089462
512910152,0,82.4150815766792,0.3648604826349251,0.24243116747643992,1.0860405543397098,19.325178102550325
513101692,2,210.23602621161513,0.44451714030295186,0.25404543561190357,0.989023532498067,22.984984069367684
513259550,1,299.1774075244649,0.3943808326339401,0.28997352705697477,1.107023328577534,25.757317388581562
513674501,1,58.80555357243021,0.33027236354563955,0.24952818817561884,1.2157118997497176,21.43044657568834
513989706,0,169.66799215556233,0.37476627410932334,0.2196959423003621,1.0051690097293802,13.815443894744035
514517104,0,141.20131897881978,0.3563021282796778,0.22393316166723914,0.9576512988479605,13.660269965481936
514560887,2,195.33255783936568,0.3722691628062208,0.25673249955320354,1.1960814174834113,21.97459665008243
515010874,0,45.55395622833852,0.33322912034848756,0.2732277636371192,1.0940060309137511,21.812029584125817
515242470,1,21.641711462783093,0.3727450039566541,0.21247684939242095,0.9760648342571042,14.000912576333768
515253113,4,160.7610724592457,0.37839558053122613,0.23335637720353058,1.0581827917056703,19.227988029456608
515420444,1,25.743173172116457,0.3551135775070078,0.21273358722047994,1.1091430048222657,11.783112765968632
515584536,4,200.77181515425494,0.3677421632089716,0.22278986026213177,1.1468610913227777,16.73439079182031
516007514,1,223.64070231599246,0.3691700938746673,0.21645918740726866,1.150356623094943,19.930706622923616
516038607,1,14.022602539097974,0.3407689962189817,0.11473005599169711,1.4679213017126351,15.87807493554476
516307046,0,-18.659113206414645,0.32847454437758294,0.25197310913350524,1.0513221980280427,16.7833263686712
516348325,4,164.11543644131768,0.38057186275235083,0.20104728939682717,1.1034941519547572,20.61497366080935
516368509,4,133.1835392414386,0.3629306592902634,0.16756725002344122,1.1256231892114612,16.31875092719166
516575920,4,47.088529201209695,0.42401120887430493,0.33925622134317157,0.9591246894653146,16.671103452043766
516647275,0,-72.41136077518694,0.37624264070812685,0.10995934111896671,1.4561302105385636,16.122708592064413
517724366,2,-22.31644919805879,0.3558121719105042,0.2783224017907127,0.9845065007515593,20.18011406179597
517814653,3,-94.6814488752926,0.3779646751732576,0.22308168916018054,1.1440715610502974,17.963641010534264
518335451,0,-32.66841754755585,0.3631078093409666,0.17291076406115663,1.2007647798309962,13.713789921077453
518421541,0,-22.105031771143956,0.38269003907052435,0.27159823306081804,0.993143151280023,16.41991280127736
518799909,0,2.8484822620727783,0.3790590637194512,0.256239245299013,0.9554648587046737,18.50080627288176
519498812,3,52.90481968162001,0.350867105794216,0.18886214732414675,1.0609561509070573,12.574577289325939
519962205,1,-25.32756945387402,0.3180851326119829,0.2347296894746495,1.1974835973413938,19.58667288127529
520233682,0,12.258454738284499,0.4083506439231511,0.3522434780942502,0.7878405123067976,15.537184821541022
520243279,2,182.92294782952962,0.36153786159405626,0.2661022684938895,1.100381083706172,22.870269172788976
520514597,1,276.63037565128457,0.3866164920492503,0.18933753121709443,1.142765331878356,20.56810526393128
520557915,1,67.70114004488087,0.33918330582775547,0.23269298058830978,1.1089996366865176,17.50951494024634
520586980,3,143.89543800504808,0.3455282310652672,0.23408390149775454,1.0678891801548276,15.319889809261216
520661031,1,283.436695027607,0.37736031885045357,0.18902575611969485,1.1681456969479258,20.89839547019184
520740305,3,95.3676725633618,0.3658861192945923,0.27506162791379174,1.1533094291499952,19.92937513403821
521246166,2,139.10417866508047,0.31205003129185926,0.22103019076014377,1.2396964130358088,18.977677428732527
521384312,2,169.06184926133952,0.3478183916058279,0.19667555298128692,1.3432758120044102,22.25555591190976
521718706,2,202.23859689240805,0.3740908359322848,0.26836998455936767,1.1323307933730586,20.520906709145933
522844869,2,-6.788634572218442,0.37359934436312675,0.21530116738759378,0.9458444819944138,11.373091387552286
522894499,4,200.07161940834305,0.3528817323026083,0.3187984657316656,1.0267727914193363,21.27035984462127
523250559,3,-45.61312809821192,0.36387985399385253,0.20572580072116836,0.9728804615563154,14.51383488125789
523651487,4,150.60043686350193,0.3505888879733825,0.2649698095383127,1.202726242339995,20.283896720196744
523668736,2,20.409176547285128,0.3512173198378422,0.21792139895268492,1.0652965487519266,11.79922336249053
523674609,0,206.17656228111224,0.3708165447145914,0.25620389444761765,1.1720887008230079,20.87447097553522
523947346,4,70.9393799336211,0.35202776170993905,0.24256828922286405,1.098677993409191,22.120417576263584
524444446,1,27.61817269805759,0.3587096414119231,0.29570993464790274,0.9602109679725597,16.402980976816718
525351897,3,379.80748080991725,0.47657512276771,0.295491907314747,1.1125969137233902,24.59532765979788
525571828,4,174.13443007770374,0.38939736648750295,0.1996099512450933,1.1036569517790966,17.729713358299673
525996171,0,74.73891048232001,0.347628707006205,0.32940838455062427,1.071458820080685,23.778582253456662
526128388,1,147.86560399030802,0.3618818764200988,0.2853964230795832,1.1748457307996891,20.58531908842425
526195593,1,159.20254017298655,0.36387652989903657,0.28687583634555597,1.1838467778298583,21.722369184776717
526647748,4,206.79022824102856,0.3577361996846565,0.3101263867632656,1.0281524532525221,21.05154023268533
527877967,2,143.25420703940898,0.36289191333076287,0.23132952870774628,0.9519613264997369,16.28563963183729
527882654,0,-35.354108578730205,0.32542855899714157,0.09676389014144296,1.395922320932204,12.915845006766073
527894949,0,210.1915599708679,0.3380405062632403,0.2539729465152413,0.9877963481998148,21.420280159524665
528293396,2,53.91256675117866,0.3744487842009003,0.3506576634932118,0.8947013210331062,15.575512983216369
528559472,1,3.5901699160642835,0.39428361674501544,0.21503250466973892,0.9149071351576927,15.636855847061238
528637709,4,135.35512055199885,0.33628212937023827,0.2830472238455464,1.1367945594813649,21.458675008524832
528781081,4,85.1011250645721,0.30956397175806616,0.25750626662456894,1.0928798946857998,11.849081007641246
528835439,3,187.06593140385183,0.3638480014752039,0.21858225204631013,0.9709415572059787,14.591349491714718
528964340,3,126.92910325798049,0.379053515953824,0.19610523571210925,1.1124207125657304,20.089153272203745
530057519,1,215.79418801739808,0.3954564146979516,0.20684362856870153,1.254191967330586,22.551949864227925
530220535,1,212.59870721121246,0.3769132565057584,0.2154084331250673,1.0396324059965387,15.627312756815131
530546443,4,109.36346997048885,0.352363157445994,0.18114111008395178,1.1310549795566556,17.49349182338462
530898286,2,144.40945005193805,0.3568381831331176,0.24878883614054725,1.0797526224491285,18.741341586975846
531021171,4,276.50009875223543,0.40200409724331687,0.2518251490385178,1.0657377704044866,22.261919461255278
531044594,0,142.459735682384,0.3359202549690489,0.29288784474653906,0.942399214084121,18.127325945046735
531093523,1,8.413749215270443,0.35970501663828636,0.24303711799562702,1.0539475596371652,15.506522994553903
531126908,4,-9.255603025335873,0.35249707446734574,0.26268305150921556,1.0554464675941329,21.652576669035582
531544469,3,149.91879620745874,0.34847081992553464,0.24403177881272523,0.9981655397326129,16.632982813670324
531780740,4,35.54006188170963,0.3568485703647252,0.07867030230966657,1.2887727401406324,14.846278154744006
531904856,4,213.74800327028413,0.3617100007340585,0.28030561088992867,1.0247945226334252,17.887283955273222
531967957,2,133.36556652885218,0.3681947854401617,0.30744417225502124,1.17307651208105,22.152913716480473
532718186,3,89.84452467877163,0.3049677837758959,0.24872197482294836,1.2059468237833857,16.257118675550362
532722806,0,-56.93712448911042,0.3037755148242034,0.22335997918349032,1.2012541677189752,20.972375578242183
533889632,4,140.93549150625688,0.2934069976189265,0.18011711388868967,1.490154824380505,20.288547855334038
533973730,4,41.38831955318046,0.3255699714106039,0.17747089372134614,1.0783783748726652,11.555501960514036
534049242,3,-9.028409479010548,0.33749877263423633,0.0793073250537184,1.2802030408536198,15.034016288813639
534118680,2,15.85196229521145,0.387913393329507,0.14613864819412165,1.0947680480096795,15.1818620845004
534605075,3,44.82845656481916,0.37270846363751015,0.30083301227039166,1.0062484448686029,19.489298294208865
535310373,0,145.14628152240283,0.33886591110802927,0.2658597308113688,1.232699569116823,22.07010792230856
535364463,1,158.6361965839833,0.33931158973512276,0.2593035817805676,1.215139978752682,19.72064641083351
535689766,1,212.62016826370535,0.38402966139519323,0.18581108416824388,1.1274101487731158,20.673513691288413
535937381,0,-52.79984968187976,0.4159106336498957,0.18390382211960535,0.9719585818087662,12.68519111286004
536002998,0,21.269678614909324,0.3669585448400752,0.18605135901276315,1.0763894542501853,12.591411232809207
536465827,1,114.52885979660027,0.4260125294915733,0.155654895453829,0.7652720849010242,11.22017939143284
536792438,0,198.8953662984506,0.38215925877780044,0.258090735079061,0.9833224904757674,15.658327163086568
537109947,0,45.71588332529158,0.34850713828697727,0.2583183735316478,1.027990417418436,13.13214736448808
537336269,2,27.260260868113974,0.34294305203502967,0.21219624189383585,1.067527510202865,12.103582571167072
537664135,1,47.28202362910978,0.3516198653751031,0.27012121189850075,1.0893148910362824,22.090306662246793
538207206,3,160.81826992073744,0.3105213976332696,0.14055814243305037,1.0430225460171259,13.129300202277161
538524881,4,238.15927460691455,0.43786802547590087,0.18864299036100635,0.9860779617610796,13.73335468977662
538540896,0,166.19032730543995,0.3424284402579932,0.16609778410971657,0.961387596674754,11.799142476406178
538764320,3,174.8130592837524,0.3589387056316437,0.3132562681436796,1.1814896785610118,24.354204412851082
538774618,3,-26.65878878924424,0.3672413374283309,0.09491244059943371,1.68786960436455,20.13770126227463
539017358,1,258.2464054352814,0.4209200384929554,0.30075748937205643,1.1150376629041423,25.61441979036835
539302432,4,148.02529939874432,0.3992579840308008,0.21509112317894133,1.0587808239985286,19.24319407139545
539590566,3,13.854440623505681,0.3559999202258671,0.19408349144015527,0.9545873381001029,12.632187613261209
540095012,0,49.378739223841855,0.3395910350800657,0.23938117920265012,1.1047437944134881,17.660765030085894
540297296,4,-2.67845173501172,0.3781974252091388,0.2333611650619916,0.9270444581119014,11.092806099462027
540769722,3,145.64983951158374,0.3460103752131002,0.2724359343667969,1.0681460350565708,18.176256979010375
541086746,4,147.0928482405468,0.2775131489468105,0.4432741745390095,1.2063902736527379,19.851779254310028
541170005,1,142.9364243094209,0.38178805200554894,0.25171522260674145,0.9558516219161197,15.643787960485882
541335135,0,126.19537985500672,0.36350526397586536,0.1737772269112156,1.2363639666273936,19.687115536516558
541484216,3,87.36417426709887,0.26348273104427267,0.23329888155280099,1.230032253637709,20.107956621585856
541941802,0,25.951131307981683,0.3351522279525745,0.2448095884790606,1.0729307905719767,20.336603326850742
541986160,3,10.968327423974344,0.39122701583689073,0.2181778103002593,0.9092719828342577,10.447406469564527
542632051,1,82.84021594193266,0.36050405683503506,0.26131551179410323,0.9408694269325977,15.450168410279463
543084242,2,106.46332529613414,0.4251009453928042,0.36821251502938174,0.9731845176541097,19.468749827593246
543416509,2,32.696120107467166,0.3517799710667224,0.17628062780464648,0.997830804697461,14.368413283958933
543539170,4,153.31039932952393,0.39159925278827423,0.17461334868088885,1.0427965983806156,11.59524589351948
543597205,0,154.7967183020164,0.3253103028791642,0.24503389278051818,1.0548234387167537,17.885952001160355
543958331,4,71.48986466773832,0.3509920878970533,0.22735391112336006,1.1619069500182857,16.058377072722845
544070601,1,-1.719330085206522,0.3610920186014497,0.2273916924782274,1.0806778313981629,18.060029791423872
544223047,0,21.63384033355848,0.37445103508241134,0.22681986242717703,0.899574982763082,11.187220536163624
544292910,2,242.77120803274448,0.3771671942638984,0.22016876001367874,0.997856775596603,17.344624248774274
544581036,1,58.959556739681325,0.3963578716011505,0.300379297444124,0.9289913905500555,19.45979748416571
544904323,1,-25.341182119007797,0.36542586195144533,0.2399129389757771,1.1118717421953686,19.419974216899902
545195322,0,23.84742043993252,0.3310535710804471,0.22324771120940068,1.038150707504393,16.792498472953945
545255610,0,194.34110258598258,0.3523363420412289,0.22868518854399558,1.0005292303822069,15.09906971930794
545546596,3,26.13377791256366,0.39052823213742904,0.25371280481447767,0.9096124493350071,16.29641649892711
545845623,2,161.85186706638893,0.34988694331805276,0.2938641828492163,1.15428890378726,24.285228858840476
546152235,0,184.3196919187747,0.38205864738553985,0.18629305243498145,1.280273251095447,21.055525376631678
546427927,4,138.68772332850105,0.36941690416002537,0.2242676366610689,1.0997813403540573,18.4760328895455
546647857,1,42.9582250202331,0.37204790048538944,0.301148669900846,1.0505848129819582,22.803186890133095
547172331,2,210.8413217626529,0.36082650253782006,0.2470134723818608,1.0756427408093057,18.512478128246343
547602790,4,106.05082669403284,0.3652244631291683,0.19892370403561513,1.121253721238024,16.315779508154616
547840653,2,27.09200565998293,0.3584149362656667,0.23210361822366493,1.0134710605248085,10.852115528043049
548011241,4,12.349313993125548,0.37779819067728737,0.28874457446878316,1.0266757221556755,16.91200603231615
548292823,1,121.85160635879365,0.32838202826995944,0.27640101787477495,1.1617788575903354,20.391488328160165
549125416,0,34.110084464860165,0.3526469031870273,0.2471118731906331,1.1200420875377852,25.071341037101526
549389508,4,74.29650693525252,0.36720499594420847,0.19109024245614387,1.126399374836559,12.303353592640075
549579953,0,233.77060713670477,0.34999219020396516,0.33438095992862016,1.17176887777864,20.179291717160947
549581828,4,203.54720035858006,0.38610675421140583,0.22430019784958416,1.0690858177512126,18.058935760627996
549614488,1,168.39602900562502,0.3612396254719907,0.25288140723107966,1.1964834849227537,21.81348632318994
550069426,2,191.76916088883172,0.36275648449263187,0.20610403922011233,1.2386303516625226,18.5909880142042
550478997,3,218.04480474931398,0.37312383303426144,0.2683734857808987,1.0072118356160729,19.960642437546408
550776469,4,346.4989021659408,0.44246286960125425,0.3543483121254524,1.0506170523911742,24.670557843787947
550796562,0,157.48023285836365,0.4002308419299817,0.19893838149004062,1.0726030648512994,18.793091367512766
551339545,2,52.95180502964743,0.3729942243917393,0.29043498735105916,0.9878347357687653,21.454208574952382
551390778,0,63.277135405139504,0.3659288916472803,0.20438949735072237,0.9900596427992078,14.340331505858686
551461476,4,128.21071875781877,0.3711449863258101,0.15046742022809467,1.1492765051856204,14.431255452189031
551862261,0,46.4514759254942,0.3444243141054317,0.3051264464054127,1.077226411256095,21.203319139731388
552032340,1,20.462448392734544,0.3419563076731618,0.2328677141831001,1.112154916963646,17.188675121174903
552315395,2,-53.45545664026561,0.3273086673614565,0.15393604772198383,1.334786211899621,14.687777708552533
552340314,1,92.73602703323874,0.33155563784885456,0.3089816859219371,1.0741981347034362,20.987106971102754
552823663,0,-1.7692805966339762,0.3906330068568576,0.26788346034009236,0.894988399905757,10.377489633861892
553001434,4,62.90264900180117,0.3479174542714739,0.26353964513645534,1.1192085813451331,18.93167712409841
553487456,0,198.49548672100792,0.3695656631819219,0.2319436953061291,0.9287198135168372,13.9284808646679
553498968,2,136.5658539689933,0.36019603246147935,0.25121296466260024,1.0686850242360333,18.046802193128503
553763789,4,35.889205315824796,0.3684460567836944,0.3229041977030224,0.9292740989158694,16.619919967338227
553989373,4,-18.161882742667046,0.34360797530294307,0.2536312139149983,1.0876285563123136,14.426026413231881
554199455,4,137.94479137022353,0.38079640633517703,0.12436493756807654,1.1526449946314363,13.744623674740897
554208834,0,207.69391373457148,0.33329081732332766,0.27054597001916136,1.142619364874971,22.79451900695032
554219011,4,127.4034608570585,0.35946614853290787,0.2575951712216033,1.0666061472644497,14.819004638328325
554452518,1,164.122964615034,0.36893532340396,0.268026939956187,0.9982845889161708,17.52145315527695
554573258,3,177.41082842078035,0.35650105730404524,0.30890121883655813,1.1896414919296807,24.28590339590894
555027003,4,-13.581521039604297,0.37049884901876445,0.251566182696336,0.9549737501631776,14.166697027134727
555056741,4,61.93624893934497,0.3415296040663204,0.24494947851661752,1.1606070957191645,18.817318720186787
555131075,2,122.6149275064223,0.36803930870317564,0.26903479385568063,1.1234728489916634,20.59436248515516
555208717,1,207.8432044282422,0.41796858902560413,0.20185630871764587,0.9792843472144942,14.31671680357787
555363148,4,160.55269419490907,0.3837473286332644,0.2594782157593115,1.1015147250756785,20.611044696162537
555506282,1,213.61422258264594,0.40452159671372234,0.21261573520604093,0.9698972164857977,15.874769231911124
555542733,4,160.126199154674,0.3535789355870583,0.18800284269975442,1.0673553107156433,14.22854264198454
555601753,3,89.87343859411327,0.3929522001999151,0.19263793171330246,0.8944041510738385,13.46563225992843
555803922,4,17.36032497192022,0.3644537193157141,0.20289292175722057,0.9982453837275875,13.23277055018659
556338128,1,60.30447024763323,0.3509964868047461,0.2467255094782012,1.1394577268138213,15.373654665652957
556552879,1,-13.60228319315658,0.3436328294167317,0.2436196498481818,1.0694335398296644,18.073035661691037
556865522,3,129.2486239826682,0.37493045218335674,0.3245467689473964,1.062857112068437,25.73357692579804
557037726,3,110.31058403741535,0.3623262460709904,0.30072593594709196,1.0611194853958035,15.718718460339003
558140001,1,56.93927301126953,0.3585857729784529,0.28524468658279173,1.0697473752617883,21.426714424339696
558319108,4,215.99618234204937,0.3793501583305957,0.18315780858145714,1.262460512441768,18.887355165951227
558482820,0,78.72203613115069,0.33826929742017187,0.25507264898356247,1.044617941523738,14.840685129520093
558675719,2,315.52550876394514,0.3776771463530777,0.2158124465708851,1.2503370083499246,22.68105664542467
558794697,1,340.48874642224087,0.4230483495601322,0.2847523853478086,1.063473716817612,25.553598939373536
559219019,0,43.09655176225863,0.35100519935468255,0.18516056024306454,0.9816013222065771,12.559744872121348
559323860,1,89.34731884783085,0.36524328359751096,0.25806279315328456,1.0378625152089926,18.01973809383625
559874694,2,177.74418151733317,0.3661779545797434,0.30132368261351483,1.1544429632460216,20.00483898848832
559980070,0,172.8478547551769,0.38417307741609175,0.227694050304989,1.1214270955586347,18.25981417610048
560279885,2,196.0087390945989,0.386656025255404,0.28160578508717715,1.074422763221757,26.18465547304212
560554259,4,107.63872699786239,0.35069134790604506,0.16759796519378095,1.0110109854902973,10.481860468255732
561158280,4,81.11582524256985,0.3369389154901591,0.2757321343509915,1.1096560674013491,19.39569538312352
561427423,0,110.49876833576788,0.37039055298953705,0.17912717822381657,0.9648364129741759,11.250375808504614
562022603,0,386.06427143069834,0.3987797878407672,0.21379460932357403,0.9970791898698668,17.98735721449788
562176358,4,-91.02300617985608,0.4559058165315476,0.18178787554621023,1.100915832986378,18.864842031097503
563610141,3,25.069331578944485,0.3254540398983264,0.2226087905315614,1.1152214270958756,17.686458628530804
563697228,2,48.99246001344752,0.3664146543106224,0.2005149710522368,1.115328906815938,13.629831568721032
563771441,0,222.81140541258776,0.37024700115666104,0.2577628534597359,1.0949824449703525,21.062142954185326
563896548,1,138.2038401365959,0.3629686779295096,0.21211859873925842,1.1078228596032775,14.70896528228794
564164424,1,100.38408554162015,0.3498652550279843,0.27967608154688794,1.21847248789294,23.534797777509567
564537590,4,50.15272436336906,0.3464682771455267,0.17866526480163125,1.0621578061275714,12.000804618767704
564783421,0,248.79952746752878,0.37859018999930416,0.18053815662512043,1.1143374617822903,18.470891461310828
564916558,4,7.292580540778644,0.35881389740464315,0.22779660718016698,1.0118473437062139,11.790631519512601
565093443,3,203.22197162983008,0.38227155924724354,0.1611128352645455,1.0684737305837129,18.226474388198866
565283885,2,238.81648835621752,0.3784185978183373,0.2048552279216607,0.9659298899262692,17.609416236609768
565371765,4,312.5910355420354,0.3884699899152549,0.13417871313587543,1.1020553264755575,14.573180789158815
565873116,0,56.034284174604934,0.3953025201838502,0.16746978860078676,0.8387854413163882,11.429256044325113
566342268,1,189.91728984153704,0.3661884385119068,0.24536313424189587,1.0592533883973203,19.26094355619533
566400652,0,43.03693870853588,0.3619817598313382,0.16260912201432332,1.0626415307905142,13.949360977487848
566589613,0,163.43416057276545,0.37572854672411804,0.1921654998464047,1.0514265513410217,16.790098384929138
567353481,0,209.62735983170768,0.3739591374091607,0.15609807924937752,1.1804750506504007,20.762760727366327
567577514,4,-68.79923101703267,0.3329759241895739,0.14483251538949754,1.3639436551944197,15.080927336424425
567731832,1,130.9415657287686,0.3300791567283547,0.25353618969705277,1.2278496085055361,20.401486605434233
567984921,2,198.74559055839197,0.355046054727241,0.2033008520853034,1.2358566188990037,18.33830480243618
567993142,2,135.6422102592361,0.3314660074850249,0.21664859510409054,1.2973188584198487,17.94168768188628
568593240,0,227.36098740276913,0.3602776711136325,0.2380850637392734,1.1347100493266138,23.792675908099568
569949305,2,81.67988807746173,0.35513591603349315,0.20508221398152554,1.132620218883452,18.373775500439237
570358353,3,371.85782779074697,0.41147562342912697,0.2616601047437358,1.1519606125069508,23.866733500703358
571029938,2,70.27364784853388,0.3749071316316697,0.2985914001936365,0.9386146098256684,16.988152940608344
571882834,3,-50.56519483557241,0.44459544094302395,0.22226967190920283,0.9320794192717886,24.428271309912844
571931187,1,149.19606393448052,0.363020160056156,0.21314358675267653,0.9999208924784166,15.674597050086964
572496153,1,143.325816442252,0.37406229636242194,0.23136945757530514,1.1543907836316505,19.88806075919227
572616024,0,-7.58318404685906,0.3336219745817781,0.20271850721678053,1.1000672680343646,17.151184194818853
573332233,3,160.25791790734476,0.37821578315086357,0.23986883639874734,0.9791665905333444,16.593069223118256
573587884,3,48.759593162811235,0.33062962080695235,0.28655393051034367,1.0629093530061158,18.91425758105113
573601315,0,78.2700354063481,0.3474517886019874,0.22903584962521228,1.0867457340117175,15.459002352322246
573843297,2,205.06299749086048,0.3597556704687621,0.2056122066582593,1.0042814189575218,15.881804498218143
574000870,1,19.94020086917918,0.377589247834343,0.20974928377646396,0.874331634237664,10.533708202896518
574282474,0,213.53140333345124,0.3427883339035926,0.1971035468490059,1.2593992523646007,19.901213601322752
574709027,4,43.91174584508316,0.34294046186480964,0.26698317770114144,1.094061991966044,20.07955707306818
574749285,3,255.81843817790556,0.3704717248604678,0.19690323913506372,1.1476125657705813,22.483380554296993
574869526,4,49.87790097878462,0.3736752478047705,0.19970212890737243,1.0337515485799456,9.23737152011669
575252558,1,84.84572788413641,0.34540744628309844,0.22332356966296585,1.3352819299422158,23.197091053632636
575704525,2,-4.178783270764129,0.37845958394654877,0.22930500644970625,0.9837081616684092,11.384998060507392
575774487,2,178.3289885769459,0.35469291464670455,0.3175071727473369,1.1906614395605555,23.882370359610142
575975970,2,55.515006186028224,0.3637946831364179,0.1936728266004153,0.9696559848610264,12.117252875830541
576074717,2,79.80078279713278,0.36134728784046494,0.18133116262220114,0.869550129584326,12.198853783338858
576198194,3,40.18589399854369,0.403680122221372,0.2041668864760614,0.7519809571674272,11.554675851882354
576207142,1,129.2175520278796,0.35491512336581493,0.30972581403366617,1.169479391747228,23.210669662226827
576510280,4,259.17456842801494,0.3693184179058567,0.25495657458686666,1.1373145433134921,20.559364021630326
576593207,4,12.48619022905116,0.3332081290210471,0.25136807031651726,1.0815967508783835,16.854046409062327
576673479,1,-30.194150001467904,0.32848129219467026,0.22223298962085986,1.083361177236434,16.049418855900768
577459185,0,228.899880039109,0.3488865137734996,0.3041175494519995,0.9387418852161007,24.74047210983232
578229955,1,66.10258182663466,0.34511394187094163,0.2547870503717837,1.10961727539566,19.048704617472882
578399710,4,206.4917574208941,0.3693398958758126,0.19988058983427312,1.2600864214487593,21.662959404588047
578503320,0,137.35830882857132,0.3646628579448861,0.1993967556940775,1.190770545040655,19.929997935398305
578621214,3,188.315854407577,0.36047735815410786,0.29769191815635865,1.198493203369647,22.08692344791143
579082920,0,122.27463799125907,0.34781833563215575,0.27220057700378003,1.112662119177993,20.846884560644263
579371916,2,163.96646792169219,0.3568706679832266,0.261195211373734,0.9810900450284817,17.943239599789813
579657278,3,206.6764412033732,0.33911434622032205,0.27098521888588184,1.219225608883597,21.20404921377196
579662449,3,183.4792362070595,0.3576281525778591,0.30030510469550536,1.1870143251873382,23.15043190345166
579955066,0,178.66302069231077,0.3981960671008751,0.2280482693757402,1.0537730599039323,18.554453925446193
580099798,4,58.18798966537586,0.3847145423028264,0.18208712339820302,1.2080297826403417,13.498802197460556
580261809,1,35.90016037526298,0.39179689766030046,0.24702886213184289,1.0261444423330124,18.54245636344269
580635980,0,75.91432031549678,0.345061718737456,0.32650811033390337,1.0827419425656053,23.9717407793643
580687337,3,77.24931246917092,0.340166575599981,0.2949820709047592,1.1399498772112475,16.470302463746975
581074933,1,130.41600077761524,0.3544555209699543,0.23616569112089328,1.0241256650612687,17.05495860708763
581609876,0,273.5626952974402,0.40290669920439215,0.208006887351307,1.1248981789078665,23.4197482427956
581660606,1,16.643001005649424,0.3422823560232953,0.23810079253273742,1.0770887882389497,13.227995172779739
582946121,0,90.19853775647191,0.350624175749204,0.1879015864483165,1.031280040620793,11.561856908527849
583194891,1,1.13181096970267,0.37563320781503273,0.2257652238039669,1.0215387575013604,15.0898835087255
583338677,4,57.127763411792095,0.3136775293174989,0.22661372749604264,1.0053316461505133,13.432277961463667
584085881,0,129.20602975613235,0.3474650416281159,0.18913558675423853,1.1777826245215572,16.92073849948822
584252027,4,-65.45705149826364,0.36914195840603653,0.30374162344737754,0.9436082303991608,20.35273312956462
584265872,2,2.402247676991635,0.3437931081347914,0.16891636778857255,1.211607903605559,17.357906713247253
584442637,3,105.03978439515915,0.2703632506363387,0.1713453748008268,1.0995358354450628,14.041050989760368
584754403,0,22.562267945894362,0.3606725124946972,0.14889812433962846,1.214102020113142,13.302027728003663
584859367,3,153.50513060669394,0.38165959863349486,0.25935268658555294,1.0915410232757763,21.150853499420144
585087137,3,27.489321060418362,0.3398866656915682,0.2650480284146927,1.1318211525101223,18.40462699768377
585151885,3,120.19289260064856,0.33760508157799646,0.28397244992343695,1.2092831101447254,22.081799163015997
585470216,2,78.96437624897779,0.3261845983240535,0.2052342390416359,1.2544421987324021,19.231951279744703
586106490,1,21.164028269803765,0.4035116184832659,0.3274575879871311,0.8967068046545973,19.106426264648036
586189423,0,-38.10284504991047,0.4186342863740371,0.2069082468140247,1.0176796585588423,13.790008703898687
587160342,4,143.9565880928297,0.4018865730086921,0.19405435820625166,1.0500941075253805,16.3531904875983
587553432,3,178.42246468233475,0.3703602986403656,0.20568202953032552,1.1262183576168234,21.697684950055667
588836303,0,211.96886536938285,0.3771390902285316,0.268859319005169,1.1538629657205848,20.391310698416955
589424672,1,202.8315804060252,0.35479373030036226,0.2268811671788729,1.0230279969867089,16.950430278524436
589547196,0,258.9592462057717,0.36366294954843714,0.19237920826242347,0.9617273601450551,12.970810812674141
589661282,3,191.89194616505168,0.34092485662937183,0.28828949372895935,1.0513614045615756,19.30678829420261
589948553,0,198.33858326987928,0.3988895668947218,0.14274913759238944,0.8862089146408151,12.225226078024143
590016095,0,141.62906532459215,0.37202237728924176,0.2025717525116507,1.118713958967739,18.660257083201262
590232504,3,19.247228258327723,0.35879174710500816,0.2187354645607629,1.0151276665342435,11.200463367128528
590474607,3,144.36053278192412,0.3415293303059606,0.2800019293800705,1.1354959740669386,18.99652428759662
590866562,2,75.65939811109331,0.35793500756416813,0.27133110458864795,1.1386850656356085,19.490817370326035
590983717,4,64.4941644449518,0.3466875826777864,0.23307145005857424,1.04429431991612,14.632406582660147
591078724,4,160.96716007036443,0.38083236526882436,0.22784858772969258,1.0715059868147878,18.945297348843514
591131573,1,129.24366935052,0.32052801285013527,0.3227014019514518,1.0993173023005791,21.973502448791887
591186983,4,22.65041386775907,0.366364984254737,0.18524496656514483,1.3221566707502166,22.205104623332677
591253647,2,75.68395242529536,0.36737668759464015,0.23041605390052225,1.0141709889584436,14.433979099318034
592007373,1,239.6888869293895,0.3972326742048461,0.23285757858534614,1.0535144314784262,18.04881258499994
592083344,4,-103.93042293317467,0.36575051867215363,0.23771475511521725,1.0300710977871825,16.799484028712815
592184260,1,57.36108096247881,0.3705777819644978,0.3044813020374697,1.0465972913877688,24.55555810093543
592652494,0,54.01666570809911,0.35881653617942183,0.273700216235737,1.0897190065577815,19.441807724426504
592669794,3,296.01369135841435,0.3846316501389491,0.24988130011045134,1.2158254328559268,23.229490633876203
592686193,3,289.03363500395744,0.3810587119405012,0.1844798017493367,1.1514973080311763,23.377690123959933
593164560,1,4.98259254867277,0.36779547763606546,0.21325749053533305,1.1333121943294902,18.949065078142
593363809,4,-10.704758253458792,0.33232751546143324,0.22360399446660786,1.289151471700079,19.661225306076823
593654363,3,44.814592584614914,0.3409713239762363,0.3156659151753164,1.0661537109763728,21.40296598512843
594032602,2,12.986652534138756,0.38532143933009266,0.24277394970715627,1.0881031052869663,19.675052394710562
594346248,4,278.2486177670015,0.39130197052123694,0.2644727457009288,1.1339251380031998,23.117438676993295
594528040,1,155.7788097956043,0.3505211705164867,0.23442084850840333,1.1602221280597766,21.15056471476135
594735990,0,40.66082327583867,0.3634170833416889,0.24223796369945022,0.9931960690704715,12.46381404442527
594803927,0,-5.5993568315203675,0.3087101298767406,0.1920075011655697,1.130634118089239,16.022602391345206
595568506,2,77.97300725773414,0.3581569927515327,0.3129430763820013,1.0990220604739214,20.313938357826604
595580163,2,127.38090938090292,0.274068565268205,0.19055709683349176,1.0188473712573978,14.67046146931332
595611477,3,92.9691171293555,0.36557620654178485,0.30060584411418434,1.1177197270588946,22.310472495699173
595928255,0,20.899224188074342,0.3107035154228419,0.31974329207840047,0.96035402653239,17.327734444657274
595965977,4,55.67043559888338,0.38755189790757466,0.2772153845019352,0.9723813622114175,16.77392802166083
596712589,2,198.30855021548524,0.3595020878485514,0.2080593558007305,1.3041927321972528,22.910978394607504
597209826,0,152.92128742360904,0.34364265965319624,0.26777098869908167,1.0792961444774594,20.41628789385647
597331938,2,294.3570924069838,0.3831881079504374,0.20297776204238666,1.0690483639079524,19.591700948321282
597719463,3,167.54745838857795,0.3693040328174608,0.289465347325628,1.139937941396677,21.104370428743387
598302444,4,-61.150054020743966,0.3988306149305946,0.19034696962859948,1.162120355004664,15.941150496714467
598348393,4,187.65261003986015,0.33732050376672995,0.2940843387788462,1.1669930495530347,23.87809572017348
598697113,0,82.0895637932527,0.37747814054363554,0.28015741024758917,0.9195789356437434,17.628792555993112
598835608,1,140.1359152459032,0.36285354304367434,0.16372106808301792,1.3065908126381878,12.710841817168422
599456393,2,47.74128189484332,0.3662475356003471,0.3596312143784443,0.9371700561982945,20.312687296382556
599659861,2,42.28797251036049,0.3667216186367096,0.20461725564445604,1.0929817891061384,13.658939709747472
599773122,2,128.83037011438574,0.39880275610553106,0.19620881801286968,1.0002088301277567,16.621256050766004
599869327,4,154.8071212011626,0.3626717940462151,0.1588321492269942,1.0393670107467905,12.338042053166376
600169729,4,28.659444335419934,0.3535907096431026,0.28138452947500187,1.0551513029848283,20.14787278300204
600653180,1,168.17806148139718,0.3623667344140732,0.23206039543297274,1.2053468675116854,20.637819874186903
601022774,2,-97.01542719877837,0.3438091425994368,0.18151226664238188,1.1696050532680695,17.53923673173023
601302526,3,38.727610405580194,0.3218100192649107,0.33699905079514614,0.9492974407597592,16.582574690831247
601597696,3,126.95679447048965,0.3376697689932536,0.2779650875440595,1.199273798682894,22.124854917833726
601947802,0,40.6518675093297,0.34023309564814136,0.23958493722072421,1.0076254765598622,13.634878169493991
602240929,4,71.69135803087771,0.36852755797197967,0.27697395935132824,1.0544289599185779,16.037893682025395
602268285,3,87.02049120891272,0.332728487836148,0.2868318634249025,1.1372435095535631,20.862699892063645
602457926,2,183.87806012591784,0.36129681665592267,0.3070355845041463,1.1581809105439802,23.472435605024284
602531963,0,-31.734203536888174,0.34206188785352387,0.2419667496354615,1.0293776798077623,19.981505972732478
603228174,2,174.25770627144763,0.3680764654914405,0.25953012250739954,1.207980541060891,21.47121420775425
603751130,1,-11.587331751450535,0.3556951406971787,0.2126198673280708,1.1743575932843082,19.884085313517346
603788368,4,194.57920241980236,0.3590013184302657,0.24934241367420806,1.162779520579264,19.515299987308047
604020908,2,171.88171946844074,0.36090561175309377,0.18128981313297332,1.2238066230528668,17.697471908028124
604200639,2,90.80564171223416,0.37263111027899637,0.16740046244245194,1.240859218162662,13.108874930596707
604209273,4,234.7291443578141,0.38147559090013466,0.2977888069503862,1.0114276380208986,18.61473231772271
604265550,1,4.384796052681622,0.33683544953619965,0.23556576271008045,1.1143309866145379,20.004955627772123
604677160,0,249.4392795576348,0.40425211961711366,0.25949613573963887,1.1110866624385212,25.49593345874698
604776418,0,15.660521609292545,0.34321013233033526,0.21993639680303512,1.3224155070500472,25.160108120121496
605651145,2,275.64771550645236,0.38519288573479654,0.28312308444674983,1.1699514184668476,22.71191226105331
605771725,3,161.0609864551373,0.37226498258260715,0.2422374803042385,1.154022063396607,18.738277971410998
605793172,0,261.63186523707833,0.3587995283083669,0.21215086500853997,1.1802568145694154,21.497949215064303
605814238,2,68.12216296124944,0.34295659814581464,0.2725228817397992,1.0844402807759945,17.44004150168577
606001217,2,63.3558352035968,0.37377249515778954,0.3875196816094988,0.9062125922237615,21.47424672943759
606308469,3,27.78164057748637,0.3539078489918153,0.2347878494456183,1.0742070190765425,13.064012722606028
606742148,2,13.673101772164955,0.32131522685844366,0.3500316256977178,0.9774055055467274,20.695281163070682
607683819,2,26.96203497157859,0.31986471017611534,0.3320700647167062,1.0604798674189035,19.391523038720955
607770016,2,133.12183079595616,0.3693628425859918,0.3168751093888986,1.174426860068325,22.88763527620064
607998522,4,-43.126702723862905,0.37501674657382306,0.25053260910960706,1.0818048040705794,20.778243349364168
608351613,1,143.51597825126473,0.3355460048012587,0.19569442777105595,1.1236009624001106,17.20878997793052
608511939,3,74.8636288220868,0.36229373935816933,0.25896937235356,1.0805564722476373,18.01206688029204
608604797,0,115.55544265884629,0.3447355918246893,0.23956914620206604,0.9951660939688507,16.165116751986385
609443471,0,200.47752541322586,0.35311066415554265,0.21260167555669743,1.0537017624041887,13.29860920828169
609699139,4,298.15506719058453,0.3994362679074336,0.2773564923629521,1.113490391050287,23.388764938983787
610205689,4,68.35500220673039,0.3804997207087039,0.18084841573044563,0.9748137943410884,11.246973872615577
610301577,0,-16.39932081881807,0.3363652363386314,0.2326175165779836,1.0636948245926114,20.03354359316718
610345428,1,83.44110232824121,0.36810086135776515,0.25149072100947917,0.9567270464597049,17.365646963568448
610467941,3,286.8979807232412,0.38220472277152895,0.3117451503946838,1.124467142210692,25.172340046470747
611038154,0,69.86958231227547,0.29244799323797616,0.24717023515064174,1.1308276799833776,14.487580207437395
611092350,2,206.5060085204885,0.36968366454329893,0.2094474828235974,0.9491733901488557,13.858174378633139
611474327,1,58.75056539629025,0.3780675765077155,0.11851829244187356,1.2917528497194124,12.983134588072517
611875813,0,202.93669210061591,0.4572579684449556,0.22348668733749022,0.958744450793084,12.599874612004458
612139638,4,29.624767014371116,0.35203512725514857,0.24068417984212445,1.0661120275130591,14.11219840874699
612238315,2,31.48643779647108,0.3680346430396873,0.202251569330316,1.0923140906847966,13.794407852044264
612321381,2,96.07839478246628,0.3764648115677337,0.243861092904267,1.0897941155513997,22.129274198746856
613718745,1,-46.57515900115905,0.4751019361044749,0.22233816672956974,1.1758148475616061,10.876676200711529
614253049,4,-3.252655083168804,0.3458875365290837,0.27131651513986976,1.088555785361416,18.11279062039072
614398604,4,23.40410348415729,0.3511026164338357,0.31518103102081263,0.9705224987531245,19.880980558528442
615042961,1,256.1590905430677,0.36724404959456636,0.2753148025217764,1.1824520085397203,23.286722758673267
615903439,0,70.98243493280557,0.37299487943802545,0.22056961482928755,1.153915997055233,21.63353520321572
616073908,2,117.2576956504972,0.34336321990672924,0.1674434333753495,1.271622854424376,15.710928336347353
616177559,4,114.23049333514763,0.4060110829349713,0.1996446103033203,1.1880604663126286,24.86361232129673
616276017,4,264.05562689671206,0.3865687598664653,0.22555693165708732,1.158030584078001,16.685880007639426
616326539,4,56.70885211610884,0.38653051032152946,0.18669403456821748,1.0332303145336037,12.978041373371047
616797364,2,179.4696231119743,0.33835682404467726,0.21794393862508396,1.1162611151576143,15.87816455291451
616888672,1,62.64805807061403,0.4152992104201552,0.1673334297371628,0.9202202367895194,12.136186898811786
617569770,3,113.33582311347587,0.38624113124296133,0.26897355923150346,1.0629046204382395,17.119645142324057
617741611,3,205.54773281596874,0.3661549649538914,0.2742043259785447,1.1790493786531977,23.100102970072673
617827761,2,280.82140886545915,0.3540580626114853,0.28209602296185665,1.2029153618566966,20.84382151853231
618105578,2,75.65335532861741,0.3713727234678032,0.21899909710663695,1.173077246209108,13.680903067002617
618173505,3,78.69618082831323,0.3985044335119788,0.1554852769869038,0.9394087793302673,14.638186737789804
618916633,1,92.683922644807,0.33706609311388774,0.2719096527252354,1.1442887736956646,16.814510189562746
619288860,4,202.0746921150241,0.36660581627761263,0.18750880643934925,1.2148434062434106,18.506310473355025
619459444,3,108.30880736505937,0.3465885767994692,0.30085009045547595,1.160639237236499,22.893005462253182
619582212,0,36.55071823895684,0.34858015891390687,0.2821321048503178,1.075244243321652,21.407624339583705
620886467,1,22.9932169565883,0.36616648782843914,0.29607026758769023,0.9872409900375442,15.486762498305508
621166590,4,283.56829103151864,0.36678252263310474,0.2515823594688167,1.1368225467329085,19.674830462349558
621229234,3,183.96126174337533,0.38362664618896974,0.25216732782846957,1.1485183305444986,17.964470951837892
621730557,2,319.04314062340455,0.43065622765596934,0.10710537251898306,1.4327739006965308,20.71193133953708
622020530,3,19.61313711417627,0.3781764323933617,0.24302222264193216,0.9071987440227773,12.271772423233058
622295554,2,-0.7305111603294989,0.4021703594045457,0.3325546676732859,0.9466665263635154,20.741209687319767
622583757,2,74.73915558586097,0.3645365471610666,0.35005114723734543,0.9523908048427161,18.305785004873286
622739506,0,152.64588116482636,0.36747559704086,0.20809807287094945,1.1178000231232135,17.05830690016195
622744419,4,33.691640621094024,0.38149104598422073,0.23994246902995936,0.961867179106953,15.414325449634575
622964705,2,-17.80082909292645,0.3735011422309843,0.337481507208907,0.9228311878360752,21.288279551844628
623331916,3,-23.399610915648097,0.3575462935436073,0.23628816453518356,1.0972460207562276,16.47907876852659
623402372,1,3.096229349269663,0.35981614846531423,0.2845093311175711,1.0050408795322627,15.242221937111648
623537081,2,108.60266018924844,0.34873270747199725,0.19959114950793216,1.1841892770752618,16.900880053126254
624096781,0,213.47318427569024,0.37292716055897734,0.25726424820651494,0.9654765297552312,16.561372634061126
624193573,2,15.987046628943332,0.3566185930759818,0.1969921518982255,1.1222054843332623,14.46275657680983
624503496,0,59.30013725624681,0.35540531688967614,0.28606427411520446,1.0706423588350678,15.962307793688279
624653441,2,80.65788468841373,0.36797770961988985,0.3098018690793959,1.0539670458778239,22.312935367291985
624903152,2,238.93259658964905,0.3773282362948278,0.277042255959561,1.1514899958030274,21.733910368207365
625017301,2,-18.606140065714413,0.3367541359185244,0.26103696676608196,1.025815656588868,16.683326847278
625314216,2,295.7369221105225,0.3703758186350322,0.2597884725321103,1.1674446039218038,23.760052151730218
625438419,0,77.23769920351434,0.3157969733140875,0.23206195225894505,1.164179319212571,20.242353013377624
625535971,1,122.92003898734966,0.3530740673059667,0.31209137817626725,1.2048606341663421,23.764556092185266
626242594,1,186.0973675940403,0.3735685306412481,0.29164479193635645,1.0404682264480223,19.075432315048197
626677373,4,164.99454902755215,0.3495098390893113,0.2235344807633224,0.9925400563823242,17.89024742150541
626841881,4,223.22877104973168,0.3759196966464853,0.24510292844254805,1.0458523851243886,18.171687837480714
627271746,4,204.84077882026986,0.40621208800080566,0.16333181451089918,1.477190217028469,21.428794785912544
627600990,0,-50.70676474531261,0.3845128156417166,0.28628154832907415,0.9115865635454184,21.778025705545918
627652902,0,114.02340164416749,0.3570256381699973,0.1828925982878865,1.0386743816118456,15.287276878165974
628380881,2,163.8472603037584,0.35369222439665954,0.30447778654728874,1.2143994165925265,22.30159530733558
628657458,4,69.17864410169305,0.42648078790817245,0.3209727000443869,0.9997112006736756,17.408073955405726
628680153,3,-32.509762595867045,0.35203099416539196,0.11032616729386041,1.2130375327972556,12.20534321135042
629088925,3,134.0845306102258,0.3442467024987122,0.2461361205870481,1.1351380736212917,17.40229611698209
630629376,0,27.24746864697709,0.34382139098826575,0.23973129630448664,1.1311878174120111,21.89162680861601
630773371,1,179.94084852406746,0.38746634968236776,0.09761380055604912,1.3393044538842491,16.187175120729005
630928117,4,109.08429337417468,0.34650010495386463,0.13222854631229508,1.099248582403357,13.184140683217139
631598953,4,-0.6130266712475674,0.34015435628886787,0.24185931107260064,1.118787842588072,20.190605575406067
631618960,2,89.5628665201032,0.3490146892373832,0.22811544206079074,1.1108547991788582,14.380396842453687
631651015,1,94.37313880556569,0.3387365444583279,0.2923795524625413,1.1513544787194645,19.315839330213684
633021524,3,-64.78252947696964,0.40508427937687597,0.26091813928242047,0.9237995916819799,17.079346763513183
633348725,4,-32.454303492464504,0.3838319207511387,0.22470139198833783,1.0581491368163531,13.821492975109333
633555318,2,65.37370067411322,0.36248542602700934,0.32592644140858507,1.053562478648513,22.460668146016516
633682320,4,99.08206439536345,0.3558495855851245,0.23471006581468729,1.1839361280596077,18.649207308223808
633891368,2,-8.130539203248503,0.36355537538480504,0.22330657191691636,1.1277745529213181,16.96038061619058
634005101,3,71.79577554566835,0.32691542882892455,0.22271323492449335,1.1725572350808025,23.189981401296897
634098628,2,189.75391667019738,0.36860823359114264,0.29289657965017923,1.1497264769637154,23.35570329874222
634363683,2,326.06109661967633,0.3875224295531869,0.38049480634252764,0.9496742579690646,28.48883263931934
634587841,0,65.67851701464343,0.35912367031265147,0.2795943421364307,1.083965949039952,20.859023235501148
634645972,4,30.31987673364671,0.38380011736668346,0.3208925523118727,0.8790671366846249,14.017054120900951
635174783,1,177.98559099327508,0.3861045357514419,0.24866015589689644,1.0445355733185566,17.04853704312041
635384570,3,10.735653088247702,0.35890230548546564,0.2645134596002194,1.0468296837340796,19.403210625849283
635778401,0,160.35177905868358,0.3581546578766142,0.2349378098700895,1.2354810964759462,20.128638309757264
636010546,0,148.45033469621353,0.36741477059080835,0.1722270886939272,1.1564271158057613,18.570201283476596
636356107,1,-106.81629377698832,0.3221355472014562,0.1227826531937983,1.6809526872510856,19.92685186871021
636526191,2,23.671892508964646,0.34375695708609116,0.21775953820457136,1.0666213723600215,12.639458068261748
636697748,0,89.3498942207935,0.3544000341922829,0.23138614507193708,1.1709615661310904,18.612527853465647
636769312,4,49.28027343670466,0.3583536738207423,0.25529186668053605,1.1147221986023947,17.692300015686996
636957306,2,186.45616477779896,0.37043169298059114,0.23864421562548524,1.0339992282505424,20.668109646216813
637091082,1,136.49492303962705,0.3341511221999653,0.2943847458055981,1.0937120516176126,18.778427830868395
637512395,0,252.33228145995082,0.4067824945649631,0.15150029265046572,1.0654821754533974,19.61600131564757
637669265,3,-57.242582128220874,0.5398558979742653,0.2166516003258077,1.0294153607243348,11.04624104095182
638093915,2,150.35478503064456,0.3548442694873711,0.27434532823593677,1.0325735157511884,20.85425984482263
638503428,3,-28.788750486281458,0.37103945694933543,0.3208272000283682,0.927598338660484,20.070392307312087
638750992,0,11.639980812953127,0.35590847327554653,0.24380943163454044,1.1499443943575574,16.27071264401729
638889974,0,171.65567916160643,0.3548853917891428,0.20260503155641144,0.999149065537591,14.031088143195502
639451609,1,131.71034824701061,0.3593147824605235,0.13951568135385697,1.1786607354700316,12.967743969209845
639553637,0,139.14506315254397,0.3449273504652477,0.24101686533509545,1.0527759023542393,18.411211785367314
639559230,3,166.65598775785412,0.35578925927001737,0.30413563110087066,1.1683655370758177,21.678367688726848
639745269,0,187.75577360633997,0.3455195536434635,0.20395527166673008,0.970094450811714,14.40504774926451
639748056,0,226.10683816797462,0.3588393608355321,0.1979410304339025,1.228467632277739,23.740038775271838
639770063,2,-12.649869074951354,0.39984669584599847,0.2372568712301322,1.0532073934408535,10.504577846013795
639796745,4,157.03823037691444,0.3534582798617535,0.27058534592206107,1.1931462500037864,20.842401556153646
639845225,3,306.3404657641233,0.4035538631807765,0.3122788717062243,1.106211757503464,24.18209000383694
639994792,3,-27.080988745440152,0.3331150648650638,0.1760114083022373,1.1365894060361277,18.503195838868677
640271931,1,327.80237566477456,0.40629305114608166,0.2556355206493714,0.9588878474878877,23.64814945060361
640368237,0,246.27939318317016,0.41605095664755026,0.2708046218033489,1.0125916211617547,23.53958770211771
640431640,1,176.16562251281664,0.4013745642161861,0.12751677780832582,1.2794254644704035,14.739897384340189
640690307,4,148.5180810253181,0.3924603656220822,0.16891218009553297,1.238699388521851,21.40531810596468
641501724,1,99.68949542844003,0.3597065539813444,0.2837604434935563,1.0068280951816904,17.85890730086902
642211921,0,107.63403430439314,0.32398592106320573,0.3059665431735518,0.9565460616710934,18.53000368730373
642330071,1,122.27195180588791,0.36564325219729543,0.2260207122600509,1.0754806284861715,17.754287873462275
642473337,2,259.6494251644099,0.3561814898766578,0.20158162947585664,1.224453980755339,18.619405299656997
642535209,4,-17.31243864514431,0.3501751456551828,0.2597535343662679,1.0568567706423708,21.17872176705842
642639550,1,32.41547638781948,0.38722715946005354,0.20843056354403858,1.0588217412597216,13.715731213403965
642668949,2,163.908569791505,0.35419766589627627,0.30891040684159576,1.2135331454843334,21.611077361496758
642673445,1,75.99492668425889,0.3413842493345915,0.27809576662045743,1.093149660286367,16.450125976577667
643189465,2,209.71008032945292,0.37073330526739473,0.26440565713046915,1.0857202778086585,19.658175740187158
643385335,1,-55.971419824852745,0.3404950455469531,0.11299972448314202,1.5305014973744564,13.531129527139942
643400948,4,8.931128788771389,0.4209579758036961,0.20100942057114837,0.9585332504074202,17.01726914816389
643664826,4,-51.94584702810968,0.35181399167624633,0.2466191564087506,1.0046757442930212,17.459334945077934
644108438,1,-9.598029367256714,0.32246762383173155,0.2150904868873063,1.0933822334990158,14.862190192189553
644505079,2,158.01434074697042,0.3827884438994165,0.2114563230992145,1.1349878266337325,19.656865621734397
644711726,0,-11.782333863523988,0.3322672422969538,0.1167212911195559,1.2818784605441589,13.67706653930023
644898772,2,183.9892174825734,0.3570444520711179,0.2744678863667819,1.0801796343008891,20.016939268146526
645076897,3,130.0445266900901,0.3394702208952272,0.2536220999789348,1.1263268412959,17.76725830190059
645165602,1,35.91614734245497,0.39075700968356825,0.3007286213074824,0.8694438413255795,12.080662819243738
645691711,2,29.275016781093683,0.3464384703113358,0.2864817043348797,1.072037930320462,21.528127335624262
646292703,2,93.674829942699,0.4341180872176402,0.3437306527867425,0.9917173297951594,17.357234243346134
646573750,2,124.75581887381071,0.3743302637989615,0.23234355977898993,1.079249843210135,21.037134608011147
646596041,0,118.97018700256308,0.35451500302951605,0.24079378433655022,0.9768524710107562,14.348992234914988
646682941,3,206.91857645281993,0.3667504797564323,0.27311615890579277,1.1813190625294119,23.042356221058768
647076607,1,24.21762474216044,0.33629028592635524,0.24445815084051872,1.2307412317572726,17.332119448978236
647273188,0,60.117821095055405,0.3767276982398507,0.25155740998170495,0.95299470050813,11.047568698633949
647435977,1,29.471948601711674,0.32757965804073064,0.26220504571043013,1.0347637473486515,16.244491960004368
647484326,3,66.32064589058743,0.3608545560815897,0.2573355932361898,1.1490477517773687,20.55686427000051
648079347,1,91.4159760952423,0.34821126343302017,0.19559973511071643,1.1138908941301984,12.827913900134085
648145091,4,165.7300169505562,0.3607312541942942,0.24291030494877067,1.1762980824963354,20.239136660167777
648159856,3,178.56117798017593,0.3970382561408468,0.24984962885911888,0.9570779780888294,15.94005914372276
648267860,4,-21.985772397456785,0.3314942632995808,0.25878185798330566,1.0779378081568303,18.641284640308154
648602021,0,194.9807757706568,0.40806652971229934,0.24733745480252525,1.0740340768530465,19.459688340478756
648833303,2,193.4885936111118,0.3438458960162185,0.32137757484088664,1.1786055706899563,21.75763735717087
649508995,4,-70.94786373539745,0.3222454971656491,0.21094374192958976,1.283964021466323,19.486902334949207
649600195,1,80.06029405584474,0.3542270552949317,0.277913677415771,1.0787615134609658,18.002649193197684
650082699,1,109.27294482490585,0.4065687515110656,0.2513421038862227,0.9066079158360139,14.568765220157058
650711958,3,-18.711300555416727,0.4175133809646945,0.21663349179070113,1.0036253691006056,17.821958930566453
651742804,1,34.14535329573559,0.3207131573911547,0.25837366063062117,1.0710051148340347,17.450792673476723
651985897,3,196.3756509032133,0.36699752808972,0.21345934105833675,1.1042419392193985,19.431234986031907
652006110,4,206.57065554147465,0.34583267525475775,0.30478437454427765,1.0243057985433823,21.241326805010953
652579546,3,262.6997295418182,0.36801329402285116,0.2713566921005203,1.1905288136081975,21.900503743564208
652611709,2,214.912665106358,0.3634935441388211,0.2866301467001488,1.1319958698286445,19.613413313289392
652803633,3,187.7376963665967,0.3520550059169429,0.28163208725754696,1.0464167976353773,20.231098930721547
652821562,1,-7.668862777970759,0.3562523942115055,0.289839860481259,0.9740466586501987,20.212982379875886
654743416,0,222.38782790379537,0.3509495413026702,0.33331524966462994,1.1649149865344572,20.26887528686095
655941482,3,99.91100661445371,0.360212472977635,0.2464287613477799,1.0909080249231717,22.616256461664577
656702107,0,147.87842812654776,0.3743616120889999,0.1850013174371399,1.1370811164677312,22.707860858720025
657146499,1,63.67248696769107,0.35072796246232396,0.2737149681864377,1.053419227384347,16.91297732193326
657445738,0,15.881838194578265,0.3468579964221257,0.2860691933545755,1.0723196089819222,22.8227339562727
658598412,1,6.001728730745043,0.40307405133790325,0.18510906692317022,0.9179596166995966,18.86631660921467
658967063,3,163.3744471171526,0.35439615256252077,0.2485915301077573,1.2133166847053722,18.29939610930928
659061902,1,23.965671722082618,0.3834759564055962,0.2057599525236782,0.9492260093766596,14.40324357058913
659538579,3,179.83312299775807,0.3518070658909173,0.29251490044571277,1.0646830046117932,19.041053963069757
659864655,0,97.42563009279975,0.35347145441368294,0.2084976400409394,1.0934971629699586,20.51305262145562
660205165,0,172.0008049448345,0.3576349011708438,0.23816197045087914,0.9632227785458353,15.398958933497575
660253930,4,182.73374285152454,0.44457861286759714,0.2902447710129927,0.9926600023727563,19.915329420334917
660384405,1,136.36767693751534,0.3556643569819043,0.2496130852999487,1.0049703425946024,16.240141811030625
660515467,0,283.8372608916639,0.41529583511907664,0.15770022085430235,1.0389055617316134,21.10171712933354
661619581,0,87.9020921519424,0.4309036577836125,0.30631964044950466,0.9614554424308224,18.817126314105884
661822184,1,72.55116643090217,0.36654256037400273,0.1985689027648101,1.031543522531398,14.373041488044532
661865874,3,135.48676029382855,0.41032307674190227,0.18571550640351714,0.7286124765480732,12.193026278425586
662156764,1,80.94558060820589,0.36242639376672275,0.2767174334966531,0.9308047334399876,15.496180118582
662815164,3,162.64146015411302,0.38110255555578787,0.24094628089108608,1.0838379686963209,18.913165650615905
663037039,2,237.360198125593,0.38256403848315307,0.20704297283347087,1.129227831033964,20.866616131042196
663206655,3,162.01236952465223,0.3849277162526777,0.24001237269861264,1.0669883654381191,18.87258673945886
663317313,4,28.505368788044862,0.39414411320700243,0.32350872712679213,0.9721217497463348,14.278309760049027
663564627,3,103.29465296382091,0.3580864205944613,0.3067722594376745,1.1751801216330804,23.65408627366554
663877510,2,46.97515405982702,0.4028066214471938,0.3649317404912968,0.926940380111746,14.682963726629898
663963917,3,155.13834088193573,0.36796286597582023,0.22726203274461243,1.1122018660997437,16.694199296146596
664013994,3,129.7407451691472,0.33465649412664644,0.2837788989386819,1.0478510658371814,17.39949900551544
664173456,0,127.72748004875936,0.32682752536160437,0.19181206941561618,1.0898709245682965,12.856308368011765
664256549,1,127.21373012707144,0.3630364017521218,0.2457972937074793,0.9530442670041496,16.75452622599584
664408041,1,235.84626371610278,0.37305320745684517,0.3076666164517763,1.181497349365126,23.50025708267505
664447199,3,152.87229837293708,0.41307154423984843,0.14727320579690117,1.0351477488113277,17.923768595852412
664683374,0,177.6522881391578,0.3384365313340879,0.22872054460093522,1.012991195587655,16.14837832589501
664875746,4,5.716902311613154,0.36204475970459915,0.23509460828005807,0.9979927614953159,11.840992586529556
664999383,3,31.171627609848187,0.3720145209749243,0.31757421951139775,0.9518969863568676,20.498238307712825
665327981,0,39.21923418781002,0.42287706408315295,0.22254230790022983,0.7563704202065831,10.156965813355788
665803754,3,48.26591186096947,0.3511765270320331,0.32183622767764725,0.98672214819725,19.88960841567942
666199912,1,62.269511881490516,0.4136062692911394,0.20153746466279462,0.8091207130660643,22.513944614497916
666249832,4,-38.54931757582901,0.4138584276119672,0.2765752663126716,0.837754830064094,20.95740832294573
666714004,2,226.66889502222227,0.39879033584937457,0.19088204912854406,1.0821194781657888,18.928752597003562
666813875,1,59.459677087110805,0.35574377233357174,0.23181257087337612,1.1507400312582556,15.37448435118653
666970760,3,189.35720301610408,0.37517044972704455,0.30959715888269435,1.1807037591089038,23.420155674748145
667460496,0,78.09005458221354,0.3456745699798996,0.2393294621199506,1.106169273716043,18.082078237793645
667477556,0,182.65316974650298,0.3497763493208756,0.21185186374903542,0.9804380489763983,14.945065101792592
667584010,4,187.6657651189334,0.3643838698459891,0.21936740150870762,1.219961985027443,20.805212845397556
667591489,1,86.76151841408398,0.3463733961315468,0.2724665345925457,1.2063127401320566,21.713164959018734
667840086,2,14.492987312338684,0.35306433724238256,0.30104363842168497,0.9863729564308282,20.552400251897016
668141599,0,31.421197763698025,0.3297108306524631,0.23316405448319216,1.1822945159397833,26.28623175694351
668621779,0,137.56717808199102,0.34387761871617817,0.24717287956715017,0.9721285626370366,21.396587672984545
668704885,4,356.8625420500397,0.40284532903657355,0.25927541046772123,1.078316048404024,21.959112928123744
668824734,2,-2.3494682121488353,0.3483444651086168,0.1847981837790365,1.035940191213091,13.79096805985743
668903098,4,184.46590375517542,0.37782830881383345,0.1931832894789459,1.0761958605645172,14.784991887169374
669620499,1,9.195033093377305,0.3627378588560386,0.21578048365959013,1.1359866981189293,17.835393081721165
669636470,1,165.80273715423823,0.3623795499936178,0.23227870831212938,1.2007734389678464,20.449133792263453
669639800,1,66.68249191378723,0.34385237288615284,0.2836650098636904,1.0029142907535922,17.846573698425996
670004959,4,19.006871093860113,0.3572437906569918,0.19695480910311342,1.1288541112264923,15.878203488152938
670279906,2,173.58444806811912,0.37781547408760086,0.20501618965150192,1.0915601411694458,15.521059217617285
670455816,1,-54.6037426959177,0.34425352290161065,0.24973733831755834,1.165857131399581,19.974458369956245
670472475,4,167.38039376940281,0.364023246855907,0.2299079697040544,1.1680388954174568,19.591668400493173
670589484,4,203.92635523231246,0.352180977960064,0.31684758622182296,1.0287805784208646,22.04491225169015
670939419,2,15.370018178148769,0.3361167910475393,0.26301072325496894,1.1815006494497593,19.726815027136585
671093250,0,226.66089895914894,0.3886914868977357,0.22854768148832882,1.0963280799915749,20.390707592819176
671188865,3,49.165243201433206,0.34030198031857484,0.1869023735343618,1.0603858764779606,11.69396082401214
671342841,3,94.57008154051921,0.351842697521948,0.3043508834993074,1.096530620045306,21.58560605253975
671423635,1,44.2535386986605,0.36019487099719927,0.1989029772589757,1.0398164801746417,11.507622763564589
671507896,3,-66.22391571767454,0.378858285286833,0.21645042581860802,0.9411047306969974,13.113023498332014
671591388,0,134.41068135336735,0.29500005528156936,0.2508251798999431,1.2124708152359853,16.267900546697483
671751803,2,185.18636661510095,0.378453708168611,0.17049973161291315,1.2256255058910737,21.26072555728809
672322123,3,60.19515525376611,0.37409773689756054,0.345373148530103,1.0830266899880372,24.345366716786078
672610446,1,232.95671173011843,0.4020254991343704,0.29463755703602135,1.1468007971241634,26.570311456859073
673060988,1,201.50873141900598,0.4105847443576854,0.22223559653554364,1.0101391306173635,16.73030511190628
673094713,4,190.7807428981941,0.34712407933188566,0.3254927974539906,1.044085099857324,21.551206590689894
673172746,2,202.95955306336063,0.35465458270285216,0.2269358444667098,1.192474127074177,21.146179474611653
673214221,1,-14.439811648909213,0.3647653260977193,0.14092246338064196,1.0606509786801066,14.5021967796292
673225351,4,320.39309099291575,0.429387348584668,0.13121137690122922,1.0922133243336756,17.43544548665324
673445970,2,70.33852807137984,0.38516453320143706,0.27753200419036,0.9338372759659869,11.440126663859358
673499218,3,88.92890065602931,0.34733497540235037,0.29326606832076335,1.1594688662410264,23.632350447350404
673704172,1,-37.98688635844363,0.34347721730605474,0.21466157099804223,1.0668678646472356,13.672081043800489
673883343,2,-21.99168524559947,0.4048374624076503,0.21945548266232395,0.7492696306483307,11.947707725222196
673984159,1,63.97208761337887,0.36187592711305927,0.19571652164342784,0.9853602011804121,12.315824124754645
674610445,2,179.9351954255613,0.3708543310544344,0.21847845582532519,1.0428773745826985,17.59917221344954
674648279,4,29.663287518907822,0.36647383419475693,0.2223923742353591,1.0834650534539978,13.300125505484159
674773828,1,182.8264499352383,0.3878218760591511,0.2577684163043108,1.0731351229643409,17.465822310185246
674973559,2,62.103304071407926,0.3325951679669262,0.19629617797296336,1.0980989302523745,14.46642284705367
675621867,1,63.72272324207285,0.3493971691659794,0.26904262258223277,1.1128619987709436,22.181799527924852
676068988,0,33.27433128217003,0.3640163938089742,0.33792403037312013,0.9304557598216925,20.66879869947455
676116191,2,105.07484597003621,0.32302690237381715,0.19952547836365836,1.166696760203226,16.682092500081705
676718973,2,217.4330818707643,0.356533835763563,0.23492612622438003,1.0270774615701486,17.34204022607221
676741869,0,181.29441821095602,0.370250637095179,0.21676538222685754,1.2381218125117395,20.86399263767461
677190542,2,244.97822751520738,0.3585637113216032,0.17102612286525837,1.2042777960985815,17.22759693601943
677732142,2,168.643133944527,0.3534326207847772,0.3104286132463896,1.190831954231149,22.97666873111234
677771115,1,27.842313407636794,0.34177314623448884,0.24924447391869253,1.0790904852817682,15.774603647103714
677895437,0,186.15555829858846,0.47643982305490973,0.2861951597185115,0.9450424404789508,20.516880213718714
678137113,2,183.12773101343532,0.37909863283795486,0.17294060903267502,1.1714349838382678,18.94562089440309
678912517,1,35.26916981744126,0.3551474578453711,0.21383788872016427,1.0260124463238778,12.437552659062746
678917308,0,65.08445445727429,0.3429003325438372,0.18517275683337808,0.9245162585988348,14.61511921354437
679096847,4,14.648133325012466,0.4203762233406824,0.3796464345640195,0.9256991223356635,16.75008345472673
679122345,4,66.16103526112147,0.35607225201810566,0.12095773994604239,1.4109450769525504,17.801163031440094
679270138,0,198.55655952521892,0.3972290888377452,0.24361635018784197,0.9394322009201284,12.759034787339512
679274532,4,40.42773994996007,0.36594810831967106,0.3082371733700088,0.9387104087384324,16.619367352042598
679404420,0,233.7568644406668,0.40285506292091977,0.267442539675427,1.0338280096252714,19.012574817042676
679533117,3,210.94152934766348,0.3691262523996735,0.2625193339139986,0.9915386517316821,16.23359076344194
679561961,2,20.34070524327082,0.39458411965138446,0.2248836238838033,0.7673486442162915,16.215005743168415
679722974,2,183.11604558783938,0.39331373433132993,0.281208472523801,1.159432455638014,20.533721522895426
679930104,4,158.9330600128933,0.33282896568711984,0.26414552156405335,1.1545355641802222,18.785783756071968
680389374,1,129.67807759084656,0.35467113421131796,0.27052105419879663,1.2023246675627408,22.96716562770252
680463465,3,273.40343049174044,0.37850253058374944,0.24885877914676136,1.1286024234828131,20.427301770173873
680864768,3,228.55820503216273,0.38493139886598576,0.24758725781745414,0.906569408190533,18.486271711831904
680937306,1,343.75670939403705,0.41459693947556375,0.2813790188171166,0.9645422958418606,24.851397448313598
680984529,1,34.98867900568037,0.3562769320318674,0.2299169274409418,1.0265949063731354,12.364865543716302
681027587,2,245.5003347723624,0.3702113522043062,0.2046671565098694,0.9707685268360692,13.75166060628349
681043697,4,119.94827759939082,0.26768820248425623,0.3955981428665203,1.1435013753100476,18.20744769429689
681148438,0,267.0741438298968,0.35717178153557444,0.20779001916989334,1.186036585940809,20.73802068344051
681382026,2,163.13172975119048,0.35779633203378836,0.16557542324183258,1.0897573733373855,12.520810866329192
681607778,2,15.850090456868742,0.3551944138623594,0.23894008360916794,1.0714604848863225,18.32526156063411
682136136,1,4.992980120177464,0.37400886140645156,0.21435106961103276,0.9560830667317091,14.006599547078444
682392464,3,27.78530868598378,0.36139305351519957,0.16511230170335645,0.9149962933674397,12.992968104616429
682727526,0,136.53654820911987,0.34739657124265244,0.1646773160011393,1.06953007159561,11.412532716603708
682848245,0,150.72454705147103,0.3621162575346275,0.20576992441248287,1.1949760735632948,20.120784669768568
683188751,2,57.47521767918473,0.3496296980847752,0.27965533818886745,1.0483647400895908,17.22370878413672
683707675,0,98.94915918402343,0.37453153360124647,0.24362752649147115,1.0569168304204863,19.192501781047774
684755734,1,89.97332872999814,0.34649063959921333,0.25172474230738,1.1702361935499517,22.109944965216833
684934727,0,218.56428109339018,0.3561794956892981,0.29888075886433696,0.9273602889433135,21.55660911185887
685115474,4,181.57570764676916,0.3934908755283313,0.2133261422541347,1.053323507349771,16.649386888262836
685261613,3,106.11561923685453,0.37588837936439207,0.27031824075099364,0.8738942023487952,19.423294516649122
685427135,0,13.344666912404094,0.3519888684051116,0.19178829048921744,1.0814110559037229,15.112016036033163
685579898,0,218.53921546788928,0.3985419965211876,0.1691949372177086,1.0356916952193942,15.504348872706046
686272948,2,299.2588266444599,0.36850440700390596,0.264609705515054,1.1775186493364913,22.02459119366736
686526509,1,-96.53228141372719,0.7383811026869345,0.3874562432453535,0.8285269209546876,17.33424370061833
686833175,3,23.364536395795085,0.39708945802786144,0.3780254852734412,0.8763866735977018,14.684429011580193
687447085,2,244.23818673158678,0.4021104452935831,0.3142727618658677,1.160963936294377,24.61353902740037
687545221,4,3.2061522616703826,0.3834261441078387,0.255623541087643,0.9880744403557,19.18213410995211
687772920,1,2.3449210346477827,0.35360968043530694,0.2658218923936238,1.1134264882154712,18.175808946628646
687864744,4,134.02553224523146,0.37354368856038483,0.24394614754368882,1.0442954516889882,20.215343821345993
688101886,0,172.00036438950696,0.3709432667001313,0.2417195695695426,1.1388351968135222,24.367599171800745
688122210,3,146.61156878512097,0.3555903607688557,0.26101963076159035,1.1557621172501915,20.277096434079585
688609690,4,213.19310870518393,0.37354439161929515,0.25193190729718473,1.0812510600679381,18.835776622176176
688616302,1,53.8735643007742,0.3353593088775186,0.2982081728997372,1.056876018881967,18.934119270118288
688656899,0,54.68077327481984,0.35871708384473155,0.2685823131224447,1.0872898791061825,18.915514341052315
688760840,0,4.940830747943153,0.35531666600416695,0.2129400203200815,1.1632371748599233,15.395166305880736
689174669,4,73.44529955241376,0.41235513065099144,0.3138137451059684,0.9206105486927845,22.523067807299185
689311182,1,80.56114977738392,0.34266838356714263,0.25884153961818807,1.0778215587105506,15.438190601896089
689497002,0,8.631645471160226,0.3441778558298627,0.215359598958773,1.1019902030564073,12.516361899934903
689573357,0,13.16793847153643,0.4688418370204892,0.15465060477693057,0.9337497307346835,12.149679777292459
689602556,4,31.03568645191659,0.42447773294767155,0.36469756692773314,0.942439872315129,17.63835111749487
689672575,3,258.00234579116886,0.3961863449289058,0.20793503132696903,1.0111013539424107,19.43499528504404
690246774,0,88.41850765476522,0.3373062477710323,0.2694021765905519,1.125553712926821,14.410089153733216
690444653,2,381.89467049916783,0.4325702952611996,0.3203597470228322,1.1466486361286472,22.630014675647438
690772081,3,-50.56047774158483,0.33260788311966866,0.2417081099526366,1.1020562758221355,19.732230034382564
691002570,3,323.6805834396518,0.40562745962365493,0.3104515272566085,1.098925116699685,24.81397335184667
691154706,3,-13.117395008243776,0.37039417111935924,0.2000639686241327,0.9351094893524693,9.68925389663615
691219107,4,-80.73051890249087,0.44407980739949887,0.23635420354969688,0.9830453736194043,19.7160940786978
691290005,0,104.7247713076742,0.5451477956145228,0.15503813672848052,1.1305671641712496,12.956001004683916
691340990,1,398.11113155239246,0.451988966003806,0.38967593915347,1.0981889140568595,26.136232874013366
691396928,3,126.7234352875481,0.3354680183027421,0.22660033448626324,1.1753636826297538,21.281734686705914
691744465,0,65.3616492391777,0.377391889283498,0.24025117922006634,1.060886120945365,16.818644150939114
691831381,0,75.31836731549085,0.35274142280916754,0.1801921024506163,1.0400836055138623,12.188680698082381
691986630,3,241.28433664422715,0.3648663670694795,0.2852581185457962,1.1876022075527983,24.08761020636822
692037059,3,120.0520763207499,0.41019909194975207,0.17158055619736284,0.8365727544966132,12.193098332059353
692373242,0,55.87118007162757,0.35232186188305137,0.1937745908529807,1.2318676493445067,22.686777591631348
692434994,2,163.27844525433446,0.36254903233161434,0.16863836779305239,0.9574520627287482,13.030656986832874
692810892,0,179.07537390343003,0.3611372108308689,0.2539034720195213,1.0822899623303757,14.750660010236011
693011985,4,146.5025714952338,0.3342298498186354,0.283729712036882,1.1128732853139,20.134426961872293
695348815,2,26.461623405939136,0.3926887487625883,0.30657439348174176,0.8996877068100249,17.22962305106016
695374943,1,66.25691146041878,0.3388468453128239,0.20455951158009023,1.0930914156037816,12.334135094705534
695536292,0,4.382640572504798,0.36497567338600145,0.2208306260264327,1.0830657293347679,18.79333432343414
695925726,2,40.57575925154345,0.3943224122331222,0.23607374311637766,0.8314527957503763,18.87815634049965
695940452,4,-89.2774378370317,0.44804607847862365,0.1904853593685147,1.0641760466746213,19.101585590914052
696483165,1,63.91919673739033,0.3669268681688627,0.2752107855441862,1.0627402058354407,17.45782622780172
696705390,0,200.3277103000537,0.3785942296821806,0.15214585302227235,1.4357500588860903,22.93986800881613
696713776,0,172.4867769238205,0.3646887210963927,0.1892767298826044,1.1708963133116583,18.460014001322264
698037323,3,48.294478341626466,0.37898242569460694,0.18487461799751098,0.8307118519630154,11.008170232017168
698053626,0,-62.48788489974463,0.3234545245173069,0.09115395832946985,1.465189270525688,12.457019017836895
698200988,0,247.53909210000108,0.3665674274017065,0.2712971990362612,1.2027250894747485,22.55543600749437
698615321,4,33.106249308491456,0.37427022143888095,0.2353399063178533,0.9903262856221291,15.512895512816392
699007218,3,30.565140279197536,0.4264661338415494,0.24342781752583176,0.8757024260587749,14.215011243333613
699175207,3,189.29264029768785,0.34889004319971617,0.2929962660957585,1.2185116175035504,22.666133470414138
699184717,0,186.5565162502657,0.388567861853115,0.19865212860854622,1.0463928974867804,16.426878142316024
699462327,4,166.51211325516476,0.35368759744137407,0.15814629854972212,1.3842871058026422,18.017164001906046
699667055,1,178.80492965714836,0.3663039260345808,0.2812625513880698,1.0807330787760596,22.629398831152436
699908244,0,81.96540856211462,0.3407221409111658,0.24507439191523406,1.15913062384851,19.096426395960478
699928185,2,157.03348389134703,0.3625287853241133,0.16559717092194412,1.2949541066067687,18.48132834185731
700020481,3,290.1690916419673,0.39225193510926437,0.2886838775504404,1.0337683140200467,23.794625826712654
700619853,2,53.847489849666246,0.36174391629697994,0.16024924300042337,1.2231546994319864,13.05849735216752
700771684,0,265.25254618233305,0.3859351637981542,0.2058628954338229,1.1274017830968048,23.06724158930428
700931497,4,-86.45548248804829,0.31320240803740745,0.11879149522141885,1.6326604697119984,19.61748934407725
700994258,3,225.7960859264292,0.3801514119988421,0.2547849087036893,1.1636477584741107,20.870203536291726
701170718,2,84.27164494160323,0.37027736103428377,0.20421386935644242,1.0186234890581152,10.909856011176661
701980913,4,142.55842901727755,0.39539204102828795,0.2052569020890853,1.200896227026367,24.357930573314086
702351726,1,77.77926414563535,0.36434484960917213,0.2028347995411543,1.0916825766128104,13.201127942768139
702495781,3,148.25153065168632,0.3570258383940601,0.25573574359843937,1.0183019015938992,18.047473824001894
702860275,2,283.6052665305322,0.3891712902684434,0.18072902908041238,1.2251794604264976,20.680037769123196
703506417,3,123.95277563593694,0.34894397140290984,0.30189128851529523,1.1732153056036636,24.66493994691333
703616126,2,279.2663995083259,0.3983188465756844,0.34669463040981696,1.148384902702009,20.63530292073422
704321363,0,310.7222352353166,0.4119338659231841,0.27702355805222606,1.0846919052360915,23.811436859316316
704562669,3,5.327564964429158,0.34807137635342716,0.2867383578257304,1.0234729866867633,19.3718561692326
704596053,4,-33.09841705916932,0.38064368205183297,0.23436689398305827,0.9146561995128522,15.918285624649286
704720758,1,180.50905198301632,0.3719854840939909,0.2518490460300212,1.0058511622866273,17.279568830202628
704923125,2,129.8797762672877,0.34046199292376067,0.2585089007950302,1.1684788471107315,20.141681599091708
705117177,1,-23.25200735684848,0.34707724478322627,0.25567228483947685,1.0554959143457991,19.571608020135688
705738216,4,319.0747877121709,0.39725162137875153,0.25290357731687674,1.0886539600776457,21.192236512496955
705844179,3,295.07255761209615,0.3927689075985395,0.20362420699178835,1.021854731209194,18.83818748700946
705855235,4,141.23175902859282,0.36435592325430316,0.263665509281348,1.0663822843458333,22.096414615966015
707258420,4,-23.469753319417535,0.36161872693969144,0.23522962481695012,1.007166249969645,12.472409574583839
707285446,0,80.96815404303051,0.3484405865269509,0.21091887924826513,1.1653173871787137,23.23964078935175
707686102,0,173.45619590797503,0.36985263853623884,0.20371512949671555,1.0118123136427672,15.839151875479196
707792324,1,42.713299274719255,0.3482676537379742,0.19998699404181042,1.0728732026125478,11.757215982686112
707895073,1,300.86623538790786,0.3874250713192773,0.22063967527649891,1.1501217049321555,22.797843698913436
708266844,4,167.15909984454962,0.368845498264338,0.2626613701731041,1.1742405720627933,24.0660877490585
708515334,0,165.60771589886036,0.39570075946668687,0.23357944911065043,1.067736155815633,17.89797417326313
708745541,4,86.27945665393064,0.38744438572031076,0.17403613711099075,0.9540480367246407,12.95303161588273
708888125,1,125.84339839652962,0.30760377684654017,0.1555687374643837,1.021873382326962,13.264575334867914
709065178,3,192.60750794236952,0.34425743562994493,0.2854482368100107,1.092150297891986,18.73133300774766
709226489,4,107.0454874479106,0.43390040759409926,0.28708888907290786,1.0681321982153882,24.59984931625136
709267633,3,339.94822369519704,0.42656300847945033,0.31091055619943553,1.1439377268146185,25.06932613184987
709856096,0,183.6164735596932,0.3681525071514441,0.20397434478107443,1.1523223815015455,21.332327904782538
709886400,2,240.0727224729539,0.35079489129307495,0.2903616130115293,1.1858424439335942,21.107852590239013
710418627,1,20.445228107528976,0.35242150905179076,0.26711641550897264,1.032811285443148,15.2355649292243
711711106,0,203.04827753208235,0.3890826948035036,0.15437861508683998,1.0856401603311308,18.380876707040457
712008066,0,89.47899994584527,0.34307746233722536,0.1784608373191326,1.0931981329652425,13.259435813663622
712061261,3,-30.55557612351099,0.39241395096887827,0.1992080787488903,1.125796932886925,13.85008051565412
712113333,2,207.54961943475337,0.4218411014409392,0.24146847483887665,0.9644548073150288,21.49957661476027
712239619,3,77.17503160173924,0.35480355948163067,0.3444505421562677,0.9747341187878651,19.78131365845151
712424232,3,58.73690172726571,0.38688613974677005,0.24145286876227304,1.0869597409791785,14.491466466422786
712525184,1,73.99538182479726,0.36672853808125144,0.2152356547162898,1.02562762325644,11.532973431636595
712532019,4,195.76740436269822,0.3463496259231697,0.3197991522634633,1.0401759037304321,21.339352240582727
713020314,2,-29.467658381857646,0.4107856464230168,0.2595191964921762,0.8230616762387053,19.55955471419559
713163686,0,13.739424212232592,0.36273234276266436,0.2222685717500239,1.1582659207690378,19.310480236708177
713393124,4,58.463385713264756,0.3761463398109457,0.21023354738999153,0.9689070476157211,11.58442673035994
714476191,2,260.75634626320067,0.3828197114640275,0.30230428144275634,1.0963249098007235,22.402345449919636
714511257,0,331.9224940469541,0.42292508525352357,0.22755886752485574,1.060236862824002,23.353234153211606
714806677,3,200.09823983175227,0.39005663507756916,0.18277686806096022,1.1359638719174165,20.619522321845338
714836323,1,273.0079821444645,0.39023055567913634,0.2880513872033042,1.1833937616729486,25.71305147407823
715482561,3,164.3436228513827,0.3572506142955355,0.2818834499541738,1.2320107105980633,21.56784218278593
716027443,3,59.95059464296315,0.35887717399691266,0.27077170153281943,1.1100362726180888,18.526001343761553
716481605,3,139.5596268581255,0.34863145350111646,0.2714514309165585,1.0482047643889232,17.78807306025763
716683288,0,141.67505404042458,0.36374488502098723,0.2066299115654227,1.2267825702899349,22.57562594860137
717229286,2,62.782249001005844,0.35269811268731405,0.23911792333681225,1.1648432659129289,20.880699277625077
717633419,2,54.45348055805953,0.4105608555628917,0.18170779241401452,0.974895893257561,14.042467067172401
717936443,2,151.15943136518038,0.3356567933792133,0.2445659366080195,1.1824430908203385,20.670563019215635
718095822,4,-63.36254031524993,0.37194824116210795,0.2931262044395935,0.9265094146818823,19.35052149819603
718575580,3,144.32568241048057,0.32942452646184406,0.29503744821450584,1.085555568951213,16.607432482553317
719137941,0,164.95904091950865,0.3633614593269158,0.2312274046010382,1.0961092823829104,16.432713109509443
719507082,0,87.1816198051079,0.41151266046097895,0.2618700025416831,0.9938268483894196,15.241637718895074
719751111,2,227.80496525578462,0.37818422554091596,0.20192322966284473,0.9737446663149851,16.787302038786656
720344171,1,231.55059728897422,0.3474704904686233,0.3218452954961273,1.168654004560742,25.00084406013128
720567395,4,-30.757524769026446,0.35642386085089317,0.2496721382413626,1.0467578911531705,15.825590451893017
720781054,1,152.13250179083116,0.3665386221389501,0.27508723022780934,1.19322788309457,23.74123915715721
720835147,2,108.06492036912259,0.34106389130156944,0.23490904487720582,1.1979368992911335,18.364060065364082
721329227,4,178.8767875528271,0.3812295543004962,0.28299633108031585,1.1157427243389313,25.4405718502165
721426023,1,50.57133883122121,0.36999371137832904,0.21916908603813318,1.0248236579828773,15.146863258387173
721715227,2,196.20745914995976,0.3943054437393981,0.19776515777604806,1.1926230655420966,19.980552350796003
721925849,0,149.8327052576784,0.3631874470759338,0.21187819339214503,0.9907929845294373,15.27685354397812
722303181,2,168.2180638721814,0.36708536948814585,0.2421493902080773,1.1596328188811038,18.410066589436
722323887,4,46.374654243708584,0.34606471260817784,0.24937131229836057,1.122754662623471,18.88041306492257
722337542,1,-41.15750294585294,0.40289563179528365,0.25303145423622314,0.8734682341752423,12.247138941670839
722624089,3,12.913119796972737,0.3616145919162124,0.16770959522687454,1.0866504972470101,12.76227223702958
722656060,2,84.09323958832852,0.3986119309170486,0.20696694157386836,0.805463641887534,15.172969547556107
722657419,2,105.74005899860371,0.3638609749987195,0.24432660510080786,1.0001136878029258,15.893644174896854
722671179,0,51.355701666614195,0.3299689905726214,0.27959158580071963,1.0571145459678992,18.599846190090503
722858579,3,232.49894285403602,0.37116368559725355,0.2935134751139368,0.9889337504597597,20.099602373615053
722954203,4,128.94845468633937,0.35932473948552524,0.2879248807756072,1.193173114255895,17.498514856791306
722996762,0,264.85375813003026,0.36915775015738556,0.2778069664428516,1.1771256041058047,25.2325896935992
723086841,0,179.89932414861386,0.3989729151366327,0.19279988912012647,1.0472030291593664,15.663190634819907
723328836,2,207.81645812893356,0.36990494271009167,0.2784497627126257,1.1184902144300646,21.8795750373437
723637794,1,80.76729690476775,0.3620440152189409,0.23489602090769449,1.2532753210319276,22.133395152356258
723638059,3,105.78325453166403,0.3288941084349336,0.25290911177734576,0.9140200881484957,15.906699768256248
723903020,0,132.8331546449838,0.39344119375198483,0.21602156720623827,1.0944072672138494,19.85361054835404
725291191,0,184.59743246324805,0.37727061728697403,0.22357894519926008,0.969883411368559,13.764612761905259
726324276,3,17.44512463773509,0.36843718848249807,0.18075236373221082,1.119564575972476,12.238500068423502
726632865,3,34.20202642504737,0.33088606492253875,0.3459445390113699,0.9187174749503827,16.92313826037852
726852979,2,-24.0303342255406,0.3474843731263545,0.2712994342619206,1.0188773362160493,19.717250577432765
726901134,0,136.68779677096973,0.361172381151965,0.23557138187335488,1.0583945896015303,21.986178951288384
727287922,0,119.91097646588052,0.35576338864725543,0.18443929564038736,1.2045672636041003,19.44841341676443
727715310,2,174.89616591486157,0.3685605069013526,0.288161792892984,1.2156126258774937,22.465464020837423
727880096,0,183.57769153996492,0.3478612404680274,0.22916866127991328,0.9790589589308559,16.331531745918024
727931995,0,30.05396389423288,0.39981884801959505,0.3529821552426375,0.9268964505647399,13.96224289292788
727964996,3,285.354555588233,0.3942793458782508,0.2782078043761212,1.0678405408404956,21.537289322844885
728252718,4,79.64648282411797,0.3592713497501344,0.23521738858326713,1.0708620343731585,20.437301582175266
728371459,1,140.24990812583158,0.36434783391495995,0.29789844493347417,1.1967659368116652,25.148622836096052
728455428,1,148.8626690561641,0.3923954751666213,0.14624358729902884,1.211613526367853,13.473495531456074
729133742,3,43.5440339650532,0.3445497321942627,0.25350314860469825,1.1013021272117265,16.94635827234284
729574569,0,12.117779504295484,0.3182365046616426,0.07892237634709548,1.2630325346355336,13.179491430314208
729669366,0,154.2597076595629,0.35216388609822863,0.1813287955167897,1.1689650379520269,23.688150134634206
730173328,2,40.991253107440116,0.3631596941789896,0.20958004520837173,1.1176905072500385,12.525844919180527
730265166,3,314.0378544765024,0.4056423535167603,0.14176429259125495,0.955359881958259,15.26095417529018
730340221,1,89.31433171301993,0.3568597008780666,0.22702083993458105,1.2094512355029277,20.23161364639774
730399756,4,-20.23344856887121,0.38466190185726684,0.24413262217213225,0.8944972892961557,11.59706527203491
730567526,3,85.02009341796139,0.3841347581506632,0.22958553610806534,0.9504703346314896,16.918852923490935
730591910,0,262.69060517002725,0.38840597178577113,0.1628143349820315,1.1119309027887407,22.35287102434399
731184698,4,23.770400934319284,0.333786497031738,0.20453013893352576,1.0987731851581717,14.841202311922586
731417662,4,-27.975390549711946,0.3597633047552646,0.30938574498049387,0.9722907172941336,19.226514946759835
731595810,2,165.70473432179006,0.36684707411491996,0.1573036952519316,1.084804658970532,13.992494809251138
732208665,1,256.64041433253624,0.39027236754940675,0.16248476313264953,1.1476927597371491,18.610386132661553
732280868,0,186.04203968404295,0.35661291425039904,0.22590477719050964,0.9355801623293312,14.012947434399203
732578696,3,118.30826489065943,0.36328402111384606,0.24037990068700002,1.150043609332402,22.51293949793698
732613388,0,192.69588488029606,0.32550982559315333,0.24601238154685645,1.149569277352304,16.5142471231866
732957114,2,14.334708460012422,0.3402353985449154,0.25254126482887584,1.2162757404748648,14.550708341321343
733015366,2,187.17745326787758,0.3897204527549273,0.2535968713145121,1.0875091867354325,21.94700421275607
733146174,2,243.42888792928608,0.3892937968770167,0.21435830056929384,1.2451385401393351,21.631341715468174
734539627,3,149.76894495540046,0.3507384716592962,0.2320150213815819,1.1560592250776036,23.207373347147016
734958593,3,60.88211714324573,0.3630141075531961,0.17484590091460062,0.969993175397348,12.629408250299935
735019484,2,172.17618134222178,0.3740619124041814,0.19888041134806672,1.1880291428343166,19.055829072646954
735028416,2,94.50948439760455,0.3737326205421094,0.20166883424827237,0.9747911792905374,10.492692344439172
735082604,4,86.82907915770525,0.36693096385060103,0.20845045994728922,1.1383794977151749,19.30716754987554
735143665,0,21.397242396314724,0.34931829585996305,0.2936825101267305,1.0076797032052691,20.144216787164275
735307697,1,82.57171370674489,0.3406310214344839,0.25467016513327767,1.0243781945930035,17.200283892204773
735659533,2,45.0671234514849,0.36406589690006136,0.2828379966553862,1.0467916066187293,13.663402692467367
736152348,3,219.21825203380166,0.3521094852950273,0.26803090774499383,1.0151136406471872,19.47144250309138
736727472,0,103.09538318231041,0.3553968604271403,0.23939400306105277,1.1330053338700363,13.214967140841026
736792055,1,82.59374525126009,0.36764147240865047,0.23889909254793698,1.2935736946866685,24.3205308667087
736908890,1,20.132090642467602,0.32356209977172756,0.20641846349963083,1.2354424160056716,14.687998554068326
737341727,0,178.38294586214678,0.4056328026097641,0.10954408443843261,1.344150030433811,14.304944243448865
737356509,3,351.2581848069377,0.41517181267901876,0.284913383715026,1.0562851455612088,24.18499069240213
737362009,3,88.97483887091813,0.3031621974277,0.344832935479562,1.214338849770071,18.787507292165866
738034100,2,50.54181994543773,0.34269781830813895,0.24230951178393784,1.163772763960171,18.112834893141407
738593262,0,97.17967199870905,0.3571842678281016,0.24645962369439078,1.1325610333515965,18.504776211333144
738625870,2,190.22104884906997,0.358119107205455,0.20972295165457705,1.0436203569410885,16.011472726903182
738887961,4,136.41447001600346,0.36002961230529673,0.1965842336809196,1.044449535107557,13.110492687385836
739506612,2,157.7876448468137,0.36737092274386024,0.272346632685854,1.1852294290997767,22.75164537080327
739562740,1,235.93738415287035,0.416964233680031,0.2198272860232262,1.1001708200731297,17.741390953179604
739643942,3,28.380364079222645,0.36677310675170577,0.21637226335914592,1.1437064921562496,16.35547148828551
739659224,0,70.9201834787071,0.3584723569897834,0.21582203869291441,0.9192723910774374,15.734404843521157
739937375,0,77.63065482931681,0.3553709070321637,0.19653629868576816,1.2412017918323794,17.666933318845228
740224734,1,217.90664413029492,0.38351603086761615,0.21116536037354788,1.0015541381287099,16.132077898462374
741750852,2,49.53603237333688,0.36917387850871347,0.264411330176576,1.0224320693232924,13.223558905817077
742319182,0,197.38267026546737,0.3756008291493283,0.24677369500466687,0.9333223503664607,13.907909767456715
742571113,4,144.84108112581742,0.38192508367669686,0.18319985707092956,1.1218597724487227,14.450441942721945
742772976,1,19.564467568466313,0.4217663949852044,0.2571113495766707,0.979024558034491,15.221019423649896
743402006,2,47.54006605502551,0.339565783955279,0.30640627171351736,1.0060313116638586,18.412573448027615
744301389,3,95.42041665624366,0.3592333346915955,0.19896201194460592,1.0634726938752908,15.049501992205759
744751157,0,51.74359419387634,0.3319304491882465,0.2531333169447038,1.1211843504460024,17.923819542251056
745130197,0,-42.871047689791155,0.32786664286630895,0.22464512916778231,1.0508587064753887,19.160467807873644
745501666,0,40.12768557499592,0.34999189640884687,0.2674240905757066,1.028828670892664,13.08167997453046
745635632,0,203.82817881996542,0.3499905277535397,0.22911270948691925,0.9447941255072062,16.14895579535888
745676028,2,167.3512196048885,0.3637461358097549,0.19866200342088366,1.1006935357697927,17.37225366637378
745925185,3,148.7728630774198,0.4192894785868727,0.3158318388991114,0.8526756037817127,22.977804112296944
746006701,1,100.68662438610498,0.3633326724165562,0.2199607605958895,0.9377876643685648,14.663647686417967
746033942,4,200.721543728126,0.3677490219586142,0.2227791217413082,1.1468599507764765,16.733265818739795
746099992,0,189.82752119905865,0.40045553070385914,0.19740865421198373,1.0698391760675126,19.179115711340852
746373374,2,82.56836021604043,0.3475856408817688,0.26780739711896284,1.0764770236302976,19.782921413981892
746810021,2,52.12033579422247,0.35754291345131417,0.30346849405152215,1.0213452509268113,16.37518844272126
746817611,2,22.19725690617706,0.31297740563750953,0.27269043225682976,1.229094117719635,20.855474413492423
746903081,0,2.6761922517437,0.3275751479488271,0.24428379206514708,1.0668272984935006,16.404098727108703
747034836,1,-46.052812548351255,0.378771005724474,0.12938041892917523,1.0274457331831677,15.259935457022237
747510254,0,177.84834183536313,0.3303104306602119,0.24103027481723271,1.0021915876589216,17.916492030358317
747579493,2,-0.4911396592216306,0.42390348425861524,0.19007552806358113,0.9443964681171091,14.428618561493995
748222139,0,72.96104452646667,0.35164533771445383,0.2984104691693792,0.9502235180578329,22.26439747851231
748600767,2,62.42927522395782,0.38912062322463653,0.3120144333170814,0.8948586930209091,20.031618556232466
748602077,4,-23.136185033029534,0.3822893257628323,0.22257560426581913,1.0167465427959368,15.741076831779042
748679100,3,175.27546144182253,0.37584458704140594,0.25198335229220525,1.1113516220026403,20.09905693820357
749003022,2,11.82234195688433,0.36910869569389526,0.18790762041805378,1.1864610811140006,18.27435051913092
749288648,0,308.88760504060104,0.4179568915686866,0.255544709864971,1.04507558245344,23.553195444917858
749314033,1,28.75347160832814,0.33703496718183673,0.24443654914498547,1.0324504187742156,13.56229632220391
749316999,1,181.6502932437159,0.3650445100539933,0.2403012719100002,1.0211608083996022,15.861561162487265
749375446,0,247.62342885568694,0.3546019717588297,0.2029153548747858,1.1301731203801018,19.83789387076422
749548087,0,77.99576423507911,0.3644848366893289,0.2591710325795881,1.1497012859034856,18.349934791710886
749662533,0,174.68085423763534,0.35600773303111966,0.22721294869450356,0.9637078641408602,12.990654424123019
749826349,2,325.66584032035445,0.3644296281711735,0.25680506584654816,1.2202338366623486,22.16571014455744
750049504,4,200.25850176875375,0.45780714602043127,0.22980140703221885,1.0337829574703927,20.209914985607085
750380744,4,-55.44877345998154,0.35468093070896484,0.25910316645580467,1.05543062277398,17.1056354139026
750442059,3,94.9157544139365,0.34702852390179967,0.3272180181126691,1.1203922359772873,22.304675886823976
750805819,3,11.003418327122645,0.35439295853010955,0.2608499152963274,1.0467693913413099,16.32510641150489
750893336,0,21.33941129026006,0.35455660907599285,0.25128087845420566,1.034749402227067,22.06795531626112
751017152,0,181.95885455030924,0.35659954030249924,0.22846557704073162,1.1383240745012526,22.32199655070363
751223406,0,172.75089313040354,0.38293508211351135,0.2287855488354808,1.1206224924563615,18.279651292140766
751286665,4,27.07358111143826,0.38202530882408864,0.2276425303046674,0.9256843040071817,15.82871750871641
751321800,0,148.20376837275273,0.37711118506659536,0.19976113338454568,1.2220917001817106,18.179527609098432
751554332,2,137.3359425054304,0.33535362654353273,0.27006939799685264,1.1093147238525503,18.570320568291226
751973346,4,116.91621143692085,0.38172939254992183,0.24045718390905627,1.1592706912978081,22.55271307336086
752114706,1,158.90741442715014,0.34745639991221616,0.27067092475043064,1.220626209992696,17.948045727345754
752379788,0,112.78815026028839,0.39846198751159684,0.31291855280236874,1.0694290791909464,20.896227830314913
753005996,4,34.115417937172325,0.3790296943097109,0.23253672637870124,1.005715810658398,15.78973278952935
753199362,1,-25.14505157843206,0.3353325492805455,0.15750465826953614,1.429950211730337,14.43513151078858
753570442,1,-18.948255112154996,0.3795228831845323,0.14356658879683953,1.3356991194924919,13.659955101666263
754272312,3,66.89918477343357,0.3703098546188258,0.20124647411783642,0.9355579219076839,11.42254909038348
754288361,3,182.6718447700177,0.3544678322485138,0.2795671964110849,1.0509652781908396,18.72107410673725
754541700,3,14.295054617987333,0.37303202025093707,0.22734016851106878,1.0597754013206353,18.603717545451083
754551833,4,23.917902177543624,0.3483679126636859,0.22807879878875584,1.0616988502959888,16.752420881741223
754749806,0,-21.667382793681057,0.32172618874517445,0.22487644794019487,1.1092889893777491,20.042245229477594
755483998,4,14.518944365987508,0.3780539261752187,0.20064066705368513,0.9006052130355379,11.77718597742864
756378273,3,94.64201137757289,0.43997092712440905,0.32179736266126285,1.0003250543874231,20.46794372826046
756437706,1,81.89005982993508,0.3696266049123126,0.2889402153055933,1.0548289303043168,23.551535116481364
756521912,4,31.877786223444176,0.3347538921358576,0.25325372262282553,1.012896777904768,16.60019443011096
756721321,3,14.271235297781004,0.3192090510361586,0.2413010376108683,1.2301167786919118,18.2477932570892
756782287,0,177.4575692598404,0.33524636062504676,0.2318651826841044,1.0197906558068712,18.823607073478552
757100562,1,233.51421104395482,0.38601939397237917,0.2370613069367262,1.064610030287553,20.258762125742756
757588646,0,-21.53970065412797,0.3943488468984247,0.22252583235249515,1.1042164373450805,17.360310300748203
757729082,0,147.0029394834951,0.3754108959796573,0.2659855201867984,1.0854821893825441,19.578281510552294
758693518,2,9.084534227850966,0.35892064488684333,0.2853713418503664,1.0735737351701409,19.06446253875113
758756190,1,186.62504963119557,0.3707289413084237,0.23009928436819435,1.07908435843836,19.82381112384825
759011226,4,182.23591402294528,0.37898935041683,0.27659251144472774,1.110568715004663,24.546022500589984
759255806,2,109.3491845868387,0.35804997829705526,0.17153289625458956,1.0778389296580921,12.833908562299936
759347222,4,232.0586568351696,0.3829889217155094,0.2294859147561359,1.0266847894987696,18.244648683067503
759929518,3,61.76086966008099,0.3534855873008462,0.26809804465842735,0.9723187844805345,18.917536551193585
760236787,0,221.97119407300113,0.3667210188766048,0.2987583452843911,1.0920619642838971,23.265273606458514
760704855,0,44.74668133107451,0.36046610843620736,0.22552796345468978,0.9961509412628404,13.57424394488781
760704971,2,111.26134375167038,0.43120413162342586,0.2168714660148398,1.013545010497459,17.067611777982176
760753809,2,72.98349668782883,0.3992091358435557,0.27621584679097244,0.9142709860988013,25.175203494489246
761202167,1,66.40338281391855,0.434969328821755,0.2953270670400032,0.9702482669818742,15.504092508809515
761297738,0,161.9762446358074,0.3535809907283783,0.22269043686905696,1.0102859699308289,14.19192302834584
761520590,2,207.67731136343616,0.37454473552016676,0.20746636227804374,1.0440660711527605,17.765752952934122
761786133,3,200.19272870310093,0.3679262712014424,0.28432835844641763,1.2038731238945202,21.79377270913085
761886758,1,37.09026609137737,0.365500661873708,0.19698608909442955,1.0680454351346582,12.638510222824022
762219171,2,143.32318021312386,0.3698858540510331,0.18522049761246212,1.1549189289053434,16.657733190233024
762368408,2,189.10004148854802,0.3378498846922865,0.22020254009013152,1.2000175077347237,17.089007686526227
762944097,2,289.71879907017444,0.3911042750998519,0.16810072275840537,1.0120162044844774,15.145523011684059
763114241,1,131.89026428311377,0.3494649175580012,0.29818572476821226,1.1718486376853146,19.556577291196742
763411577,4,197.99305220704923,0.3461685210880803,0.2984679299765135,1.021165106900922,18.849399079287554
763411836,3,294.2715469466665,0.3780871185883079,0.2592589968046411,1.1598332043709167,20.48317565451601
763726764,4,108.9652149960902,0.3478666874866332,0.1638513252862721,0.9387696776656433,12.508374111483
763991123,4,225.46825340419514,0.3551750249845386,0.2830154637592583,1.029520253404176,18.16877529710421
764245724,2,78.96012052955732,0.3639543198659191,0.3557851392912398,1.071963085069692,25.312027440849313
764326592,4,64.37992296878924,0.37889312119111107,0.17814895843516682,0.980158805837122,11.965386453514741
764363021,1,128.35985189755738,0.38091333012991346,0.27098632627167973,1.1602224454214496,21.567183994326967
764478101,3,29.9223994754923,0.36594945648350524,0.28239662565918194,1.116692899022906,23.607834728267864
764504672,3,60.49035446985486,0.364419970395034,0.339080122941699,0.966877808175334,20.65181506511936
764566036,1,140.1202415546772,0.348307124494501,0.20656332574629144,1.2388722141298882,21.267403879589732
764633726,2,6.193968213197721,0.3374313410630924,0.25060946988406724,1.0808613617303595,19.19041581694576
765055507,3,54.43396324665877,0.37236414581341026,0.2866964444680884,0.936129475174056,17.696683092142727
765135916,3,203.76780488226666,0.37010655628150924,0.251224709040892,0.9702910814106104,17.902613437056445
765310183,3,176.2614142624588,0.36429902945317766,0.2775174244830845,1.1713265586432,19.322767247102348
765454454,0,102.37205708902593,0.3731398821082272,0.19973615197741182,1.1034433871437246,14.006855293940598
765521185,1,42.059775930836715,0.38021700147253024,0.3933082474909214,0.8944231846589888,21.205052813775062
765731942,0,48.942040399286846,0.31903246371155797,0.24449760459205197,1.0769169929893128,18.854878181643574
765785607,3,187.38837751693956,0.3693017520488079,0.19270662349432144,1.1461039553651244,19.230347070966438
765893959,4,185.14015817693348,0.38756673018265075,0.21818798344357132,0.9745591553158862,16.88502481635981
765976138,1,137.98256178005354,0.38140051344301107,0.27800040330156855,1.1895579479711664,23.528087113802783
766108648,1,178.61572416424247,0.36511166527026895,0.2794484037864554,1.084444447228985,22.51047569068074
766443404,1,-20.521520418197696,0.35918452422559877,0.12772408701959004,1.5256220969155008,18.15928363688733
766636095,2,48.52440887046103,0.36388589977085334,0.2771809910680087,1.0334993900001708,18.660405070815568
766749407,0,82.79443341288088,0.35996351590407766,0.17572685942087363,1.1446218056101864,13.331017703951234
767346074,0,21.046290762038936,0.36562414773439567,0.2723972216455573,0.9909277924612552,21.953045181059455
768384141,1,18.918611241646758,0.36133450989943977,0.2942777460200242,0.9204327192451508,16.123559183822387
768467775,1,209.23892470259818,0.3541366609270875,0.2574625821464298,1.174005568664208,23.62714804406813
769383218,1,15.6636145972018,0.3544961131445338,0.23298514703594578,1.1333093733368418,18.917445553568516
769839159,0,54.9832539598879,0.33318715422384754,0.24856238444749068,1.1662265335224458,24.415110736248437
770392100,2,126.0593881199417,0.34120638003703646,0.14175250928501365,1.0152093190919858,12.200131030437712
770474874,2,-19.893028926324092,0.3603486875028932,0.3052976484012571,0.9655186886860946,20.612674057847848
770593247,2,218.2947650185688,0.40797897688674517,0.259226462363111,1.1137095456593888,17.71642154712865
771410628,0,77.67818877652195,0.35450708489279154,0.19114724852987014,1.1345776609184726,14.231323900464814
771609530,1,-1.5409342619489763,0.4000380234329523,0.263990549701743,0.8847844875030788,12.195484088369271
771639833,0,80.54543874046679,0.34051485949804683,0.2642145211356121,1.175142767292803,16.436290110291054
771772442,2,191.68981800197915,0.39237365826586607,0.20011512197302087,0.9906211535041366,17.096074888330882
772440851,3,65.17206023036002,0.37264476946722574,0.1862974833308679,1.0389797673079255,12.386689492190749
772566639,4,74.00125532408948,0.35717804679834153,0.20409492876174404,1.0848314630165077,17.36296787860389
772591088,3,182.02834896401703,0.34653030179114325,0.2982159605840111,1.2103061451667545,22.3994168787151
773428035,2,76.47557727570803,0.38299210347211143,0.17254884041531154,0.9887547677684708,10.40699783908622
773706830,3,124.70852625225649,0.33844488780700505,0.27391524473013074,1.0825259686474906,16.48105125330736
774116157,1,85.5064005153276,0.4284936537707302,0.23022524107486084,1.2505992568809299,20.65271516655364
774594190,4,178.69612360411804,0.35204309118548527,0.3014706325971057,1.068745127797626,21.909071089484346
775478514,4,143.23887273226416,0.3678612836642722,0.2564520432213186,1.1798852058946485,22.760491680738525
776515253,2,24.6717797210722,0.37269436385764887,0.27958896067309397,0.9333556118614361,11.77932616482801
777120719,0,229.50265178351276,0.3936802516151536,0.15279649400532352,1.2208687259273625,22.044837189680756
777245562,4,185.21175079614972,0.34084146465921195,0.3222261329892018,1.0502641234984331,21.52188780819617
777333329,0,247.90784348459977,0.388746249232924,0.12987356731258948,1.1262329797479835,19.566918415121336
777956854,0,214.84692784327865,0.3548799888252602,0.23714857070163955,0.9535213866335386,16.437643608331445
778024152,1,115.65798387269858,0.34726112575460905,0.284074836322713,1.24428428852566,21.017440940470692
778266959,3,79.56108773889392,0.38849153833140204,0.24886276841647195,0.9140669179515807,12.270652677975976
778508668,2,64.56280131438906,0.3369959436769516,0.22076909284327326,1.1684737440254518,19.309517646417103
779018837,2,-4.916613114892968,0.36527482823851637,0.2830573410599363,1.0300613787777255,10.915959497313162
779245999,0,92.61784158410434,0.411127434152162,0.2580126506130556,0.9363557270186036,17.274736125651774
779535649,2,66.93596001381295,0.3651056893093963,0.3493447757376599,0.9516010889665009,21.33948253554184
779877733,4,59.9790248862663,0.36037926155763506,0.2519801087340302,1.1111833290860533,22.833242265326636
780149366,2,177.20421719366962,0.3554863723490951,0.20916895304945246,1.056473314303215,15.821536333325925
780388384,0,267.7157764994606,0.4493510819237284,0.26018644166893057,1.0900332143253573,17.590156207285442
780433305,1,177.36282475397172,0.36480605340405153,0.28103673957279474,1.0901927663172306,22.6395631274505
780752652,0,273.51426051322204,0.3872761987813052,0.22887241115057547,0.9781548570462572,14.843975675872786
781281190,2,171.54076004510324,0.34616541112315685,0.2915810590554012,1.1092195110245673,23.381014241250785
781306630,4,179.7876910409243,0.39415532028005457,0.2130705718887852,1.17094760432898,18.94537157502221
781325985,0,196.39736498771106,0.36316932806815866,0.1857053152493476,1.3552137442358276,21.459666106023892
781403971,2,65.72592842863334,0.37375689947167967,0.24816365789749367,1.1176200936259588,12.821337219425992
781605401,1,44.88183178553274,0.3600630569921594,0.3426207288794944,0.941449092436013,20.39816950164558
782092877,4,162.71377020744893,0.33044360717919635,0.26282708078107153,1.2015132625752891,18.46404382693413
782678603,4,-71.43907296442336,0.3784929035979793,0.35402918943626666,0.905233988597258,20.267923860441886
783040210,4,131.77134506184814,0.3746688798287841,0.2426361230228171,1.1551615310840255,21.91336225555954
783055378,0,184.19112866856656,0.35320986210665495,0.2566266041662147,1.247816604409365,19.322962477219527
783150586,3,133.23210629290614,0.40002474425550655,0.22651324054707433,1.1237963616112367,14.897294518743829
783176072,1,69.3306334403606,0.3548242025106221,0.24821886324748818,1.1389135397007593,19.21945791422872
783233627,0,-25.494730215717794,0.36137436440006976,0.23102386001028072,0.9638920039308514,13.047618328274147
783252697,4,-29.63832713662606,0.35392855649024696,0.2893528763070537,1.0143493030997313,19.165233702009324
783421229,1,154.68813457346124,0.3757626868486814,0.21804543279417796,1.2678440554648305,21.1745566481896
783528107,0,-19.109222666648847,0.36766263343433087,0.2730866634544939,1.0205960186230634,19.771837223785326
783741919,3,224.8455714436259,0.36354865678370435,0.2724686973620649,1.05787316132198,19.967014945685598
783812275,1,73.90008657357731,0.4038981374153052,0.267164245903176,0.8752048460651405,19.308877453510064
784293016,2,103.12805186159437,0.38375235294486654,0.15775796704441875,1.0987360191148188,17.312965931397464
784363756,1,229.97890166040335,0.387381413233371,0.2770884996774987,1.1297756128179333,24.108438286862672
784935951,1,107.72230134125117,0.33596257212124225,0.28175051227236053,1.1489829759872592,21.7925286058713
785079844,3,165.10984995973126,0.3556078340561266,0.31759878775389794,1.146067103972617,23.554899148726186
785209471,1,28.51075858042688,0.330650128748029,0.2304488624327771,1.0513217929035266,13.467515296843352
785463469,1,53.03447276283324,0.373723559228447,0.3133541525051884,1.0487643691245943,20.962384335522838
785739315,3,80.00055753741894,0.36553159093390675,0.16501640974946954,0.9073125779394348,11.22140342463546
786535870,3,180.66117343566322,0.37872517046518284,0.2640887625340738,1.079796842906048,19.163321827186845
786832504,3,296.7437318080707,0.383139976147633,0.24510334283589535,1.182292509983619,23.849425794028008
787172285,0,198.13772949323965,0.37156136034921683,0.24827463627339383,0.9513693400606054,14.075146914275884
787518160,1,7.975763033647809,0.32973932669439193,0.2511064323085648,1.070476266868498,16.756216469638478
787533936,4,238.15486154054565,0.40170482442983624,0.13927002590539644,1.0812536920978637,16.478822210404044
788080561,4,108.89169166033759,0.36130896755769953,0.25273065042559517,1.1495565531697183,19.85143044707931
788688131,4,46.22081164411839,0.3742769471655908,0.273408297546447,1.0233823464572234,16.346785680507665
789071222,1,179.57291744372924,0.353487725783349,0.20159602288951933,1.1001883543055593,12.342944206108712
789164013,3,6.564085007050849,0.3663655556001681,0.1525995068115522,1.1365787229601128,11.21796816168447
789200912,3,93.1043727839409,0.3934965401743034,0.11629109313268293,1.2272059014650427,13.936022487327778
789216614,3,35.005168468638594,0.32923480754376083,0.36339007324092154,0.905511609673589,17.747479579431992
789218686,0,92.9324843907797,0.34913176641422344,0.18678567391502038,0.985939980529372,11.927464662949134
789469220,1,141.67478614851922,0.3578412040402724,0.1631489530721249,1.0743479999378773,10.31721939560586
790220540,2,225.29256484254162,0.3673789514610654,0.2581447696315043,1.200217942600063,20.540674649959193
790422297,3,51.81615648233805,0.3508121395739568,0.18654597386007515,1.0610088007246814,12.407321732335788
790707240,0,187.0183891952903,0.34791246113889346,0.2717516274377127,1.1335753835575864,22.000073597668045
790828475,3,187.25231674928688,0.3525919754485488,0.21188901822256861,1.1414634289743397,22.265051156508193
791518570,4,285.8560324020807,0.36738196769135506,0.25647609068921706,1.1333935030519346,19.64854155898475
791544306,2,75.19315437723121,0.39624577351732404,0.30097134772025125,0.8837087739847483,17.67111688217681
791643770,0,185.9069470093536,0.34678719359005244,0.2607689690807517,1.1755608246499982,24.546288138568237
791644318,1,89.67772276508227,0.35332253862275836,0.26478969344866593,1.1864123648562666,20.499271537510214
791901717,3,-56.85838618137521,0.3234604142375504,0.14911316536103847,1.3552122929888801,17.252308994787857
792165329,2,100.04975054942699,0.37324508425443875,0.19170126347530436,0.9615236309414572,10.378669417717294
792850218,1,-23.186357904938774,0.36568956465691776,0.22070416396370238,1.2912541687440084,19.887084851311087
793023871,2,50.24051501046905,0.38680903212638923,0.20552945416681132,0.9926035790345834,14.404621358858536
793067604,2,74.770257943251,0.3647821174790505,0.20998870252613677,1.1626560119397724,15.190496247031565
793720253,1,116.38458955298975,0.3426470011609569,0.2758358447207214,1.1598933413666168,20.041296864455703
793830629,4,-18.597728048155886,0.3547555282251088,0.2682282164878375,1.0392965205986628,14.45740957643989
794214898,0,61.80935300148052,0.3499846840969797,0.286747647560864,0.9834988638424892,18.21849936964978
794405907,1,129.63741437045786,0.3563940351029076,0.24249075573217557,1.1476895155956037,21.16178738233739
794427257,0,-1.0185940448738222,0.329675396094904,0.10137017218866534,1.2988231197929525,13.48943961390972
794510468,2,247.53070968426698,0.3711681249359336,0.20274105802310186,0.9679113105070272,16.956844368865692
794641374,1,123.00065973279312,0.3530138669875664,0.31203212765684646,1.2046093542461942,23.75587504479895
794995355,3,116.89524468752421,0.3694212111647946,0.2756931537330818,1.1841831012536228,18.82910819934889
795727494,4,92.40523602182729,0.3742455349994002,0.21172250438957657,1.0944180705212627,13.151969215667705
795837749,4,214.0675817480364,0.38185791799915847,0.1680945949891555,1.0965929870363584,17.96063686018734
796117252,3,169.87460263201893,0.35828184252087814,0.26446428774698644,1.1039368451836953,21.86079848271657
796744400,2,30.48949398233721,0.35340447172992145,0.27900695069209736,1.103376585812612,19.66035889951403
796832411,3,322.71404687273775,0.40219221082457846,0.31667093887373166,1.0841121357489352,25.733963684273398
796983808,4,210.69150832656902,0.38304456455408314,0.17233472458565036,1.0648658666244228,11.82035129079876
797241563,1,-25.07632872441367,0.333461332515452,0.24871227390855952,1.070832646395999,19.23576627970266
797481672,1,229.83439899902686,0.4057771110940019,0.15989766532729388,1.0132996385464932,15.381331953282347
798215988,3,188.2582403828535,0.3597215904474445,0.2997801013196456,1.224702547049935,23.147034786542076
798268482,2,179.5250593678195,0.37763705929508307,0.14690195751772125,1.1164599206167765,13.740091282562126
798438482,4,106.25112377323535,0.35091737698431086,0.21343669436147578,1.1112233710346568,18.720128189602462
798454930,4,159.6391571026885,0.35482463123991753,0.1974413969882966,1.339650545385914,22.85162970825542
798498386,1,53.562896769381716,0.35743080364209917,0.2216022893405587,1.0418863482679268,13.488012365981927
798869032,4,253.81890473073565,0.362592497549488,0.277041644451704,1.0216117930863342,18.79547334189555
799217349,4,-11.08618436809364,0.33407828218059543,0.12546144557161454,1.5728830694131757,22.564882818117745
799283066,3,5.391499627838542,0.3503230996544619,0.25420383333260804,1.0560523058315658,16.78012043981674
799636548,4,29.35199809983378,0.3571516951734268,0.2827163579086636,0.9893443202206836,16.889426345042803
799690401,3,178.06617041323992,0.355788031732248,0.23194592386687538,1.1257887639875943,18.155683812248903
800089698,2,125.97783768460889,0.33325008907800335,0.2496989703992207,1.19331112258787,19.770192400037516
800130991,2,169.68400492150758,0.3581424265590859,0.23052514281118014,1.0051978793570802,20.982698253086806
800215811,2,54.589582195238535,0.331510518183618,0.2831751846961509,1.1167826236148626,18.74086300234862
800676373,1,80.56651174286539,0.35484341140153686,0.2354106188351753,1.13249618694356,15.60195198561173
800838483,2,6.695722619387368,0.34100599942630894,0.24963735553977084,1.1835912850082853,14.57831777146625
800998431,0,174.52285268591422,0.3350184114419298,0.18875053784732349,1.1282544793932532,16.266332872923783
801063364,0,44.68777842623794,0.345901351148278,0.25695235216306656,1.1434431094648985,17.064061763074406
801330021,1,82.59423165341785,0.34711849682194934,0.17545298462346567,1.0611180909846556,12.938292522022099
801675840,1,192.88283927923482,0.3802181772942755,0.2779076252632167,1.1684633759825331,22.683983046443196
801689933,2,-20.16148852399668,0.36252611993499084,0.2987888470816963,0.9593019490482249,20.553896455641386
801852409,3,221.16416688808886,0.40077912359261064,0.2457114989286438,0.9218029526134242,17.060290762832526
802299717,1,177.88947133161827,0.36631713735711574,0.2808095621020059,1.0796551774851424,22.573242896285823
802360891,4,-44.18911286292982,0.37192776697011853,0.3149510262656674,0.9252073099971747,19.743415451465534
802506538,2,48.58672887963174,0.3759636726972705,0.21834377967735102,1.0893689390197836,12.069970776084547
802993859,3,29.989360829519754,0.375166129872104,0.22890018250801297,0.9420433189609833,10.018495029035094
803106454,3,21.899157117541506,0.34890496838981855,0.17020318108441962,1.0085630924894287,11.151995112880304
803775586,0,57.30289282977629,0.4004475480755233,0.18992562180276812,0.8385892204235332,12.152981379659778
804037111,0,-20.511996857685958,0.3565847197719286,0.13377573702562934,1.2310260514774833,13.981797665994685
804149832,4,252.35437494881143,0.3910010159489733,0.13058436302966725,1.196887469980818,17.786770268440392
804322446,0,10.938156449833357,0.36744187072724893,0.2639636028381871,1.0785601798762134,15.054857960625188
805227128,0,38.6315037913426,0.3550474860799225,0.2320515099370633,1.0230126107949995,12.072742906321345
806311584,2,71.20424652285793,0.3413836160884424,0.2837057071515094,1.1365134163600707,20.431027513298115
806397458,2,12.701821132990489,0.3650724344679451,0.28391086793742376,1.0054713733933414,17.628353340024482
806790733,4,173.10243903687757,0.3723130415084203,0.24958195931574373,1.1174559828050539,22.485587493698212
806978622,1,-35.220758507785604,0.4066998573906216,0.1768081583931705,1.3310232183907031,13.855533703661592
807387712,0,181.04527431005653,0.3824469612302493,0.2115471363907921,1.0813801388503246,16.633006116204484
807551839,4,109.61152781636119,0.3905728757518976,0.2296176706194146,0.9781372815585698,14.656691379200138
807875474,0,103.60966577267997,0.3633043099063914,0.23022698227375835,1.101854354646831,20.74919637942358
808029389,0,289.2397711468566,0.41149862278691257,0.15214527000130984,1.0591383577859657,21.16109290307506
808269149,3,88.53349827024506,0.36876767835878116,0.23801889898905754,1.1360430728327584,21.532637095211843
808476294,2,234.21148118819804,0.3886835352637908,0.20587636284264552,1.1200434145336007,19.899101314375837
808488658,4,185.87280484343188,0.3655309226701456,0.23676240398384818,0.9861383114655788,16.484630339125633
808582678,4,161.83331170067967,0.34031232472874906,0.29514290025782713,1.032934364702038,16.105161749441795
808879247,4,146.9886655791503,0.3782929243352201,0.20160374196988365,1.1209902901361908,18.127451685912288
810134797,0,69.88140004455025,0.3695552247219837,0.2786958105306626,1.0693334047837157,19.39767017924192
810221803,3,73.58059429070032,0.3455276364223251,0.24682841970719882,1.0245556398846314,16.373987293668446
810464372,2,217.86985771477475,0.37542822932311876,0.18375168905095313,1.075879577682974,19.262040547114033
810570947,2,155.4703496706828,0.37348390123741376,0.2383437281327336,1.0478396102323502,13.3639145727266
810716859,1,125.57515502621904,0.3737914668828918,0.23545727828118565,1.0624697872432947,20.459761740375242
810767754,1,15.566545214721685,0.32738889061482784,0.2645200947964292,1.0389148556618355,18.105836296936058
811102498,4,104.92421679253337,0.3655608469421224,0.1782176817533118,1.034265110259054,11.850669336247046
811196388,3,238.0303435651556,0.3772918679812667,0.26452639035953396,0.9514088880971823,20.299502200246902
811299446,4,134.9079222773836,0.33542509183572194,0.3476563595963637,0.9825306086091141,17.400306646230636
812075542,4,185.2509636732692,0.3566623923402779,0.30548275885438725,1.0603588312202008,22.01008510540892
812088904,1,231.76044601921967,0.3766689418065842,0.21854769114520434,1.2401426834314602,22.535934489564426
812162763,4,-34.22271365974959,0.36989758754327046,0.2950033477140104,1.019815647611134,17.102365346114613
812270433,4,172.73717691020389,0.3794509408658829,0.21718006287828465,1.1264502432015904,22.030788070258104
812457901,2,120.36241082279267,0.359642544039934,0.20889641673045636,1.0693955796209438,13.958950706871997
812618019,2,60.959865169876956,0.38070069349735625,0.2277547350598661,0.7317352863825635,18.264861283541975
812811097,4,223.74938346582542,0.36340957673955815,0.2869954950212939,1.0490064606390213,21.164566611544284
813149599,0,139.9357021546041,0.374808211571025,0.24708713904685387,1.080415929762987,19.356380110623945
813214787,3,148.8438700410924,0.35175277951098083,0.2789825822147652,1.051644171142399,17.725060833014478
814144401,2,-19.338666367872264,0.37122537455415483,0.21866063545665315,0.973238556641388,13.059435021466262
814145084,1,120.95261975379242,0.3582976413696889,0.25374254092125603,0.9697207325410392,16.992241848875118
814315691,3,4.044081106455337,0.3448734787630739,0.19159218516530196,1.0885864045943443,11.745366853254694
814898102,4,-22.313969943249205,0.3751806334438614,0.28711473332736503,0.9736883471182791,18.201710373443134
814967191,1,220.5468812095995,0.40347720025032807,0.1758475211492703,1.0115018882526445,15.530526396401573
815036763,4,-64.06681911816884,0.3290109475762344,0.24463583895688923,1.0796986010834115,19.34111486479801
815051873,2,86.7870167286647,0.3570053797164987,0.3616397389274062,1.1273480066141794,27.611610974703392
815588093,1,81.01279643994566,0.33878007794222836,0.28606582143988946,1.0666666397153912,20.472694294675396
815998527,3,-47.57523875395219,0.3621756171021011,0.21770400944804552,1.1709143728601483,20.70485687079023
816208987,2,77.63907401020477,0.37638297197570963,0.1660923159380267,1.2834491023629482,13.41175325692265
816499147,0,56.004737378123224,0.39623057775954174,0.3184011882338352,1.0584270013094865,23.81684269766709
816523902,4,48.59605726175756,0.3436191195717253,0.1967328635971292,1.0741765496586309,13.95995270295759
816594704,4,-61.904351889691554,0.32729868336365076,0.13986676400717135,1.3541882643839607,13.487462613912783
816699374,4,25.469748554162706,0.3848238147542108,0.19667796532076307,1.085709490652865,12.898597317548337
816729790,1,177.29579688781155,0.36843870620536906,0.2564609721948135,1.0184126304201317,17.430647712120127
816767607,2,63.42219729846408,0.3723838018781107,0.3831221872434034,0.9099764399177102,21.389409107852593
816771422,0,-7.5842032420197825,0.3618316905389212,0.2847078628321087,0.9506197233176578,20.046704396576125
817102906,0,62.82905447204776,0.33394443263843343,0.29019637272032667,1.1152264426761296,18.21739362998712
817179455,4,-22.15626429289327,0.3817450063892457,0.27723414074320907,0.9131324164943664,14.369152278080055
817222485,0,11.790571829537996,0.4107890036731003,0.31198202853146906,0.8026720933520451,13.568018579452977
817646682,1,66.03395460422693,0.34664202401648075,0.20477412772442039,1.1020434038086762,12.358439952149407
817764960,0,70.61671483187843,0.34589903124170374,0.2310786561724384,1.1616505784022262,25.08747065683758
818720899,4,1.9014828971121176,0.35619658092091844,0.23078811312448128,1.0570266243069113,14.78987114223556
818853032,0,101.19297486554424,0.35375640611976517,0.1847436481994405,1.0406243979577718,11.905522896324843
819286039,4,360.78791928977046,0.44745642314498013,0.3581135676124728,1.0448285079364132,25.25690726335867
819429551,2,238.10011683279998,0.3716611224252954,0.18964228687710732,1.2516689315135052,20.983093266475283
819812613,0,191.67695931314148,0.35582754705192793,0.2256906106865918,0.9759666471617826,15.500605167953921
819863073,2,235.86336496158924,0.35326143082371303,0.27947291507342403,1.241826011098085,21.870522043621015
819957053,2,145.60477142927226,0.33800856744823005,0.24536536051236535,1.0445808023546461,14.86473367804218
820067576,3,69.82803410953427,0.3646055139894474,0.26859691691629983,1.2384916491200455,13.949933871802738
820073046,2,180.3755657417516,0.3546278920600032,0.3291098115979028,1.2159302705542059,23.163023679253087
820293105,3,11.136592714318354,0.3521976924034944,0.301355324991271,1.0572242471000195,22.061862558320474
820510299,2,195.74705473788413,0.3385606467587276,0.21897630592317363,1.2561573725532744,20.717323913002637
820601696,2,319.2474015915407,0.42245501849618344,0.37817842154828607,1.1205022714280635,29.663203543274314
820692130,2,129.25671520705168,0.3235759142682807,0.19823197836525314,1.2305633228300226,14.771158126304574
821219964,4,30.511993948445152,0.31075997789376986,0.20473812007560466,1.1508110137260537,12.06317135162021
821229257,3,11.59815969285809,0.34857282553221375,0.2939816544191378,1.0723434312820685,22.030875257352314
821537914,2,160.04963940755903,0.3593156101082762,0.17288483244069608,1.0113594933638543,12.211217869540707
821542361,3,152.1464939538587,0.39247113579847703,0.23091533360754457,1.1318579343060433,21.463055007045842
821655324,0,56.07760983211422,0.3663271524273208,0.27681054457637244,1.0597558813356915,20.546510885713786
821914285,2,322.54643528628253,0.3912351055030751,0.126097176332286,1.1401232404063826,17.553199257158518
822072702,3,124.80386032528989,0.3484503499508055,0.28745953343951075,1.1927205841059185,23.751183843225697
822079361,2,86.37256391329558,0.2686986259268759,0.19340251642190306,1.3490505349292405,14.793676396585003
822137197,1,55.849606867501215,0.34824195940040314,0.27624384309434336,1.0668845173194625,20.28698918262853
822757140,0,113.51573067143727,0.34659054791850213,0.19261918906056447,1.1097262460269186,15.348164423707244
822972602,1,88.82800869866209,0.3278178795263234,0.28592082397981167,1.050463175305204,18.666244571267242
823244753,1,140.0593308139587,0.31234689084060685,0.23849624039697404,1.2301970622754146,18.795071511081588
823634116,4,201.90764914095803,0.38035895453280627,0.2016873941897325,1.2508714565695174,21.636018092178904
824512000,0,45.77111712754958,0.34711435774290134,0.28356841082745204,1.055565860886311,17.977734335768858
825127348,0,292.8850968886426,0.4217185546915381,0.2703474539842054,1.0998584540575267,23.877672337331763
825973293,2,244.42094868687377,0.3886866690120243,0.1596088102099736,1.0679704490523672,16.511404025284598
826258963,0,72.8397603023418,0.36165591999581365,0.22325081631658036,1.030764752268609,12.889379671758066
826441672,1,196.52435910819054,0.35099602700579496,0.23248550371240823,1.0527813877231622,13.67600051266634
827035363,2,39.65079304730497,0.3408969600469861,0.26951886168233635,1.0834645261065978,17.173547655215888
827086896,4,241.6901159483398,0.3863846194916638,0.19742846146470971,1.2074450508720413,22.79422217708638
827590818,3,189.98112221391276,0.37450218755449993,0.27422700435623715,1.1391356667467611,23.90135898037054
828069066,0,31.498636869554282,0.3861304909745395,0.1723611835153001,1.0108431560927562,18.90050386639665
828078901,3,211.75162676638368,0.38399569516087,0.25697990893445755,1.0855504362029647,21.756365217471743
828636202,1,176.33488386843356,0.3591024843344984,0.25241733585334136,1.1346147700536406,19.124620912059086
828717601,1,156.83588864362358,0.3476124349677298,0.3133179153093765,1.0761833377548642,22.19936805424705
828807298,3,236.04746700557203,0.3732401870100019,0.2236875349732806,1.2396806024040914,24.289310579135005
828904716,0,47.324942616857044,0.34222517703054683,0.28772293231468077,0.9622184573893519,18.35458550426279
829968625,4,63.55725168959687,0.3630317924827242,0.16939552070346114,1.1349278536705723,13.652695110516301
829981361,4,88.67063735597847,0.35331046914024805,0.24920447673120383,1.0827479305804333,20.27054075180963
830475899,4,-35.579725097413444,0.3386591418885164,0.24870923211927884,1.0780624435472466,16.56166884588169
831848484,1,-17.41845272434466,0.34546813096985945,0.23811065770365697,0.986267947026875,17.05052858876435
831990105,1,130.18590782468175,0.32186435356817655,0.24351870491943053,1.1839735461869914,16.84190599083372
832112945,3,56.926519807167985,0.3393132403746786,0.2629451881219438,1.179169919940871,22.946418926924686
832174357,2,3.9577182116875633,0.37572227279223175,0.3490360913922973,0.9420469315556657,22.776121715207545
832267594,2,163.4160185905003,0.41661856300336075,0.15017603222915765,1.0313454985661286,13.058466709379978
832293069,1,62.48701773587369,0.3409023151003598,0.16391488840378143,1.1289404226819948,15.501268820113559
832907527,3,147.95034486872385,0.33958854614709516,0.26843410159302544,1.1807007316573945,20.218551002323757
832948495,2,164.67088273859457,0.3516873480103823,0.3278330344096227,1.1019250624450798,22.574479916075163
833018953,1,77.58815261579934,0.33540068376328963,0.2571648460891222,1.0379523990872492,16.877245208502607
833673959,2,-35.67032026751373,0.4219984557601317,0.22441021584523377,0.8732453542104336,13.842114493683093
834012774,1,151.78583060683923,0.42765128103275246,0.17856497009735173,0.9162522461616185,11.283908852038847
834236236,0,170.805006276854,0.36164930333563444,0.21267842089642958,0.9790879178629168,14.385986903651066
834328037,1,65.94381356705837,0.3741599764376923,0.29441660749522913,1.053395773475157,20.16188811383791
834450099,3,192.9178740187299,0.3744873445190146,0.30048912093860347,1.1826974577216833,22.92475409463105
834642680,3,176.79852824059827,0.3426029303183721,0.24275094963231,1.2357478732971623,18.20471419080172
835449661,1,55.843004988722676,0.3429521005794884,0.2381932487631563,1.139829665878898,18.560745352256358
835465429,2,2.0084020384497308,0.36892818684314177,0.22558703076370987,1.0387615527725547,12.870196029876348
836337726,2,258.83227277949743,0.3754747416406493,0.25439508615968587,1.2478708752426197,23.995864558961546
836390884,3,69.71205940958714,0.3653987696302731,0.25956749321079353,0.9427458269042712,16.04644265844731
836759737,2,-9.33563008468657,0.35495435852893115,0.1241272239482463,1.314115887437721,12.5469859354464
836965269,4,133.86274056823925,0.3386032181752912,0.2446537150574219,1.2362698494317401,16.903846175483608
837296086,0,67.61435986427047,0.3466131611854419,0.21744301395714544,1.2400853591974075,21.327410189477447
837351512,3,252.82649102828492,0.37431360358723675,0.25829981934460383,0.9423332757391409,19.712034619392227
837417544,0,151.4621681788161,0.3393774048260979,0.16907357515771296,1.1995969013512937,18.67848817491712
837604570,4,-25.01006878068563,0.3753572259666143,0.2482320551758104,1.0051253213246352,16.651872837396166
838168073,4,61.05532453700599,0.32996825910590794,0.2212268214010766,1.1078526706837033,16.482203251212486
838352971,1,143.77247212402887,0.34918278000770137,0.24314023986039535,1.0433058982153598,17.922053237372594
838510907,0,173.2146072021701,0.37356111981623796,0.2375283672143479,1.159380784429612,26.723911735901016
838925791,0,76.31910189288985,0.3714129512679332,0.22456166086757642,1.112275722072595,16.65941624023946
839165953,1,39.06672086332283,0.3067954853895971,0.24063510302001484,1.1179048845694706,15.608224391862077
839183601,3,-51.78304694533114,0.341286448222387,0.19511067567195128,1.1162586511219603,16.220029001343867
839463211,0,112.56404239535286,0.35158867287673123,0.2047571128897501,1.1100688522310957,13.614224981374218
839630987,4,58.557108372043494,0.3597390483505764,0.28428815262951207,1.056424819437826,20.10709470631896
839752989,2,-19.624786353386895,0.3622743695176947,0.31117758643932514,0.9579955726457772,20.748401270984758
839878795,2,196.12371473019266,0.37782824124323283,0.23770187992363487,1.0913067864144772,18.94051775599439
840186031,3,205.49055976603728,0.38978089810208344,0.3058245082524147,1.1157460809625763,23.800403892373282
840194928,0,82.0895637932527,0.3761104920222086,0.2747559878142572,0.9226847700109085,17.618905300314378
840303746,4,88.16530809403434,0.3359327352602465,0.2675164505554092,1.212697670166758,15.926017704294074
840698807,3,28.307743548697346,0.37449805852430473,0.22180496269475042,0.9282898372937582,11.866711000383031
841055334,3,224.81841808673428,0.3887703841419184,0.2388691806637901,1.1023459455143743,23.868561331854025
841072650,4,25.817041347542528,0.4000698722735069,0.29988488422943854,0.952907595704688,15.146878412379797
841081788,3,66.09934670006452,0.3074260724729847,0.26118047413906437,1.091806586450395,17.884882415282725
841226784,1,90.29116863219149,0.3470083661983628,0.17890323620745083,1.0888409554557652,12.655473380435367
841328550,1,231.41576331320147,0.36452174935831205,0.22901070278039468,1.2400018806359017,23.213671111423807
841576889,3,135.3322053106552,0.38745080712067914,0.297518509713749,1.1602414579468359,21.776680633550665
842024022,0,36.307899923506405,0.3326696771173943,0.1669902330369608,1.3927664362817467,22.065779492582966
842148313,1,169.93832945565845,0.3774609683143702,0.2531548131551115,0.9924308726940033,16.475812607900743
842167683,4,278.544344979892,0.3807315469699946,0.22100835894825374,1.1061342885326588,17.344648453085096
842432665,2,40.158502069671776,0.36299081329557115,0.30892853704342105,0.9657835656704579,19.853691210377782
842879180,3,106.23770243988685,0.36198066810808266,0.14098478208269,0.9638026090581487,11.752388373903905
843120215,2,113.6643323314225,0.3472466833425796,0.23260019738794388,1.134909051112019,18.381233676355833
843575922,2,4.104142087843357,0.33523413894641546,0.3090128681681449,1.1837498208576434,20.932775023625606
843758383,3,210.99087843575438,0.4278181432452419,0.1994762260075381,1.1013143066143496,21.432266383376668
843894109,0,168.10498075890314,0.3663023379362859,0.22124567448519447,0.9927621650718575,13.1980293264359
844100895,0,-27.215697135929574,0.3528836160635507,0.2599212035698074,1.1801168455376045,19.25591659333208
844147775,0,28.700019014572902,0.38301160499322295,0.33661961466934437,0.883417742218025,14.561998380076806
844156595,2,140.80768041537863,0.3589382901482781,0.19024256886935903,1.085502438736681,14.243900773920304
844411055,3,169.39166173893778,0.38654127292118196,0.27959169792107064,1.1550242890392974,20.9297521559559
844805086,2,315.0469285302809,0.42623340097153223,0.1966985796219168,1.1931676990331652,19.573036983571875
845322563,1,27.74093730503442,0.3453021961972337,0.31903062810107286,0.9524830261089684,20.151324880378564
845810761,0,170.98522628307865,0.37002348039752214,0.20582202670546118,1.2671115047285841,21.647324817456447
845873232,2,167.5621201735229,0.35986008228079225,0.21364408406492238,1.2464940270230147,19.87956403018152
845994024,1,163.59937824892916,0.35124362874098247,0.286602975669629,1.2204122377003224,20.4638114577188
846108255,1,98.21913344533404,0.35397162293791223,0.3146038057241036,1.1466822096457103,24.064043489169663
846390932,4,137.9022492810119,0.35041449098323174,0.3103142144238986,1.0358397177754057,21.58242846543442
846455978,1,135.46294584058992,0.3240824131787166,0.21397755877160407,1.1141755234728103,14.858736286540665
846469607,2,149.54490297436752,0.37003943595047706,0.25100707743781403,1.2272137829913223,21.35149729396573
846662171,1,64.93044496040253,0.3438112735287609,0.24589486370933702,1.0890566027125241,16.615601001559497
846740244,2,95.90135537100755,0.3442470552308703,0.18279412221364078,1.1486967996931958,16.456780366321414
846811981,4,145.29845468909116,0.3609211354899622,0.23761342640057456,1.0482018403172924,18.429370992971766
847044135,0,82.65110169602136,0.32702443258246733,0.21661000714035372,1.129711693267445,11.990534803977514
847356042,4,8.818627950223544,0.351033563139074,0.27982619541498616,1.093101985370933,21.723881796459594
848025633,0,230.2873794536407,0.3732835232888564,0.18493176615964135,1.1091716466083077,18.336918269292795
848202218,3,99.66909059963369,0.35919821511420946,0.3011468632934992,1.0662777407929402,15.55197217949192
848295596,2,223.20648239387268,0.35966118697350374,0.2497123051680145,1.0985673755754943,22.05400548399841
848393860,3,281.8017820432464,0.37074673418077436,0.2925939544515672,0.9609989540722275,21.875290799613765
848462258,1,54.003174812018884,0.3643940195788791,0.14760729573962786,1.2075284469138434,14.44762444234427
849184713,3,184.49234238458735,0.43124685444939936,0.1425536688347483,1.5871672412287456,21.409645251017253
850250800,2,266.2857838556431,0.38237366148520746,0.1544825224003769,1.0327195490416108,13.922524511039263
850843223,2,247.41936243096796,0.36035530369159774,0.19016538172912067,1.2458369466001673,20.027218809083223
851867509,1,39.467094143173206,0.3602433438099088,0.20080023243534317,1.0047125016626468,13.0365304566652
852036166,2,209.38098944633185,0.38599203993891007,0.20034656031385345,1.0119293557923235,15.721999087986891
852138859,1,63.052995286642975,0.3517740261356556,0.28092919622928375,1.039924956157571,16.947547643517947
852180145,4,40.62813328189314,0.3668060301841024,0.17789911099408853,1.0777405287404638,11.156282876445573
852184111,1,245.66681231759992,0.4621177753108587,0.22864706792895892,0.9309093261502245,18.926784669783494
852432684,4,158.86563457071748,0.3479458365677823,0.2801900539031219,1.0881011285120452,19.650758856788983
852454383,2,195.12778821950593,0.360736020935865,0.2553294203313476,1.029205027351094,18.655340653747487
852757055,3,201.25438887780678,0.3614156799399548,0.23254542208320603,0.9633195108782188,16.27211415926368
852866777,0,135.81332403535146,0.3967071456872073,0.2221914828443674,1.0713414195069235,19.58244852246436
853471397,0,43.230299756881124,0.3986936807910383,0.29390400083148965,0.9015037890524769,20.3004211369894
854050780,0,14.727241312901143,0.35449026870513695,0.2505494344096343,1.2061021664842673,20.006656747601603
854325702,3,-121.08858287865519,0.3665922039966244,0.2355437259668847,1.0902546347707474,20.54386574148862
854626537,0,200.73516479894886,0.36737036263014133,0.21708606978394904,0.9546757017424595,13.085370748612569
855265813,3,282.64150495026814,0.39804434679210926,0.22494648389687555,1.0824172326807882,23.88540969661412
856310175,4,129.06884016032785,0.3746050890084716,0.1469806482376821,0.944558454616381,10.920596342060996
857493941,4,-23.98179843364555,0.35115716368681216,0.2419306493598883,1.0720596957236967,15.462618996672166
857690226,4,8.742395787625355,0.37476098316288287,0.24045204506600745,0.9444368723806784,12.994538281109335
858163366,4,27.99086478053212,0.3475393184851848,0.26561318304264636,0.9844658149179123,16.894247279540014
858271129,4,45.57385740859254,0.35435620995423084,0.2667057297430312,1.1248112781668382,21.801562561969575
858364876,1,202.246519402463,0.3555685538340318,0.22536707437565448,0.9439574617974722,13.60755616639037
858663171,4,-58.176863793206564,0.3183332168238869,0.23820853148627114,1.1825687358725923,20.633070617076392
859360973,0,141.01502325434672,0.34109273837281257,0.2592237126879846,1.0253854946433145,18.556757998893993
859487043,3,62.155097783445534,0.34316583810556356,0.24213212434515988,1.1700833548200424,21.58418034424223
859606185,1,85.68957791911905,0.34662478857564444,0.2481462773047952,1.0453521801654244,17.19562136533062
859644583,2,-30.177926084592457,0.3721148723175381,0.3111565344281148,0.9209403873065484,19.22423208299242
859659419,0,-62.45458680752624,0.41644146768562906,0.2098386246934785,0.9569369303535253,11.92238055462394
859939433,4,258.24677622551485,0.36885790058115175,0.27012947052794595,1.0206719873209034,18.55788790094694
860122882,1,146.9528991956371,0.3472902141806209,0.28858836295133306,1.0083432734740498,17.695288180165715
860336451,0,49.78773237865709,0.35209568263637875,0.28391563364665334,1.0948660270700297,18.65517988488521
860722279,4,-104.14432076585828,0.3891447973715127,0.14157169173693307,1.2378121663276196,16.18271017748844
860898971,4,-7.708868558440301,0.3417931290382831,0.24493250800990676,1.106916545373452,19.799425521345423
861130931,0,3.4333950770797657,0.3965000882032943,0.3368378362922781,0.8697651215663851,16.957135106933187
861281692,4,306.6530800318466,0.3986606142393372,0.2417103194547166,1.0827071516634506,20.93668973153261
861558907,2,79.23617599296843,0.366284835137298,0.21630312592775192,1.0718828591974254,15.704350792359056
861681123,3,112.88285347302183,0.32527202699638175,0.23410440172617708,1.2101169816448745,17.34298319482028
862321368,4,6.062991541437825,0.3807228747470584,0.2481119541442639,0.9714305874612711,11.785440709827938
862498467,4,140.97421584010536,0.3770764832601957,0.2003872240300357,1.0787073786133814,16.73828780572479
862699408,2,144.44802958966443,0.3803199233666057,0.21104198805295576,1.0323336886486019,17.56795069508058
862879139,0,200.95375914683757,0.3510665183370229,0.2261554657932921,0.9557907986847534,15.677036911135586
863587457,2,22.630641738697108,0.31442122097493125,0.255355164763079,1.236190629259736,15.25359893941399
863625275,3,193.3507776357871,0.403036089140635,0.22232230517795748,0.9177551890487219,15.281154755890288
864305544,2,3.565825795764141,0.33468705606402244,0.1022579623179819,1.4642876188721203,12.732665906548867
864842890,1,19.467371804852206,0.3627047954505446,0.2828661960375055,1.0118756102732314,19.24764619693455
865092427,1,218.2449821735909,0.376791317648421,0.2164679438281671,1.0431271883310895,18.178122973304394
865332656,4,-42.035847071954834,0.3845747940794702,0.34466640495034206,0.8924484470145025,16.808550016969317
865769090,0,61.72058110298239,0.323005050232135,0.14656572815700655,1.1129173417659683,17.48647345493522
865858202,1,151.5912070885421,0.35411173262860873,0.2577672345390444,1.1904541773355328,20.500133034254798
865879594,3,42.99771296777086,0.3939960611103333,0.11085442187782157,1.2435881027484446,12.931745827385603
865948061,4,386.42120882273355,0.4109383884413246,0.2683777332429674,1.1661820684923188,27.742184454441716
866279797,0,195.3147956143594,0.36306647738383796,0.24704364412138874,1.0756595343292512,17.124035667207124
866677131,3,1.3271418725970534,0.37761874946593926,0.2757201403619036,0.9845079828229563,22.184805130544916
866841862,1,192.21395881773407,0.3634532674149363,0.24079887891947457,0.9937858737014519,17.21934904726138
866951127,0,8.78029015376076,0.4097873450459772,0.22653984839053573,0.7692136812861962,10.952575973778782
867336767,4,167.2205721766677,0.36703040519852365,0.2593272249024038,0.9820115643568363,19.342065015694487
867393548,3,55.92081666099738,0.36827651730705185,0.36229416519649965,0.9410394056010722,20.35504018750222
867402833,1,80.45609680423304,0.3573408866227844,0.2041259416450058,1.1011635626484761,13.620144121992691
867714785,3,132.50166829779323,0.41206976214183316,0.19993758258046723,0.7511871037044676,12.273153627815605
867758699,3,56.41218618589907,0.39587697237530617,0.23641445715332884,1.0772069364361583,14.865726020450373
869392310,0,188.5634956343842,0.3406721957410572,0.2511821735258104,1.0173293602512357,15.689638763905156
869406421,4,236.02588702691503,0.40864070818331605,0.1655900225560689,1.0386602405242673,15.403760566946229
869708404,2,201.0898849680095,0.3552359154096882,0.1734363105838786,1.2345403810080722,18.776281050471265
870443283,0,279.80879667488153,0.40185242975389207,0.23220858723655582,1.1041067577769086,16.909363795241905
870679146,3,123.57971430259026,0.35771937549972704,0.31937665938664084,1.19261354455601,23.905344711891253
871001883,0,169.59349227704053,0.3246973566907372,0.27259397430237897,1.1157794731203428,18.156413628523552
871245251,2,-7.946305548974664,0.3599211155235253,0.2112089111301504,1.1867012305167102,16.56444522802076
871482212,4,31.201512920883914,0.3589102836410369,0.20252163900730785,0.9866785284794206,11.761690006919624
871802155,4,37.252008094251345,0.3530702776991185,0.20132040363302323,1.0519252414517268,11.489114735997374
872295488,1,27.891560389494316,0.3767129894931285,0.19281187242348946,0.8787209401175891,11.692324388912137
873004206,3,258.3380612366352,0.3701550796672013,0.2783899067307064,1.2190323739614117,24.122560457193472
873238288,1,194.82220217680413,0.3536647448696213,0.189887665934886,1.0397627005944823,16.383734306717013
873401341,3,261.06030553087044,0.3990515676127061,0.3360563125563678,1.0938512645627245,21.89681576308891
873453731,1,118.89131995732491,0.35994429724092875,0.23972180940201607,1.0556973596676942,20.397437980321097
873632495,1,75.87570044687716,0.45535420293794004,0.20093062684636245,1.0167798839533033,15.098585718076219
873980403,4,22.62898914232298,0.3586425821851254,0.17058619974739525,1.0962037273572092,12.059567196266642
874837683,4,49.47122914796466,0.3582005142689165,0.24877192439691137,1.1256255404915283,19.273743166753366
875422792,2,179.19368972497685,0.37150520903867884,0.30194109946593317,1.2140625592473748,24.538412383757795
875480288,2,62.87479987761354,0.36306171076382915,0.21168028835065836,1.1031218254709965,14.164371597420526
875491202,4,244.68497031987,0.3642782779865057,0.21663523030642876,1.0877126408950075,16.6016794071343
875508039,1,172.3830757368863,0.3712686158489192,0.2646283155591604,0.9971112895879298,17.4761938572057
876188876,2,159.7214776615863,0.3792125700434641,0.28110235358422136,1.0987085788404636,20.125018051227112
876238099,4,28.844482525867093,0.4003887749104593,0.28910164100325425,0.9667823480382501,15.265951713390493
877528478,0,-37.19148731265338,0.3819978631461435,0.334606807673965,0.897803305130755,21.238792362654916
877661391,2,30.84083668285834,0.3797697148034088,0.23453174884863703,1.0720194249217367,14.901488587413986
878287974,1,138.0996379550159,0.357463704713994,0.2685884055583406,1.027714452568023,18.337876963605293
878623302,0,77.45172032408514,0.39981098720874725,0.2569364811091646,0.846326312129563,12.77225197642304
878851923,4,150.4101055817208,0.37918391804499896,0.25777379323971267,1.1768342620859389,21.834376671960886
879566898,1,68.03858112962149,0.3394158605545191,0.21268286055487995,1.0231795966908486,12.699703524392408
879855559,3,198.1274633532048,0.36143304368773643,0.2640202255724882,0.95841214900022,19.792646476488702
880146863,0,160.1655753905476,0.3684269452133572,0.23146697155840668,0.9630800431644281,14.88411550436924
880265803,3,-57.597940996241675,0.3537335273268718,0.21471382157276775,1.1680493945820207,15.36911886511302
880356503,0,-34.333927100119524,0.3068926666977486,0.22018801199270438,1.19292880970686,20.73549908290497
880710416,1,187.96417577788057,0.36222515012006107,0.3003845058649549,1.1523449292382841,20.43883296716276
881168754,4,173.03503300701718,0.33054506747722956,0.3154124504313957,1.056710508739398,21.431432326668347
881173814,0,173.0433758397176,0.36433313987944266,0.14275291681755703,1.1085259228082198,12.601392602812435
881250244,2,379.8223013009661,0.41603841800144725,0.19333875034015874,1.1211666304620203,17.56159092381192
881286368,3,159.618791760647,0.36998501591522515,0.14747766354380915,1.1527752057526623,17.44977144831575
881699959,1,188.1700475521785,0.3915107710908558,0.21267085901196853,0.971296739589328,14.593460686505251
882038181,2,25.03461116852283,0.3939574237875543,0.15735326968809135,1.1093410629348188,13.270079950148878
882891483,3,173.3342369557779,0.37583563870836056,0.2501524443263207,1.1794272185208527,21.175012658976772
884131140,4,65.4625639758948,0.3392827621202377,0.2262531136058903,1.1732331187415546,17.80717353811695
884364741,4,141.655148098363,0.36979912963825134,0.20299428932130237,1.0629428002794874,16.182890441065275
884656805,1,95.15642589798287,0.3263178363420145,0.21979766887632085,1.133155505819081,15.392440892365796
884758912,1,271.36795937888496,0.3860051963635444,0.21650676900878438,1.0888584632413887,21.46673920811818
884792716,2,175.66907916387015,0.36436763848983483,0.20104984411387747,0.9667036519463993,15.77474744317394
884979712,3,111.27659778194341,0.3721168199909499,0.3307786782298157,1.0427674701781227,19.946309062488403
885328080,0,82.99586089776423,0.30827549224504214,0.18406307013107426,1.0589988264154342,13.021914199873052
885496474,2,46.48904578065411,0.36288935057727334,0.1835020562927044,1.1209455773415946,11.488815824695058
886026826,0,41.37055462076978,0.43152919058485095,0.3050097068687625,0.9778037092215914,18.484469076471125
886271093,4,43.433478159661064,0.3596619146758942,0.1800281406353189,1.0765324796451519,12.847258753148017
886386910,4,-3.853718605075585,0.3589815786993216,0.25013142568794006,1.0965889863508713,17.89657506371643
886529018,2,89.7967632331598,0.34967564299308607,0.2942143558175869,1.087642538411296,20.29959196184167
886858918,1,71.39186893281402,0.36812921818573213,0.2304822033571924,1.0848630825379932,15.458949260220496
887026171,3,-7.4749287824566295,0.41161475596780234,0.18222518235654422,1.0097076431513408,18.063751587559302
887350173,2,333.6767929933853,0.39429123968490504,0.18316021529725052,1.0037431609657599,13.932658080878952
887653372,4,209.42097228326577,0.3507230797634151,0.2733771510133696,1.089477346772745,18.156011324349077
887685066,2,132.9304963636214,0.368799260353319,0.19259875127604875,1.1918385512317542,18.377772434217718
887804615,4,30.920454947668347,0.34470837589421927,0.24797145581755026,1.162075048996209,19.251136272516025
888408662,1,188.41378944430497,0.36458037811197663,0.25983182375594543,1.1397674629910028,20.933826878934703
889509807,2,281.4350869969012,0.37511355743635794,0.12871819988966465,1.2795946972872367,18.46636797583838
889670641,2,140.5225234771273,0.3677933491317105,0.2297935693677236,1.1087922574477143,19.003996797521975
889893408,3,172.2398043363001,0.3544344896450658,0.2616962010280979,1.1064642017215431,22.144341717124348
890037112,0,88.72847819136715,0.3368832329608426,0.28933406389462546,1.11382679364682,14.115049176658088
890273694,2,191.16546589521744,0.4054859475026187,0.15349711275311861,0.9949187067006108,13.896928590606572
890286804,2,207.22125422809125,0.3777171867992565,0.2067716191516068,1.230522623486721,20.686712325391138
890297179,3,-4.368361594087119,0.4469320330061842,0.23262215513220977,0.961807192279642,16.27899516539318
890414662,3,233.42746204872736,0.35704108177029814,0.18210037653881966,1.147906472155018,21.203136357808887
890512503,0,108.05013223579644,0.3888263066112233,0.16718923058476529,0.8650118723392052,10.070343597173022
890572584,1,67.36398585497227,0.3829824324298633,0.25377993554391926,0.9431734903093043,16.15386721271782
890993359,1,59.90408377721587,0.3474148302261261,0.22657623658465242,1.0775485747782152,17.055865977509896
892241258,4,105.49742687721887,0.3255783941610235,0.240866198841793,1.1272924401372255,18.63123494589958
893298020,1,5.198185770842386,0.37133946700638226,0.2438948821674466,1.0167588543346704,13.401311934333723
893952822,2,121.27100183254396,0.3719777493191779,0.20051283588384003,0.9842356337970294,14.032466932743914
894220698,0,246.3076807804694,0.3756083558578007,0.2482096190249875,1.1816370496049913,22.82589652925611
895111852,0,-22.945913806900904,0.35668634242848357,0.25726066939480324,1.0963120351639166,13.307468945601236
895255248,0,70.82400926438851,0.3368382070675316,0.22131004104056234,1.1804714998136054,19.520947782711968
895257711,4,26.120921732903398,0.37649949519887965,0.3331642274003962,1.0228187235689274,21.18180020015385
895302963,0,-89.21921721678301,0.36537571776216776,0.24191225279210155,1.0583577434764602,18.102108004888766
895368318,2,176.207537878432,0.3725373268573565,0.2172831227358289,1.1502187008736828,18.037503778534695
895465907,3,85.53114812439405,0.3455048835055405,0.31512836074814893,1.0503332454908716,20.4272840216685
896186812,1,153.66773209695793,0.3584169583200301,0.2561930454564805,1.0352740296563216,16.692234737937415
896500717,2,58.617364605337855,0.3417914461710443,0.27320698514552216,1.1028120144778275,17.527898343198604
896516520,1,153.08524984924227,0.34891092651027805,0.2591038996201346,1.1229004394007205,19.485363594688263
896836306,2,63.156087671754335,0.34945367752610507,0.25931012256869257,1.101168606150995,20.286089078226492
897111350,4,5.6999165356331645,0.3620761784129012,0.25033107563478413,1.0329091849490817,16.11088923393164
897856664,0,109.59811872315092,0.38687259594612616,0.18913077683129798,1.0179096660766918,12.084305286415916
897919146,3,53.02459444843036,0.3518448935279008,0.3008555251514484,1.0497023654843662,20.216299591171655
898827717,4,-61.73011988815358,0.35639391368152634,0.2660138908935933,0.962897833771987,18.725616741139266
899188513,1,-4.640031595137984,0.35502710546991084,0.19940288289654265,1.1003206500451628,13.161109166256967
899991188,2,63.35583181258531,0.37377249605417057,0.3875196816094988,0.9062125922237615,21.47424672943759
900206396,2,230.30041061157556,0.3820472407317143,0.20831926840481935,1.1840447254701265,17.8070390948708
900377151,0,158.62088978042328,0.36972042423906315,0.2325536966047681,0.9716262358713751,13.565862933001515
900477091,4,56.94974600875,0.3608088423276517,0.20347711550907133,1.1274634518949334,16.432791968844416
901091575,4,29.56885307523089,0.35187887197618534,0.276861257128478,1.0640612726229934,20.204842491335082
901146079,3,228.67864460187928,0.3640149457424769,0.2919371997378845,1.1811503952022315,24.230667398148075
901361482,4,17.161633452971046,0.3712203095801841,0.233879901527854,1.0121479697776143,11.77507973984667
901629107,1,-19.38037808675054,0.32565038376074584,0.2414779774903314,1.1022843782900555,19.71996758962684
902068777,4,15.180050179444123,0.3533902680711344,0.2809399659658461,1.04394159281234,18.53438875781342
902689817,0,223.16420474905811,0.37425278070344503,0.1665924461631242,1.1683840054436918,19.69263359341577
902705671,1,20.943026915168204,0.3592018886558355,0.279357718851802,1.0059664350987185,15.276891788193451
902763521,1,140.93978137469708,0.4060703434876952,0.22780303332752272,1.0719953449628037,22.59896710716182
903431099,0,63.477407254219656,0.355222063080362,0.13466906048431734,1.1091007207077634,13.152792260596886
903930104,2,66.06593158673056,0.3687778175734657,0.3646823164337184,1.014937749903681,24.550431599314415
904061966,3,-12.641376083110416,0.3610954038603613,0.21281813768980898,1.0804317029673391,11.885074875579788
904517028,4,167.3207461949329,0.42527070314863147,0.15864107428910618,0.9810357151349308,14.477136160088849
904673850,1,49.531005407995856,0.35285023647456987,0.2723960072741297,0.9722720118453596,16.42339650412792
904679252,2,171.92071610058042,0.376756655317692,0.20699099031265308,1.205852339632481,21.63713208803017
904704494,4,3.365385014171565,0.35850512370077614,0.24383452640695438,0.9896007018690325,14.29270029068245
904791008,1,-13.257587296571401,0.3825831795238184,0.3685029566893627,0.8946023617701663,21.113660160238133
905076848,2,144.46365197960074,0.37150237557810506,0.14444916810585107,1.0943265595107305,13.679048342644021
906179701,2,283.1269847058792,0.41031923783725205,0.3331111171734624,1.0898846639803814,23.256808437658357
906210584,0,44.686838136509024,0.3637664767228892,0.23410779103573054,1.1586519545329965,17.359983733716223
906778852,0,154.7701074451428,0.33513316351569156,0.31327497121559006,1.1341682081471858,24.79298707369845
906799787,1,219.8485725931438,0.45032473949478447,0.17513184734905857,0.9397268103072081,13.856858033047088
907119862,1,86.83626688398554,0.3408839705261757,0.2492325981242591,1.0136496003157196,16.501985162298467
907128555,4,63.8214953622852,0.3215536627739945,0.27876437326239184,1.1736151842055738,17.230370205075094
907537660,1,78.31828677276036,0.3346862369212822,0.17725772677977902,0.8545798900120315,15.304314553902945
907618399,4,144.18796995092205,0.37605095757058893,0.17731143418907644,1.4294924654331869,17.895302893984553
907710212,1,198.79351915692973,0.39613619234805175,0.20273660755757741,1.0015852098200004,16.22354489193233
908333095,2,276.29118028282613,0.3820728521317506,0.2587486874971334,1.1865605286074876,21.45967859109918
908476662,3,194.6505374724489,0.37583027301210525,0.2524398874409693,1.1454682949430897,23.459451395456806
908638014,3,62.46308192778528,0.3796600717500712,0.3147003971254237,1.072816757666287,23.054427323938988
908754108,1,-27.604089838993673,0.32401912588949555,0.17566263573111596,1.2152072241649359,16.165917790953
908812975,3,143.84898531956856,0.4003784629150661,0.2801981603426037,1.0076260636239571,17.545026219702052
908837792,1,78.0579478497186,0.3494440072354714,0.3126715573153626,1.0118644122547578,20.440386937994273
909382922,2,188.42900100673427,0.36317454631699886,0.19277772012783273,1.2264558763466844,19.028447234842236
909509106,3,-23.412546176214562,0.4235609553249728,0.18661298398173132,0.9868001376970097,16.75074447796912
909673553,4,-40.23908198263382,0.39615858458812186,0.22338588567764445,1.017386117294456,16.2733468294919
909955996,1,105.06999654197156,0.3581212365186567,0.22538431408634857,1.0582843421602197,15.255326517703114
910389413,1,129.08385573850973,0.3402422105275202,0.24960722109404435,1.0030022991125178,17.003172071755927
911111741,3,165.54553305426558,0.34592700349066224,0.2988249882033976,1.052506164013247,20.1562314965964
911981082,0,14.93396696875702,0.37713452475987946,0.20642224678634552,0.9712095993650078,11.533295905947718
912214142,4,150.35879559671764,0.42036973007699935,0.21114126319509796,0.9382511853171406,13.829849559220001
912864989,0,89.80994083384466,0.36410851604503497,0.1731756533888112,1.0774774967063157,13.467972150312832
912967034,1,60.637931078784604,0.3733494294211998,0.36263647919961683,0.9333303108566013,20.367785562735882
913368014,0,58.25052076384948,0.313472602487166,0.1791664748777973,1.0491907875973214,13.90921658838536
913582816,2,-17.71814266874435,0.3754216086525088,0.3136964965046053,0.9338144598031176,18.912004920758626
913768396,3,72.20413991776405,0.33696538487005945,0.2522717481976964,1.1248860005664663,19.13273850339329
914204004,2,103.07672042515833,0.40475263965941316,0.23249457611919355,0.9053438053840535,16.54501195519733
914466551,3,40.20432808113816,0.35952338134957684,0.18130269343193428,1.0657491895174005,12.426966943659465
914573947,1,242.20972299629972,0.37983880630547273,0.2235613992467624,1.0980061225488513,18.33899745548846
915211571,3,276.9291976714328,0.4032064213078281,0.22203059333382605,1.0935694070873112,22.458985631012236
915222222,3,113.31278886202807,0.38342129094346455,0.17602276884548812,1.0127864895646328,9.271404808114225
915365516,4,243.71427690032326,0.3792388866099527,0.22899191868480567,1.0017608106307239,17.688486855040782
915411038,3,61.24874091277226,0.35321343470087263,0.28068505678344263,1.1673403445596098,20.43987857300578
915653393,0,197.00779055899912,0.38066670612812803,0.20691404579038378,1.0566803612054456,19.970404904848127
915714545,4,188.7699570315252,0.3703968053824604,0.22067082698347446,0.975484411987563,17.70243914426953
915798099,4,102.50269969679691,0.36792014729334716,0.2218312275783498,1.1077596196523958,16.52173212711983
915909655,0,99.41878294385897,0.36835936824944343,0.1661853101317105,0.9995899803744355,11.369979221914488
916135247,1,227.73760008914726,0.3499147518585869,0.32191784019872804,1.1655055299283779,24.97171645926337
916461490,0,94.46437581391072,0.3606444116186349,0.2678110271431263,1.0380482865072513,23.65792686025524
916566560,4,223.56100635712846,0.37130009193772145,0.23261407427232805,0.9865245541804258,17.945700515999285
917149837,3,169.69398336606162,0.35221716435176514,0.29887742928251076,1.237388125645826,23.33290137328892
917240080,1,295.4723619248849,0.40128430673505255,0.22505963692467895,1.1132206791705734,23.02763805719303
917545259,3,-64.07003447888735,0.3481806550344537,0.16434802756247846,1.4971673715554807,22.320085827939415
917692864,4,-51.54948637215605,0.3474004442879181,0.13086261075036879,1.6761258820929736,25.622348971387467
917837982,2,192.2923464876407,0.3989589200306577,0.18242462035241513,1.0508146597101558,16.795905210316786
917938501,3,-52.64554018706903,0.3324262805561285,0.11915600005473365,1.292332264337697,13.83880173784225
918157319,1,221.20152904931794,0.3894403385328718,0.1845215592168622,1.0571251962810315,16.55788952578014
918244660,2,129.06777143781767,0.34782046762439445,0.28499502778520813,1.2151437508208764,20.514725223186602
918773447,0,197.9447925615903,0.4275525124298217,0.15988744481726402,1.218809422256864,20.37475514571748
919063854,1,12.73273656483748,0.38521420528087735,0.2277076051061936,0.8459743461511547,11.35642202969074
919712594,4,4.622817744575954,0.3469414096237378,0.25431979343045874,1.0777752715354834,15.139788277562424
919768604,1,163.0764382206068,0.35488718004978637,0.23166268950466873,0.9674483392146108,16.52797864210545
920265814,1,165.16192621929238,0.3614143841725795,0.2564079124216996,1.1525255432925918,20.472451000349114
920561799,1,49.80529335562966,0.40555960162070426,0.21343666994728122,1.0420962786067718,17.89602320197871
920814890,1,123.26019732889024,0.35915598685634514,0.289104737583116,1.1560115144329177,22.905055944810897
921026823,1,38.848496123038686,0.39348274700473024,0.24364907769630306,1.0287000809525346,18.441925700617052
922945428,0,179.16094684421404,0.3628246625042848,0.2704716270381273,1.1026444488648037,23.021876550095985
922969981,3,203.646784027597,0.36608491814524635,0.30087711445450593,1.129931613888488,22.048994627019784
922972840,2,60.51532051854197,0.3348245465786228,0.21311219435260803,1.0213993033432613,12.740899623561035
923029677,4,-88.05355605842016,0.37908804994383194,0.23329427704493544,1.047927481904551,21.111062930901447
923105283,4,204.6342253135814,0.3906105042323866,0.20071210715329596,1.0845772615662805,15.00936576592439
923146158,1,50.32819051460928,0.3694624038186519,0.37915343631897613,0.9377455742766918,19.90513668959459
923568845,3,70.5911476685936,0.3960004094700097,0.27950269543197,0.9808396228742101,16.161987911911513
924221537,1,354.7082831621,0.431544605837057,0.39068748695321753,1.0069901479859324,23.19648814244023
924258388,0,39.609293326720255,0.3359185925186235,0.2061405487561206,1.1070321931193572,14.550794905856993
924456640,1,41.86491827997552,0.3936956848128839,0.2224416401492228,0.8919772341676745,15.728815777773088
924584081,3,251.27486108957032,0.39516031982930655,0.20543305318841348,1.1190880829435756,21.07900437082119
924846340,4,257.60077319344384,0.38122727677343055,0.25815537226317015,1.0029412585055477,19.17959507235826
925076863,3,14.639496019187078,0.4082745839680241,0.30333835906627393,0.7933048699061276,16.525869623452362
925163617,3,189.0235989044905,0.3478071323307113,0.22952575445236856,1.2062500909086955,16.993949564993343
925500331,4,202.34667806617338,0.3751651644032709,0.2798165527162726,1.0772124031624328,17.55853662839314
925984041,0,1.89162239247932,0.34844994318489486,0.2715524711208068,0.9891049125881173,19.61834380874619
925989264,2,136.53859701863342,0.3780373543983799,0.2547952442764329,1.160922037278396,21.39026320591259
926324198,1,116.58288499537272,0.40536691778085243,0.2848732012403528,0.9960514189580314,19.650837595704076
926346453,0,92.43514591995701,0.32575098480799125,0.2350198232206613,1.1604087269085437,19.07455400582796
926490158,4,91.12681615192992,0.4183832519546275,0.31284832314779343,0.9333077242575001,20.824062667191377
926565348,3,193.98304862889955,0.3679495909416162,0.2911605613967391,1.1802103541095041,21.799028915752807
926565511,2,28.62900196407911,0.36971769654714104,0.23158577567185568,1.0018972922068432,11.71895597338182
926851553,4,12.679646893612585,0.36829809940985736,0.17002620517720085,1.0596500957486663,14.084027341565221
926945718,1,98.0287900599226,0.4165953766435804,0.36523783390768294,0.85326403799123,17.184276845798234
927050868,3,18.387968831731456,0.35149408722777997,0.26827293723215717,1.0782315373813818,21.740814877731687
927902684,3,76.63820492535822,0.3511592702156578,0.1586032656351522,0.9716015851328327,11.650898181714712
928008419,0,85.23443923124951,0.440026218344165,0.3173253479806217,0.9566609869812981,19.683435818449073
928940604,3,209.74471039919774,0.3540313095592666,0.2859335049774983,1.0175777273633024,19.892191750372362
929171141,1,179.98276814596198,0.37266286447169694,0.23919848480058858,0.9881517712059797,16.17978317829711
929535825,0,225.8905452285133,0.35168108039860047,0.2510411579332801,0.9608377434036967,19.863627574004433
930553513,0,79.95452664684848,0.36237194034990894,0.2960443801012241,0.8948480510169865,16.73985294446511
930567238,1,183.22860394163231,0.3903457476011011,0.2019524941341114,1.0799705115696108,17.771387559876246
930831236,4,175.25569188630894,0.32410177156912734,0.2503963748437444,1.1636948879468343,18.561974805507823
931370343,2,148.51568012185646,0.38721325337878854,0.17184731184143825,1.008292995702557,12.533567737353152
931521712,2,195.44048695308237,0.35005356801030885,0.21560673460114904,1.0459224661441642,15.319129794138215
931723898,0,166.799983548768,0.36696033414639584,0.22143792564757583,1.016639077578248,14.424824886425455
931906273,4,166.89608885388955,0.36886096643264693,0.25894885464167117,1.1876671006667952,24.20090983605904
932177649,3,211.8801107853368,0.3857443418392766,0.2958882824344576,1.077456257507422,23.42328470975563
932213408,2,-5.804461307357457,0.38513085257897584,0.3111628757177142,0.9508621845999441,22.464034395513256
932596908,1,252.45895183440797,0.38452394351270813,0.23241517380558135,1.1255070189765495,20.35966510261316
933005938,1,40.24427575494615,0.3341894925979335,0.23101549589173648,1.076243389635865,14.700409841400045
933916766,3,2.5638489954335597,0.4182116726058152,0.25505326483510715,0.809961873310995,23.100819797767414
934242824,0,85.90742530291057,0.3322196403220569,0.20040852610794868,1.1359720332391494,16.581741034791687
934350191,0,60.51953522378735,0.3383228612862496,0.21663974120944074,1.3615231683329059,22.15692417154799
934378848,1,42.65914210429967,0.3358385211721579,0.2518168713213293,1.1534204679478581,17.37850497314237
934720972,0,148.29170847649064,0.34658382466802085,0.2320894843827898,1.0008389356061487,15.944790022215994
934750353,2,138.9040818590545,0.35575516028145804,0.225814078363516,1.034332670109669,19.183981667274615
935609923,1,108.05854620644789,0.3716018840955602,0.16829207123102502,1.0331476226994432,12.666410975871518
935627680,1,79.77940258061152,0.3738310201224366,0.2226633414766147,1.1034059785202153,14.382478085824589
935941337,2,53.80364746210677,0.37291252508335326,0.34093999839475375,0.9009899604567334,15.551495375270116
935965318,2,48.744217626280744,0.33395545493038115,0.37061777420140185,0.9141261659102303,19.972111655682536
935976337,1,227.33753019233765,0.3614932682107643,0.17945404158379175,1.1897553116693236,18.097182282252668
936348759,2,-53.9164714344095,0.3251487295987732,0.1284487298651331,1.467304025722645,14.212547909421115
936419032,4,58.374325245569295,0.3468797428089423,0.2287576270950003,1.1217726698050472,17.699534975266566
936563267,1,120.62675174276472,0.3664959526427258,0.29569443107748555,1.1951423497553417,25.207391386129764
937218293,3,21.31067625756576,0.35690618301982163,0.19289229470377658,0.9708662210760762,11.343621751879333
937233675,0,106.21584725234499,0.3626001425730287,0.22201560572160672,1.0314884912561915,12.522406775930989
937312139,3,30.465981083914997,0.3681058877097176,0.3227963750947813,1.005820134426436,21.24766020541459
937429768,4,249.23362524110345,0.36667639213977876,0.20270119307704687,1.2290978486339839,21.162292388399997
937600317,0,-19.72382365036951,0.3662199738632355,0.2757684024142365,1.051111038847368,18.975630038572596
938001500,2,244.33690585809552,0.38651226007328804,0.1927398436318117,0.937525298079625,13.529269182853366
938126554,2,-6.444202753114766,0.4038212710396987,0.21780745908926594,0.795320301946416,13.74027764642453
938471508,0,86.27175757236283,0.3442015726199297,0.24829161285476814,1.207209862409171,18.828455412291873
938632884,2,220.86473124287295,0.36158819294315103,0.2260423112761038,0.9749909650792401,20.52118667279574
938927224,3,231.42264365252174,0.384841002706454,0.2267827438104147,1.0907053770626736,18.161020814305783
939175685,0,38.670183891554835,0.38222970869744505,0.2195401143315035,0.9243697907099127,12.187862553000148
939569581,0,100.84590767992131,0.335538077680301,0.28169732477585674,1.1315125455658126,14.310383249843515
940363363,4,192.45053850321824,0.4090013477467472,0.2402948441597493,1.0030647489629463,19.727100760624573
940574386,4,3.0108967225480257,0.3462050871296701,0.2500813742140115,1.0832176601878454,16.423084419448454
940977758,3,401.2137335027279,0.4328320542999425,0.3031909496112731,0.9998980608431647,26.092550248441686
941025862,3,119.2440818840872,0.3695035009674351,0.26728126270592173,1.1794596157318296,18.28621400297313
941113349,2,199.64835920141422,0.37281335485965134,0.2165395088690823,1.0298160278091433,16.117933919015123
941524634,4,39.33245829013951,0.3442151530278904,0.1816465171732929,1.0647663934400966,11.787915845937118
941929262,2,190.21635568916724,0.3555143215109714,0.3461712840467393,1.2050524265384872,25.15909485964993
942234134,4,77.45124275415702,0.3555315866318335,0.17323049619768505,1.133958494595792,18.60971130739796
942714544,4,219.838759585803,0.3889267409463989,0.23617445121385483,1.011702924224189,15.878831480691122
942731516,0,185.36107923218088,0.3394056145317543,0.2703543044805147,1.1111892485908625,16.849389683808912
942798505,2,49.89721578920317,0.3402723527510576,0.2656202007153248,1.109141442772568,17.261073902836777
943239154,2,42.42427421721742,0.34277034987909427,0.33202841555472096,1.1102482661586242,21.89041366986762
943356153,4,29.312261090198305,0.3285335025381564,0.21863657389803592,1.0690669724169444,14.04510324507486
943955993,0,-3.1916364856620874,0.38642745513894894,0.21209234427942997,1.1117942864074852,15.758623941857872
944555071,0,70.43174406111427,0.3707526957800816,0.241216456314951,1.106487453466173,20.306078776073253
945028672,4,346.1675986496835,0.4449784108933147,0.35459915625558913,1.0529873093939244,24.611617793170023
945057179,2,260.12843944754485,0.39859824497081614,0.16830116637403963,1.0925735512365384,15.760498407682146
945096755,3,241.20755357892247,0.36878751456932196,0.27225677491609657,1.255882618125261,22.79077883954242
945247998,0,124.57927825365336,0.3338333458379157,0.2052901033658972,1.0357545202573895,11.256413498091192
945652954,2,-21.11813355757856,0.36264333251694314,0.09876081334642509,1.5025616179373429,17.955856349703474
945771244,0,2.488173758676382,0.38415742924317575,0.21077202043224913,1.0156004867178108,18.428932503808053
945861213,0,76.6780295512298,0.3490684929777731,0.23359540670672646,1.169477448474855,25.150459536158472
946366980,0,-13.315025848015111,0.3019058456858389,0.2486222169737663,1.0888178289524388,14.18566587686896
946712155,0,137.09141449324378,0.35779041373440046,0.17479493164559784,1.1308228574515442,19.40543288351033
946893976,3,150.69441073372874,0.3486653272841516,0.31311583624038397,1.1638418981519194,24.530723100229128
947147165,0,162.78279623327995,0.3578287826602751,0.26797930872604864,1.1332279300482957,18.5265952561951
947769028,2,179.4689245636073,0.38449985229323,0.23345989698910471,1.0656252143022868,19.37171219800514
948546936,4,85.41959865803922,0.3724011580798023,0.2222125549177255,1.0696739711584162,18.640908486590547
948650769,0,144.07331230991986,0.3366162950158087,0.23135025024116157,1.2706080384941014,20.96648631565194
948765285,3,54.33189762661052,0.3655927448312718,0.15313896178072964,1.1327438466536852,12.369044563913256
948991314,1,-40.06969007674675,0.3308942223225168,0.10936239702364373,1.3722527664562412,18.24207224528263
949058568,0,82.10573940677111,0.3586332743086563,0.301021859101958,0.9058148187167341,18.899894403590462
949058569,0,-13.78852419332452,0.39220014584646806,0.21568680385733807,0.906864057958677,13.098801871579086
949132343,3,-42.036755720415016,0.35901183193438474,0.19904489906608727,1.05336954011625,14.831343986700215
949159115,1,165.93303357496637,0.3756019028772831,0.22267191671153408,0.976093652460127,15.576925027330757
949343034,2,227.25121307940105,0.3615303086871297,0.24539646293246087,1.205067144910768,18.088332363082323
949719355,0,197.10931554791145,0.38802442687310096,0.06709719120884311,1.5433178205494427,20.178837314959868
949756192,2,254.237140236938,0.35410140442915833,0.2234790817505176,1.2885699857717228,22.84054845458252
949789711,1,76.13479121251748,0.3667069096519151,0.2642276613022942,1.018039051653078,18.139310155706838
950036559,2,152.5198441369251,0.3829082075819044,0.2540182570319758,1.175998037356496,23.030049581291305
950252228,0,126.0087093297326,0.41014645225220503,0.08988376387397459,1.610792571977027,14.37440890693584
950647553,4,27.44671169662307,0.398867303091598,0.21534073484411329,0.900899316059439,12.059772015872518
950692936,2,25.84402526521417,0.34557863827958485,0.22019273650992377,1.2695276529474417,20.02385033102012
950984280,3,258.0903670322343,0.3725600793587912,0.27687600089725917,1.1304071760630452,22.94806980282772
951030953,0,193.35295671268153,0.40806456630102106,0.19106034196764884,1.013456134312747,19.86308776409038
951186365,1,73.4634128533702,0.35340926951613505,0.2441210881298328,1.1713258019603594,19.018759755192434
951464832,4,-15.681221781603114,0.34882610993760077,0.2571868957678454,1.066398023884789,14.358732429438241
951628759,4,-61.666356902817654,0.3711728269352906,0.30297885088067295,0.9385166211484339,19.924930548644788
951639938,3,157.88807928631095,0.3234755585066314,0.15697796054612267,1.0518751839616485,13.150481056670465
951662507,2,223.14947270869595,0.3732555772912869,0.3000148618453854,1.0896239142281479,18.278663073621072
951933381,4,21.629416668224337,0.37624578077724513,0.27083286641570037,0.9236705730047378,12.234285575271
951940704,1,305.2121842564026,0.4314239279169195,0.2522264293817187,1.1432133407733147,20.608055229925924
952029062,2,249.66906796607202,0.370771957667481,0.20384848264433236,1.1480676519476691,19.798941463308136
952776097,2,139.4286543815631,0.36559648495069835,0.20853194509051634,1.0974305782780056,20.330622798500887
952804603,4,146.4556131042674,0.4270068085598967,0.14266035483304304,0.9856534531694896,14.39677976407347
952898097,1,152.40662815401933,0.3464300567000064,0.22814903364508615,1.1468498118714276,16.630829884989357
953208758,4,205.85743413192552,0.37568271694593613,0.29371104925445823,1.0194257167643535,17.65034855147978
953356077,4,129.77867412083867,0.37197009006978304,0.20009608901263717,1.2919567944761192,19.541142417417536
953833723,2,211.53445807533816,0.36302480272131227,0.29028863466814325,0.9830549466088417,20.273469264034077
954090484,2,153.73370417407736,0.42442016906603874,0.18519841815179772,0.7982146823892861,13.063756211651082
954258008,3,-48.41600396502781,0.3319164107464395,0.11811620070841616,1.4304512138593148,15.581258339200398
954755494,1,60.12608431730093,0.34609656206380546,0.2361711834899003,1.0802073427180379,17.595598398235467
954781354,1,178.37475888646736,0.3591321238172685,0.25137635750120413,1.0233811015180572,17.899749755646447
954804864,0,74.35771340971849,0.34770488772208985,0.14388816274241284,1.199758885571235,14.041398706034183
954903716,1,85.53865310043925,0.35211265753342136,0.31217777954986353,1.1053721839492774,21.99530773691724
955200653,1,47.128274380273226,0.3212865196633918,0.24986456467821244,1.1715470383088027,22.152456757663995
955951687,0,178.74939583831804,0.3296077014002101,0.24395388288631403,0.9810828528104124,17.847652169897824
956184132,4,201.1290988192969,0.3607212997175141,0.2241448215273282,1.2429625224862888,20.440402338933463
956462664,1,230.51908175978176,0.39490488761102005,0.33579238099948333,1.1037140926266242,22.397224502785427
956860993,3,35.5204942831896,0.3623513992935691,0.19553286292823038,1.0374558021555906,12.318037478687064
957017762,2,207.57355997587564,0.3855622682403875,0.1497593265573356,1.003990658363633,13.985998538292524
957944731,1,219.99485598106398,0.3641291108883237,0.22279003104000245,1.1185377037453015,18.135714669689623
958448882,2,69.82844194995826,0.36598085326712615,0.22788360772381439,1.0639075516082432,19.377897583955615
958708723,1,41.013734289746395,0.35120362272231787,0.19556177259170093,1.0371362286126817,11.946120510693767
958992897,2,25.305295269733122,0.3419041625055312,0.22600444548268125,1.1198683518501613,18.298961134658782
959078750,1,-9.012836458024609,0.41344983235028293,0.32340143967209756,0.8099125304400352,14.756477305602557
959788863,2,11.378512808973824,0.37239494165390347,0.20374410020135608,0.9195957646228461,10.711672389903637
960238804,0,15.97517016948899,0.3359190654571066,0.17894440635762,1.469218297686326,19.326615937252274
960557401,0,165.16880443448872,0.3671647651646515,0.21464834982334433,1.1696650978128413,19.950515134538193
960896880,2,88.10670345240959,0.35993503273607474,0.30800543257321455,0.9975637768074161,17.326152149660487
961207214,2,-1.2415637200258516,0.3544352660419438,0.31757586737568133,1.077626122049145,21.935595067242303
961272139,1,152.21871533667843,0.3595929002799165,0.2311795827820558,1.0416205975370536,14.647815533407593
961432489,3,148.86676398237907,0.3360451244942178,0.24011776202394844,1.1361012207807093,18.696764217336458
961504352,4,1.5451957309276452,0.4301648514896005,0.18766179820982548,0.9626084047945623,16.465573142712966
961636865,4,53.28656767781818,0.36840313464469165,0.08888097446447238,1.5266640273239014,17.63330555114108
961938708,2,133.05582136628388,0.3448035877625417,0.2872120630334087,1.072356774669854,19.09158419143255
961980503,0,33.66453179331225,0.35990046460539965,0.16662917648376113,1.03593909770866,12.156135107831489
962173929,3,185.1410964809113,0.391223444501794,0.2609610929999619,1.104312544956318,24.478337989257174
962326024,2,99.23360699043293,0.3935810297892053,0.28837187954984883,0.8730285447082932,17.840246265872388
962879741,4,181.4308658907554,0.39928026210098694,0.1709405334247705,1.4845151563117764,22.89375334371172
962995886,3,3.8120415071717844,0.34165305428980286,0.25269960504839856,1.109998177186599,17.081205522096724
963631367,0,234.73256955755443,0.3580457763309172,0.3195548461689083,0.9057208454080611,23.304401947816988
963881444,1,67.57105797086629,0.3328479045559842,0.22549901021962995,1.1302342797757414,17.453459285785257
963896306,3,-28.697388527094517,0.3528994988712451,0.2718556604532135,1.1324461124569956,19.910632447458056
963961682,3,266.2785205995351,0.37417854139688733,0.2903967784071671,0.9836337338844957,21.339703954294684
965296987,0,152.364912073102,0.38652288839224974,0.1593158344078962,0.9465952544405335,10.066062708310316
965501269,2,-73.61246991009803,0.372746117315317,0.13493297407248134,1.4341127712183168,12.895120037549512
965594112,2,63.203633043861345,0.36862135638596555,0.14689861830699547,1.238986081470428,13.447001098289048
965608760,0,79.07696427041643,0.3388941100650838,0.3180497671431495,1.1080923986665654,24.218226333412254
966245387,0,238.5063796441168,0.34591256552291505,0.27482448106487517,1.2625643857062459,24.021540386038588
966864975,0,293.7171415160382,0.42486016321724696,0.267733603130555,1.1066026327024976,23.934458239647434
966953045,1,74.08813789187161,0.380814934031849,0.27684937474916527,0.9372828301029466,11.969001372726229
967532674,3,0.8437332789789167,0.3905881293734304,0.22711269071599463,0.8969933702774373,13.634341075134893
967548475,3,136.17211529789174,0.3608729187251906,0.2702400889687338,1.0301684914846674,17.7921393223102
967673328,4,233.6933032077658,0.36714613465939006,0.302031540798937,1.0125056100039225,21.497783833324583
967943450,4,182.73954713383085,0.3477582646374556,0.3014537826576198,1.0473950836646073,18.6028813827747
967962139,2,64.64701030273037,0.33931432575821285,0.23210122619290463,1.147299181021224,19.71090529184549
967963503,1,150.544182750211,0.34188601634724614,0.17558983682729085,1.0435907743948283,12.033676158761633
968134863,0,109.2575760304197,0.36612623015579404,0.24627869719365136,0.9253491569157098,12.777294624693392
968431878,1,234.33214491244368,0.3460720119587388,0.319963638539569,1.1711816139736229,24.90388239673515
968537124,2,159.7223321964819,0.36345763645758244,0.2618739775273774,1.121482985938241,21.89174022399733
968666725,0,111.52414442197187,0.35930466870700256,0.2732365870347212,1.0632048504036733,19.82307549436266
968949443,4,415.787590140562,0.42930005064949855,0.2897458290061733,1.1479532258201604,27.778465987352156
969077485,3,161.2808324332774,0.34348842146932135,0.2318562620605325,1.0708617808542749,16.080229786138542
969180408,2,65.351503112897,0.36994953766850563,0.1692271337893395,1.1789917757650412,14.399505963334821
969338627,0,74.46317545090486,0.36322312705990273,0.208953270923126,1.222312083280293,19.376059540255643
970030032,1,-95.28388658208357,0.33083328316687066,0.11938284703150534,1.5733904943653596,13.005357927391522
970285384,2,110.39139840436951,0.3377540758976107,0.1568035949327527,1.2876849675397126,17.610668551622396
970455714,3,29.044806187845182,0.3417287199961022,0.2846283878311434,1.1208844230364248,22.854939951379837
970503486,0,215.5722265723581,0.3323352630325716,0.2730490755204322,1.1475007580216579,22.578535891650606
971170976,3,282.18448134837365,0.39171663822827335,0.22725827436940163,1.1089262505626125,22.047414745138255
972068859,2,70.93031383263983,0.35958651798187835,0.2761703701122058,1.072093580808355,19.529056226327192
972337368,3,-21.9099178909062,0.36887148256475394,0.2158102207684956,1.0219321704609423,11.847395328472604
972362080,0,-57.77279876636875,0.35410625877976704,0.2516077684173401,1.0405219108985502,14.252300200611996
972393663,3,250.4126751938996,0.3577078234304074,0.2741071180594739,1.0095222943923539,19.165399991734233
972435079,4,-35.643293959595326,0.3271085015669969,0.25243955827654324,1.093542973211556,17.990442717098038
972454148,1,165.36882026253204,0.3416582807346803,0.25872374946388743,1.0876005032790916,17.194229932038635
972522646,4,188.03775037750927,0.35786020497102294,0.20178833307034827,1.1131123438186212,16.216841941674513
972638379,4,256.770832002132,0.41009776375601037,0.1648983096323991,1.054914060580756,18.154421879560136
972642110,4,203.9991190612248,0.3836459799872665,0.22395346526591559,1.0196883231634766,15.257942820327406
972695180,2,76.44144674505708,0.389174657075756,0.17341184979505236,0.9009090362675337,15.227417602453876
972818761,4,32.02098440342024,0.38391551497894666,0.2158356418678088,0.930915902156225,15.180719131812559
973091046,2,80.63897301733174,0.359999834813032,0.35315155088324557,0.9657269751405396,20.681716715309626
973188497,2,204.46816660128212,0.37377198422057756,0.14086565986715843,1.182469984975041,19.28638652038586
973722160,2,191.5380770198064,0.289543602071078,0.25518007919864827,1.236264919438072,19.192509555047174
974102332,3,110.37011730469965,0.35978718721433534,0.17271543069159104,1.172572337540055,15.283346961207293
974171598,2,-13.783179025160479,0.3816550282965586,0.37480274706947825,0.8930604194850076,21.98525309730588
974543233,0,138.97268766133044,0.43096824971522785,0.17840429990240392,0.9574698428299656,11.443905816503646
974608076,0,225.22309733184653,0.40163945695607306,0.25054913248806443,0.9752859522642521,15.063986635500482
974829630,3,51.56430308387584,0.350485647563024,0.43097133980273095,0.8597285392483052,19.62857770337428
974951002,1,37.66928581525811,0.3553498325623534,0.21983665901730712,1.0235732221369094,13.336800163688658
974977615,2,47.59729954696061,0.35403983201320943,0.2325160856664889,1.0940122005047157,16.013897337467338
975186441,1,80.55569218029176,0.34086540658226294,0.2676860912698192,1.1887128490985508,20.83503217983448
975316837,1,45.40281960994055,0.3508818898134853,0.2769498815864448,0.9710701587821566,16.829166556524882
975372229,3,14.487219405772592,0.36540527636287573,0.20231466948367982,1.183347942216625,17.02148756314805
975391754,1,9.279452722113916,0.3328409970419701,0.254303411584374,1.1088951982493163,16.567164541722285
975529928,2,189.30997900991918,0.3800424647401173,0.22766397702475497,1.062350537619919,19.22912155760072
975679689,4,122.66547762367324,0.3638987661761086,0.24814307656389636,1.1318161450643107,14.636803646610588
975874706,0,54.969057557617056,0.36218776484798293,0.19256612374188917,1.227211296673036,14.452745192958082
975942451,1,149.5982080479493,0.3304948290198456,0.21339197380008873,1.2731771420664497,17.34003375060899
977134165,0,145.93394841986526,0.3721363653165526,0.2609798515369043,1.0780410227634747,22.337826552443353
977446169,4,-62.30330085436597,0.3847979725417075,0.36425204691859386,0.884853356179618,20.64424333124499
977496062,2,61.40271431546673,0.35321644325038876,0.32655741310197844,1.151699329732872,22.524938885745833
977560848,1,155.5778053405257,0.37047683547396865,0.2665484272115728,1.0061965223115958,17.28210560361986
977724395,3,30.936654860053963,0.3508406876513438,0.24461133601910398,1.0801628252552924,12.992836182889903
977861855,1,107.68618556883229,0.3390482197038438,0.2962937970004828,1.087073021731869,18.14816746177734
978144128,0,80.82309955757674,0.3260624542106493,0.20294388125759338,1.1756912311957421,17.073501941161755
978251240,2,134.30379837004114,0.3625358272938279,0.2704490151514668,1.2219881520425948,16.051371377348563
978860750,1,145.93070609966486,0.35960144078219025,0.24032399317262793,0.9466676423283102,16.233038558751886
979011291,4,35.80275580455141,0.3690765874477388,0.27843721677712585,1.0252442795204173,20.5569873886831
979179304,1,103.11613144040707,0.33662372440390564,0.23307569134864534,1.0308446436417857,15.370322134109605
979211683,1,16.155068742118786,0.36497190525491985,0.22402799911540253,1.02398377353886,13.672068756208253
979410672,0,57.71195831457067,0.3791209174447354,0.2109402584187379,1.0359444074483328,13.522570620134994
979464287,2,194.25898394757155,0.3723432818680575,0.1942471119809589,1.2400214527097861,18.660615113195618
979533481,2,15.371944272675307,0.3811664280045536,0.30671431390297116,0.9503626328385706,19.551480339678633
979588845,4,124.41624037856161,0.34887529614831553,0.24875034152403352,1.1770946224861922,21.839853224528955
980179181,0,104.16013307898118,0.42447034367255626,0.19856413408756457,0.7254869758914961,16.65542995961646
980398576,1,194.27722071104137,0.3629743100279216,0.21249821852087658,1.2082339419127763,19.671360059199937
980411522,2,89.30195616176113,0.38971874604536305,0.333933815216028,0.8559574710581165,11.397137618647807
980661216,4,24.80465027450431,0.34916240586819103,0.20224614557787546,1.042927875259878,12.659152873582888
980673012,3,196.27734693176987,0.39288760145948265,0.170129540420133,1.1122894534037489,16.45747756263796
980966583,4,-3.593490046290327,0.3610386091322584,0.23571578669793897,1.070182338965138,17.219451701616244
981778956,0,92.60423943836672,0.3881547267994945,0.2034859866418237,1.2394357212190847,21.9993914415657
981880572,2,63.91152703855287,0.3379267995666919,0.22939922409977606,1.150625891267883,19.492838401449735
982011392,4,117.96479677203298,0.38354580019851414,0.23341057886926442,1.0661634398309419,24.02276365863696
982052578,1,51.407014012311734,0.3683165983236557,0.19250628469206132,0.9211308884788001,11.008557562898273
982081375,2,295.8505074314052,0.37028754280280407,0.17435322360086436,1.1800058931018482,17.28998237824531
982170716,1,97.4771272628254,0.35576820661142167,0.2368166896393858,1.11011119594597,17.668429483204278
982392154,1,16.420423378258548,0.4055448775245209,0.22437572475616951,0.7909004504867881,13.696642302335698
982448073,1,-18.805493605621194,0.3376870638821037,0.2548814898449995,1.073179967931847,20.343488077847347
982641733,3,39.34691273094495,0.33401769459928876,0.2737040643497225,1.1493303139182196,23.009841489016008
982644871,0,66.44434025840333,0.3403845792774235,0.2600457709437107,1.0992654312816876,18.670302439889134
982652113,3,268.90635619965656,0.3835780610786448,0.3012188970388392,1.1383593516235784,23.137133769572905
982823848,3,153.89800573921926,0.3584801289918772,0.2319003215358375,1.0901934071738473,19.398217732874247
982899341,0,174.5025411126791,0.33351094152426974,0.2402156357635316,0.9940342626759394,17.192281266881537
982900215,1,57.61243051411683,0.35083804394709134,0.26306680611479527,1.0268102891618334,15.389328308723478
982959217,0,193.3790612597011,0.3804951790434743,0.22267838082843974,1.1328788745335672,18.77375356873297
983140270,3,139.5716968726985,0.3720809753664678,0.2688788871479797,1.1656478251745475,21.540866573838883
983336786,0,57.190850404350655,0.32578664150332276,0.22973855646243163,1.1305559501331846,15.117977300918648
983359271,1,112.7140323396262,0.3573793737254482,0.1590050728834697,1.1848673071827904,19.550222694607214
983408527,1,45.004230354275585,0.34598375688448785,0.24395321323563038,1.1083211703233964,16.448782806217412
983924337,0,33.04543319997914,0.3608954371542897,0.2621954697644889,1.0172494911966234,22.41950507168666
984649058,3,29.81002439932108,0.3682212924518872,0.35539069192080286,0.9407193135009962,19.37765781126604
984722345,1,69.48027382757974,0.35030653215419694,0.285921997632273,1.106898746489703,21.398863640833962
985031681,3,74.3581848517392,0.3561894148488055,0.34008229048849814,1.12894817932413,24.55349734656029
985113271,1,84.85324238526859,0.3389896602710134,0.2791373480244354,1.135045967595536,20.024923238214107
985128268,2,163.39310891687109,0.3663884802073672,0.20063441205127452,1.1963974327539466,18.8019140208198
985248291,3,188.34744423813396,0.39526157256933675,0.22539888229707214,0.9295507316992255,15.550569650212614
985685560,4,401.0158534403105,0.41786830578916334,0.26533097267915584,1.1809533538259744,27.41036664727106
985716101,3,182.57938037385068,0.3796291068490306,0.31454850858405653,1.152902637102391,25.32945458431455
985931014,1,28.611132199938027,0.35564843424952386,0.26961444823641295,1.0589617903213069,21.393074819602525
986199632,0,53.4948838139825,0.3187191491322424,0.21343855009290996,1.0877170860614456,13.569264592301186
986628745,2,55.49492122497053,0.35120948008897207,0.2914235141301248,1.0477072120276838,17.695419398404493
987143129,3,23.131989007357063,0.369798191099999,0.09707478760992011,1.3994599235246434,14.21670556333936
987280139,2,283.53328213861386,0.39356443419000775,0.276436673505412,1.189608485058935,22.484100407078046
988391543,4,151.86991817100147,0.36431175179008407,0.25686816575941274,1.0176912353635965,15.0464672748728
988399583,0,22.532198400927,0.4492073301220715,0.19683617447671647,0.9453037903248378,15.734223248480944
988455037,1,224.0814783025335,0.37560315942708855,0.22474621492785776,1.0316290382788507,16.33152477102257
988551958,1,-73.62480410697552,0.41940062408413253,0.21190227349733473,1.0375023581960234,18.424543809168046
988557841,3,380.2383532703566,0.4235337165052916,0.3115285686845603,1.048011751305857,26.312416613815437
989355394,4,-7.6000690013631385,0.3462198513667872,0.18182101277813295,1.1562161679283995,13.058709324004903
989396731,0,108.807016151679,0.37656313535350394,0.24865999360880914,1.1403350537602963,22.76338526976701
990486279,1,296.2530720133277,0.3995285802347547,0.1834395760438223,1.1035269991048275,19.889418128548
990726873,3,94.26760582277207,0.3588578767902082,0.2698886662053709,1.1798030400875017,19.566707473245696
990755656,4,114.83008152108356,0.2685413077736512,0.36871859640474947,1.2278093822510079,17.78466389133553
990844091,2,299.9128985047757,0.38471664564141606,0.20785821116489583,1.1511420549147595,20.702866367270172
990921781,1,68.70261735539515,0.33988505554987175,0.18620088281590952,1.0480457741410507,11.204006735588713
991150899,1,71.46899912446773,0.30779802961869096,0.17206351958332083,1.2516264155665855,14.453646454770595
991486562,0,72.82033477135124,0.3911505502463558,0.25759939156014966,0.8039502624741588,16.83980805783446
991497754,0,142.5900611539023,0.3806582075669015,0.23712534616570963,1.04450538412621,21.5466730715156
991575324,3,239.99582166476236,0.36621565113502424,0.284221885385048,1.2195887638715184,23.21926643516735
991645843,2,213.6731147661544,0.3714598131637756,0.22085463603727495,1.0421629068324068,17.62443510249582
991677197,1,55.666505309469954,0.35006781401553866,0.2786471885699809,1.0598465109172284,20.28659434133133
991734116,2,173.76510081425909,0.37012900929430925,0.21846899472826878,1.1533570266984878,18.0988135892752
991748625,0,304.32676587548326,0.4066988740251378,0.21340848286898723,1.1527784906167695,22.493348746166134
991749301,1,34.164631309391616,0.3576120486668231,0.21292114445575833,1.0482607998978668,12.608733017913204
991912273,3,103.55836090053728,0.39787483182428107,0.271749252789708,0.9116150824095679,17.477623356602855
992359277,2,-17.31473437779951,0.34160344637570594,0.16775578871199073,1.0883238987767374,13.918246499327795
992375016,0,26.885693817639797,0.33609733818516213,0.272178195766028,1.136535674904948,25.06818952013274
992491355,0,74.61214890613788,0.40465755329748104,0.19925175525737945,1.0437273957843807,16.79379257946577
992696585,4,23.557693723647205,0.3887637621214296,0.23547178810690012,0.917441518861457,10.918941600558465
992902333,2,88.80082400617997,0.37836042716856294,0.27443516986105304,0.9957491062527604,16.63789511922192
993287384,0,88.06911029310953,0.35498557413304466,0.19313712510257297,1.0562120966675181,13.384718425385865
993495758,4,170.73110176540678,0.40186118961627176,0.1915928845371292,1.0936804002674114,18.64879208809636
993642509,4,102.68977092285958,0.34245608218859613,0.2643492393150992,1.2241585110878936,16.829086391485113
994147149,3,50.02030000463263,0.35813021639489145,0.22585110452343074,1.1549455753000604,17.466437957121506
994176414,4,185.0827624310506,0.37986889194244783,0.23221161283807798,1.0552325186549032,20.476758656114168
994235992,4,164.87958282494776,0.3658181972512296,0.21865907174218652,1.1881819081734017,18.688157355972137
994355655,2,210.18423868413362,0.4032858482823117,0.2683443290929861,1.0172906661400245,21.94484807479639
994657756,3,-16.4825738678353,0.4168646846314115,0.18004311989200456,1.0483008120279647,16.21301065953144
995410408,3,197.73309826039727,0.3880944872408394,0.15197947099659093,1.1013831202391688,17.61692263349817
995559885,0,-106.37796611358102,0.34323756276235473,0.12109833140654458,1.654257853206,23.46910339768197
995697393,2,29.209902578454873,0.3645790141108117,0.12977533835193647,1.2411040588227165,15.536611128721146
996300632,0,191.521423556164,0.36262496915624065,0.27371187405221464,1.1042172796365992,22.795070149279365
996351908,1,187.88882466394966,0.405068715346588,0.22870368178674416,1.0367006761633855,17.48237499395149
996538100,1,109.7921675865683,0.3784749829478329,0.24333839782758288,0.9998832046778054,16.863875488976436
997201189,4,267.57572675694615,0.4064655974362814,0.14688489106846173,1.132233111245145,16.935441971579465
997252615,4,-20.683361332257377,0.3764213405186707,0.23168084376317893,0.9068267702802468,17.01652632828535
997287969,3,173.0016551039095,0.35756436408190334,0.17911427803202412,1.1722986141656788,20.71926892205863
997443668,2,-57.70939917070619,0.32605810461246465,0.2346077760947651,1.2552340722288848,19.687682237451625
997638129,4,7.317331242920915,0.3139578910674857,0.24086150475784018,1.020195282834188,18.765606792526704
998478267,0,281.80491998667526,0.44254971776967306,0.15997122284735624,1.215350329175136,21.38756817625367
998917125,3,-57.00497689254689,0.33672575419672485,0.1194164276961161,1.4072169502568648,17.78931095228184
999068142,1,109.23880846194592,0.3639994247696512,0.19988738502162118,1.308039357100684,19.531987634670585
999116161,3,184.36666456885632,0.3593796072923812,0.2883035182341849,1.1894094221122749,21.755127060544464
999660395,3,157.82426488875393,0.35619702784331425,0.27984801750886684,1.2322090260710572,19.65834221179295
999723050,0,71.5899508662961,0.32986814002396875,0.2204721149843996,1.0833017691462892,18.21541985497624
999774546,2,93.73221263913969,0.35522038829673047,0.2439297045874732,1.0771289382983968,18.36440911457125
999910921,0,101.18601146118814,0.37144813099405594,0.18286547219649774,0.920275254739283,10.762130041059326
1000606738,3,9.683473871570712,0.36352558394206197,0.27891483536615,1.018143404067909,22.111035984528563
1000610070,3,179.43133482928454,0.34498195241578994,0.28108098879925764,1.1603463748008587,20.429557949581152
1000940979,2,204.57589225430937,0.3629293520308754,0.15207305710715407,1.3432829384182394,21.2955992780757
1001186326,0,101.79521564214652,0.34627019479638327,0.1879023204300639,1.1333547196951645,21.151141384311316
1001439258,3,219.77086026258866,0.37381694371834495,0.2755834961961252,1.1432628139178447,25.03540158569351
1002053152,2,53.00686827422867,0.3551859430612134,0.3258935523234558,1.0870713151600853,23.237559752808515
1002421560,1,-54.43591911210271,0.3368808257258203,0.23538752708778443,1.041973657990392,15.251741953990111
1002611290,2,172.92575086813042,0.36143964870534095,0.18505992652746545,1.2245492204416655,17.91009134651154
1003276848,2,198.58185217756613,0.3340018838844718,0.2532067182878348,1.1030660496441667,17.84457595246648
1003322685,3,111.82819043242148,0.37527146860895866,0.1539099091730473,1.0921624685950355,11.971978445380534
1003416473,1,140.24542992833847,0.39891002779842677,0.17577963860529489,1.1338859313405432,17.4711289116858
1003531277,4,1.5304682543065269,0.3960215474157499,0.2991254714693989,0.8948610182850254,11.294507647743217
1003609082,0,71.48614748304064,0.4220709870159932,0.3056550694298854,1.0031510340831857,21.282259636952872
1003747074,3,226.71038702479544,0.37460551719802243,0.2717665418495378,1.1333021156716252,21.66069759465815
1004036255,2,194.87934237164973,0.36996446106881026,0.2028067880316673,1.1819993909844349,17.062864792335937
1004048009,4,11.96942145140774,0.35721470268492855,0.241974927003384,1.0367969519656615,13.618787141049458
1004172510,0,45.939685431678896,0.35045596908681703,0.28133884236431733,0.9792827158405037,18.315680356199554
1005319308,3,170.99968968097966,0.37118360613581397,0.2809482898597303,1.015880762496283,18.420227933909302
1005375030,3,245.88207345474825,0.40280765235987714,0.2547756148664093,1.0373665097352183,22.522875482110774
1006229444,4,176.25233957155314,0.3642088925705528,0.24368609475684783,1.1687403840332624,20.429581780545
1006972816,2,214.17741243096185,0.377486622348636,0.20966622253133338,0.9852802610930429,17.368151641762573
1007721072,3,108.6122848806532,0.3521367188985423,0.26749396191835767,1.2276723377872059,22.600364396970264
1007994898,3,230.6844919392663,0.41514143372731,0.2453785850954738,1.0633925969038986,22.137409203905083
1008054582,4,302.14282267048566,0.3754814833423419,0.2473481339823393,1.1679044864225827,24.619030365391474
1008455726,1,193.4096111672678,0.3836250453380236,0.22388563020415525,1.0301010872811058,18.074439996954872
1009402745,3,212.4558501463971,0.390938827872784,0.13979006720815232,1.1713385640543568,19.06446159263009
1010071702,0,79.36419894658442,0.34967896877919935,0.27197076523644464,1.0280976774629311,16.628294180971597
1011327767,2,261.74896314667274,0.36136394887548084,0.22112099428129842,1.0349547988747405,16.980605622037086
1011731362,1,7.1617005965705545,0.42000259216897856,0.2394724623393417,0.9092944441066163,14.032820449738402
1011779904,2,-72.54601036041079,0.3716052115522077,0.10496155642263438,1.4877587314023033,15.36697084618603
1011876528,3,121.15959620346871,0.37687126590049713,0.21092610007143683,1.048058019986464,19.392924969629277
1011928148,3,105.93489974935355,0.36290293627321496,0.16582309373789672,0.9297582948186394,11.790752695434925
1011964069,1,202.8783673471391,0.3815442637937233,0.23601367608446233,0.9769767950632858,15.650246045907803
1012063352,1,140.4400501489938,0.41161634015867665,0.26199850924384527,0.9933191167758594,15.4750686698316
1012066552,2,207.30986814035856,0.43478160283045153,0.25965827408377523,1.0118645734676142,23.259911159182245
1012240056,1,187.8691839097014,0.36871035985696954,0.18988575672143504,1.190726649962951,20.48579314105715
1012244611,4,315.5664905397035,0.41808941171049374,0.2689401833656405,1.1113062975241834,22.336405152531878
1012389657,0,48.69423460300156,0.3261211702398989,0.2602398765812517,1.1695853443668691,25.82557185158845
1012615960,1,150.16146174663515,0.3769096193556583,0.1776150309390211,1.074198055363018,14.02296225101583
1012673977,0,41.22361626813186,0.3792596971223021,0.26856250472496684,1.0410504323111165,17.764817329724952
1012813731,3,110.70827481511283,0.3653269219402618,0.1995902371737339,1.0248239869227067,13.805388454601948
1013332010,4,181.62752558735878,0.38773497060978773,0.18843593088837937,1.176609223527289,22.733487862073634
1013677154,1,65.29429685789907,0.3462111344856566,0.25056087321281156,1.1049501987114991,19.547349036369496
1013955085,0,25.105797690780847,0.3249770138146725,0.27819044848092994,0.9519128142120713,15.58498252946722
1014178298,0,43.24148131411204,0.365018798792141,0.2863455140575303,1.0838308355710145,24.223322050552802
1014358426,4,116.12208434983961,0.4338861091553173,0.3092172187929181,1.0227926708593793,17.74554236995258
1015002552,0,21.429869792362837,0.3496057654260376,0.2897707179650374,1.0752008075041108,24.820654197496168
1015530423,2,-29.356012719547465,0.32619764246143723,0.1258369212450458,1.4729695247169259,14.591040099711527
1015804720,4,177.77373449607245,0.3464014028100181,0.30149206944967794,1.049877816079517,18.54166110952812
1015995822,4,142.60784953691456,0.3686360933454741,0.21378639825741813,1.2650703982223899,25.04748396012672
1016001230,0,37.172134679348986,0.38065821294120245,0.20840434107030792,1.01884380040215,17.752068777461332
1016053436,4,58.30088845638952,0.36195389893553487,0.20244288985460152,1.0105319472703813,14.58200505400443
1016427513,0,93.96340276163586,0.3490091606953485,0.2620396993819642,1.1373174535586121,14.176916976096026
1016483191,4,176.97553244044897,0.3639617309458155,0.224492068531156,1.2303114249921394,20.3353268116144
1016549467,4,19.865723693582822,0.3678004734299356,0.3148181236741171,1.0003838181145543,14.854407874631814
1016554396,4,200.46840713523562,0.35092915627404436,0.3192829905776686,1.0319150058321018,22.21107173839003
1016682022,1,124.60640351240718,0.38104692892706526,0.18513236149068693,1.075381920190287,14.139249566423986
1017422838,0,214.05040381109703,0.36441760866310036,0.2407116642723201,0.926902317703212,16.034963637596505
1017533864,0,18.6480127661857,0.3716571998100973,0.2046945474527128,0.9848856240567861,11.854253945306928
1017786656,3,260.26280930090456,0.3712026473156961,0.27539360215315906,0.991819827378038,20.088043593263148
1017876939,1,150.86632277724314,0.41006348678338445,0.22134720922899467,1.063735575460191,20.231631395142085
1017988364,2,17.773065252849094,0.35626132336783906,0.2984848076640741,0.9951322613072389,20.208173383776128
1018289608,2,186.91406662339466,0.3644680936758059,0.20571736503962537,1.19569463943033,17.227235281483754
1018372810,3,140.2235778811842,0.3556844621450822,0.28092370560142665,1.0648680184372081,19.03509496861552
1018492887,2,130.57111195287158,0.3773023882501881,0.2714007611130308,1.0256872826593477,20.677388003713318
1018993474,4,236.7255845233982,0.362317859710878,0.19213653019163857,1.1559008156495647,17.40681392416548
1019146699,1,38.308401762345724,0.33584575861824373,0.28997641521556633,1.0248322487870516,16.243603089234856
1019302045,2,159.27741114287147,0.38201149126173506,0.2314341733643853,1.090557653495408,19.698450112993406
1019871749,1,134.69445681246344,0.34633859882771795,0.290029984067196,1.0199194989056317,17.71218320990455
1020201493,3,10.42671015780708,0.3831346886938701,0.1784715211305612,1.070208782182649,13.494741133260447
1020575007,4,102.81059600490734,0.35795162792553104,0.30645119231391094,0.9389704313615118,21.093036015126337
1021238306,4,68.25797945433268,0.35638391035698075,0.2645248206947805,1.0516868935950858,15.61360118314901
1021483975,2,241.40364022675504,0.3993541738867962,0.314689761859148,1.1558114674735551,24.19389608058005
1022466130,4,54.98707680120003,0.33744306629945164,0.2633220581356482,1.1334857293805323,19.347283450911824
1022768745,1,60.485019430951915,0.3674489347238803,0.29587411618761406,1.034566872916407,19.30809159372214
1022782104,2,291.7664274485422,0.41817257584445244,0.24313645608245038,1.1744274330463214,20.69653807450144
1022909256,4,154.11581629570654,0.35720034754784735,0.25233158496817737,1.1848567243932973,19.620972951651883
1022982762,3,135.72475973424088,0.3928957525884668,0.1724117230106717,1.0131510799821488,14.571471430596628
1023161233,0,124.8358129633312,0.3681373108676658,0.17355808390693933,0.955468287739509,11.047934099917299
1023305390,4,116.9587648499831,0.3383372891954415,0.21013343372504784,1.1626357941984529,16.340208728328484
1024068572,3,30.471406410144326,0.3867554713070484,0.23416799781239678,0.9145853777220903,11.522952650198754
1024345756,1,-18.88015221478514,0.4189672934069686,0.22640976452965356,0.9124635208009153,13.000761548722242
1024792036,4,165.09621132333183,0.37898756485654533,0.2216964227039191,1.0280619245832268,19.434931452801038
1025306032,0,58.01473160728164,0.3445736569715043,0.21369023816019952,1.0841682393863987,17.937542267603302
1025433212,4,128.13986057120204,0.3681805800818162,0.2383404186338613,1.1468505632030748,21.33718963575227
1025691953,0,168.12627207458308,0.3429706015286834,0.2649393216042605,1.1763975999851881,20.89525462462757
1025699725,3,-44.02461663143586,0.4265137609160232,0.22738966802094737,0.9889697444005736,23.402434189484772
1026017017,0,2.652428565867453,0.3709396070251174,0.20438380248524948,1.1844220947698696,11.70985437869702
1026090267,4,17.164344706356047,0.3274620337805503,0.27934424133014335,1.0477805619940965,19.087846771710502
1026468393,2,115.65307240424781,0.3648946695517057,0.1818315251550428,1.0532364228338702,13.202873074231578
1026585512,4,44.43409242801981,0.3364645478613065,0.2726452356184029,1.088056068159717,19.748796291329494
1026999069,2,248.0555840067982,0.3621335211595924,0.21578711619593238,1.0914457067202423,17.5955392324158
1027170347,2,156.036594333397,0.3646605500537471,0.2008854522012234,1.2249857580526151,19.375660939035946
1027277278,1,145.74956663847337,0.41195622635129,0.26087561860356306,0.9690895420476826,14.441927368468201
1027526557,3,20.281414367202302,0.3482766272756092,0.24587828884047566,1.1027101009532252,20.681136125806695
1027925897,0,5.437139338494589,0.3435752551707534,0.21564006327499696,1.1345053890030503,20.0025253913367
1028383994,4,112.70123318750308,0.3643930809208382,0.2013719849710711,1.1280055447784367,16.29695509696755
1028416033,3,-6.791785333789903,0.418840258879834,0.1813735153148128,0.9965609784708677,17.92509496550044
1028677935,0,237.03017737333982,0.3707525802326113,0.1606534614843567,1.1775056097049714,20.041175283662284
1028942320,0,82.06756232868659,0.3873909866837399,0.26279813872862356,1.0953345971450767,21.372063774144642
1029035301,2,275.8946353991379,0.37231685252029156,0.1415006557375803,1.3544220604002821,21.302246534405647
1029595953,4,-12.308099032077394,0.34602977598847956,0.2704673655340355,1.0891000540563247,22.568118074944106
1030451978,1,171.55167429950058,0.35447609697301774,0.26654507256669185,1.0526911159584165,17.3445952461692
1031120219,1,-58.076726650440975,0.39343361696031387,0.21298076816421063,0.9012523847116364,13.20888332487263
1031229001,3,249.9327075399466,0.3716682501312785,0.28339369217258065,1.021213450862806,23.096249160278486
1032049018,0,14.33177386418646,0.3959430741562278,0.230699179800705,0.867003619275235,9.764796812999624
1032380700,2,86.6480217109315,0.3495053019048986,0.2490158984564263,1.1131829788807666,15.530116738115405
1032824878,2,258.88677311617124,0.378458503807355,0.20023506064288793,1.1045059881128356,20.26034189385167
1032864427,2,284.6297182298763,0.3906192164094689,0.17614954772976166,1.0723301670041496,14.463959724076993
1033105320,3,21.74790944530845,0.41069302463310386,0.3944995222198103,0.7733673966022263,16.2595150714614
1033189892,3,112.70243966122895,0.36687678283559727,0.25907134063654524,1.1007627014695591,18.40426302087203
1033278937,0,203.41170280003473,0.39006652687439464,0.17980583024078883,1.0780256302988553,19.18879497574446
1033351470,4,115.24036566026194,0.3796985798466855,0.2161592898468326,1.0486223509650934,17.116238944432112
1033553223,3,231.28078339821013,0.3657365451866385,0.29339862044875903,1.1779622103767857,24.324117782304988
1033716962,3,128.62267696895975,0.35831277438619974,0.2155632090318074,1.1562209675444355,16.30290129285311
1033918415,4,53.97200035786403,0.36438398367872826,0.2524009915005963,1.0727806262672204,16.757481237521596
1033946861,3,28.439755365986784,0.3791769547872496,0.17048584933820005,1.0984534345348205,14.603168141973697
1034104971,0,106.76491727495811,0.35416727232267037,0.30188335065720284,1.0284964859815926,17.52458208624483
1034123279,0,165.48718785179022,0.38169932072869006,0.13816835230118743,0.9137297247686037,9.976194446233723
1034236621,2,90.10672287720487,0.38282731456829416,0.27198552299966156,1.0295911787094918,17.650722157072952
1034741718,2,-85.16636495235268,0.42952113671688485,0.2154999601274125,1.137020877903628,22.504197061430375
1034918215,0,183.86311221313315,0.35106263809174115,0.2517187271970363,1.0869922281473845,16.7758863963797
1034983348,4,-24.216700391598167,0.3794678482987105,0.2204451599691509,1.0569147981288,16.551416215426283
1035028820,3,195.09076394362845,0.4428747737798931,0.33508019204458783,0.9146440563440126,24.865651171634234
1035315076,2,282.2360032187976,0.41156750943621967,0.32876209487588337,1.094410178487069,23.13118526585678
1035856874,2,44.153154297509815,0.3970993685295645,0.21952238192977333,0.7561927268167317,11.332626750892492
1036138133,0,201.9891693737851,0.38662707996465606,0.18143024116426315,1.066764737703825,19.434359840174537
1036220346,4,83.18423980290649,0.3708545924659874,0.2489455063701145,1.0622780898951771,20.6940516085627
1036443335,1,87.57133101535912,0.3135211261040048,0.2731534755416006,1.0780231803444862,17.396666580583183
1036702537,2,176.49827642159656,0.35990253623301177,0.2613289898412607,1.2238241705040043,20.208752532460647
1037214507,4,164.6573571089551,0.36929268232977,0.26164161693942867,1.1644203631286965,23.65637431112374
1037247055,2,185.0469553507073,0.36278717882154626,0.20604768468781545,1.0783420759611146,16.352164218232918
1037483608,1,57.84894727317449,0.4374852644444033,0.17790777880435107,0.9361526214374085,15.105794575383792
1037753254,3,78.47519399493467,0.3387700688215099,0.21993569421029027,1.0887442931502034,17.691993248274407
1037907132,1,11.276794756888194,0.358621120461561,0.22339838324670738,1.0995690494476342,14.352486530693646
1037933162,4,92.21294571388316,0.339504522252713,0.2651847165976393,1.1850938176490071,24.584590534659228
1038226153,3,169.33253102818713,0.3748718189982879,0.2578293137439509,1.1369916395073218,21.818411873041825
1038295245,3,145.77919545796658,0.35876232358106747,0.30381435408356106,1.2379866562890074,22.68172354561399
1038630240,1,173.1194655202424,0.42563042603343115,0.28003078690425126,0.8740920261745987,15.775639422864852
1038723100,4,134.47512147002755,0.350497237353396,0.23989808689486886,0.9851451840638901,17.84160123035756
1038983275,2,50.31775886120905,0.36090080446139583,0.30939118361921886,1.000348062661766,16.429832054317696
1039049249,1,157.90042675727574,0.406817860755028,0.22326013834468497,1.0082746374005764,16.640176186032576
1039097467,4,11.121646813009903,0.3518782509117385,0.21503372514211402,1.0329626809573222,16.16939693798709
1039985158,0,52.04322770794705,0.34561566585011694,0.28184854844077495,0.9417026307402618,18.20481423474726
1040974624,3,412.20966711104694,0.45302124628218604,0.29815694234827905,1.008825319377686,25.58714910741513
1041000545,3,226.59514561247596,0.3676970266756208,0.2562704505492175,0.9645280903996342,17.8895672259928
1041165828,0,71.65193765842542,0.3395330392071426,0.24449722979286181,1.1441421453634744,18.118478369343276
1042275963,4,5.0781659562757255,0.3713228903238381,0.2388765167800972,1.0023776268438187,12.60008334572092
1042390014,2,71.52167910847498,0.3568519067273551,0.3162023279945428,1.1052039648401708,21.59841631882656
1042430628,4,148.89011481468248,0.3668315068016109,0.23742595910198017,0.9681651145700693,16.60825948113819
1042780856,4,77.781022403655,0.36012815700232775,0.21211317970778298,1.124711103107865,16.192622372086667
1043405335,4,48.387640172790135,0.42969190044594685,0.3440372101516467,0.9592929046912263,18.779377422949697
1044196654,1,-19.386208317360158,0.3594396564848295,0.1350846619524176,1.5903843656531937,18.811994802282566
1044241223,3,22.046335795102564,0.3677362970172277,0.28481229196361735,0.938976136500596,15.825014590164885
1044295958,0,65.86170255001316,0.33317655251951817,0.210140718046302,1.0972345508210706,13.104231480361303
1044700576,2,7.095305849371044,0.35467532047899103,0.1931006763882685,1.052687859071858,13.260735014232168
1044740151,2,109.28773267660954,0.3370381614327583,0.1555498176286063,1.2936010548795736,17.69244314802191
1044945612,1,148.57636120436058,0.37473636645092345,0.24870372436418942,1.1113520007467246,21.764890807297665
1045029623,4,1.5433321486487017,0.3451303176587678,0.2819844827027719,1.046583510397158,17.769029235071578
1045248903,3,108.00732091746595,0.34837507197952394,0.3089882006651229,1.0617912838453352,19.20777415096491
1045265904,3,-22.755547187566734,0.34456621527932446,0.21380984691695193,1.173521530583896,20.165235816689485
1045484392,2,194.6014828901257,0.33960022291612857,0.3420088240945658,1.1694660702928361,23.476784652288686
1045667225,0,-3.464682156943482,0.3415200311265539,0.2742311362066356,0.999280076964254,17.464075005806833
1046009311,1,68.57387412393007,0.4189533063930733,0.19666116584434062,0.932483329852953,15.345261180156777
1046027555,4,22.617995301031556,0.3682050336221293,0.2796686086936086,1.0818841685462732,21.98705210825853
1046064945,4,35.62471898919391,0.4202172727118024,0.22061278860071978,0.8753450954323188,13.673690236301937
1047211829,2,32.76192607645001,0.33388363329323617,0.26899322094970957,1.0651583804797817,15.815184501324946
1047488413,2,116.68092867912824,0.36281940685847763,0.23961956616799707,0.9918682960680191,15.881514436376992
1047573880,3,248.33628525265885,0.37549181250792113,0.18228694997186945,1.1801029317783702,23.635517098593166
1047587622,3,34.460003359826295,0.3885490761215775,0.22619183540333712,0.7472664496052818,18.027172182882367
1047765125,3,231.55114103434735,0.43088940101487017,0.2050537082063768,1.528263578744175,26.11343096766199
1048177525,1,-38.924511431800624,0.35277355885711525,0.19518462991988605,1.1390705014948312,15.022661231761855
1048219303,1,306.9780054593667,0.3968573378640916,0.2268993317493407,0.9683981740509964,16.792290877843417
1048356010,4,165.44160818057367,0.38881779821743156,0.32182485847229825,1.1201652715825374,23.301308083457005
1048411136,1,188.59281181949456,0.4143151002680948,0.21722929812924857,0.9155944083072379,14.472746834258283
1048769739,4,167.45220639486033,0.3467463622407293,0.31075435445553945,1.0538486938277183,20.43312454582596
1048831581,2,88.1067000613981,0.35993503408064637,0.30800543257321455,0.9975637756883186,17.326152358588587
1049514979,1,149.75861853311588,0.3764500617112223,0.2370170813322256,0.9405925949899777,15.233501979016587
1049869017,2,221.18413739717744,0.37687349590149877,0.22249506611671133,1.064278635435894,18.262885380887194
1050100593,2,336.95291701449787,0.37144918611795696,0.3510612263741003,1.2684107218714193,28.5739460459922
1050347337,0,229.37842833205343,0.37375384000880696,0.20775832781614653,1.0910894644055305,23.875339518245937
1050360528,2,96.33654676489911,0.36607625331203236,0.2720142648278798,1.0667081695736835,19.902193171638686
1050435822,0,63.21649986852972,0.3375714444425602,0.2975093139692799,1.0062437344830886,19.00864689144687
1050763719,1,177.96904342698602,0.36102563249544245,0.24761423346615902,1.214554622778159,22.071045178772003
1050868721,2,35.14811982404301,0.3382642942119689,0.11476182952746097,1.672235514943636,21.275935522740077
1051120785,4,-14.283405656956475,0.3468657793262665,0.2016809317864824,1.2222293910741286,17.66154456597139
1051267871,1,89.78041297792103,0.3501008440768339,0.23959466552154648,1.0879776171025577,15.731224896759864
1051950887,4,-17.30180069630198,0.35203475042952914,0.2622610059387479,1.052326740070031,14.413614317211094
1052347491,0,93.08332363070211,0.32291987114503584,0.23097577639750813,1.1629855939441032,21.21721765571617
1052403305,2,21.639706796924244,0.35783960572649975,0.21460030237482625,1.0843988114935106,11.704278635291448
1053128614,0,169.40289620653448,0.3726479812999677,0.23878789290678398,0.9749137595382548,14.068754050219484
1053654075,1,29.99540306214662,0.35341274257767813,0.22747219854683343,1.0517224091219939,15.510898196562925
1053689640,2,243.76440817019295,0.39653420384815385,0.26417970454027,1.1414877158823795,22.14120427164881
1053749106,3,-53.27212527793867,0.46049163776304036,0.1988043043279834,0.9586875383428833,24.600003728706803
1054068496,1,4.573348612521556,0.38120224620482696,0.2848667109963268,0.9940821985930766,20.893408346089437
1054663737,1,92.59149757852305,0.3382467778473064,0.285539338253036,1.1871292848754251,22.862365026574686
1054699439,2,23.78198508801222,0.4213554672739069,0.17002717978222198,0.9643314514193669,13.620401668711596
1055096978,2,134.01678315749305,0.3780947443002391,0.21211552824739832,1.0582449980789748,18.986146538067167
1055238521,3,47.52468334632411,0.37772717878124296,0.27582400284731007,0.9572207620105428,12.410407853046696
1055403183,0,-59.69857788571532,0.4144321061342542,0.216886301815587,0.9402889848077711,11.85829602425374
1055512615,0,-84.10056925248058,0.3531591537858122,0.11242845571729271,1.4679238772925545,13.274832972430787
1056241646,1,183.54602174568197,0.37230211183049955,0.2691129606018647,1.168764728522188,23.69960551796855
1056427666,4,-8.703393830533457,0.3303295092664076,0.12465895012324066,1.2381005139794166,13.091872241226932
1056745854,0,-67.08520467616329,0.47866738480748877,0.15779471189458033,1.278144730880722,20.61423560889919
1056838688,1,6.5454241162263,0.36232808059041566,0.22469755432327274,1.202032589036417,13.288532863037902
1056941097,2,-5.093332287704072,0.33489234884303354,0.3011753660037778,1.1847268199636258,20.68290398404143
1057142863,3,-76.1397817944383,0.45998557923209143,0.18406147964029143,1.0916108460510985,23.848089093160436
1057428367,4,170.29557352773622,0.3666732539434345,0.21206610490467157,1.1633261581011056,18.673924904775674
1057546694,2,33.36201981586149,0.3844282673006885,0.22815771464913745,0.8428005085814245,13.570561453347551
1057577802,4,149.62280030581172,0.3492631264714898,0.273820550378988,1.1315954932222037,20.218572939165092
1057831981,0,98.23183319128185,0.3551447663013145,0.24486099322910163,1.0695033412265262,15.924498642174814
1058058469,0,85.52554520516506,0.4154980414006706,0.34054015995379133,0.8125312972510487,23.987259554292336
1058114006,4,-49.23362302734293,0.31757867934698336,0.12651208444428927,1.443610814329734,13.72211416748237
1058146720,3,16.081577129261262,0.34907434252116043,0.2200048451110083,1.212603110904844,19.548610090532645
1058557408,4,-20.129877395409977,0.33291169984534275,0.23073435353857175,1.1288820282905712,19.288321355676917
1058865431,3,38.05103480874034,0.3099716589269069,0.33558752465063546,1.0048141418685055,17.031333877634232
1058915923,1,194.60151080049286,0.3708384721751723,0.235324130924992,1.1352718585818489,17.936550138693264
1058961949,0,179.20949998657989,0.3903527836398895,0.16931893328312406,1.1096221156734591,18.246451462224453
1059090867,2,218.19104075910022,0.3304617343998285,0.23456580585482545,1.167186728012333,17.729263242959938
1059116091,4,131.47496430100568,0.3511335231128817,0.20054509743348115,1.1451681345808158,18.76506042088051
1059315394,2,301.9964037847119,0.4455354937420531,0.3570197268363114,1.0937165349058313,27.64216796243891
1059383045,0,187.16285189000558,0.3540878356761301,0.24322910454122898,1.2073767021919857,23.343625370901233
1059454282,2,35.829686005523016,0.4006801043564604,0.27350587795110026,0.9305478809113383,13.907595902091058
1059658423,4,-13.490749052767228,0.4009953525057164,0.2230608284017261,0.7961023949896942,11.238435629699152
1059731090,1,176.2205348431964,0.3620306174321366,0.22730252463811504,1.2466229266935125,19.81958036931241
1059955409,1,99.7642640963973,0.39855575446153324,0.18760132062915907,0.767286097339873,12.010468992890889
1060516600,2,154.53468143418058,0.36448302962544554,0.32061338255291244,0.9556183675140582,19.740173053937934
1060757060,4,1.3171980864876645,0.38070974342095887,0.19895417807150523,1.1430975341851097,18.260149955446426
1060916262,4,199.41626611101833,0.3931920475784291,0.15083187619381114,1.1115424783428525,17.032772583147647
1061550399,1,244.3006652944357,0.4337454001724776,0.23172146136859262,1.0611517225063847,17.27272300298124
1061842940,4,89.73754791683359,0.3376872807029813,0.17976420558383888,1.2770395016690501,20.844807767954038
1063041507,3,135.44432983296733,0.38088889530439685,0.2553386964823088,1.088876683256714,18.871646068673932
1063440128,3,14.87468257494109,0.37018165146963494,0.2812672045460302,0.9935974851372209,12.303044230093363
1064087880,4,110.40175707227826,0.36492810373598605,0.1602460223175073,0.9635937227441257,14.944635236230747
1064576585,3,14.38533418450291,0.357300662540468,0.26559466313509406,1.1224091972490768,20.008503004162797
1064842298,1,30.407008109789075,0.3759002869496828,0.3177000577647633,1.0080131357898796,22.34108604360555
1064934987,1,18.940349296046435,0.4217936319307069,0.2049616308743319,0.8622794015590891,12.841631495049352
1065372195,1,39.460472478544176,0.3269302464259417,0.28928606688839775,0.9093645105115186,15.79866241138085
1065435792,0,58.31390483966687,0.3683638497446433,0.21449763890454043,1.0886475869725087,10.83971672929001
1065541315,2,16.559083139283175,0.3431494133002806,0.31049240608463013,1.1331703851932975,21.467342073692297
1065659422,4,193.55472394503818,0.34625746065708257,0.28401619851794596,1.1094773350225258,20.627112710529932
1065912423,3,200.6918921233801,0.3560971408694566,0.26669511099247034,1.1596776212019826,18.80505102747241
1065918379,2,238.43955708298978,0.34168491307320337,0.2377989484783748,1.1606699090544508,18.674160061000965
1066071241,0,162.76763981492223,0.4123498618963406,0.15811632083301436,1.0553138753402513,20.774547268157413
1066274431,1,73.41982957121405,0.36277655479868404,0.23314920688358165,1.0331866008838009,17.268379134332424
1066470436,1,19.648524456610687,0.414319494682498,0.37746857978689663,0.8908396953290518,14.536556027685023
1066912127,2,59.78980343713479,0.3847708838674203,0.1781147374574777,0.8690291135300432,13.468684491894392
1067785609,1,131.02648659905083,0.3695301182083658,0.2686552861708945,1.0673441716246979,17.378952924143793
1067787070,2,225.85681559049948,0.40041942598367075,0.21736190723889043,1.0341716811982642,19.677542260483634
1068100442,4,122.88077799614494,0.3634350809429699,0.18467614647409392,0.9853062078163692,11.801592996022276
1068153413,4,83.43189888746655,0.35272684737792315,0.25007900707749764,1.1683707943910913,20.69648265543792
1068186328,3,-75.50066232917678,0.36277314197600535,0.21543674290912468,1.2125027874255245,19.866870196165134
1068353755,0,87.50598565142333,0.36080296290151714,0.1849595012997141,1.2917123956975967,21.60069441737435
1068808459,1,84.54998218165147,0.3799127847977866,0.21525383821663602,1.0260701179923315,20.94311029139821
1068978203,0,106.4202123206996,0.33847577627101655,0.2811571142097545,1.1326194817767976,14.422010577902723
1069092654,1,16.29920206761956,0.39270177146639196,0.22440218602191725,0.8905447252852635,14.375268818930609
1069141321,2,122.97205866355756,0.359940567441014,0.25213764040804604,1.0818600444723905,18.364726963849286
1070036927,1,170.82894334826273,0.3617182643341594,0.25240214056951543,1.1981163812548166,21.866239960295058
1070310585,2,178.01822271991898,0.36334363695358857,0.24463244389279956,1.0184946674895352,20.47993173078819
1070320227,4,305.3377921307614,0.39809806941553644,0.2583440829949977,1.0412075015395228,23.376476320722674
1070754450,3,195.5090418967497,0.3688327996938606,0.26248300206386066,1.0363455278124885,18.486953572322022
1071227644,0,235.05146586016264,0.37414933839816206,0.1864778804911797,1.131507789096059,20.1769213076254
1071356842,1,126.56535110431503,0.3528998596621361,0.22734624995297195,1.0797824483315912,16.519353059545203
1071493956,4,-77.22827837243003,0.4282168305151678,0.3217231426029003,0.9187082753842621,23.490910764610597
1071638401,4,185.31385310441192,0.3838016927071203,0.17202957161891325,1.1526685249789723,20.101977006629856
1071860128,1,1.2642310717162388,0.38184658686896966,0.243748448740878,0.9601002043409046,13.447398870006507
1071877788,1,7.118560847229446,0.36112566202050606,0.3205045300681602,0.9686914867616039,19.433277037312784
1071999103,3,126.88365946937364,0.3978178052183891,0.18485085054518363,0.9941868040197225,14.676638477332377
1072790069,0,86.24397176429389,0.3114096448239077,0.2146196880963847,1.149407144492683,14.571284188559956
1073329534,3,151.5250669317687,0.3668154850046472,0.2883131490706626,1.1002539243241347,22.700064374244064
1073330794,4,79.77552457308443,0.35187898362822073,0.29606641840719944,1.1116235097708325,23.17782920759944
1073733808,4,34.46473608212614,0.361009790259046,0.19459633199524357,1.0091713106268418,12.750436842045115
1074067336,2,-34.20237852140819,0.3879942486951121,0.1953991610865521,1.0954126661611068,14.378894788722604
1074560123,0,39.92125252678295,0.3442169628264004,0.30500723423521625,0.9742688625463858,20.031504864070378
1074625910,1,33.93859115816584,0.3226057986814218,0.36434742651268087,0.9245958344082941,18.383264735279816
1075276432,2,187.42403405941408,0.37601421693687026,0.22462497418633512,1.1204443021698416,19.440265685149456
1075404096,3,214.23710768591155,0.37496878839654074,0.28929451742737466,1.1613734464248997,24.35707384285456
1075461516,2,39.607964572181125,0.3519072374587967,0.31295258564075085,1.1327057089910597,15.517188476409313
1075544965,4,246.711693697487,0.4032175210965412,0.15888129778637244,1.0803068631992478,18.18844732730229
1075748489,1,91.79878077647751,0.33909939427413066,0.25957654217638976,1.180744955363415,23.587787336385627
1075922952,1,189.23449333186173,0.36672360730786174,0.2211802774483773,0.9837141673974301,16.63498158934848
1076149389,2,102.4174670992852,0.37247193406527174,0.19089760535543485,0.8905122878547601,12.245049735551934
1076285178,1,28.078998346423575,0.3641600889651777,0.34958570180478976,0.9197390371529328,20.702360588938124
1076325582,3,68.96862268026346,0.3849410870252647,0.14658771873182003,0.8575043541404608,10.491767666688123
1076737435,2,174.64814733445314,0.31490881642375274,0.25402592059417184,1.242912842923738,15.893986120548728
1076766601,1,5.751563032494374,0.35193433275852454,0.2264045885600428,1.0485678164618235,13.394579152960917
1077387611,1,178.92898693969022,0.36364906235627903,0.16210617638153885,1.18509344500596,15.835453237411482
1077715415,1,33.39642587845543,0.3834703633549959,0.28576870888545197,0.9428372764714376,19.445878099680158
1077770059,4,133.86239761733373,0.381293339014838,0.22623705137227318,1.060854863580004,18.101638834655965
1077976008,0,51.114162276704135,0.36882771288085897,0.3345725135480642,0.9381792633836606,21.03886340979144
1078277401,4,74.0285749226371,0.3345648826855753,0.26759820719055677,1.1770126435274388,22.006679072562395
1078510278,3,45.009005675695946,0.3645120526802766,0.1828073888437445,1.0736638873161484,11.873466293451601
1078694994,4,159.544153231093,0.3838262369647122,0.25452288423193553,1.1374343533157114,22.1391337351266
1079075328,0,250.19952024209505,0.3701744527964269,0.1501977092982864,1.2018149026532579,19.977408613712544
1079079241,3,104.72144235428368,0.36681734195979976,0.24464909861435058,1.09078427349295,19.528431629338492
1079236284,0,142.59709688823756,0.34636695191915,0.2533878537461159,1.0288637044394167,14.907902381634218
1079254349,1,148.4754929385873,0.35599768401963255,0.2924081284661342,1.14060621463016,19.916905199323534
1079860530,2,-65.66783185777358,0.3466023897255116,0.20492983573566537,1.1201446615361075,13.09620580937343
1080075202,1,-5.0292984175826945,0.37854994070661524,0.31831623612405624,0.9179449122754173,19.0444823277228
1080185947,3,32.598455000979584,0.39204487069998106,0.24669232141338812,0.8912350009147778,19.87039791028592
1080677483,2,96.34664434936468,0.36609190804724545,0.18215487741162234,1.0617108211161945,12.425523218480452
1080857742,1,188.50344572813665,0.3877515408592897,0.24271917175786606,1.138490902108431,19.02865754726777
1081105585,1,224.96636748906406,0.40782033478580865,0.24311316743000183,1.037247477102448,19.778389902617086
1081227608,1,-32.907317725660675,0.3891855537552911,0.23527945370767794,0.8471993269462729,12.392110958511182
1081296468,3,-79.01756992441085,0.38108810764488904,0.2244406247447458,1.1046624417945268,20.69456459199359
1081913704,1,20.53020174007918,0.40714412145505874,0.1593286007310931,1.2442598516768442,18.90900971191172
1082020725,0,19.399580428600927,0.41929295711489784,0.18081376416850506,1.1001400188998662,16.02320915924783
1082166960,2,-70.76426441098293,0.33384500285448626,0.14359933897613847,1.8263903029194841,21.191349172012913
1082266101,0,2.1300088528438152,0.35140224733414327,0.2696148360893926,0.9958135952517762,20.227542376186303
1082761945,1,84.55575717676183,0.2974308268401783,0.22953024681467699,1.2477241716985943,16.83984211905659
1082852638,4,184.9799742209774,0.3798618997337316,0.2322292853139643,1.055290475953868,20.486599484752986
1083086006,3,61.63628091845755,0.34086407438384553,0.2689864559572357,1.1341181878447981,21.88502015939661
1083192261,2,99.64818739260936,0.342011972050021,0.16009997385942162,1.281612958562602,17.825074882475626
1083208752,3,137.65136857850393,0.36004087458610684,0.30880496919639405,1.201145564076272,23.539707487736568
1083322172,2,7.0366277865410325,0.3900374292374285,0.3745920450132008,0.8560970717752522,14.192231741281676
1083424600,1,21.36689259482793,0.35969022936362116,0.22825997354963745,1.0682000960566014,11.870012802726277
1084524118,1,350.7059221825632,0.429630522472038,0.28636050285708553,1.1074328750008535,26.004749083699874
1084974257,3,63.42599715625564,0.35595777795010924,0.2685958678811735,1.0205914052729887,15.157635158563828
1085199184,0,71.43608198656534,0.3267480466163734,0.2761169968943629,1.1450029177491916,24.166889387904398
1085340471,4,182.1674661988248,0.3351794817817499,0.2518785355358483,1.124509594896751,17.82127846538986
1085397410,3,125.36257705716208,0.34913580460700944,0.3037054626358698,1.173195192190189,24.76221235249659
1085462355,0,117.256857470604,0.36348460740232774,0.23192246189089696,1.09205226967367,19.598533918141918
1085625486,3,33.37108292524898,0.3801946270661066,0.2801468830785416,1.0408259516060088,18.282509863410844
1085727848,4,91.67174491960871,0.3842927558043896,0.21669292038386728,1.0113724662869388,16.170985371235062
1085767747,0,94.45876941859522,0.38014829926761146,0.16919052291613546,1.1341141858813386,20.72870184511367
1086507513,3,156.526068508173,0.36737379628991906,0.24198645660878476,0.9901170408653093,15.316668720438532
1086648178,2,162.7416684814719,0.3686918315466903,0.2785703702948978,1.1312216780750173,22.19256381213328
1086813009,4,127.57664782895048,0.36482605966354126,0.21989681487214538,1.232170129431958,24.03121316499389
1087155239,3,-46.94643542624988,0.35050805969028626,0.2615003737972768,1.02261707916744,20.106929062595505
1087298590,1,64.94374764721204,0.3709956128541181,0.14585719062094016,1.1270709949319735,14.353031007558526
1087567752,1,109.86157305242844,0.3710041573050469,0.20957969910860094,1.1785981094332394,15.139820966218807
1087727668,0,122.53678484977348,0.34719008701750687,0.20678808723476422,1.0120543238147603,15.109863015385173
1087863432,3,46.30059077511442,0.3620705122233626,0.26241979102424906,1.030470401476542,17.701059025878646
1087874446,0,25.45439531300802,0.3873778769723032,0.249370349993389,0.8802581415755726,11.112694705581802
1088069103,1,-18.780114954732255,0.36517168395053395,0.16527498394187262,1.3823821047585076,13.139306881765268
1088166568,2,-1.4379846695962186,0.33775613936684223,0.2062872730573906,1.0751260220899954,12.318865703600157
1089099608,0,84.83461225742803,0.34545275287416005,0.2564455826642916,1.1062219086782117,20.279828204149332
1089343278,0,133.90964501236073,0.37102283680847825,0.15050774110617954,0.9504423032798575,10.70962889721148
1089446070,4,174.82164545538103,0.3425067320877123,0.2882156031851697,1.0475281854179515,19.025372885276717
1089600845,3,200.81970131727266,0.37864624117759016,0.30715337683529353,1.0690027603357843,24.904439338069757
1090041949,2,232.01832416070795,0.3837979446790344,0.164316112694272,1.083776073939318,14.865329819545243
1090062634,4,-79.56552114727666,0.33058942822653986,0.11573249574465269,1.4766754270687286,13.501874770594512
1090620461,1,246.35836736375666,0.39062792902534665,0.27764692568203353,1.1482526209906132,23.933622439055828
1090704353,3,37.40658355735689,0.3188298114143061,0.21528325812601318,1.1545224628529414,13.144031461739267
1090817229,3,233.14314021084223,0.3637622957357502,0.288198513288132,1.182188219498874,24.089743205850127
1091045706,2,124.78732815257958,0.3763012560842738,0.24684347163869075,1.0493078663479314,22.035414226226713
1091424818,0,180.79414462245677,0.3531567272889359,0.22704151970935402,0.9646639104324488,15.39052526734163
1091676819,0,188.18578190782387,0.38688057678302834,0.20760606564513887,1.0420334773489885,19.00139221105047
1091865104,2,192.0487497862158,0.36280651645044804,0.20544376381208052,1.2382410668307073,18.56992806203991
1092008018,2,211.3060124132524,0.37264000596477126,0.21786155804893315,1.062245355870078,17.588456012790385
1092288968,2,217.64944196789827,0.3843176269847682,0.22188335107363327,0.9927283796853101,20.901295409414317
1092404802,3,57.46718830938874,0.33178763403631145,0.27212001330109276,1.1172230510199335,18.576060870723115
1092542084,3,337.28722144556525,0.39379882917425935,0.22177247730674227,1.1754027611130267,25.034065414632067
1092567276,0,151.8665979694924,0.3628996711747054,0.21462126537631004,1.1771540108001664,19.91224418711387
1092652620,4,73.9067044065201,0.4131030946143115,0.1809743897254765,1.0258683645228237,11.291654683641724
1092863578,3,-63.406300602506576,0.4063331373560565,0.2748007131250542,0.9146188797788765,17.042567688150765
1093111808,0,100.5187542526482,0.41289649995971733,0.2199918098221933,1.0393002248547603,21.181653220671986
1093119609,1,168.21793656540825,0.3640427744217191,0.2296092222674002,1.1980667317842064,20.520401554177774
1093757238,4,89.06976022264504,0.3607940937916021,0.2496696545565314,1.0951290695385334,22.16212543350087
1093999589,2,104.20925468148901,0.3721212599290689,0.2800468686734147,0.9323468438113917,13.975920961182796
1094849192,2,112.83038426659805,0.38895917782222394,0.15575588545974184,1.174956309642491,20.970228031411747
1095118388,1,84.51094552305473,0.3576465186710169,0.29624201296596026,1.089035189615203,20.44262519118456
1096169476,4,20.051318370404942,0.37355294870106986,0.36183287894902344,0.9097586235082502,20.30199953642526
1096482563,4,8.543322493139868,0.3476813590643926,0.22765752618816282,1.0412998550829002,15.75581784391789
1097037876,3,171.04104777132392,0.3670327642158187,0.2924779199555349,1.1718275844688122,22.010857062512674
1097383443,2,221.9665793884741,0.3588789999185427,0.31008302634146767,1.2135518747025884,23.931574876418114
1097591808,0,96.98392734877827,0.3975056234928319,0.3249192168392423,0.881899264022476,21.927762839616292
1098253429,1,-33.18202447379642,0.3900932056596256,0.22839250433264863,1.0410129292738026,20.561982493248614
1098329316,1,42.119872154043584,0.34720472491990806,0.27133795146739903,0.9970216773404107,14.349821761523948
1098458595,4,71.597732433676,0.3551026849329852,0.2526250154515728,1.185306871698062,17.99108814999776
1098493024,1,63.80102574536781,0.3666580257403342,0.256688948100831,1.0420472021502933,18.46395503250752
1098503912,1,88.02677243916183,0.3591281593675333,0.260891120145779,1.0568428413637423,16.72939301417422
1099489498,1,119.41706957641615,0.3797843578613562,0.17511728215975686,0.9563294716239364,11.135185296759886
1099529039,3,83.44124163763368,0.35377655982832074,0.21897676933281995,1.0484441244487561,14.662061656357348
1099611212,3,51.99282033803952,0.3748237485496906,0.1933957728397927,0.8534915541608594,15.227910829180587
1099687723,0,178.725178446209,0.33621309704463415,0.29341509611008665,1.1741014802737293,20.042262919100995
1100016656,0,14.748933731192707,0.37372329382581504,0.23003508248561777,1.0650062394564401,18.557307206420475
1100237859,2,23.124840971286133,0.3378856449188386,0.1841042433474856,1.129409796311703,15.01527974323374
1100342042,2,170.89504363709983,0.39009163698647625,0.20903794254145774,0.9847403580277369,15.779221568725667
1100790418,4,183.8037496766869,0.3732308160056249,0.2339469503012099,1.1434533846310686,21.150147757763726
1100941404,0,236.94666912468784,0.37166343355133424,0.2576362845540462,1.2350921229494316,23.047002448932204
1101351580,3,300.8720709967753,0.3943708113518451,0.27275213170511065,1.0627471320627524,21.383926872018186
1101626993,1,118.57812972999558,0.375113864899723,0.23985693628263766,1.226442144748481,20.300509083837593
1101869163,1,12.33101125187062,0.35594834601271347,0.23037195304106886,1.0506918608373592,12.408090835685998
1102089845,2,-3.630972146511752,0.3524310574595665,0.20951545502654442,1.0499470233028312,12.30214421301003
1102195850,4,16.380087163965655,0.3431226308833613,0.29140637995938784,1.0232117645977368,17.46160986583668
1102959825,4,351.9776011182615,0.4348831269400759,0.25904494186366944,1.1110119137504237,24.093641287919002
1103272237,4,54.99626853254463,0.33499534664063757,0.27411768160636735,1.1548533554734548,20.893667289604192
1103276909,0,-54.726575666407896,0.3190632262101629,0.1150172770125244,1.4319099032119171,14.295393505215271
1103729487,0,251.57431588210738,0.4084368907047045,0.14944116672183422,1.0446852835564469,17.85169728924866
1104001182,1,139.57139525278632,0.3481888315620528,0.3114080582425252,1.0975763266876781,20.44449317826212
1104150399,1,141.92938057963678,0.4046197515050854,0.2942082165766272,0.9193704656478298,20.87166340369484
1104675070,4,174.76729744301684,0.37360675189790427,0.19983996135878185,1.0695992390553917,15.997004300954995
1104783164,2,158.47373463762187,0.3804020040851385,0.2226959672684306,1.100487272643897,21.456342984389984
1104839860,0,147.8274157648909,0.36094009087726026,0.21081231655073698,1.1842643880696027,19.911172582896366
1105092944,0,221.5772324029432,0.34869281321886675,0.25191771433375215,0.9602162086470561,20.608476254480788
1105455152,1,23.714200157699935,0.3336227359869639,0.21866824201945081,1.0841597120991489,15.005007921053226
1105607471,2,-18.46803094973309,0.31998973740826775,0.24193054481218135,1.11685489941743,19.404017217484455
1105655721,1,218.13480136752264,0.38075814008659437,0.25333063352774265,1.1114823923162904,21.701920446834272
1105688396,1,71.86612092955505,0.3537041585900187,0.18794986836750271,1.4628875224310007,17.426721007227737
1106240394,4,185.47879307764237,0.32392976114123295,0.18390996587383457,1.2166046553885121,16.199019357175153
1106363407,1,171.51893531223115,0.3618801359406721,0.24393802606460951,1.0334847313209155,15.78031969848335
1106578418,0,132.70724458991984,0.3316420713653123,0.23071922374906279,1.152356733783099,15.551495450470938
1106718991,2,152.8331600345928,0.360275408798313,0.2409594539038646,1.2257500390774623,19.646707816235473
1106744054,1,-13.357321173583514,0.37620157196737347,0.2047154180586684,1.1516487435150906,13.583753188824959
1106849268,0,203.25711390823884,0.37748113761212876,0.15226786056976216,1.1049031361502328,18.489955347328294
1108103978,0,62.710216316308596,0.3834747138798904,0.22595383163729565,0.9344669213185948,11.025018298404568
1108143190,2,360.6437440506219,0.4588074266552602,0.36362569169617365,1.0813614730405576,25.866719280918712
1108204726,2,17.921225326887978,0.36317376243175,0.2088856766728816,1.110890037325632,14.702524410771064
1108782775,1,42.20397520917244,0.3445085130092573,0.2446265172354927,1.105294333367786,16.437968052571424
1108992243,3,146.51486501765774,0.38101968284657917,0.17859925250171688,0.9376613003908693,13.412673898723137
1109762567,0,150.4657569615343,0.3623737353664243,0.21039971990334425,1.1854453468411275,19.98864373577422
1109873532,3,104.56115302845477,0.3382491772527274,0.26304541168334017,1.1878026457216777,22.57941639237137
1110214736,2,102.34895891802093,0.36455708437194023,0.18639378602473905,1.121549702063688,19.190882980170358
1110372599,3,57.09960909447945,0.3526004395475024,0.2626340537794973,1.1439630947703672,20.39014673113601
1110669170,4,173.96547822595613,0.38065397148471924,0.17754329300021218,1.1249105407887705,15.653464826796036
1110735297,2,-30.40527305895536,0.33661510721400156,0.13520994661854743,1.448607503024708,12.092020768857196
1110869363,4,169.85048796011426,0.36137077568210235,0.24101036509141274,1.1275561168951853,18.284542463659264
1110958155,2,180.08089362525817,0.3666269690308335,0.206248379814514,0.9724822458299975,15.26953249250813
1111539989,2,96.72831837603819,0.35692688721140364,0.16824203986873637,1.1345138932557415,15.308789106911833
1112220366,0,115.2226458493365,0.35066083564737843,0.11172800808630301,1.1832256444406057,13.003569784007293
1112287021,2,219.66916910372294,0.3659969837565941,0.27438939484735375,1.247363986677059,23.52203290665437
1112294940,2,189.49004172005982,0.3700142814806931,0.06076101268831882,1.5248013649423,17.929289888618133
1112362061,1,62.72701680461674,0.37941589481293814,0.36432757718303466,1.0335928634953657,27.690360986708278
1112494306,4,65.22305482841924,0.357510343318133,0.19236621879272764,0.9922251032946948,11.85233523958096
1112748716,3,129.19948201910083,0.36220698451729694,0.24943864065340576,1.228233495063482,20.218845839435453
1112902230,4,55.36598578560395,0.3239923072158072,0.2507797612033928,1.0947616908014999,14.88702790827995
1113081697,1,53.49289772800703,0.367021760987204,0.2624985541512319,0.9968469460475299,18.188511040309965
1113417814,3,-6.660167721238807,0.36705895640632663,0.21983006464790264,1.1399917047596837,18.179794759447642
1113818194,3,274.70822144989324,0.37308123651736724,0.23408547371579372,0.9687270895215128,15.454520831888034
1114103605,4,205.38070649019227,0.40655958751532195,0.19004146835654628,1.045365933353515,14.255407356325819
1114394646,0,56.244166047732705,0.4472361010273297,0.2718550746169725,1.0500902806196266,19.86931838113216
1114536999,0,34.32552259547699,0.3113126064460582,0.2104873240085028,1.1948549322242583,19.00122996403585
1115041145,2,178.65691295211428,0.3801748907016516,0.19200517981304405,1.0864277982007446,19.74665205350721
1115283771,3,73.20947892565941,0.39066317783340093,0.12128420137225376,1.3045669614484887,20.87247375556147
1115535876,3,29.196601737850173,0.3994788794218779,0.39534011700275307,0.9252095315270448,15.118997457069403
1116045273,2,137.41783882393523,0.3544755162412938,0.1484288009194885,1.0990665468436673,12.80266684754828
1116077459,4,197.5088572946566,0.42391230610570735,0.1995452361173555,0.9915363569937671,14.769145016586252
1116322713,3,99.55375230648869,0.367110165275397,0.16194575313903214,0.9894176522627735,18.217910601903398
1116382939,2,28.678748102643397,0.40205616404128725,0.24692632179134988,0.9020191542770686,12.4136795025252
1116523292,2,22.152353132021076,0.3523176724247986,0.20186374997179166,1.1102705943949183,11.973193053048945
1116545880,3,-10.278045180977273,0.3474296349083559,0.1714270767528525,1.2531590253124385,18.559888538585703
1116644924,0,167.65764613968713,0.36029490201817665,0.21307219950114908,0.9208822331295031,13.784292744337689
1117693803,3,168.8315368943774,0.3445541137738361,0.28405153596089827,1.1124894913922565,22.39249549142458
1118322325,1,47.82337439130855,0.3343352488654441,0.27464297031996043,1.0664283539926298,19.204414624639934
1119425310,2,-16.81579451114689,0.412148955983452,0.20493267192426257,0.9373404141952173,14.377728134229693
1120266201,4,162.6418540496426,0.4131596428811097,0.23571088898933978,0.9971632641040724,22.93183918666522
1120810907,0,57.59498429965772,0.3093074690952255,0.3196664270111492,0.9242522662697513,17.481006324803367
1120932055,3,263.10367581419825,0.3852420006960768,0.23635288439694566,1.096155546641961,19.38171321229293
1121030015,4,-106.26044432669033,0.4486876868999839,0.20210250982404493,1.1983176799487276,22.133075093051907
1121099554,0,69.35280433762532,0.3674457926793453,0.28695673605630945,1.0411134679219913,18.148672621683847
1121162795,1,160.4501303800438,0.3566508477342594,0.14280445025793825,0.9820005421898146,12.582272097618226
1121663416,3,101.41507307891338,0.3753470143434363,0.264452293912174,1.09860568576718,19.926544909688396
1121754299,0,180.97770495862756,0.34989385124528716,0.23249070951864184,0.9702700500134368,16.434087458502415
1121884614,0,78.52981345804544,0.3447727157041786,0.26791393424716414,1.0929166424427426,19.076946527392757
1122012910,4,33.253802317890205,0.342362235163726,0.196129314786788,1.088030730484965,12.223366513720581
1122196297,2,191.2615875069245,0.3460862212335865,0.3180608074641132,1.1473595048608995,22.126359233939354
1122498895,2,14.824872388927858,0.3571309438809142,0.3104156845074257,0.9749830698453259,20.740392917746412
1122802098,0,40.663098382455495,0.35837462890997945,0.31483335501506227,0.9644180727887008,19.43946937733337
1123352348,3,144.51260895225133,0.33991788444602855,0.2638830882534284,1.210422684650709,19.25833302020459
1123567256,3,-45.3975448763949,0.3792603273790486,0.33358259697230935,0.8915245227142703,17.461009166152497
1123597680,1,98.37155900016288,0.3542421751341055,0.2486933386216136,1.2069301496355462,18.664323747543065
1123733382,4,55.34300807493539,0.33414143885223824,0.21320099883331922,1.3356612653618156,19.533581671884477
1124160654,4,60.71249010539767,0.3922338847019857,0.18974057543175266,0.7591650660585785,13.288425673828499
1124320017,4,199.95748793530112,0.35208860160184746,0.29446660922184714,1.0384334604391499,18.68408272942577
1125785790,2,38.006789984617484,0.34438142992485865,0.3024091722591604,1.0638548465853626,19.625449800235355
1125984046,2,267.1848223860259,0.36205250175625076,0.20631059937077795,1.2017409897365425,17.079241969422426
1126266523,0,44.692637685746114,0.3450837050026189,0.30271786187629957,1.0134741382939627,18.985570501321714
1126464769,1,65.83940363404827,0.3419172633713874,0.23951384034927586,1.1332702937730608,18.612695244300404
1126802641,3,-29.700953613667366,0.31675783893782516,0.04968453769194947,1.6067944529504024,17.173410199589
1127073632,0,24.088680373104964,0.34848171067777634,0.2387389347625677,1.0628291470974607,22.221072826803013
1127321613,0,84.05773978742178,0.35256917108960323,0.23166088328942228,1.203002252931014,17.90276543540095
1127504526,2,34.7025951703873,0.32903731316331625,0.26007927283541266,1.0973724120585975,19.64703569406216
1128237994,4,124.60297391122087,0.36306691751523223,0.16281930199310893,1.2945299722127102,19.37197425906837
1128593254,2,140.50235034977084,0.3480626052510568,0.25229950583854643,1.0479084257849869,17.55783941090456
1128659903,4,222.7431266844554,0.36870659266493633,0.2297906443979503,0.9805405359914953,17.952346270404725
1128762246,0,201.21459420254837,0.36780323973042217,0.24665269733277279,0.9325644655413243,15.341098248360197
1129166454,4,-23.39869130348906,0.3566373500099344,0.27535719439525935,1.0228977809744633,20.767915864877047
1129389664,0,185.7583483549216,0.3819086210875305,0.1859116682312592,1.1131344878226352,20.05913329181691
1129473304,1,40.22458883371343,0.3422539186866379,0.280967439992207,1.037079989479557,19.220875629315213
1129746387,3,162.93434091182542,0.34861989273818655,0.29653622311763883,1.053800456080621,20.19512562425805
1130000577,4,264.59471983707203,0.3805231554241941,0.30720476962026955,0.9999009897715452,21.838566265370496
1130043437,2,51.31193900097824,0.34284501662976696,0.3967362135880247,0.8914018809579596,20.575349192627787
1130524840,1,105.72607226056668,0.3411496184927164,0.2423268365064936,1.0698982807372683,14.773701233226921
1130989297,3,126.95763299073815,0.37847805980957655,0.21136965240952504,1.085932051685433,21.737387032066522
1131052008,3,-39.368216810701114,0.4041136099712758,0.2441787344866282,0.858660945011823,12.867313719712369
1131219961,0,130.6246803775923,0.3263550168225854,0.271803222190121,1.183240062489546,26.39356023011625
1131234083,4,392.3945853377659,0.43319727890123993,0.2571272453008223,1.0573298034473395,24.564851393949965
1131649373,1,32.17674031586574,0.3341162231085824,0.2580782914841818,1.092440982855103,19.720457181913066
1131929043,1,122.38072781657173,0.35800322437946114,0.2706507887683399,1.0263563165121041,18.346340930195424
1132377613,0,214.31615730538982,0.36381982785622125,0.22692179479304325,1.0110835394860316,13.81730462200538
1132744464,2,155.48097710069374,0.36704044499763966,0.3368473514924658,1.0849889340658188,23.736043249121334
1132763612,2,45.088724194678804,0.38043912770730365,0.2742063389407752,1.0955826257592665,18.727571832538267
1132889582,0,81.27929788696463,0.34877771821661774,0.23491826565398527,1.149413734185154,25.20315913546883
1132923909,0,35.360373908949285,0.3482006275726572,0.26397559901504475,1.0714517184070944,18.44287856065572
1133044696,2,38.1208975212697,0.36726198667245613,0.2699797343024361,0.9840827896783145,18.12512655093634
1133390257,4,257.6411378679441,0.37623725248076084,0.20944299613468942,1.2185383551343478,20.31498269964418
1133455490,2,67.01937889647697,0.3564744442427663,0.23282352315912855,1.10462711028959,16.662118730271683
1133460389,2,48.75165411447921,0.3647210963374619,0.280523771110388,1.0293042734070041,18.68272834153892
1133515947,0,193.23328347445587,0.3309818241628413,0.2617489775406814,1.139777836631769,17.33949838971847
1133631248,2,69.07919117912972,0.342324333962755,0.16528323160072783,1.1114950662786258,11.839391599823568
1134375146,4,230.80582482351636,0.33376494469978196,0.2448304679486377,1.213446640602424,21.114385808104167
1134601529,2,-73.08552028853462,0.32982796071104087,0.08873428730972954,1.404035222390514,13.965285685339829
1134713599,3,145.7594284288416,0.3221152032370848,0.21628552710623417,1.1613110530851773,16.03234998093703
1134997266,1,108.84872299993738,0.40219968220879143,0.22019447428326622,1.1136026151283478,20.557067729411607
1135072955,2,210.42158236037022,0.3629577484869075,0.27171573591065,1.220213818243602,21.821427840848187
1135542546,3,136.1635196301651,0.35241075192641613,0.2793192290647905,1.0485958667560773,23.312003700272438
1135550271,4,196.79174048048273,0.37043653780599123,0.23061736582069717,1.2144385474002346,24.95324294348535
1135788027,0,60.4459953613524,0.32805433495248615,0.1733753901239074,1.0964136303850593,12.926637059041663
1135838417,0,238.1802503435939,0.33797516909522735,0.27482472051991336,1.3318536973137793,29.33649663819508
1136024156,0,-1.822239292275171,0.3455949067170029,0.2622007439569124,1.1066509075673923,17.874720334103248
1137226558,3,29.001049461889707,0.35249587801940546,0.21346931356528814,1.030877772045771,11.868484261502243
1137323137,3,58.64878026465663,0.3553994516955272,0.2386677752620906,1.0907707108581721,19.124660549319607
1137418125,0,42.47462572428613,0.37039055097417417,0.22460080395800008,0.9265319530388323,15.702008578567789
1137724791,2,114.07248464744242,0.36221788764986307,0.18021977803953304,1.0831388865962805,13.826911771071797
1138085523,2,121.12483567326143,0.3529532980368844,0.29099672393488485,1.1910215741368075,24.687585930638335
1138097304,1,3.7138051004624515,0.40728199796191816,0.3521931897934605,0.8405834909094594,12.690979880019675
1138111441,3,192.3357739303662,0.39926381341370704,0.14742112775761262,0.9655520062534599,14.748865887508604
1138356248,1,148.0442998989646,0.3542137571019842,0.23951593074870592,1.0064326724547665,17.070532106281423
1139097399,0,151.45607273420978,0.37537752336222713,0.2574227440168314,1.028449425007416,18.39463121843475
1139542368,1,159.8968652382112,0.3539433637294745,0.26749199781795296,1.089254583502823,20.205044322233476
1139696241,3,155.8661096432695,0.3778274430577861,0.22078752141005625,0.9843213313028673,15.516616030944837
1139986817,0,56.09958499486972,0.3459914154749355,0.21467457015002347,1.0731003306423077,21.658436112154327
1140194913,2,-74.48138269440007,0.4197027485345094,0.2377515707505531,0.9966212442303785,22.704506735017127
1140956631,0,65.12256578083232,0.33897740814685245,0.223792791562203,1.0761615235589732,17.676565733386866
1141098203,3,106.01605915539741,0.36616162925817997,0.15971037406479038,0.9415854082206561,11.509826173506319
1141104268,4,24.380051170407185,0.34193388212995784,0.29828097307917084,0.9971915496523409,19.723636128163292
1141363047,0,41.04352777096016,0.3669880432583122,0.28985862919731015,1.057712911514451,22.03399234493533
1141791290,2,221.1147437380377,0.35869300622404726,0.2157868914413643,1.2434393022689858,18.872827002604744
1142382691,3,200.60366375779114,0.36933810916161514,0.16216700612516338,1.1976531725716,22.82377887400083
1142386049,4,116.90129630791746,0.3795817892008245,0.12365400890804276,1.1491337614293151,15.354450525876876
1142561667,1,74.09687169603994,0.3772488878031159,0.2003995355862505,1.2430826514447066,12.689026698969275
1142759458,1,226.16405778119778,0.3957387803927692,0.17001825439194015,1.0105584028536183,16.454031246448046
1142909412,4,149.28144121017425,0.37629825200018857,0.19391807437386321,1.156559612739975,20.102577234112477
1143081598,4,-85.63329328135515,0.34909799834483934,0.20824813206841836,1.1186575571067483,15.286598171468302
1143098154,4,62.75838314447779,0.37790673739044167,0.24332448551727284,1.0870262601309755,16.89288965203661
1143195068,2,177.65694435573096,0.3754958316945501,0.21210740497515193,1.1541446207655606,19.85888293429955
1143212466,0,-13.00434228576647,0.34988779082525573,0.23034860721374154,1.0107980026611372,17.251683644158245
1143308077,3,21.480251109413402,0.32656865810268854,0.2289073308949551,1.2725243102811168,18.094860214131373
1143554851,1,-57.652056346194826,0.3278730624202912,0.14735907635685302,1.5057906596475537,13.541186238741535
1143744739,1,168.70606009216021,0.347932449772848,0.3046583721201094,1.1714446715380773,22.430749423328393
1144028367,1,52.381536399181755,0.3443396474570575,0.2614034924604125,0.9934938805762726,15.76396252396247
1144294791,3,186.66815877856038,0.3480201362145273,0.1582442553849024,1.381556619248523,23.27209499387064
1144375159,3,84.24534914876202,0.4428739670128605,0.34063709393598673,0.9694412157449456,19.76498953685767
1144377193,4,275.2624730543167,0.37345936074381303,0.29123439215282393,1.1029358106731788,22.5765446995467
1144496929,3,-35.99675071960493,0.36241281095647854,0.22367902524304478,1.002599108711775,15.254805112886581
1144952297,2,152.8261609868766,0.3654750610584144,0.3540223357007821,1.1930816628059047,27.11086882637803
1145064910,0,222.45559451880382,0.37041166346757526,0.21014571536883764,0.9407830465879038,12.891257259441716
1145617844,3,161.52392312810687,0.36799793447824597,0.2381813179211964,0.9421003446639783,16.22684803671253
1145796233,3,173.9853429176594,0.34200853253608,0.2646537053197998,1.1886795279122322,19.14474205599186
1146375572,0,109.90229916272894,0.3407385629834178,0.17812043116020257,1.0909999089984515,10.654385308935966
1146618065,0,29.76864185285438,0.3487633742073975,0.26080851527551274,1.1015904036065474,22.702885652138885
1146876238,0,54.544566060906334,0.3462540271077093,0.24212916522064182,1.1759802858263917,17.56297540993103
1146896045,4,20.8545288034031,0.32674037084981644,0.25956928202621415,1.1150095109890876,17.554870106306716
1147140569,4,188.42283247821223,0.3690632570233809,0.24358545863392994,1.1523929163520161,20.63394765797731
1147168409,2,58.85044917114251,0.3341504715967639,0.3018197159452713,1.0108736192139476,19.770148107280978
1148404116,0,216.13029838964874,0.3913961253451363,0.12661465712077208,1.480489116108863,20.665777643478336
1148596222,3,69.6641468302885,0.3357505849784517,0.18406192808278815,1.1468054889562027,12.54633676824202
1148927533,3,67.61464298848963,0.3412644047042,0.25582643241817876,1.135827949784145,19.725233679524557
1148967455,0,178.36369951224094,0.34934658080583264,0.24403997478085113,0.9873821059277342,16.031123330916596
1149199303,4,8.727674781776031,0.35048943915654934,0.19888987555160348,0.9559420542326293,12.855281877546117
1149265769,0,105.01727045561992,0.3162235244142986,0.2562765846683339,1.0655722510993557,16.3733150164384
1150009994,1,28.949997865913573,0.34928448156883635,0.1835920535101401,0.9362502365986419,12.582388966273276
1150049230,3,205.7961486154839,0.3721385327172664,0.2924438436643836,1.1028089194063633,22.22240388221718
1150090312,2,278.80621212098566,0.37049677405615755,0.2601422134792492,1.1668689759022464,21.73355379758871
1150209468,0,61.62004900742018,0.40326972248457477,0.31381410943956484,0.853682704584587,22.19852353217509
1150286039,1,183.85255073668134,0.36948915705390284,0.24685560641970264,1.0221291824470484,16.16664979012829
1150417190,1,223.14324646309498,0.40500524554175277,0.2750850100234988,1.1494304206836885,23.428945358486285
1150491517,1,203.38994370199947,0.37530360567529597,0.23230569961447256,1.0874161073315147,18.021915182122957
1150533909,1,-70.46417277877771,0.3656369053923077,0.14454580436426417,1.4831193290805584,14.964762779787298
1150855035,1,36.23030048117459,0.3631684360043692,0.2342457282032398,1.003795392544882,12.126789894384494
1150964358,1,135.45495235699394,0.35850258271249574,0.2337286450531507,1.0475660599334056,15.571629894249625
1151260550,0,285.55596585616416,0.3753057504688334,0.22266610355218944,1.1642452656838418,22.425804788819846
1151287804,1,344.1462268372546,0.39383140974144526,0.30099787989797494,1.0658884953401626,27.57505859008228
1151566525,1,126.95630302169273,0.36326171640036287,0.21267293048152017,1.051900149290041,17.37662981830267
1151772971,1,49.27780258169573,0.35902118766803853,0.2344649848720486,1.028252138174591,17.538856140425963
1152245354,3,134.70419039242958,0.3629392038418365,0.28007939782138286,0.928706072728182,18.59355030090127
1152269820,3,267.7850909322268,0.3824464486049374,0.30524756562595,1.140717005585023,24.466439603175534
1152453728,0,181.18239879961467,0.3633512844316531,0.2708882332560233,1.0983289104635925,23.01748786509069
1152527958,2,87.4497237997408,0.36423085118618675,0.21639016213424156,1.0861870668672577,19.473455724047103
1153123442,1,336.3210284949162,0.42136345315780344,0.1758824116194468,1.055641909530951,19.426337824390405
1153144775,3,180.63052568761654,0.3461260871657226,0.2886600673893038,1.1344208981974166,21.25427059650643
1153274738,4,199.53343237603536,0.3710192648255403,0.18642111323958113,1.1391457167202874,16.545532569939244
1153424706,4,173.1413477877224,0.3390592905714076,0.20140209462601508,1.1239981914821815,16.737589668052507
1153616490,4,248.33211731366262,0.36675969747884873,0.21023542288015534,1.0837593319465606,17.485779416467643
1153834877,0,32.451025431345904,0.37348480563854636,0.3571548154490073,0.90964565137988,21.040799870752966
1153885240,2,76.12686600010346,0.34238080238487056,0.2962939268909093,1.0668166683289562,18.64786604215394
1154018955,4,110.19539849759032,0.3877486078591726,0.1660873489620757,1.031461542169631,12.014859317799392
1154163429,2,245.71977390792966,0.38227477810344906,0.23024507988980292,1.1607020316333698,23.48199615473696
1154938499,4,5.953544907180472,0.3547294173498953,0.262294950301259,0.9638252031960188,16.15756682683076
1155135793,1,17.744241871951544,0.37017003594004055,0.26833116744063795,0.9731078719670522,14.26397818464104
1155257724,2,105.65487085569457,0.35597082598225344,0.2290795080510301,1.0698073896502396,18.388226917614197
1155325628,0,-48.206540931577464,0.3935628607596282,0.368430097297656,0.9174051959353194,22.165658423101544
1155566609,3,86.09708581848587,0.34396480001482677,0.3549624079820085,1.089821091535239,19.621972610343743
1155913960,2,37.46861611502085,0.35374314063440493,0.28495207825750757,0.9717530462782535,18.30531895593187
1156088794,0,44.9804814132158,0.34754151255625176,0.2181698328755992,1.236591831256526,19.56543552715979
1156094009,1,208.29673569306266,0.3764294427116921,0.2276344654645571,0.978504333931636,16.212181599689586
1156161130,0,142.04353583146462,0.34569517684115353,0.24381765379177486,1.0319261442778402,14.216130448767109
1156532186,1,113.90989244059003,0.4063772680623686,0.20094147637095927,0.8958718966179235,18.17050835239541
1156634940,3,184.80586209885445,0.38113240158918743,0.22866118401165345,1.1058058180140433,19.234251477246097
1156665768,1,144.15501175730864,0.3877351811424099,0.2161072079523963,1.0714381195743454,18.617492047251943
1156796148,4,232.34145544599988,0.3638514682368283,0.2319064303993526,1.030846673658681,16.77650321312414
1156980921,0,64.14100522336003,0.3941684119099559,0.28774608657576256,1.0172018975969277,28.231061015938906
1157376824,1,86.01890350751903,0.34945252404581445,0.30790475973070075,1.1202452505953202,22.052113548884368
1157422620,4,80.08934891701186,0.3620416927627521,0.21085208404601313,1.0985303540772238,17.82478523376461
1157657223,2,273.7159376446429,0.3958323016122447,0.36639034412515503,1.1718489425350498,25.72837545229663
1158192712,3,29.76000716760589,0.349903702508075,0.20134358861138707,1.1214207691296432,16.957426584669317
1158201779,3,187.65774630051283,0.3741389798193365,0.30391863831845845,1.1920790775706247,23.24878087509236
1158220592,1,62.671059121803005,0.39711931094893893,0.201622632890026,0.9195502069575369,13.181904960415691
1158703899,1,80.5851368234554,0.34227575036202784,0.2117198056950801,1.1653148660877606,16.113183131351445
1158783004,1,-1.3294499013967709,0.28926318992660616,0.20634459370554142,1.2769235613530303,15.540958835268
1158854097,0,-18.004224424308887,0.36468806364024386,0.3139538730986891,0.9316367185932174,20.543730850836393
1158896668,4,-56.23598167431359,0.3142175413649078,0.23754249536257963,1.1957245514252994,19.68223215178541
1159125442,4,-83.20742681590971,0.32652723758163804,0.11784960262698463,1.4446610293638327,12.959245128367861
1159254929,1,93.068215799086,0.35331681921519437,0.1849000432057758,1.1031571228906247,16.710850286580868
1159550508,3,35.197600513873574,0.3439779169339941,0.2803350901235438,1.0763103497120747,19.65687756274483
1159696305,3,243.15674233696876,0.37053464964624383,0.18536443999178104,1.1799512460182755,23.663731924079748
1159981352,3,134.31784302311365,0.3752438759593397,0.2796763627967355,1.0843241791485996,21.1197920255937
1160560393,3,109.3594231256555,0.3511591328566156,0.29352841785856043,1.1653609132470455,21.38732239950938
1160783446,0,161.97051084109683,0.3444193231712881,0.2502454865816511,1.0571899310588373,13.370690554029975
1160809525,3,66.43886722347128,0.38915072785227445,0.15325280211168857,0.8532264955614923,10.484027728925781
1161122757,4,-16.350144287396418,0.350405801314665,0.25915986721218176,1.0596829434821395,14.383291527984468
1161267582,0,209.80310853013054,0.3942498827294035,0.19664192438532085,1.046887805687312,20.173972115724244
1161429718,2,150.93522107644614,0.3645540814953435,0.2795463322233478,0.9621873095640434,15.76124999168928
1161669930,4,227.51010544628497,0.40006305801022213,0.16298777459525152,0.9069416671599381,13.458965900300417
1161685710,3,175.68916261111735,0.36534969572171105,0.24143443857644709,1.0140108348877648,15.206410634142047
1161927023,0,237.6265709286733,0.36122480118765843,0.21812000540548349,1.1695926607422191,24.29580086002685
1162303824,2,193.3965073030783,0.3515619962882813,0.31528256808636135,1.2008030963788092,22.123414740627492
1162525545,3,-4.6082986510099175,0.4082919329366682,0.36858204437339337,0.8065174338543639,19.742840461760647
1162986011,0,56.83913272984118,0.3548831820557379,0.2648376514676888,1.1339798321263201,17.963007171487952
1163047718,2,268.0790728081843,0.4027724908414336,0.14771635034386627,1.054314807710468,14.91410255161969
1163052769,3,185.45844465814565,0.37291995092101554,0.24547178906368083,1.1847618664662622,23.357218944878603
1163216608,1,167.43869062990134,0.33912699625086157,0.29536781225114483,1.1783673169722,22.4949310673287
1163273261,3,162.15790456889752,0.3426470625615195,0.2833642818188359,1.069850968732735,18.09595956185243
1164865014,0,-35.874923881307296,0.3772973248755165,0.3149249830059709,0.9155697766536385,20.901262186574293
1164892547,2,213.64127995028247,0.35335986332579133,0.2856004470247303,1.1903452094232714,21.26111667068543
1165921168,4,36.44219747401525,0.33652778478284967,0.2017154836738429,1.1039149608992829,12.273213857448132
1166008818,4,-54.14796714618899,0.3390409639365364,0.09861928030807993,1.7179244825625823,19.97729460630342
1166293848,3,47.660289776312275,0.32655924466149394,0.2730025681544377,1.0535013864994294,19.123620804788253
1166324163,3,231.82238062006866,0.3703232701635057,0.2608949357198397,1.1472284970084419,20.88671123570983
1166598350,0,175.7544415426674,0.33022727589313505,0.22190572709235443,1.024519557028724,16.063563336227823
1166612863,4,193.89734484117704,0.3737431213387677,0.27690847393298745,1.0796017072884123,17.426420797172856
1166758072,2,24.40131942662026,0.3708821556193415,0.19379279202677857,1.0812616137191358,15.953601524423632
1167306747,4,79.62181785970206,0.40189243474055003,0.1161216117267515,1.1662152145225166,15.204765762775414
1167512472,1,-101.66421659746084,0.3858915733738786,0.2611651186426117,0.9436267577108717,17.454255999612993
1168402050,4,41.351060849145114,0.3377246632000798,0.25434968874366976,1.1241934354620722,20.96032128189091
1169343082,3,161.62503998420863,0.3792743849468465,0.2719300445177105,1.1517665076274353,24.786879066326364
1169485252,1,109.772351232897,0.3677366536433424,0.2819129793059417,1.1111349165468354,23.850771300468928
1169539258,1,63.40838873305712,0.2907797262045898,0.17816880019346723,1.0819914089936418,13.994591838887294
1169677958,0,-51.95674514312718,0.3720998594816719,0.25199358514204057,0.9718277747616628,20.958347706886293
1169871864,3,127.02026477408013,0.3292732333011305,0.16847468083512762,1.1200222605238974,12.51135684827345
1169954236,0,272.1305880121325,0.40081154947847775,0.15306882726133844,1.0771124376527288,20.447834573186018
1170082688,1,3.4098944370106494,0.3861489765485398,0.3444302035054101,0.8983169743646372,17.67885953281666
1170368720,2,200.904464459714,0.34059999258281093,0.2305338788071895,1.0937752561976732,15.714871645247639
1170403788,3,122.02803759382195,0.3485077469044947,0.2920854580304685,1.1671072307934078,23.4524160998482
1170534949,3,165.84550281583182,0.4160762159097377,0.24027374660704923,0.9116396239058531,15.020979084454215
1171030201,1,134.9578328635547,0.3700703889957836,0.24635110217381645,1.0707199653709032,19.09460177811001
1171188982,1,171.6049114278726,0.35792291312182206,0.27079174064297484,1.0202278069552853,18.03655707703202
1171923773,2,113.9822803507861,0.36523504863923,0.25618917511778183,0.9740318402009085,16.221553480081557
1171970548,4,261.045643860709,0.37156843844582177,0.1903661907235068,1.2488159113849866,22.517062183923564
1173339618,3,114.23343732482515,0.24692947116045455,0.1920545720882534,1.1396242347834047,17.209852450703867
1173467294,3,36.3546381909484,0.35768148787683274,0.18655685926782345,1.206242992056881,18.10365526080286
1173471549,4,-63.617682847398896,0.346257474613587,0.1404765233692264,1.4653629624479394,13.096701686620571
1173729020,4,-38.297086890990926,0.378685699622368,0.21058225995541874,1.1512758828515361,19.922952393077935
1174292255,1,-55.37033887768109,0.37027722306060884,0.1423191206267464,1.4290788071012759,15.284464221702422
1174531602,4,153.9587544871449,0.3556216959303627,0.23311610547937434,1.1910833351354637,20.557753648407544
1174602411,0,131.66726771110706,0.36006665993565823,0.2155653689197221,0.9461686379151097,13.12547754726533
1175231244,2,27.656385266377427,0.32403525220013646,0.13069099916490004,1.602348457642711,20.777158412808458
1175281698,4,171.85436951327054,0.3787256091190487,0.23824707280913726,1.0507499786758567,20.743402808885275
1175337954,2,230.41536590110036,0.37044748833558516,0.2068904393999327,1.1338618980126116,17.429080646225184
1175753193,3,145.6496323870602,0.3580904935508703,0.29610505633422257,1.189363140382308,23.739930761011163
1175936826,1,56.74385476131126,0.3624329480954738,0.2152152131518762,1.1552868719463845,14.857624259443257
1176059607,1,110.98842422895227,0.3362971513213814,0.2656865106357108,1.2098951186961384,19.17978319030017
1176518490,1,5.445350615102797,0.4123468904937209,0.3202793889114345,0.7953318773131932,12.035360924186065
1177030933,4,61.847301710156046,0.30511337857330867,0.1752735158600035,1.1804644981344357,15.041655130317805
1177244369,4,62.26951309945827,0.3482215420789807,0.2877952522540286,1.0502642068460473,20.791217583117984
1177484221,4,280.8036537791565,0.37753455492557075,0.2690868333000915,1.141705049979469,20.245279015977843
1177560732,4,13.971698253157143,0.3421194408345214,0.2443660617535489,1.0920527003207412,14.489024208126203
1177876091,3,196.14653777300418,0.36526395564249675,0.2891815953358138,1.1290880771624006,21.872765743595192
1178071397,1,103.38041310636324,0.3660794443331992,0.23062069975617083,1.0887667192711048,13.980443359070932
1178419855,0,284.08594451087794,0.3766775291405361,0.18692303781821867,1.068225502414812,20.61778707719703
1178529764,2,63.77897918141582,0.3619492628588555,0.3557102318044777,0.9351401428782071,20.860950279625932
1178789985,2,162.5064340143823,0.3509288213820508,0.25550196126937563,1.068377003799103,18.495191974653082
1179116190,4,62.10795410449431,0.3770964183822017,0.18282568070762123,0.9586902444124152,11.624389993352061
1179190627,3,224.34221876282237,0.3562366724448431,0.2775280803309833,1.1479207742535267,19.180978676102278
1179272125,3,217.0679520448407,0.35218191523958614,0.1707681759215068,1.3249461990846685,23.639826541659694
1179363034,1,24.274185893413957,0.42415060347322536,0.30042600015842785,0.8805392461914617,14.385788909288323
1179731134,1,-15.99986000682783,0.35774067303600926,0.2787513515780617,0.9911995705612575,19.926608847441532
1179754286,3,-0.5009993050345969,0.3330300761311167,0.23619461355790167,1.1185054725195367,16.61473794617566
1180333206,4,27.623920253189922,0.33179683333723153,0.28020467200931287,1.0319380536408183,19.479632076077888
1180480883,3,172.9122240797968,0.33088434011026224,0.226055994697032,1.153145459592398,18.1155925876351
1180503880,0,63.08718372899317,0.3538060019603124,0.3133769634452158,1.0435633760266023,23.27618589289315
1180568340,0,146.31282600154458,0.35637951463040773,0.2617070637992998,1.0604073112479317,24.19316013705501
1180738924,3,51.2853831871932,0.36118650594104657,0.18727564318828782,1.1220875740240996,15.95631223818221
1181185977,3,179.98709001454202,0.3474080295481262,0.26443086276517563,1.0497322267697256,17.958817390617963
1181407570,2,261.3722488981804,0.386175434128292,0.1382050902083959,1.1960734674137123,18.415782583595508
1181944068,4,84.64927106964537,0.3702327632463103,0.2906170906410388,1.0736779730032326,23.993387392711615
1182108104,0,219.1513243550557,0.36475761022947145,0.191423907593205,1.1916955462835657,20.26059184430372
1182258858,4,137.73343655085802,0.2698646425883372,0.5331864161736863,1.1634986437955719,22.040732145837218
1182569183,4,29.60611177926623,0.34152744953095,0.18376928803591952,0.9512935340597496,12.921722678853419
1182679846,4,-95.20227062200621,0.3691754363529522,0.2562588895035294,0.9956107272553272,19.734311582743775
1182712915,2,157.9575006123682,0.3735925878907841,0.2056986461948837,1.2113948453187382,15.044356684331047
1182822577,4,338.0616886965295,0.4315842559024861,0.3149900632537911,1.0442390779946955,24.688680751312955
1182969887,0,172.14291362750117,0.3564152304430496,0.24489037071840358,1.2469717034383463,19.664337935186637
1183558225,2,270.6115208813586,0.41115237384786757,0.2873355228581757,1.1460292827257454,22.755115805777645
1183565625,3,-52.19311341330973,0.3908339985814909,0.31132926268776373,0.8858334184523823,17.93899840288344
1183988874,4,150.14705576642993,0.35273744385390676,0.15835008395237743,1.1718744648938926,14.697362720870618
1184109682,2,82.90432467945257,0.34427533963926815,0.21245641136028823,1.0440634569406524,14.81811847678139
1184454690,2,-24.89980313572707,0.33196482921041276,0.2648206905212787,1.0831134069810064,18.900418882789513
1184730423,2,177.37570064473954,0.38893527851003834,0.22614336521095274,1.046127140151398,20.051642782177883
1185510088,3,207.19403870624683,0.38598871574637156,0.2512620231936418,0.9630823866087246,16.504450654316226
1185605956,4,152.33385309688236,0.35341220595152517,0.2643949972561884,1.1951170613715747,19.695249358590047
1185913675,4,174.15649540954823,0.3705302542067028,0.19445281948790952,1.1247278077244602,15.926253288697701
1186098894,4,211.9773542159556,0.36106429913163535,0.29373697388706527,0.992848272570023,18.499433529517066
1186143208,3,-3.512362708377424,0.34019702410057184,0.26761993288578356,1.059238715944058,19.03986242908198
1186744234,2,159.66204679420542,0.3973331895326256,0.30397128072291957,0.9981581004722989,22.815899953426428
1186809405,0,93.43264126499442,0.3592363380533637,0.2320311848893129,1.169549951607557,16.267669130491367
1187123244,1,36.353210184388296,0.33236257798826946,0.25626648544091996,1.0592351753635347,18.308370631838887
1187202232,2,49.80895793314233,0.3551226173238845,0.17501778539958746,0.9816367085626858,13.20499021227984
1187350081,1,185.86208745063794,0.36189676943097315,0.30056880986541523,1.151098226799774,20.402787451865674
1188020715,1,47.440798483969566,0.35104233332306484,0.26307624806771895,1.0748082625196522,16.70490198264186
1188519956,0,59.05374518228123,0.37950219543379204,0.21616407939275714,0.8669213224391861,16.073250270741575
1188842959,2,75.91648764723857,0.3982987389554403,0.1957340667981909,0.8904278004586458,14.118613001356895
1188921734,3,226.4057001692416,0.40017665987871504,0.24862226977318883,1.1239553115150387,18.81721458152243
1189256579,0,42.03770662206735,0.3427387147744079,0.22912867489131172,1.114135584323843,22.042750919721065
1189403071,0,96.73043871754044,0.3523393391097221,0.2844895318927445,1.0184290502778302,14.827322139243698
1189744629,4,75.2225407055155,0.3367032703803455,0.20745571068149576,1.1092030424105324,16.419394684240824
1190275023,4,63.04310680991913,0.3448196702941819,0.26185315046082314,1.166871449770466,21.756426906314573
1190316839,1,71.67776622821998,0.33972531928829725,0.24829048579458357,1.1296317333772676,19.678805247864858
1190678672,3,53.15781226496165,0.42353964902493624,0.19744642578644622,0.8241557491277036,12.050774921770415
1190710133,4,197.68490758307092,0.3526802152075179,0.32716031719279953,1.0329621062974552,22.47624057609809
1190953274,3,97.55730324435699,0.3628335443107631,0.2917127489296634,1.1390152298539673,22.265903084766244
1191042202,2,35.27366863346386,0.35049959826874527,0.1890571330078072,1.1193772380850617,11.707875541407127
1191663733,2,148.40571301023402,0.3828722376021811,0.1801454591956873,1.084858635288342,16.282542029051776
1191731244,3,8.661080497665054,0.3815498322409324,0.1994922097793863,1.1251177398000867,18.564377321027447
1191831125,0,23.31872116962836,0.3712770383320619,0.20392205508850103,0.9770561336936912,11.43515885053327
1192232068,4,279.70878624873126,0.386245050958302,0.2818477648283741,1.104675091141834,20.875730784663283
1192456163,2,176.39196821137227,0.3669680355165878,0.23324949192993513,0.9926875611581092,13.627083746391024
1192553911,3,335.60221667656765,0.437184618079703,0.18434026139243342,1.1413038092033936,22.90816215603818
1192592037,1,134.13477116214847,0.36369068381362507,0.2670825526607669,1.0858285143782633,21.246458722920934
1192958446,0,133.86308423214774,0.36203019482288146,0.18775458187705987,1.2035137716157633,19.204176656091153
1193670213,3,42.313537237204585,0.38255069020817656,0.2339200731749116,0.9453077468468483,18.269050933371442
1193720815,2,44.62420309465382,0.38258333218938223,0.18307834577017712,0.8535165310770876,12.52454789355517
1193815432,4,206.80616575197664,0.3459192404734449,0.3045263660417152,1.0245535953874567,21.23836333877877
1193899229,4,184.10216225987514,0.4180949733775065,0.23817356699107456,1.118852485243048,20.20294414286262
1194500574,1,214.49400701975134,0.38088674251880766,0.20339429102741674,0.9252151260428161,13.311551892218624
1194503224,3,42.33167733660436,0.3583515270233154,0.2116230277587861,1.0563041454293005,12.163512368306705
1195238736,0,202.30913089972256,0.38313078549096274,0.26231262476864414,0.9526968307186923,13.57171847474715
1195485493,1,148.21951020029402,0.3541006105833689,0.20373406611925188,1.1303060475918347,16.642147423017125
1196350517,4,103.38980105745567,0.367641245306495,0.16393507931844414,0.9802671103043586,12.317123385925711
1197069937,2,3.6911507984266194,0.35170505332934904,0.3017589679962983,0.9084244932035409,24.407874108834697
1197104268,1,-28.60228599596917,0.39760692598166236,0.2571395403910413,0.8406979526861643,15.747534286199823
1197180422,2,-34.283844181453745,0.3342167249146794,0.244511903201768,1.0724515488115585,19.15147134111878
1197310078,0,82.0895637932527,0.38813763293962444,0.2866960892472659,0.9860201097034238,17.076849840590313
1198345617,4,95.22383870217084,0.37090690624211536,0.173416625200084,1.1895621271195886,17.124085084041347
1199431647,3,123.85979676917918,0.36048209921446567,0.32092188545839484,1.1869861037715463,23.657997832327965
1199538165,2,215.70559210518297,0.3709506503381316,0.2193501958497761,1.0140706685687901,17.555286866702424
1199796903,4,-43.76648087346044,0.36083311617797037,0.2897382922149865,0.9577294372415353,19.496976166818147
1200344407,2,207.6958601962887,0.3561524238239637,0.23274586510455705,1.010328392601125,16.141931156471927
1200465842,0,159.95988865621035,0.3706554782588673,0.17129889849946453,1.1444069717263166,19.70327638949393
1200924510,2,205.7976533482343,0.3689723682337379,0.23140112106462918,1.2172284238271283,20.556785234794077
1201052937,2,21.302463922180223,0.33595571495412907,0.26693497212820916,1.0628010236639664,18.873706729177954
1201572278,0,92.6947332835275,0.4197489414699469,0.26602986231459963,1.0883814063370283,21.012075515556756
1201617221,3,233.62909443166896,0.5148292334963641,0.2584710473023056,1.0806138459335644,22.05476315617006
1201779173,3,163.71696426471436,0.3535610139328633,0.2674531776748592,1.0237814474573343,19.85447856057588
1202036659,2,196.1625146836659,0.3549491971667091,0.2160203017359668,1.0862959237337781,17.222673127560544
1202039443,2,-73.40630997552721,0.37665686928019243,0.21239192285314648,1.0188441795909025,14.141479485132104
1202357620,0,-31.6806662014138,0.3479414501181868,0.23936916740915953,1.003283432813527,13.186067824213378
1202772120,4,162.9302369365379,0.32629230425355005,0.2481855497179273,1.2036038839452967,18.212355691078887
1202816034,3,44.00064665861874,0.36248656754596376,0.2877110723099756,1.0050272727148326,20.496864520416107
1202982181,3,20.47947218175389,0.35537167474137066,0.26324973262859364,1.042480192868542,16.26168295536572
1203408030,2,106.94055082070793,0.35103690701191126,0.28971576470624866,1.064692361360365,19.724948045662973
1203525380,4,52.26412102539982,0.3698215991742325,0.19400272864131388,0.9033840751373916,12.224846293516183
1203570548,2,218.96878959049414,0.365113596286847,0.20732279227073266,0.9308577903851002,14.121765029911643
1203599832,3,68.20927076980894,0.351397049150006,0.2418835510676348,1.1083588382931322,21.780927029687646
1203618670,4,-62.57601800272889,0.35987199626715227,0.23632272746620497,1.1196502535135369,18.413427851592967
1204067122,1,125.40910557366422,0.3796682823181247,0.1950432724049995,1.2228650555456149,19.939907571990336
1204134441,2,-10.028291655763198,0.3636869600927017,0.23202173799399306,1.0382935103245883,20.857653672828153
1204249965,1,14.844678245621708,0.3913667487216801,0.20644214748178907,0.7448309253345542,11.199531867553771
1204523273,2,74.60471554431227,0.38675239518463184,0.2635813209214237,1.0589455934948084,15.294159125856751
1204736801,2,188.8831727396905,0.38647000646223845,0.30255630088046614,1.1689275605041032,24.62048936875618
1204898498,3,33.27363417764465,0.3548350312201497,0.260762703240588,1.1479323968834583,20.211508554332386
1205044664,1,155.9227650484507,0.3803457504437222,0.25077114156971136,0.9652117923299204,16.584559932456653
1205228260,3,296.555128225803,0.38024884824396615,0.3141325301209169,1.1390737953814367,24.912752526065436
1205655131,4,17.136170965930575,0.3661191611460021,0.2385428550232345,1.0210666031809514,12.343215003920825
1205814834,3,-6.109156355713878,0.42427718014534743,0.1800958225625742,0.9887868712139144,17.815759669031976
1205844020,3,-34.71574567447726,0.3234445084082102,0.07143577119957614,1.5637748889802507,19.63416503882788
1205846674,4,315.7449803090871,0.3807625094750583,0.19205216528552746,1.138459283315657,18.11424151894762
1206071463,4,58.53388800743237,0.36547404010145235,0.18709725423634804,1.1102605920346909,12.0494300210046
1206416017,2,43.56932045819485,0.36831640810494876,0.21350788279666483,0.9138870013134521,12.424466599451891
1206915036,2,328.44760912234943,0.3866306379506361,0.1486020759888811,1.1370972540799817,15.718988294825627
1207045788,3,185.32834373162171,0.37436023437397425,0.26776349721330495,1.0896278218147606,20.699741857502083
1207110637,0,182.2484506359101,0.36254312079215173,0.20009296601200052,1.2723328863695318,22.775047706793934
1207409378,4,32.328954316559916,0.42089731734634517,0.3382276864617131,0.976752706602856,18.84322491225805
1208726540,4,19.109277528397,0.33860311873519716,0.28007390747654937,1.0074675866891254,18.716121929273317
1208748565,1,19.003723375150344,0.3655793067988886,0.22126749010247684,1.1512449889423022,12.888629077835667
1208847299,1,126.84170667332452,0.3504380399190957,0.2609224578834183,1.2514938289121154,19.86850546573423
1208969128,3,212.5141924476711,0.36756792360192986,0.30410428283490787,1.171593426753814,23.702598501822607
1209031692,0,268.0693122866278,0.3560120665091144,0.21807878270010878,1.18605060761727,21.194925413428273
1209050565,3,107.61555991443414,0.35688077072765706,0.29201972383448754,1.0972735723048752,14.991261728781172
1209050682,4,-62.232588260114795,0.3891911713465861,0.3888531193243393,0.8668914013419288,20.821017440544313
1209057611,1,131.59786568700258,0.3438245603144825,0.30731877723173884,1.2031230084822109,20.104576872243456
1209084809,3,191.7601548351583,0.37811646821656136,0.3017466604714944,1.0319945232211964,25.835265795286215
1209928353,2,19.422887291254114,0.36301626469158577,0.31575325766491696,0.9716775676182143,20.598763346587585
1210327805,1,53.898580211070914,0.35943542001663087,0.3189576777582205,0.9492131430055026,18.593212993751767
1210773764,2,85.87625716706528,0.4315432289980625,0.3063149357380883,1.0177031610570815,15.06895587845628
1210971861,0,190.2781632709575,0.37341780109366546,0.22899497048576192,1.1154925159607303,20.720015134423
1211550700,4,319.18890624366924,0.4240134035346256,0.20864623432767343,1.0676887187197688,17.895305963488184
1212285406,4,158.65084377152516,0.33703299279735227,0.19755378707599822,1.0814993833179978,13.589667876291706
1212362961,0,126.3008369646036,0.3642257806044882,0.1898474137050854,0.987953849488302,12.63041712880571
1212645329,1,-42.55989764710594,0.352687018376663,0.25581224864206553,1.1069851041271495,19.1395252153268
1213234132,2,141.6399974036762,0.36776954640458565,0.2473549421309299,1.1159791294083918,17.112357699560288
1213369367,1,129.19772330805174,0.34865891807598254,0.18758253678124048,1.2313898132295258,13.681683387546936
1213893349,3,76.96584084404772,0.32479151029239034,0.28571495332354985,0.9458559635078374,16.727879270547902
1213899080,4,213.27436865747217,0.38889650417956523,0.23417462676928036,0.9709186993145238,18.25573056783322
1214234223,0,-37.36045014394169,0.382685922356001,0.3379058109680423,0.894905392902349,21.293911570765903
1214356356,4,58.48911350194912,0.3594800614232551,0.22692970472029653,1.0670073212657294,16.209378652881718
1214422376,1,-24.101954731422282,0.3251235313808868,0.22541523469059585,1.0736594573416405,15.458119711215728
1214923559,1,-10.186757348442157,0.3781988570055755,0.3484324503438076,0.9208348164847585,21.195444462761298
1215056104,3,190.83549082917915,0.3734792047838128,0.2664172421411253,0.994720938246429,17.830977555425065
1215188002,3,213.02743365411428,0.38123838104511854,0.2991156857133102,1.1454154363357063,24.449042359264112
1215512335,4,56.645331784715474,0.3896483899206283,0.32878889639726455,0.9911577318121968,27.262083949714196
1215694607,0,244.8177884172756,0.3735129217417947,0.18097259053088505,1.142492723867782,20.208611991545432
1215820166,4,199.8774509588834,0.34887643709255217,0.17067608395313125,1.1993534188182347,16.38563046695394
1216120038,4,-65.61869137787511,0.36056741137447296,0.2269925818676738,1.128876904605649,17.229936916733095
1216424248,1,21.729356185148774,0.36008059340826337,0.2835134897083665,1.0200704043811117,21.16054005519658
1217132738,3,-9.29959561324192,0.3675463473109595,0.14532003585674086,1.0670300189950894,14.24016988215567
1217226410,0,92.5497461964634,0.34611666893274234,0.20879580841335468,1.0895540990908044,13.317732243977396
1217265261,1,159.18226627152276,0.36528387533335094,0.2801834374437431,1.0892548832332918,17.593663307251415
1217496894,3,41.31828719803617,0.3167121870516035,0.23858646302794898,1.0857826191148234,18.861772601623553
1217545349,2,98.25326599243253,0.35910271781052266,0.15065639695673927,1.2712607860473861,14.336672648911957
1217713342,2,263.20716590777783,0.407290645860291,0.28294147740444053,1.0458769054406754,22.640466094765163
1217901314,2,133.1202641486476,0.34853226052907027,0.19699826308195764,1.326847136215925,20.051095669134885
1218214236,2,98.35886738869928,0.33969059784873584,0.16924865136358375,1.0604815236834242,13.360322680885247
1218861482,1,9.758402209524291,0.3437202754554236,0.2373456688659209,1.115639495238852,17.089307240029047
1219358292,3,62.64582923118601,0.35082852181313945,0.2450699445470903,0.9800347644510234,15.361581710647176
1219579071,0,52.068125659405375,0.34894454726652935,0.2775779745487447,1.1084168047677272,20.408500589955526
1219791952,0,201.6988894411087,0.3689803803118886,0.24543415489067322,0.9353977979577375,15.820343521599746
1220036380,3,177.91191609469752,0.36476595826166575,0.277283970124021,1.2079010611316672,20.648105362592705
1220421998,3,131.48772025929875,0.3628801572755995,0.20506731096211134,1.0950922238959702,17.454736261565863
1220689198,0,205.7433583096406,0.42375678340471823,0.2802467582100909,1.1052649168731044,23.806199072387837
1220722345,0,113.56228158847127,0.3393045597596658,0.18135173114501058,1.0945811260926546,13.63333253864945
1220760786,3,59.437794411312005,0.37007204134471705,0.3557548912913721,0.9441665890185238,20.84290527541113
1220908034,1,98.16780462102078,0.36312374293208344,0.2891827773589921,0.9950058648658232,17.74873770457783
1221040845,0,180.95974082198842,0.38836751687108134,0.08147230181525816,1.5372828513633539,19.239743578738626
1221113390,4,49.87735096318146,0.33182655720252763,0.24896978057137742,1.0821518810834523,14.0966114693122
1221138931,2,62.27050806597694,0.3793891580113538,0.4143082320921566,0.8862009775908859,21.99075208481544
1221972864,3,66.81232944299254,0.4120385242614303,0.2007758283789033,0.9408507945020969,18.415407492829782
1223012575,0,43.22704819554582,0.35684943096493793,0.3012949757923913,1.0093394386431873,17.353569932332128
1223074288,3,97.8856528239552,0.3726425017389882,0.23899325242385627,1.0135386698965823,18.253756225089415
1223077195,2,217.27280910368168,0.3777398033901257,0.2108722020306677,1.030904524852098,17.01419736002231
1223442975,1,21.211276880762284,0.3652616632708517,0.26517991463826035,1.0354693040567986,18.373233554564315
1223466134,4,35.97902609920698,0.3430546051362378,0.23745961209369792,1.08962352971482,18.498467891579544
1223535676,0,193.8747583331561,0.34808308802813903,0.23626309980654012,0.9891442422345041,19.308274285390173
1223550383,2,65.11211804774317,0.36473876580118564,0.266210043660584,1.0267770241388883,18.318059948420473
1224319371,2,218.845817949806,0.3787981910007382,0.16493007795868048,1.231318651073677,18.831838374278004
1224371344,3,58.17743166345713,0.3503666042189482,0.3244021675966014,0.9703910395078511,19.897715509090286
1224631495,1,183.34561086611797,0.36903705523811753,0.25744071526358203,1.1863158163828784,22.04647217875977
1224767743,3,32.10730930419204,0.3530057304418739,0.23394003954321899,1.2291602432082036,18.172713900511802
1225123322,1,-61.5196756839278,0.33756829184616827,0.1843639815004473,1.4708004773343106,12.901028896747965
1225921990,2,195.03995423988135,0.36975559195341057,0.3180320763384934,1.1995014336156593,22.6707216688996
1225989211,3,114.7930109508955,0.3404934796880403,0.2850334114847198,1.1975382338091332,21.395087238159864
1226464299,3,175.97711915031866,0.4194388452435516,0.23088379849054144,0.8949138503740329,14.530464700989102
1226489424,0,150.59637832842185,0.3599454842286928,0.16939351832196842,1.2672935718208183,18.978201667574314
1226552406,4,172.29632322734037,0.3483047333127235,0.26850988429881634,1.1633007677857554,21.38470220340028
1226651340,1,23.62983329123128,0.3547332342715679,0.2721196635005754,1.0244583394349218,15.406240677620245
1227244872,3,-2.9096036191503742,0.3887989061384746,0.279981183575995,0.891109492170749,11.74645136640409
1227492040,2,334.2003380394123,0.43857889536093,0.3311797690621404,1.0995708032915574,23.931026649091933
1227953094,0,79.30298066048354,0.3672328005676323,0.2558753543269376,1.1053371227264468,20.868470599998002
1229175862,3,318.27281602477296,0.39461834103946614,0.2888194620038902,1.064078210275834,23.458783839732217
1229640212,4,145.7649455698338,0.3661505853060637,0.25944134077596503,0.9606455706708072,16.033358525292314
1230087703,4,4.544793178188627,0.3929369331449446,0.2900714917974874,0.9927288299553141,15.784807631431601
1230182375,2,301.575321541879,0.382918888858778,0.19719329118276097,1.1194974828892592,16.134513059928583
1231617285,1,67.95868256772073,0.2949650689717701,0.24913241377097967,1.1331259999991001,17.844811657699275
1231928634,0,150.25566467392176,0.41871209908597534,0.16693071284334368,1.079068263332807,18.978273531669373
1233245878,3,399.9488307189459,0.3881998364100263,0.19893473703132186,1.1462319086892512,25.4183613510952
1233315694,3,52.60633988033595,0.38311307811747425,0.31417687254208293,0.9975285113026762,24.749564820546247
1233336012,0,128.15733382710596,0.33183436743596506,0.2953137767520584,1.158869117105183,26.466914675948576
1233529700,0,27.58311920293687,0.3512692727973132,0.23742964406654754,1.1599794885443233,17.13027388525896
1233557380,4,35.197777465704476,0.3981771853499876,0.19888174664137925,0.7668403636187331,11.701600287669248
1234075748,2,182.01498415690406,0.3596898689269078,0.3051860310017083,1.1713788140890657,23.31479684880025
1234355256,3,147.57687596776634,0.36577463048049624,0.2910522838881803,1.1054714499141785,22.820078178178395
1235337223,4,113.22112815677328,0.27067740660169587,0.357610818360621,1.261399734194234,17.379138233012778
1235772628,3,135.71276321546657,0.3675978919435588,0.24803232097966826,0.9944761235541357,16.30911745851444
1235835504,1,191.7217132387977,0.4242838223220072,0.15602389827792795,1.2663520677155504,15.634743063840567
1236281959,3,199.18639082048725,0.37636919338985453,0.2700795412162986,1.1423417030966225,24.38979255025761
1236372812,2,163.73522128411534,0.36131486259969736,0.23013285511779036,1.1537599197577157,20.45782073101126
1236653976,4,-61.45137198047129,0.3203754128010437,0.23880580276310692,1.1979665145160365,18.767237815137545
1236698324,3,255.57190654341093,0.3754754085347128,0.2101587882665035,1.1579202377983802,24.324609442394213
1237680808,1,40.565195654531685,0.39266805170667,0.21974747495158467,0.9957373967453397,17.45024437380537
1237730261,1,172.80632805518098,0.3470350327825709,0.26512359081325504,1.1097731176082746,18.89006907112311
1237783866,4,238.41171235645032,0.3677223197310434,0.12831278006035798,1.2495293143229227,17.99959193075979
1237875565,3,156.87952316686457,0.35683844240863954,0.13985965053556365,1.1826648865192404,19.630192022654303
1238011731,3,15.670027382436714,0.36904652742940136,0.18772404831482292,1.0594635825147696,12.723656787392642
1238020141,2,70.24585511835849,0.3682491362740383,0.16196780204876438,0.9319363229825877,11.449794184757632
1238107253,3,250.85155201495806,0.36967684960004976,0.232413596004967,1.2158425884144786,25.434600968611207
1238169222,4,51.841844928379565,0.389223787697424,0.16498287816315654,1.3774104187625529,19.800357813311688
1238226226,0,226.14210889598792,0.36124214181751346,0.2952785274087771,1.166582409946925,20.683065657146702
1238987612,1,68.9752993514979,0.3204481517391793,0.2971833795936399,1.0861509450223625,17.253804411594256
1239353537,1,83.69413532599135,0.3379983600567285,0.2703583302597228,1.2053928849542608,22.029259719554826
1239672440,2,35.99773097094165,0.3340405107376974,0.32489892773890616,1.1615183641280704,25.29472930871183
1239731818,1,171.51268957876135,0.36567646960033895,0.2207816601816413,1.2604412770819664,19.595419189429258
1239746533,2,14.236653971755786,0.34502151055088054,0.28390529991056446,1.1008319994837168,22.64615896754862
1239868812,1,165.98503738532486,0.35907668294449985,0.23911713500025922,1.1372868054745124,18.926928571141467
1240229654,2,117.44477775442297,0.4338970253027815,0.14986531439008388,0.7498980263602371,10.265452674878528
1240400626,4,30.671673184200657,0.35467349450895164,0.2722375040567926,1.0905559877300417,21.25406580316837
1240885962,3,174.1557329047287,0.37418181714923504,0.28241640250714845,1.1372343576024493,20.8784266572452
1241111211,3,43.975150297915405,0.372396758153596,0.32704300275111275,0.8809114260669827,20.623936931428794
1241410417,4,191.07582950467616,0.3697726781371018,0.243139475110793,1.1596303494137261,20.651001820147396
1241617720,4,-14.755551992253984,0.36468497117961957,0.21779302932851977,1.1354416083652086,16.380985305140474
1242192055,1,-4.92129405506779,0.31871790722655513,0.20205997798371886,1.3797556900781203,18.86187286974673
1242216634,2,60.2595806049699,0.34384181927509555,0.12075669741930736,1.521388887051816,18.085716583309537
1242356842,2,190.8153575228788,0.3517291946644245,0.21735428431312298,1.0667425124423382,17.203270044847116
1242684513,3,2.0850038227693943,0.34435260458151196,0.258075446279762,1.0919943754396932,21.133171219810443
1242973596,3,81.94913995512618,0.3876179713362918,0.1422890664072652,0.887832910980981,11.013332133147873
1242989659,3,-9.81220876467826,0.33474892806842427,0.24151426534481824,1.1422478520998398,20.977671531052792
1243367222,1,208.40517534428824,0.3908399191562728,0.25642779352649886,1.1684255394186376,21.158300982833477
1243527935,3,121.64768347281603,0.373406512292224,0.2747570433676333,1.048679569700603,17.447965471667974
1244119715,2,22.391100687014713,0.3953186017537964,0.33580277788080964,0.8719613373790143,16.350486072937525
1244604743,4,55.23198580774428,0.33890332488991115,0.23818132616180937,1.05982007224127,17.189878987458556
1244610888,2,316.79077653529197,0.42855505305095015,0.34369156689709324,1.0922801148801708,24.929421595616965
1245028222,2,250.39398483844542,0.38984607697687473,0.3312917075396436,1.1734477122948563,20.0784109285194
1245052771,2,189.76767739482545,0.3495980898953562,0.24046012952307552,1.227713974876551,18.789911240940135
1245106816,3,251.9383945228638,0.4313194913018825,0.19999834653877596,0.8948891348862817,15.593454675004748
1245265865,3,103.37182689314582,0.37870576893515523,0.1583858244102433,1.0139229583229474,14.663638624305163
1245320293,4,110.36793920114857,0.3745754270751639,0.22688369894657848,1.0989018563278077,19.055002803820244
1245611127,4,1.665720326509856,0.3712881159485037,0.19226809850590088,1.0310665841456923,14.364785909165917
1246412636,2,233.01507807819837,0.385023541422363,0.15832131972061494,1.1199828042049271,15.946700281170589
1246466408,0,144.04679350938338,0.35847527433947934,0.23530469403014193,1.181887507465453,19.419034545502434
1246478630,1,19.642417224094274,0.3533683316148633,0.259311123646946,1.0316069111177657,13.40026448535996
1247053205,0,87.93571326327222,0.4000790573398467,0.12276217953369595,1.1606488295379793,14.64863331067639
1247276415,3,103.68646908870173,0.3716288780744315,0.21576997305441292,1.1071360523685145,15.18357976478067
1247283822,2,165.0155044543417,0.3848138814747611,0.22271232619020742,1.1345913974825255,19.472000191638923
1247292893,1,86.62013119974846,0.346339858887439,0.27238715620383924,1.206369865233185,21.718710212866277
1247307752,1,119.03917632035865,0.37543455711856305,0.31815365010266794,1.069291097332129,25.944092067268215
1247311317,2,84.47434519670097,0.35832041467421266,0.24589145342977792,0.9658484464757604,16.42096124589548
1247317223,4,178.1708004661525,0.35227021410478526,0.2855031916114023,1.071240344807817,19.170451579135094
1247694906,0,205.728931766527,0.36071865848189666,0.2275337039236711,1.216669027383275,21.42752240190461
1248082530,3,111.13652481182679,0.4230299843844495,0.3191734135021943,1.0225271299292835,19.7430454967332
1248304721,2,282.0200229149505,0.40472243878827985,0.370919715909722,1.1692559485182463,26.018325307988384
1248717152,0,84.36840033558614,0.36247655828352343,0.24508093007888485,1.1739889600361213,18.909191682688785
1248950707,2,84.80775283744933,0.27943053757455155,0.28596056805838815,1.203355104563313,20.98758104199601
1249625777,4,-10.361936763394084,0.343654563859272,0.24310681210995458,1.0597991739236596,14.198229898406161
1249855570,2,205.254053860253,0.4131407980559191,0.24794361314165556,1.0251457602597436,23.477482193561432
1250128226,1,-18.739712248041585,0.38539148234595044,0.21830972634799056,0.873701124749564,13.462142342344723
1250174161,4,52.00111327012566,0.387510689583701,0.20172520407143474,0.7697885178854098,13.627663029365218
1250664164,2,153.37966222840987,0.34393486721606453,0.27507038245909415,1.0786105967274233,18.999311793877805
1250759727,1,161.83338556859417,0.36295009160988456,0.27097280222569053,0.9868622552452556,18.532222573984086
1250976105,4,149.53840202919952,0.34553192130724514,0.29242614558469476,1.1218910409642404,22.14625554164052
1251251952,3,57.66035197189233,0.3997509024870585,0.21747065385310338,0.7768132627888791,19.17300112029035
1251718993,2,51.12007217983949,0.361696022656215,0.2607382579114152,0.9450089950243515,13.364617963986056
1251846091,2,70.01145823110706,0.3512428666984412,0.25170720597802365,1.2249640565110043,20.55193949580072
1251856230,4,187.10159146706928,0.35933631117225545,0.20998772957349376,1.2787859763528353,23.36593676143928
1252158010,2,211.1854280446535,0.3717910896135447,0.21398956929515872,1.2425283030659549,20.837253376308375
1252177757,4,188.352741078054,0.38506116604669016,0.21101225626454506,1.0812799246627902,18.055680412505144
1252473600,1,154.36503163503886,0.38182101713340455,0.15849005038585887,0.9365256756761418,13.332408578223319
1252624826,0,-3.7835061295725154,0.4062681847131997,0.2355028769102622,0.7943190222974074,12.586684510156758
1252741517,3,170.8136918588467,0.35439065472338943,0.2787785996033597,1.057139021730166,18.691417943672295
1252756161,2,43.86585763100801,0.3645045190171146,0.2408917238472082,1.145960364216125,18.02064885253337
1252814215,1,-7.057057899836138,0.3948042741237389,0.3436613259297951,0.8659102835655175,12.78820395177446
1252824054,3,28.170921097312956,0.3622129500726605,0.20540850096171678,1.0573208167134591,16.069845254849405
1253121067,4,-15.876859096261782,0.34766830449906744,0.2549013032219215,1.069943368194748,21.256643628126273
1253393179,0,-42.446983597502665,0.3685162023871916,0.22878120220598364,0.9916978079358152,13.408661330657235
1253409024,3,164.48730713778866,0.3570483313718978,0.28196648655648743,1.2323475928746124,21.543314807968514
1253785759,3,-11.791096506824744,0.35712103864262407,0.16878544080816835,1.0740808926628094,14.298056235084998
1253961002,3,108.61262062282441,0.37696787016711886,0.26395815766084824,1.061553411412537,18.400329210352115
1254056862,1,46.91773644290256,0.36642861710453317,0.22949496963412727,1.0264848435818414,12.15331307181347
1254412515,4,20.141197390733353,0.45694512950296184,0.27212991924281776,0.8733252756673133,16.839078044370495
1254752288,2,243.36079641855872,0.36762194045366436,0.22923313047396363,0.9838959272292633,16.687976646537845
1255030804,0,140.7946666851479,0.33700058261339405,0.2572064926924182,1.0351877530294349,18.149861557856557
1255406268,2,267.62123200079543,0.42932092104027486,0.16668751954729963,1.003596187633312,17.410546913322825
1255816024,4,166.79236885267687,0.39965910094618634,0.2402803586775056,1.031737440319879,19.845249582950974
1256351112,3,256.32804468303254,0.37864531704681903,0.2558531664644337,0.9328570480305398,19.461862283734302
1256508173,2,187.85747314811798,0.3548976937993605,0.2520804784984763,1.2397177027494848,20.201474313278155
1256836915,1,78.31154309538668,0.38221827640735595,0.3129991469740389,0.9098441674177506,17.649376957061914
1256957523,4,-30.25390459968449,0.36389928016799805,0.21857624473800974,1.1251725505944439,16.40869764721294
1256991095,4,25.599856362783527,0.37016271380604543,0.2444337535521038,0.9450109619746456,12.115582009924868
1257255803,0,175.15527314631572,0.3602534204763384,0.2676381907089345,1.1180844699237893,23.061177365282603
1257657215,1,306.14711845409363,0.40098073763974773,0.2920105090744172,1.1059391241311682,25.793010386510257
1257792790,2,-33.03143512567853,0.39083089500724866,0.1480896676814501,1.2825033305577653,12.986078138089557
1257932675,3,46.825654782989616,0.3205718057421382,0.18544698010418753,1.0436738526217444,15.199074209973945
1257958128,3,58.016358939228724,0.36840319233689844,0.3640418950871401,0.9231458448470501,20.44258031936892
1258103517,2,212.9468279251389,0.35609362839658104,0.214393204418587,1.0133823384631901,17.3073268924203
1258628140,4,82.04677356401639,0.3644603257579252,0.2107770430052878,1.0601679037693883,16.7822124201151
1259156024,4,171.41640179463067,0.34513955163100707,0.270199789352366,1.1633866947893976,21.276208644265964
1259678348,1,46.66139755930053,0.3518742658169192,0.20834053304232442,1.1127941010041398,13.126120930007437
1259746879,2,178.81250612334014,0.3504033269414355,0.30997151061660444,1.201578192363337,23.44245525883612
1260132541,4,159.98317568553657,0.39282835851878145,0.23577862633551297,1.05660210420019,20.01389592568298
1260477255,4,43.0394081569253,0.35118990215706375,0.20817676698841409,1.2316493033502545,19.575486256399884
1260660121,1,-13.41504309473217,0.41148955498529505,0.29393379012932896,0.820962922841973,13.930441869569192
1261008131,0,177.4947402936695,0.38003497586218404,0.19788642947965634,1.1665815181088464,18.89292358636955
1261139473,0,148.5975459301364,0.37440066713396175,0.27358434992914443,1.027206367880775,18.139856832022435
1261531807,0,52.93856435482301,0.36173934213436243,0.3197780651143776,0.9606158388128364,20.74468552545668
1261888727,1,65.51123222025993,0.3828845900209938,0.23052441698604492,1.0649574311243908,14.430924512264394
1262712163,0,51.97668412713145,0.3580481741648552,0.23618112289477847,1.135511019014492,22.046718370569156
1263057506,0,80.54742370523545,0.3492548898574227,0.1765830673486459,0.9979175238572544,13.28430935896603
1263366372,2,62.93729961039324,0.3396502929701404,0.2559606813293561,1.1328392665808904,17.672432154189295
1263725170,1,165.4285141734457,0.3596268946905387,0.25050872004566,1.202817248141543,21.791723632051003
1263773798,2,64.7067395791224,0.366526917412429,0.2739608186559924,1.0168890175173824,18.466024776617928
1263993270,0,179.99708797861052,0.3730857167683021,0.21811029706534915,1.1320735117173748,18.032652739014225
1264073564,1,159.82316954043753,0.36263163652353675,0.2337316576080861,0.9519995873094673,16.262247360125162
1264214740,3,163.4712076768239,0.3925924412199437,0.2365795106851361,1.1201693703084352,21.56651766745936
1264383388,4,154.3539471687883,0.3645854990292556,0.2712089973076865,1.0718483437206605,19.350730503488677
1264421130,1,35.25674430333659,0.3839484665162874,0.23024932258446568,0.9556776151555305,10.903273103693923
1264684812,1,101.54454628283474,0.3439875450029981,0.19400085267783485,1.104540158614466,12.88458045272253
1264707088,0,47.467623363904245,0.3433573863847742,0.2786727629832391,1.1046212905440536,21.916100955390103
1264767069,3,69.65548601855849,0.36478388405135087,0.23767326994259444,1.1173606695699987,18.898240747013055
1264867007,0,160.65845159481586,0.37284562614363526,0.22469815804764745,1.1602509871772366,20.50321083363703
1265296504,0,217.2199166482409,0.3656633080260844,0.248839152827256,1.1049291976407578,19.514580347489204
1265311522,3,206.61875368285104,0.36648027984999426,0.27442705775719495,1.180466365152637,23.140001080351862
1265853164,2,24.781695967522268,0.3658175972869925,0.24079595298253398,1.1267338010604633,23.21654938624588
1266330575,4,215.27352654721307,0.4138608630219891,0.19937358054047777,1.0587813153107812,18.15805784613315
1266599294,3,48.232260807331535,0.3422593153726621,0.253834429493241,1.0702282518276989,18.38164135870648
1266997255,0,79.32089301543309,0.32581220884434825,0.20736383605185685,1.1273116579042866,21.1939154464923
1267045105,4,183.75198997304346,0.3776487304714154,0.1532542914406366,1.1396542775425371,14.653204562598981
1267165499,4,161.83276168507652,0.35456125019440665,0.28024474319629833,1.0352533629219847,17.377610875910907
1267231154,1,156.8899106107315,0.3635586372766728,0.2808730691398004,1.1990676552382329,21.079498196302104
1267496441,1,-16.366175242709787,0.37468023149233354,0.249765009067323,0.9020570552333611,13.676961948494448
1267767457,4,-39.57171246207295,0.3485240528014876,0.2856532067110614,1.0370822376893114,18.98779462660536
1267983155,1,-57.42564026380984,0.34779673186411797,0.1525318441138786,1.458649192551372,14.24267969143104
1268212088,3,84.49865575960709,0.34832576703826906,0.2408247169389109,1.0714846094056891,15.261180932314089
1268591883,4,82.32276492291106,0.3963574490750902,0.18421958786570483,0.8988540884322171,14.289344904645828
1268903954,2,93.95163524352593,0.34843503545229815,0.28465978494171723,1.1356814881205326,19.87665101536959
1269165942,4,-28.390024665234137,0.34923997611977725,0.21879142508304597,1.1447410263113342,17.009894665692038
1269399876,4,108.37807576625464,0.3479643219578913,0.23052735300992136,1.1601394892825594,14.952695613241087
1269445005,4,183.2292163191679,0.3465227005345264,0.21307502483828838,1.129769618968992,15.387301609434642
1269889405,1,102.01215847791713,0.4178785491592413,0.15543506007159458,1.205062088303839,12.889412207047542
1269952522,1,179.50832323717873,0.3719607672679305,0.24272905856293234,0.999620586240527,18.011502676461713
1270138741,2,208.58079890089442,0.35599786979924536,0.24578732784916518,1.0357675323514017,18.030655115519366
1270448600,2,136.11074970787718,0.3675375617782135,0.20534901905903558,0.9639417905707416,15.169938140155953
1270893836,3,53.214373963476866,0.35019943304844736,0.2970399414907068,1.0569309583852873,20.187337209234755
1271079066,1,86.0979397361028,0.43130077901615915,0.2566791451280833,0.9709479480912708,15.258341756309159
1271134038,4,161.41542278694112,0.357591863260471,0.2637337510004117,1.1569975649727504,19.970802606125282
1272587185,3,324.8752509656473,0.4112476039416618,0.3106516874295894,1.1019854438963101,24.894325339036072
1273620790,2,3.9626758704865352,0.36124911394432635,0.21591745779152208,1.1903798566864867,13.488975310091412
1274254712,2,44.78482513591996,0.33721990628096465,0.28354788663432207,1.2000362906696658,15.041915011305651
1275263414,0,85.45111930048556,0.3394175705599216,0.22330943074548792,1.1434277830623591,19.58200268867462
1275276173,0,109.75759975171826,0.3651169628621091,0.26793083990299726,1.1519861750613596,22.195224970211797
1275591013,0,188.5272911920946,0.38784708569054244,0.2140881343504666,1.0602816116253815,22.61257791348096
1275707146,0,73.78764467906834,0.3472727097287902,0.2335056188757307,1.158439152058084,25.17098944971518
1275832134,0,44.61555036660662,0.4078936312851881,0.35148913225749595,0.8512922317074958,15.728854240478888
1276163646,3,10.796193582045632,0.3661008703767313,0.17049716717264168,1.0900635660423141,17.178262958842485
1276246944,3,172.24641227674445,0.35986923837737406,0.2832881853980195,1.1637414702777205,22.97161544688508
1276410560,0,193.7669340606053,0.34183538614879455,0.19076604652019868,1.29011802042999,19.665495776318213
1276975260,1,88.87069996872553,0.3633358330956058,0.2014061183493182,1.1562101123153583,13.931809615113922
1277787594,4,17.362550917420066,0.3512453443708864,0.2718199944932496,1.053141405972643,17.95098341079286
1277971955,2,133.23093319964855,0.38222027813417125,0.1499008791248332,0.914278040890381,16.432712180365048
1278963276,3,211.11150508568568,0.37369427079198364,0.2623075896438437,1.252485817532032,24.159059331338554
1279775850,3,197.81635563742145,0.3832134771449765,0.28285382613111454,1.0240153572344937,23.128747998137328
1279821267,0,94.78252991230107,0.32305234766331176,0.1516805606498502,0.9482898004656848,15.832926717344638
1280165390,3,129.6573909112975,0.34013192808563225,0.2761466625623179,1.071177818953192,20.184612946111066
1280502593,4,-18.638442144333453,0.3526182692626339,0.26485148419406057,1.0444596640360546,21.10374690852146
1280563800,3,-122.34485324681123,0.33701898967095123,0.10081739259291797,1.4395388925255261,12.314283537348501
1282073595,2,23.067105609650454,0.3889516553922539,0.16799297434820712,1.0952656077772378,18.266275866043166
1282093980,2,124.40410316202563,0.36044442906898844,0.2476061883058995,0.9915736099593518,14.321323676632854
1282732042,2,261.9987857451941,0.40094967124397635,0.314536318704739,1.1116819645388019,25.444912953298022
1282744521,0,109.84321872067082,0.3487945863558481,0.2383472019367612,1.0286762243855099,15.087478455375162
1283103305,3,62.938863661932025,0.37401394092694173,0.2156450978348734,0.9395558760654452,15.591126375737938
1283259076,4,-15.955466032111275,0.39839284823459276,0.2849407642625383,0.887936042269232,12.341206711409239
1284040004,3,236.78388154540428,0.3645888092173239,0.23566564360138617,0.9717312196495,16.147640364539516
1284082821,1,76.1784717751052,0.33979253417313904,0.27664360156232054,1.0991663174846806,16.432188720091773
1284164313,4,319.579482029632,0.4145939074820803,0.27607334227649183,1.026736644875023,23.48288540784622
1285221061,1,95.20723967187568,0.3501987461542696,0.1759274809556708,1.1207671783132667,16.628543522462245
1285571721,1,44.0540379682188,0.33610725084464593,0.2576107723333214,1.0265952479777138,15.409956445512575
1285747694,0,-37.360410691225766,0.38268599401334696,0.337906144122878,0.8949049304677897,21.293930365990764
1286286715,0,99.27686001772966,0.36654550607601327,0.19251749875250856,1.1459571844935028,10.892087964966013
1286574060,1,333.4356447281007,0.4107840689579613,0.25897953910785826,0.9522392218193387,23.687414042009063
1286616307,1,352.58140975948294,0.4686498617263314,0.33790800043610597,0.9193443097566187,21.771037880107198
1286748689,1,182.40457603119404,0.37556145987411915,0.1920793239888101,1.1844052285869981,20.7451069378682
1286920787,0,78.47970275533318,0.3627972499866018,0.28721608668482035,1.0721433223216803,18.21928199728503
1287697682,2,250.52448452464228,0.36972355215650465,0.3078008898623624,1.1541528036075706,24.547886019382176
1287726377,0,141.9474684682516,0.3678196974634002,0.21359985949992483,1.175778647842984,23.63753680528354
1287850309,1,165.4189378218109,0.3889724457162281,0.15409757221686066,1.138595499226469,14.470893046176197
1287920729,2,226.81911683124736,0.36641446808745437,0.17741416141486913,1.2220182691985264,16.14257622197101
1288275829,2,134.32174699385988,0.3620212162640183,0.22743846257218112,1.1338501609164682,19.094157349873573
1288612893,4,246.1293112937723,0.37147280455224463,0.2870824534623744,1.0206211057957224,19.593539960570315
1289045435,3,222.73169864506184,0.37977637052138646,0.2330040813279033,0.9393438892130073,16.406519434809525
1289126534,1,105.8613679061841,0.35306642621958023,0.28003303144697694,1.0057169028716726,19.294271329147293
1289234945,2,33.449033170705334,0.35276504904760764,0.24548741628999424,1.09643381143115,13.374459870202516
1289453744,0,-137.74501885051262,0.3486384306676118,0.13377614305808538,1.6438553217307703,18.185572485094518
1290046924,3,153.75148184241002,0.33682937507619115,0.3001670591469246,1.1875008053263894,21.680078432722645
1290159505,4,157.74266447835657,0.35862339896979517,0.2545395359053184,1.1757188078034144,19.679277335972547
1290242331,4,109.16135460441,0.3561170061663844,0.1989541887885919,1.2152819726165018,18.46993532058386
1290671546,0,178.95658177585943,0.34496721702965216,0.24248252017103789,1.0065400662647284,18.19515998457674
1290806312,4,212.32408405218862,0.36373525351484515,0.2285814623039145,1.2244311893881992,20.596715695124608
1290822168,4,118.82567310563674,0.3951840594548049,0.1975789025685632,1.1013463102541643,12.309684025308943
1291515166,0,-60.2447875864258,0.3174839305518165,0.10299131403031422,1.5209354924100735,14.188020807984033
1291566068,3,62.83648067366223,0.35880005558833805,0.27757073308488484,1.0622986168615913,21.776417319903743
1291851819,0,33.37211483852465,0.36394986757687736,0.33783556735315073,0.9306227812752269,20.666616242187626
1292415850,2,34.50598432417347,0.3996621309829344,0.23509195763652968,0.9669248662168864,13.637376101584332
1292622955,2,164.70193762182373,0.3511488972777285,0.23324762432650034,1.02028192910457,18.665446087936797
1293239198,1,309.46181560473576,0.41193110237501335,0.18879377857259508,0.8009173722320195,16.276327268350403
1293974706,4,210.91319696850215,0.34697991736400546,0.2836330171225797,1.0759221645459736,18.27236783560115
1294053022,1,155.48107891278735,0.4100931947095099,0.15726141474051453,0.8389375827488061,13.886968368236317
1294362796,2,-12.299272396958102,0.3941034048236843,0.3494878908845356,0.8680944968902263,12.536479359311105
1294421875,4,20.017845067873708,0.3432072631261858,0.25390077677660566,1.1161058918280835,18.417048889216506
1294607317,4,92.7766421463269,0.3587660998661185,0.24370998314299133,1.1132454894391308,20.851134014936136
1295002110,3,307.50193991486344,0.39535719011119347,0.16105429216431588,1.1876242696706922,22.330145786747778
1295229741,1,74.14366193479555,0.3529891782408313,0.24541446936787328,1.1228872159976815,16.951014109816676
1295293979,2,75.38272548359096,0.39859571717618847,0.15703898788372367,0.8534679264279932,13.68822056466732
1295301974,3,-62.711150612911155,0.33774310828944615,0.12153998443063421,1.390982467728132,13.092522385204306
1295510505,0,92.54898755361393,0.36949323910239706,0.2103389607901818,1.1040796558086252,16.930271202597957
1295536082,1,170.80526628051553,0.3627589701212398,0.25466379894756197,1.1915436094338998,21.84107715585547
1295850561,1,88.2979012460015,0.3606147227207594,0.226208109943497,0.959488542609936,12.994010199432275
1295880392,1,26.14779381453765,0.3316054119627941,0.36095824271644383,0.9159168477669392,17.938100423247104
1296143576,4,-30.594901332101074,0.3824081200393596,0.2040587800284726,1.0275199238207706,13.511749642819051
1296755065,4,119.01433492829295,0.3858669238948282,0.2680888689083029,1.1188475194799214,23.83897796590862
1297415322,1,-44.34243129844651,0.404682428068982,0.25749506125432714,0.9172507805874959,15.885007595084614
1297876567,1,173.9009538521376,0.36491254073518553,0.22765970169674493,1.1991848674827699,20.445307436040995
1297972519,4,16.5838258849203,0.38220041934052806,0.39401811206458104,0.8795604843739038,20.751521087895917
1298070198,2,-1.5750900461763848,0.37789111879002496,0.2358296369124191,0.9036469847646261,12.17971624823655
1298418799,0,121.6263411004347,0.33190132764286323,0.2312141408741415,1.136471181799435,16.234416819055635
1298446728,2,282.69001896522525,0.3956337585827181,0.18544210561659075,1.1686714751508709,19.946182007436448
1298577403,4,213.39014370655178,0.36687073744519366,0.2079287039422631,1.1546738159387877,16.876440600650376
1298805440,4,34.64169874936452,0.38087264286830924,0.18515393027259391,0.8898036605170655,10.83157348159118
1299104612,0,15.636508056215618,0.31646481619522643,0.24516497619450892,1.0541030234775668,13.599561112777039
1299119036,4,191.6253080337782,0.34698631118759454,0.2952792644683655,1.1291776929855615,23.248371423848425
1299451372,3,162.69266668147947,0.37150936049391575,0.24685766456430785,1.0192638699611345,15.946807284408566
1299554017,1,28.176542589315332,0.371046146426058,0.3648401009366955,0.9061749463581112,20.955318969986827
1299836604,2,-3.1067760262785953,0.3986615115469942,0.3916345310523337,0.8469894880430835,12.790408061107254
1300048574,0,293.5245070552108,0.4103396404568146,0.14923123753098302,1.0538742752681158,19.422975461915428
1300127001,4,80.7880207961644,0.29510047288742997,0.14601590681450943,1.1537729247358088,13.76243600430767
1300383951,0,54.01021190132337,0.4693941861743361,0.20122707712819723,0.9219362412278395,17.15547565599554
1300562294,1,134.96081393169447,0.3634162505281935,0.22476633198007007,1.1776979306791655,17.928625051287103
1300646660,2,356.01064574341586,0.3884862758519617,0.1712409186654544,1.131129383853703,21.35888833432053
1300902354,1,149.06929269278046,0.3701105784075413,0.23408681187399455,0.9425035089631331,15.16785974988576
1300907784,2,124.75809085150928,0.3865554100654113,0.1858455133098013,1.1672816991152237,19.04680003601271
1301068905,3,19.545427439289583,0.3608162511654026,0.1973468395205623,1.164631401828228,16.95215845740942
1301288779,1,13.191280245114186,0.36735380498623216,0.20217612630910103,0.9181165873092707,12.729350753883123
1301620481,2,223.1253422709302,0.38138595531501424,0.22408225879565818,0.9794690992296613,20.331540132131536
1301630790,3,195.48293752534826,0.38003427429413633,0.28241933339918074,1.04268941325667,23.743575827189883
1301948076,4,64.4753992067263,0.32307070689182743,0.1828056397555852,1.052897346611063,12.865705632828915
1302310440,1,171.59365987423004,0.354135794855399,0.2397771684792896,1.1699603357313557,18.957542424554788
1302453294,3,125.4898650990277,0.34403783677338207,0.29336036937150706,1.1701821471744607,22.011035077372565
1302563585,3,207.46149659905458,0.3621136864306589,0.2451577151539752,1.1247103387823512,20.85808687008427
1303245845,0,166.7871153879324,0.35152536719447525,0.21713705809044545,1.0260854223799691,15.811787202781556
1304546254,0,70.93853063546311,0.3682392320218524,0.23967929031407803,0.9378190309907872,11.66707810531311
1305600405,0,115.78375881347768,0.3077801142640717,0.21813057266042862,1.026172099957692,14.636811805239054
1305829895,4,16.948350343608595,0.3454906990268671,0.272754477561901,1.0048169899856272,16.754357529247617
1306591589,0,149.67323080456373,0.365391753108681,0.20928432792447893,1.2259818483348564,22.63640417779804
1307322805,1,151.44787838762772,0.35476746647897583,0.29025093360798826,1.213499183641204,22.06259349977411
1307515193,4,291.83837740683055,0.40499695098666333,0.31344050648774197,1.0976510279727696,18.33828291465031
1307775698,3,125.94946105387575,0.3471106576541359,0.2882462136894225,1.048572734590667,23.587465271963616
1308167790,2,186.20851920865448,0.36529369806854534,0.315535855781991,1.1684409589407245,23.607257184503972
1308663062,4,178.6541347658955,0.37242141289298775,0.2504252774868044,0.9701316916597146,14.056669971891276
1308684557,4,-17.3348663402097,0.36795463452450655,0.2902693318963235,1.0076135195883575,19.091939536232864
1308745603,4,-4.281417208865818,0.38997834959821026,0.276431106761231,0.8707838928522251,11.823877034286864
1308822610,2,274.3098665251648,0.36476383847619664,0.20527944681761578,0.9648064949422258,13.602344431155492
1308893158,4,327.55035991682394,0.4064458245586393,0.2684026196578052,1.0262580277798952,23.820072055912096
1309160623,3,20.09313817531047,0.32965927828109814,0.2630200306388147,1.0971196942523085,19.245841251256646
1309401144,0,156.44958325913456,0.36604370910837025,0.19456003461143065,1.2555118623032913,19.122897535376165
1310550432,1,60.37487160130112,0.33601834819095616,0.19714484046330583,0.9886680216762215,12.604747196049278
1310881775,4,161.0634322132331,0.3807687837960782,0.1585970592142334,1.1049445057250316,17.363657958829144
1311329501,4,40.631025716888594,0.4244755347982248,0.07473782811964164,1.484516735529732,18.74033166249726
1311388075,0,190.92643057224495,0.35191935898813226,0.29898323781235553,1.1558339939368025,24.655689614483116
1311473361,4,100.57011866817349,0.3806361289660953,0.22946208531396897,1.085927159527723,24.051253117058927
1312487500,0,68.9707705386741,0.32372524955307286,0.21734217735835606,1.1352712632109758,14.247248154729213
1312935547,3,26.585436321155,0.3609731630064302,0.27827956318350183,1.0452758268478788,12.159658293609452
1313130081,4,219.96821384647183,0.3563784638311294,0.27901113954105816,1.124579975376965,21.12177494047971
1313149520,1,206.47279025665665,0.382883296617074,0.21609963870530097,1.16558508192106,20.275103258129327
1313165210,3,178.15264156109697,0.3723227637938701,0.26070631893719914,1.0089143725597924,22.965408768064776
1313737543,3,70.38762276883617,0.39848954657376157,0.13977703034413985,1.2042580626139898,21.123595503805475
1313953255,1,106.39900552377516,0.39383347181689404,0.13018637743232547,1.1115511099340827,14.758614117892492
1314048322,4,116.21264765428606,0.3534552556617012,0.28482507599142004,1.0156691476661384,19.52961922174351
1314252641,3,99.7282985644909,0.3533060781586578,0.28999216048727827,1.1697731976326773,15.645376139386636
1314700598,0,46.44189220325717,0.34278306350579996,0.2663838510400152,1.0078412931171707,18.445554807195826
1314710990,2,256.54773477436385,0.36650045568289674,0.20676461965220083,1.156713155784146,21.45997666185071
1315123551,4,157.80153556021028,0.42378599625154795,0.1436751772021325,0.9900409033907153,14.509488030738009
1315505306,1,55.30872107278885,0.3538671424010554,0.2515999781830533,1.0902032745148456,16.503984541282456
1315760893,1,110.02058286426274,0.35801127261606386,0.28043589441501326,1.0381369316766575,20.901385997084606
1315872207,0,42.76883777764711,0.3572009586154008,0.14238286508379316,1.1132977932841746,14.146626812828584
1316732452,1,24.875260245302144,0.3204042005753156,0.21045356990267838,1.1694980102987067,14.021846537640752
1316887618,3,153.29336248497168,0.3600481620049112,0.1579276549822017,0.948013148851896,13.538146825027457
1318130357,1,132.56108705560382,0.39565718011860496,0.12557139206396878,1.3288413568892803,13.508953153729042
1318650528,3,11.949997443978845,0.4012403752562556,0.2781693904715341,0.8150318802365558,18.55746652985954
1318766747,3,129.07624960903473,0.3692990602897297,0.23531467061517022,1.004885134736437,16.466318354757536
1318838343,4,138.25606461236805,0.31710461876122803,0.2779488096664838,1.1625443750256992,21.156982147119535
1319010024,3,125.38398103816657,0.34935322832228405,0.20893480184185104,1.0079495985801674,14.526360027992062
1319112543,1,341.67687355330673,0.4283201165207902,0.30362484402726037,0.8892546500847859,20.44829004426321
1319321747,3,10.99907539356468,0.40241711104468064,0.264866419880714,0.8594662993106879,11.738056588264293
1319410597,4,142.28738132803952,0.3919522843122314,0.21733777820470201,1.0268207996451817,19.609309674994
1320165565,4,218.40855077751604,0.38682023514142133,0.22870446230739988,0.9627639467963817,17.853005831573142
1320607876,4,79.45011107685977,0.3661628358458919,0.23092180610117202,1.0639633260160237,18.21871751639852
1321017513,1,97.18597373257651,0.36323405826498145,0.19780033888432302,1.0561511868599902,19.598155772749138
1321194504,1,47.07211883895464,0.37304803647360274,0.19299273929888436,1.110757379574472,13.651642135931835
1321346245,4,37.8012666171121,0.3638316888170747,0.2031138223472564,0.9953444327242705,13.61512773463054
1321681529,4,68.10755989302571,0.35342465079206337,0.2536895188852834,1.1427046773983953,18.463431042391203
1321705347,1,-1.929884510785925,0.3491115866334617,0.1822052289837351,1.236563231647251,15.023181543028672
1321934906,0,144.94104849429846,0.3806447288201333,0.3001692950552013,1.125572342433356,23.850797929782637
1322145207,3,196.0667280170814,0.38917860826039313,0.23170993100296428,1.0021604185912119,17.287256861485524
1322304083,3,173.38335219360027,0.3598104965221769,0.26245841179963075,1.032222943567602,15.857942703441067
1322409102,3,22.85299895559386,0.357753241458513,0.2724770402610147,1.0246133398045572,16.780650709527734
1322812178,0,151.87429782454527,0.3629024340132491,0.21462414924785664,1.177142499482742,19.912410580133972
1322899924,1,35.38159301989785,0.3728991283018317,0.259531954199931,1.0189512989663254,18.03642013864298
1323119594,3,40.39986699422614,0.33014004188362106,0.2275593554585543,1.0856404680870677,16.000920821655928
1323225597,3,244.4924817077992,0.36593651191516147,0.2626220686199117,1.2296346831378049,22.498512347193856
1323245183,3,215.23447239965088,0.36725680249163073,0.2346459814586129,0.9505997929817975,16.24430844344859
1323525187,0,-15.097525854123361,0.36182475948213677,0.23551641392823505,1.003567669041223,12.685240312125119
1323609368,2,-50.07649002267196,0.3812315133379301,0.20393363786913915,1.0726246955998229,17.886017258336434
1324036450,1,167.10932217215867,0.37037521595711215,0.2715408202700421,0.9872552437640699,18.70836725662691
1324493760,4,188.2045021668443,0.3915733495160641,0.23231264013465863,0.9443822270527037,16.701015137068268
1325509753,4,172.46949402230285,0.34570164984666624,0.2879779598265144,1.160259544940905,22.822407475603157
1325980765,2,2.591594976593015,0.3365954836395373,0.21572840441632024,1.0715212653178388,12.335131730939112
1326111661,2,10.79609980347334,0.36773316386547317,0.2583900658306314,0.9856148102992933,14.48394522868179
1326151916,0,205.00841996697662,0.38779123416369604,0.24677094127172797,1.1585601943040003,14.771104516079742
1327742614,3,125.93985648927642,0.3787386168721792,0.26384369204622937,1.1049091703929466,19.093736295280994
1328109466,0,71.23614712943349,0.3279234169814841,0.2418538283655612,1.1321886414071394,20.02103067221525
1328279815,3,16.2139631069803,0.3668568486861033,0.22332401894365872,1.068671541481455,19.318046144672323
1328538029,3,-84.21392333368834,0.3577096230077322,0.18263445553663735,1.3143875965645448,20.652895869625844
1329379844,0,-134.96978330515384,0.320968480386513,0.1045504057838123,1.6377448435873436,13.259197003747726
1329476125,0,183.53314942371543,0.3551928671904824,0.26234418533309023,1.2283168455803426,20.236171042800194
1329795537,1,36.70113117460256,0.341639988809231,0.2956510140492199,1.0735272850204653,17.916688611130922
1329805417,2,239.73652402974892,0.49620521235004655,0.3414864944783438,0.9848273958473934,21.386158186665327
1330350980,2,5.16422653592862,0.3362001580729128,0.2630803122191988,1.1953995736677854,14.525091806649762
1330491095,0,70.66985435246747,0.3501748734416623,0.2150725444234552,1.1128357550972787,18.53899692599987
1330672528,0,119.89460687650893,0.3138751985366348,0.21147229628027664,1.0683955874973023,16.066667865134452
1330783970,1,76.26547840379274,0.3105778933492078,0.3206976959559844,1.0886459014453391,19.687118213599284
1330841310,4,-21.842095380367383,0.35971472652477376,0.2812815195173909,1.0147730028904587,20.89440090097184
1330844840,0,-70.40779405099364,0.5117492382251169,0.16878176275489765,1.1831938355491287,12.529433149625387
1331449531,0,57.00005707026514,0.3418399847589692,0.21876402493617494,1.0093971810299092,14.919178963750737
1332074394,3,284.8758306814212,0.37707458075567324,0.2599474297765703,1.1590719569086934,23.45276047383311
1332282841,4,2.766935684072749,0.3690311461596876,0.27723253585948315,1.006611490442124,12.177850518661204
1332783697,4,86.20164643185926,0.3296085860304082,0.16592156634868233,1.1327210895933753,13.954996012686184
1332933153,1,105.73379945959157,0.40472461725518566,0.2388119204578626,0.948651060220328,19.348316255667672
1333138019,2,48.524425825518485,0.33838650680755006,0.2676895334153761,1.0937577982743478,17.30053658998669
1333183317,3,132.56375888479954,0.39144935144196485,0.2738454371814711,1.0385543016262284,19.512457709596998
1333418832,4,208.04757685139953,0.3570826148379378,0.3249338102899414,1.0247322882858312,22.538070982952643
1333567417,1,163.26177228210113,0.37118588055577917,0.2242116919512171,0.9411430588116823,15.9170687903346
1333596225,2,207.19101996964275,0.39333662969671307,0.2711928444080078,1.0398979695768427,25.481060856905728
1333610491,3,193.79405084189347,0.35274804661746373,0.2908383714786326,1.0422991634476995,19.551678992544307
1333766804,0,42.940203936878895,0.33275729255425485,0.24324170456122637,1.1623405968268943,18.791026380381226
1333923150,4,13.686971352329905,0.3252532704122243,0.3506171155398066,0.9494833752185531,17.056739895346237
1334743519,4,185.30320868479777,0.37234679967577633,0.18552245337269418,1.1888132093245214,18.876182451782633
1335169485,4,108.55134281394767,0.41511020045022134,0.19720514953017756,1.2929478063837552,25.72711894357242
1335256384,1,107.67069819436504,0.33062679131882206,0.261875108070764,1.200620153279819,21.01828714598938
1335530924,2,208.46688126088566,0.37209056604834506,0.26158752849926964,1.0461497145891752,18.329968849941945
1335818219,0,10.149588715357936,0.407179393855431,0.309970595799787,0.8460453418459425,12.0922401881121
1335837736,2,98.71887136838156,0.35820513648261726,0.19269689945541035,1.1473092976639716,17.621286138219826
1335930330,2,184.8581709590133,0.3660523050350306,0.17965979668185805,1.2122653958563412,17.90367168252178
1336441380,1,17.704267858688056,0.33186896099977164,0.24238903467840953,1.1544991802741618,21.61260439638532
1336532550,1,-60.36091075498186,0.3286603084229517,0.15138241107979838,1.5819403236214324,14.370112399112948
1336700268,2,165.16643159375678,0.3753979674980724,0.249549947417984,1.0337368849032564,20.76292121657549
1336943329,1,-11.616726929987962,0.3181474336149042,0.18154854609318313,1.2584244789128776,22.96823929020639
1336999615,1,136.3913770887548,0.35115194798904975,0.22738078616399537,1.0463618971824717,15.751774734280652
1337045352,4,6.036131367688142,0.3613284517101564,0.30033014434922656,1.0452379114179275,21.534699358257576
1337142448,2,175.32731946182093,0.3671240310481262,0.26955390198976015,1.10852151639167,22.683455697118305
1337289078,0,164.28987682970023,0.37055649729515566,0.2292017893638891,1.2080325169747799,22.692062366621983
1337317565,2,86.64994526219944,0.27891664589055354,0.17347200374980967,1.0552392539908502,14.418378856181098
1337375382,4,157.14212508896577,0.35605068834648973,0.2521591912519566,1.2420824067728569,20.301412982186083
1337675110,3,166.37026281835796,0.3570007912335266,0.31923629688516025,1.1434688894102238,23.60137586172938
1337696117,4,19.753999347651202,0.3750796991315886,0.3660883661306882,0.905594769712611,20.338182566173742
1337772240,2,184.85939172314988,0.36598302643099156,0.16394689445190605,1.2501633960170382,17.419549833944963
1338251164,3,28.27950779913438,0.36026792951751313,0.18375780399097902,1.175209665384014,16.17959442924454
1338688328,0,78.69218850771026,0.38384107997526035,0.17147282614588188,0.8364863488113334,10.76247554151635
1339056719,1,169.8655570975741,0.35966863636249596,0.25114303660880444,1.206537396934086,21.929956314136014
1339302130,2,-47.215629268674675,0.3771749685769501,0.23883580685435166,0.9510960983905529,12.320714856542835
1339379527,4,147.7378515383744,0.410408302957687,0.19848962451647503,0.9266713196160471,16.830268708474357
1340249291,1,306.6162013973954,0.3918781311482785,0.17524947220495668,1.1481199638113269,19.947017445916003
1340852987,3,-54.419341243736255,0.46329586955466806,0.21293249586507965,1.184521897436298,12.290651269988782
1341096524,0,70.13562841421118,0.3712391230867586,0.24904144288183525,0.9328711298451502,11.743535421649874
1341187910,0,48.6793346272972,0.32777484980618105,0.2520906646392257,1.0777544784918616,18.25038463942721
1341702533,0,91.60872577037163,0.39436324465065437,0.29529770203123545,0.9609060536587645,16.875576752748835
1341724908,2,130.56775485149606,0.3516056482538058,0.22426705788796417,1.2102240184999367,20.2675173204105
1341866550,0,82.26925940712857,0.36226930911621014,0.28816915417553074,0.9237322833810137,14.342737294641033
1342064373,0,120.28654001942436,0.35764212602274653,0.19307446596573813,1.1783245978251453,21.366804980788377
1342174126,0,181.06701275651665,0.36165134422641804,0.20754760217701623,1.0937371417329944,15.567356754552069
1342666772,3,347.12825543640724,0.41213719326048986,0.2812076417729807,1.1459318082086234,22.766213318683597
1343284955,2,145.1649233288515,0.3761649918189821,0.17150633775646124,1.2139550184396897,19.534631820805608
1344066127,1,50.60426248642849,0.376189031916208,0.29397644455392163,0.9499191272703479,17.873572815260935
1344203582,2,110.66410863494532,0.42342844173034916,0.37209322372526776,0.9441032690094431,18.924506342362818
1344237352,4,252.25939696030312,0.40791677732061343,0.16115715687325516,1.1068893828246185,19.261749778932334
1344927771,1,6.00780298684397,0.3598492741718112,0.22436899653652922,1.198745004204083,13.104982175496511
1345021190,0,23.61886428127943,0.36033929643112667,0.28757715885465296,1.0465103063183019,16.74142445329388
1345501676,4,33.72362564611082,0.3341986221399877,0.2531026967679317,1.1516246970041601,17.24881541048128
1345670200,2,42.74578618965744,0.3600395386681176,0.2229405965618899,1.0519911670686242,16.337961216565137
1345726690,0,4.512400555095212,0.3539985398745077,0.24491020904776117,1.0232752529803246,18.216417660296123
1345866279,4,-8.088489327742423,0.4023710277011169,0.18085493171912903,1.0066177173862567,16.704808694748117
1345870350,0,268.57291305416777,0.3911319139621148,0.20534601091176463,1.080622357247188,22.100958625517475
1345870546,4,37.1653774013675,0.35455037458833455,0.173278305121232,1.1036703224911193,15.68226911862445
1346046576,2,62.66867724416911,0.3490401410815884,0.35434900041159123,1.1076194968281752,25.974792492583383
1346259301,3,23.864047250758873,0.37331077477854563,0.20577986473503165,1.003980133350077,13.624321116689394
1346551249,4,60.921298676059116,0.39403420573466685,0.19517729990401259,0.8264380313673607,12.084965385487084
1346729731,1,172.40496548280635,0.34317307082962434,0.2453852646218904,1.099479262541,17.793862658307297
1346910233,2,53.92776865569015,0.38327843806399103,0.32238052069575457,1.0136195603064497,20.991251769372578
1347090486,3,-27.814249647365713,0.3730210397864923,0.32690111340970274,0.922834852500648,20.112559047442623
1347844859,0,251.57561782173207,0.38252064289619503,0.17400837390066598,1.2127438002656965,19.889209533443925
1347977204,3,-34.55875864851146,0.304321521653487,0.2283096157714091,1.2041933029903293,19.228236853148147
1349126211,3,50.6103075727899,0.33604729789678395,0.19915460731975482,1.0836846039185788,13.73938785587899
1349202654,0,57.650901948991304,0.344819500785332,0.2135809321408211,1.0842182566386511,17.921978301215486
1349238031,3,100.52352561167274,0.34496855382365005,0.24938476215593247,1.1403130669974617,19.97849769885776
1349530452,3,24.76363582651797,0.3501701077623027,0.25885094249392343,1.0729926282401614,16.869471018570444
1349559067,4,-12.380209313037781,0.3900531023804659,0.19607069768135424,1.0965016380510695,15.243878215170366
1349609988,2,136.19697634805527,0.3176702760841938,0.25643541013546933,1.241830380055307,20.89285332144687
1349614436,4,217.97799856336115,0.358871144368944,0.17862656540173705,1.1690231166878844,16.757156149182567
1349968586,2,55.343688894521335,0.2897324086093826,0.25865896895189966,1.2211410040750292,14.097699577431209
1350186524,0,187.9654910931515,0.3910821515182383,0.1676502439997663,1.0695691308003572,18.098210483333173
1350245180,4,77.51868760864824,0.36428410809815825,0.27129600531529274,0.95805442055654,15.165644659961142
1350837084,1,29.550439070586236,0.34544947050326613,0.19071270575547272,0.9313326822141177,12.69988292323906
1350968415,2,96.55157737359062,0.3537334301382341,0.24494005062027768,1.0503696617209792,14.922511489662432
1351618025,1,30.20659063494155,0.3660621762062733,0.21731068308506643,1.0463217950088557,12.464390398852977
1352932501,2,171.14298083323246,0.356960557077292,0.3341739012564325,1.092126565729937,23.084564771750866
1353112393,2,62.27050806597694,0.37938915711497273,0.4143082320921566,0.8862009775908859,21.99075208481544
1353148965,1,149.07411384501535,0.3414424033721634,0.2915283218030413,1.085762467887885,19.572955832475234
1353215039,3,187.75484093199628,0.38105994121699266,0.26934945013859496,1.148064873985702,20.809187353645715
1354246474,0,243.1019503501306,0.3576504508149092,0.20131432205079852,1.128936504306252,22.867233862336608
1355319996,3,163.34882380916065,0.3543638288501958,0.24882137690709252,1.2128814276539235,18.295147593947775
1355567925,2,170.86268660545835,0.36837212042962864,0.25180450731428056,1.1101304833692547,21.878732082115537
1355819266,2,19.930928632746983,0.3436390112644206,0.287961777381289,1.0448654336507108,16.88629715053567
1356052280,3,31.07896945203011,0.3579102897892217,0.25892919537594256,1.026179349994661,20.711802894065826
1356279835,3,97.50174626681681,0.39202129189022134,0.13989264309068117,1.157276678163787,13.980410174757905
1356849537,3,220.1597733034219,0.40183257355515073,0.2276286771945092,1.1065976183777035,18.43636662335742
1356914950,4,191.15581471491947,0.36829256140348093,0.20856536855035368,1.1566418198079886,18.072743922709012
1357039642,4,172.99511481577127,0.3689170523902361,0.2561391639049246,1.1851769547009279,25.051403995308426
1357177247,2,260.338383750939,0.45107048910875946,0.23094924397855193,0.9253185837987123,23.869814616700765
1358109974,3,169.74167545796422,0.3541317633565135,0.2997838490176541,1.0595338750670502,19.68577424872153
1358861008,3,154.13646619873236,0.3684488955154207,0.3017707909487001,1.1466089481961625,22.226022458089368
1358943628,1,-8.269917344008448,0.3336077170578653,0.16698157197436592,1.1551041774099986,17.31539876652036
1359050753,4,86.11312627360925,0.35989096315666386,0.26669753653028705,0.9573934783617403,14.906577716424382
1359082710,0,305.61555459483674,0.38662892693274725,0.19905699502264165,1.1695758809739218,24.02179633277715
1359130105,1,187.26608480578022,0.36061627410348,0.21722448994013266,1.2130489532145345,19.79235679912595
1359436093,3,160.4911334394071,0.35827354794732463,0.22933387978837513,0.9840215603185782,15.753776328034542
1359594039,1,116.16750085028762,0.4012491408900797,0.25436919798234914,1.0183256821373499,17.36276804897183
1359687224,0,45.774963767349696,0.34882822947975917,0.2857751738009736,1.0508528682390765,17.91303163598095
1359872176,3,106.49047453583246,0.330210898284722,0.23111575537198187,1.2357641588983836,12.985190020812682
1360256183,1,172.40167443634232,0.35861814054316776,0.14353571686942246,1.1558320287756694,14.45642945788337
1361184303,1,167.96945266444882,0.37311057264087305,0.26149995438831625,0.9919610914659408,16.767562508053793
1361620762,3,53.621844693475055,0.3619307176662656,0.17950014144606702,0.9263420419795069,16.32771578948044
1361875495,4,162.11940393435714,0.3870418330295326,0.1727108782514456,1.0703509468021803,16.439973892284552
1362818896,3,287.2480078051401,0.3902299439369169,0.28894269827287616,1.034250092039728,23.77866488722136
1362829798,3,-26.497913167385008,0.3732208011284727,0.19879860270195338,1.0299779664795656,13.323412691641096
1362985746,0,164.5737654224011,0.3773652721623547,0.24853606781824183,1.0782536683409474,16.684226766258508
1363453372,3,144.2546787875261,0.35993175456346765,0.2658889168206988,1.2571670579258702,24.656200264982495
1363602163,2,146.70725708503358,0.39675995204326564,0.3029826495935187,0.9978901571603771,22.50426280413819
1364091804,3,5.3635578614702695,0.3706876978295295,0.21016972706026332,1.0324129335489456,12.904165974546578
1364709079,1,25.96563208440442,0.4345894015113204,0.18875677877311012,0.9622663850902238,16.14627395856645
1365155281,4,31.11743171209001,0.44090237190689857,0.3066464469155926,0.9717323442088605,16.24338334659364
1365375368,2,28.42102444734944,0.36678579828905883,0.20410276033032143,1.0361887338481686,13.761669933548239
1365608843,4,18.631333381565,0.33659048786809864,0.26108908380590556,1.0281124332375016,16.68145448101896
1365694834,4,-33.21408857590009,0.34741808356494647,0.28984562651706086,1.0330601143184563,19.30189693309649
1365820335,2,126.61063094782236,0.3171176033694255,0.148357874799361,1.1411495335256114,12.956176627436612
1365848174,1,364.59825371766595,0.4432180096878597,0.3921841480426894,1.0000373047070699,23.406815677925884
1365937405,4,73.84566885149867,0.3430396699319415,0.1731986289405304,1.003808966391238,12.50736703524647
1366065674,1,136.65899720477512,0.3604881981586154,0.2652843886372008,1.215754778837972,22.492451704272973
1366196353,4,217.98784707804367,0.36231152433015124,0.32245136864078766,1.0169296048639878,22.549001764426013
1366250569,2,-65.09080377851988,0.39123250599796155,0.37867627432178413,0.8576145771401736,21.854753265152603
1366419204,4,177.13732114781192,0.38739003211383316,0.2214989443067575,0.9795395859775314,16.32440064510942
1366538369,3,122.35581215231349,0.34201459893732267,0.29593986399878536,1.1654897713267955,23.606102792026842
1366987461,0,201.43093974563084,0.35838990804756393,0.180520535857638,1.0049119456609272,13.136620075204526
1367013502,1,-108.84811595387472,0.35533949147334737,0.22531203981058223,1.169675098112204,18.978019833545783
1367398148,4,-68.6236660365035,0.3185670126968644,0.24134896072704207,1.1426529141431891,19.127820080350865
1367679735,1,2.917094854260668,0.35639475200318066,0.22835576414292472,1.117672311356822,17.441277503370753
1367828072,4,41.676288310680455,0.3472503385937165,0.18738582251149383,1.0780572847685923,11.73077508253813
1367832773,4,218.50650532105323,0.41897971108417753,0.206456374502616,1.181339753365938,18.17450006089766
1367879345,1,-51.24494947982768,0.3770816394445553,0.21357446323649015,1.1515012761244006,19.569592855008896
1368560795,2,208.50060147914627,0.36022672634220315,0.26196072543262056,1.025856803571229,19.73689594709586
1369201997,2,179.6031407983976,0.3556726932226824,0.30141177570160443,1.106868188383276,21.881754575250227
1369478865,3,52.33142550468099,0.3668461436732663,0.17056355801656425,1.162943789002508,13.786769742656361
1369988926,1,150.53765012190917,0.37622630634301213,0.24876777428385405,1.1077453175678573,21.771265064034772
1370170679,0,156.44010145641363,0.36238326310628166,0.2504804648517121,1.0172762215657074,22.700441720106085
1370228225,3,81.0630595730914,0.37018740055410293,0.23972283633445052,0.9620976862564511,17.684402715840903
1370311648,0,263.9454382518973,0.35259930837786496,0.2599388126248151,1.1719342476801766,25.601218227616332
1370577687,4,60.278456616013365,0.27979684478738664,0.21198820776035393,1.199227116475532,15.532676789439128
1370610727,3,30.539583785568013,0.3913397684845791,0.2568120976814929,0.9491448415444678,18.111222216863553
1370707470,0,-19.847928743681138,0.39548509593552844,0.23114726264364507,0.817218401820718,13.341823023444373
1370747504,2,63.63344375027051,0.3668156533251692,0.3679434624061909,0.9237047644137212,21.09680168676868
1370904651,1,148.04310615265197,0.37465715467436417,0.23983694633103753,1.0354307666525422,16.427077218250176
1371045959,0,135.91153828385464,0.4071208462209443,0.18325898011291325,0.852486287286363,13.322446528613392
1372092396,2,118.8212334015288,0.3731505631111753,0.19980787712715384,1.2159237529294977,18.905366578694142
1372197295,2,228.9903950526013,0.40650634469056784,0.18255754662553775,1.0067457223401703,17.17865525075732
1372357517,4,-68.75618744300641,0.3490274185574063,0.2644197999437868,1.0119808709710627,19.897084848847836
1372478864,2,133.38112109855868,0.36509543627858065,0.33625169302275754,1.0800631049008866,22.28915879272682
1373042522,3,24.581900760708052,0.349536467023276,0.25553342596326806,1.067496002939441,16.568066645314552
1373216700,2,232.62665805804113,0.3805630039861575,0.2837760232235235,1.0665422476798416,23.039121517828107
1373295279,4,112.61235632795749,0.36373728505852027,0.2504195492039898,1.0110143084280785,15.718989381269687
1373519109,0,-26.343765812760452,0.3604287928733177,0.2517964837137503,1.0083008498471902,11.659256527766825
1373716942,0,43.262213716316744,0.35681705169746564,0.3012503824970772,1.009497966990573,17.35500389742896
1373795866,1,149.4249631411014,0.36231936985723256,0.2750877467430631,1.0136684745196571,18.774195711044523
1375025595,3,92.78235511795225,0.36762362682299926,0.23968229499730448,1.1095672090247883,22.325138059201084
1375441577,2,224.14565693625596,0.36143611472295806,0.20759772062048906,1.1108795983827615,17.604711454439098
1375874201,3,161.35323247640667,0.3511261579928818,0.25990552742979317,1.0092415156640298,16.762730911207093
1376051647,2,176.17535039736504,0.3601767625093486,0.15452577160083492,0.9966421640822815,12.655261946650432
1376172701,0,194.4400894501721,0.3600399496599653,0.1991595130122425,0.988153700182782,14.054950063159746
1376346368,0,76.44308698419061,0.4247715768233491,0.3237797908623071,0.9467008959640708,25.30468762336942
1376684295,0,180.78117125437882,0.3494558510926313,0.29468379136882117,1.174313605612323,26.17246647205624
1376982255,4,64.51293938933503,0.35539542784695866,0.29640759150216817,1.0949137870374748,19.886867029354054
1377024014,2,185.43082463344442,0.32964572285324395,0.2164605424218466,1.2320579896501218,19.74345266791717
1377176379,1,403.6492174843181,0.4195716587642087,0.2383756516629707,1.0954529478900954,19.04670883943606
1377849521,4,25.814051850970046,0.339356544925436,0.2683850248807971,1.0673182166405568,13.008816216768682
1378439616,2,91.40064300013991,0.33313989515985765,0.2562046216430382,1.1554236508978555,19.572125778498737
1378483093,3,367.6599081250077,0.41054271211162824,0.30705405216086606,1.0509954048131847,26.137682313485346
1378557946,4,129.58125410854856,0.35860871498257857,0.26922082769484423,0.9197115964185174,13.937089923735794
1378818444,3,183.42602524882017,0.3528032962494176,0.25552265433445676,1.0125449807101945,17.61036681243778
1379119982,1,92.62284784641153,0.3740308913920761,0.20936401748254316,1.0017582788209243,11.273969555207513
1379290572,4,187.47296200232398,0.3457434495774148,0.28761991267861486,1.140472733568242,21.644563032194156
1380589062,0,5.93878719659763,0.364482188950397,0.2627829847384501,1.005973854371133,12.51997085950879
1380807593,0,131.77847176631983,0.36222840441600657,0.19652089548016094,1.197066806268311,19.767354009854987
1381195647,4,260.3514206371703,0.3785309778143283,0.22623210007824074,1.15674076658633,16.650976228409604
1381337604,1,68.13850297221322,0.36399967660609966,0.26748036135126796,1.09656934691506,17.236687112964745
1381529897,4,38.72155919509385,0.36791064007891977,0.2010220185065058,0.9227172868593706,10.972050152370345
1382189340,0,11.139273244579002,0.41020072194314017,0.2284147813393746,0.8036031723063075,13.306105462597639
1382529497,1,38.85750528029292,0.45858551553024507,0.17006694203920864,0.9611792604756871,16.38734293363148
1382532575,3,118.49308510965456,0.33986180544365546,0.2717710796605168,1.0466779153280386,18.465676293212944
1382706123,1,204.3017548357568,0.36732105714409274,0.1651081954874775,1.2528103156562627,21.37392146693942
1382769983,2,236.47034245432621,0.359338708952163,0.19358941054786152,1.0426485191134636,15.157971295908947
1383097828,4,-37.96777637244858,0.3303152596753911,0.07970253994456272,1.3441167141388226,13.028887142915806
1383379124,3,14.629353598970184,0.3474184010251719,0.24964692484268922,1.081631400224413,16.277906993270197
1383381631,0,185.88176960115766,0.36925523930472676,0.26204919039062363,0.9681571576094906,15.514933624707421
1383628967,0,133.966328701928,0.36547267373406944,0.22142046625196696,1.1519041920201905,21.143539268655335
1384565570,0,63.97222979247224,0.3738609283294222,0.30095106890491413,0.9916565377158308,20.429013919490295
1385095283,3,191.14957178409065,0.336950849153697,0.2752184052791636,1.0576419092644649,19.357302394824256
1385421838,3,57.8330236694386,0.38182023742524285,0.4104701184003713,0.882809612064479,21.086400464404754
1386193418,2,179.10769367358012,0.360559459411217,0.2499350764108154,1.037247740429875,18.331816610030646
1386252295,3,-17.090156954029823,0.3774867361247097,0.19166544678890682,1.2013778078851438,15.648175303852042
1386318462,0,317.9698043531274,0.39022334360164707,0.20123192869549225,1.1487835349738453,24.313824927868858
1386480271,0,142.69653088320726,0.3705341964094583,0.16131434697860592,0.9293833493052209,11.764305803524671
1386834034,4,-31.52612304365624,0.36054960025798394,0.3072171424968073,0.9846684527085361,19.33487233155128
1387274327,1,23.23917486396911,0.32899562470537885,0.20398704501431247,1.0711723203576609,14.994107324922588
1387462410,1,61.98154201824624,0.342630539656523,0.17674706356273895,1.1110936507137519,15.70138659520987
1387474634,4,178.00017915527997,0.36776567048738124,0.14728344880389943,1.1888757639024228,14.332935483791639
1387601413,2,91.56924748245447,0.3441948679247625,0.20600562882708795,1.1882785315072166,16.728142759768563
1387608181,0,-1.6712405976260243,0.4107975953888765,0.3660054588698972,0.7812727359307085,11.47175425894121
1387610033,2,182.1821745874271,0.33219599871825795,0.288899686220843,1.1683706975139254,20.206806158310226
1387678477,3,352.93709610608164,0.4476444569801511,0.29499271073685457,1.0846622184683978,24.11916492970228
1387768222,3,202.70722710023222,0.3803450204381577,0.21343633702597406,1.1693103455347145,20.476263538832775
1388155176,4,187.64555689859606,0.3505786281980681,0.26948174990533974,1.0492090479824048,16.495953336889585
1388167094,0,212.9505015445606,0.40720162912987107,0.13863682005563743,0.8991683458879512,12.13818235128381
1388289215,2,70.52674277314344,0.29980056082859496,0.2894031418046454,1.137880604528769,19.06654708401628
1388694213,4,-69.5472522373324,0.3209798515619979,0.113015274878251,1.4810764618544083,13.30503866461317
1388851619,0,169.50874784329037,0.3576988535606468,0.2501109727139614,0.8984989718632553,16.274802851177764
1388941962,0,74.19918253405902,0.35752437419334104,0.20924959132731197,1.3088187088559318,19.542755218758565
1389124790,0,154.9414505902903,0.3654643834270045,0.19117227158135847,1.2528424588092968,19.032709201676184
1389236508,4,133.32931925936364,0.3567075800124753,0.16875503545397974,1.0578244496047151,11.52560722752095
1389502780,3,159.79416609915359,0.33721539223660596,0.29190224257754316,1.0821143483367037,18.717542948876616
1389796975,1,217.5795708312085,0.3785135016397376,0.24560689158190283,1.1210514638473994,19.159431933922807
1389935777,3,67.54934531208667,0.313973498126483,0.21608467825370475,1.037621102747903,15.136909672539797
1390124643,2,303.0849049090868,0.4035134250948137,0.12873705786818657,1.0841547586782012,16.05076785371941
1390426236,0,1.5748959892455474,0.35035980313715415,0.20895158432677022,1.0501310409229316,13.277523177189355
1390442930,0,32.855994409139484,0.3350881412052479,0.2559897845539941,1.0544681403354736,13.085557042458994
1390880036,4,54.303488291117716,0.3480563214904884,0.2586061967278379,1.1008008132786236,20.871126529217793
1390904524,1,40.13288141671479,0.35470600434589666,0.19646677221868816,0.9656364729380181,11.71852372002128
1391196204,2,-34.14838005443495,0.42584557990725636,0.21771899943717843,0.9219938834514309,12.346214670050967
1391471000,1,310.1697269539602,0.3872350251810421,0.21603621820409344,1.1383846212104063,22.56658684410009
1391471674,1,107.59724404884938,0.3220595996464584,0.25925491171104337,1.1368264547367173,17.2842062357771
1391761944,2,4.038492105389068,0.38749412542440537,0.17242827029213414,0.9054461177675222,15.06467535960765
1392013159,0,176.42415797049838,0.3699174436484583,0.25524158191021634,1.1237633810146792,24.423492853736196
1392018017,1,314.60779874231383,0.39595131456062227,0.1859579421649425,1.1227734771003426,19.962591832547012
1392118578,3,40.512896851149165,0.34924533192528956,0.29264717496644854,1.0381612679538013,19.477181628001407
1392601033,0,157.42190859336029,0.36877944079781305,0.23007899385462752,0.99332310232126,14.852914601897083
1393144437,3,119.41426307627388,0.3653121919217099,0.21546296077938068,1.013101438041994,16.874003311340665
1393145054,0,148.263953490856,0.3811909136507971,0.23216718493990252,1.0273163488571866,20.387689300826615
1393359836,3,182.52955690378656,0.37037601951314747,0.2809682829210434,1.1878457608069626,22.693049741074553
1393430812,4,172.5418372510481,0.35128430046385867,0.25747777591952703,1.0260763168205391,17.330849639037865
1394137835,1,33.05520569627214,0.4072899619605451,0.19159418906493902,0.9711707888792828,15.812493871317509
1394335529,1,14.190386551212,0.3780191107148373,0.3454794596229488,0.9266785688727361,17.90672665051835
1394769597,4,189.74846714340865,0.35016452824444255,0.293126740293926,1.0436059958366597,18.46679647407607
1394885564,3,239.09528432505675,0.39302356256913346,0.1595067598168644,1.1011787063652902,19.949734524025978
1394969707,1,77.14826864135101,0.36035943251532404,0.18540643367883208,1.0606703774123647,14.529199992328218
1395351360,1,186.3665870663081,0.3660294781610623,0.2628499210893243,1.100077515741287,21.35298614034441
1395602302,3,181.41275483576715,0.3671523832127317,0.27531135032521475,1.133062981800698,20.234430616574
1395946154,2,235.97361352716536,0.4378639274744913,0.2556447657064392,1.0205460853900472,19.192496740790567
1396011418,0,195.3850082977536,0.36994150394592734,0.22143151762253274,0.9990566199145159,16.266191770537134
1396173463,4,132.05006385105733,0.331939158280217,0.2201324996832153,1.0705120796742333,13.1378768454551
1396280832,2,236.60971302658197,0.36285866655674126,0.21793715050199797,0.9790980870242602,16.097202680389902
1396448482,3,179.84387342867308,0.35599186298787383,0.29115670158810647,1.0623824981473697,19.014219017650394
1396499237,0,184.0873680257533,0.3616060675323963,0.21481649931557983,1.0443930207860417,14.49177403018493
1397085325,1,83.88014787727525,0.35969762826582724,0.25637992797680703,0.9443463003716328,15.430342380205808
1397226441,1,229.14218442452062,0.37209007036705694,0.23343556185854603,1.1002264465219134,18.255982072751998
1397367740,3,19.660875976132587,0.37273852440308325,0.23872379987722686,1.057972493049943,18.264659370354668
1397495008,2,276.5611319255545,0.39609361283007233,0.36829552438319324,1.1692588492193527,26.124847437461906
1397532955,3,28.190163633692833,0.3275889541131234,0.1154300301529245,1.3699766868227377,13.75912737269392
1397660267,4,14.89176435412584,0.34598993540203943,0.2485617127611734,1.1034706391540874,21.574533702097224
1397915827,2,62.042133615132464,0.3806668120855345,0.22889671302028952,0.946249035794553,15.538826880831131
1397995354,0,151.306869138134,0.3636570306516639,0.1865531370452398,1.205531390113838,19.110404238850194
1398649969,1,20.90344202363093,0.4138936927744195,0.3683276876494403,0.8965976322391079,14.503387310788119
1399574805,0,52.29495247401159,0.3448567070707691,0.2703357636330758,0.9928267448838504,18.705291685772462
1399918189,1,260.88061442547144,0.3881490756616202,0.24147754210312797,1.0925665346591564,21.176516109564922
1399962717,3,111.42523635332357,0.33748458813972854,0.24549323022055636,1.2459351780287538,19.057942857998846
1399980984,0,-76.0435224607681,0.3353226828641898,0.12658975379680285,1.422831487035379,11.38093573240762
1400204987,2,48.6791169876879,0.3517047234611139,0.16487844862361256,1.2207760170913706,14.647609749790291
1400904747,4,191.9125844186954,0.3558589059132348,0.30162891592911556,1.0382766748031906,18.663073511828017
1401313512,3,98.28767400751768,0.36126846451713596,0.0952105480877449,1.514979678294862,18.778295288069575
1401699288,2,162.49352782464982,0.36994298579514306,0.19470787489942423,1.0351335545804219,14.018951513442925
1401767370,4,-5.477739970373065,0.38874850591753163,0.21066784660940796,1.034508823070027,11.203710614175073
1401880967,1,36.95010972182411,0.39211282516863544,0.3124254039936027,0.8633553634175604,12.129389402786535
1401907543,1,124.25982796002592,0.37863004224679375,0.22151627467733562,1.0259116884005222,16.181380223965853
1402707423,2,31.604309355877646,0.37871399303010933,0.1909881653924741,0.862863673328407,10.580362473876107
1403025307,4,28.31507633089457,0.38346639466659627,0.19547841252908252,0.902113331089249,12.648851340353733
1403056181,2,145.0378621283059,0.35394273870445514,0.22017947331475732,1.025797849507076,19.237102889471874
1403885669,0,-74.86134813067788,0.3372010512043494,0.11205094964407986,1.6373046058868181,20.46199788072106
1404736558,0,44.90113213836479,0.3445868401317206,0.2863169069887859,1.0573245408044156,17.842255867359665
1404881179,4,40.763275350975846,0.35097319602375293,0.2422503186204932,1.1000391213649834,20.67870995037255
1404906780,2,159.8374299084893,0.40522064738901326,0.1814577315518266,0.8808449851952133,13.16569000154659
1405342945,1,105.21212160364809,0.364550723712065,0.1918218884595183,1.1387436366029131,11.681206575456516
1405483472,3,208.55699824833127,0.3534967420721768,0.2643740059955848,1.2300767606547223,20.954970397967653
1405504097,0,87.07867616228638,0.3533360524842597,0.19842699402277153,1.1105164641112912,21.37145127093443
1405932277,3,120.51636765491773,0.3813057956459157,0.21524925657527796,1.0905848966720133,18.932292446640766
1406114427,2,156.25838004891563,0.3650983573604044,0.3097859168563613,0.9378260980985236,17.542232203497726
1407338879,1,196.42755353705024,0.37646246575315606,0.21475014119485056,1.1501184255282018,20.63535798681791
1408229683,0,72.12961470389376,0.35190361228636563,0.14405816540842203,1.1307368941700602,12.550256876770748
1408675476,1,134.3613587219043,0.35425998620110966,0.20893801409028576,1.1625584741711024,20.286592976043305
1408691704,2,129.91373724736414,0.33567086656206957,0.22123349464522182,1.2268830493485066,17.654703490886867
1408899479,3,49.7589522852691,0.37772005262890906,0.3902786426368335,0.8908602493956449,21.05815067171355
1409017581,4,276.41001266720934,0.3910347278854084,0.25834049628751393,1.1346122206418787,22.46668158370169
1409490636,3,168.60863081843803,0.33715684946508384,0.23479095918078915,1.014847153142905,16.509759311745118
1409584413,1,135.28957892099737,0.3445646751696936,0.19227095385221482,1.0418560270047585,12.830002244699086
1409830378,4,74.30629074221699,0.312999717723664,0.17229127751637008,1.0703248019715847,14.003595184619332
1409947542,4,44.83492438728856,0.36864858136394785,0.18955763476263218,0.9517906280049562,10.688230452512862
1410914942,4,240.97875812106963,0.3910313905362881,0.12988770952905165,1.1124166807623845,17.169238738149453
1411169396,0,60.781553860975094,0.3774976161145407,0.31052742766886454,0.9828961366503333,19.503272808531737
1411192314,0,233.0741220411366,0.36547357280983156,0.2704065902689298,1.196480373184943,19.281733769482713
1411288736,0,12.015202442959179,0.32675280824701003,0.25061332986324225,1.0344977139603668,15.085681438398092
1411415365,0,36.29103717518609,0.35585950533249294,0.21920880225847944,1.0250536648159227,17.653834429118184
1411771596,2,211.91456333532093,0.3716907733666401,0.28400964757009567,1.1710612947512902,22.515707049572228
1411897079,1,98.69305732672119,0.3487014915979506,0.22729802473559033,1.1754273842213614,17.675183972656704
1412120720,3,198.66963517858022,0.33522000351166825,0.2716868445422446,1.1990231813752084,21.652878185976213
1412223212,4,28.456863882617824,0.3533542943087011,0.20775116468481436,1.0523905492488637,11.653900759345571
1412767415,3,99.04222948192925,0.3532415959126029,0.28937971082455355,1.1988473803979203,16.932140858601677
1412954804,2,98.49582673984713,0.3743910724982356,0.19737872975532614,1.0558752909015046,12.222288830108344
1413330755,4,187.49419907537782,0.36169935453802793,0.19266706884917462,1.1804398798811968,17.68855438412065
1413610901,1,73.33023594257557,0.35449121593471256,0.2435080987789847,1.1290891771505807,16.89215633821045
1413611773,1,261.445896173832,0.44451798416977323,0.12783624925343293,1.081596787384552,16.54904752800163
1413837140,2,58.34591413553073,0.369937349350952,0.1485585485208626,1.0638244250348703,14.54098872768425
1414225049,3,76.79321758691421,0.34478914378861863,0.22609386139500104,0.9963438458208216,13.447372756539409
1415337639,1,16.98732097107539,0.34395944461824385,0.2470942932565643,1.158648754672593,21.095410082133213
1415406733,4,29.553381459852545,0.35535897171284125,0.26335139549053543,1.0748005864071553,20.733762335119778
1415457510,2,186.2141008135677,0.3569599618802591,0.19974367759017106,1.0285657719156012,14.994600597347342
1416739755,4,227.11079411838966,0.3845315795080857,0.22567475530772063,0.9908086676167299,17.06746697339687
1417031371,4,91.90107635188636,0.4231464603710946,0.13305242234853631,1.1333909412094736,13.214760098112766
1417043259,0,202.3548302956384,0.3606832911030993,0.2415430313426548,0.9413637157547995,12.508066572161951
1417054451,2,155.39626963366334,0.3599658010164277,0.2563387813906357,1.0547848690105932,18.427253293255152
1417361969,1,55.666244795771895,0.3814668245245711,0.22064027021553462,1.0396156387214854,10.725733233217042
1417768053,1,180.7513033410729,0.3677411643237018,0.27336595260967056,1.0580036974697236,17.35961491627513
1417800703,3,70.63856248089215,0.3671110223838665,0.22073018483368695,1.1094989782713802,15.298374249844889
1417827855,0,247.73429098736193,0.36681474187059465,0.28561144121308335,1.1143513678501116,20.684977518475687
1418585210,1,41.27544832939688,0.349725921906127,0.21338205724807066,1.0295744608472797,14.601333210322398
1418607549,2,11.050357845024095,0.3859652757928131,0.17314424737395556,1.1033481607323257,14.819202952889533
1418628819,1,-53.67871461403627,0.42527180742095355,0.19592875803161514,1.0200102489167873,14.609957188669213
1419016384,2,12.867241455515554,0.36802463270404734,0.20198048856471318,1.1589218606210396,12.334999688381892
1419552421,0,194.35652859789892,0.35697024614588163,0.2490392955948082,0.9786586887886766,17.230376561873506
1420611006,0,72.48095100214955,0.3486334397334683,0.21650176305201413,0.9754600557791969,13.40291551985675
1420737735,1,6.619172576267928,0.30602313546898724,0.2135726919407247,1.1959630470415497,13.879181311449615
1420812496,1,43.90308182194239,0.36523770239287606,0.22692593363704233,1.0602820589587236,16.861893466216483
1421209921,0,73.37128701728537,0.3308392403759229,0.21502435669979647,1.1113844207481989,20.122213106858087
1421320527,3,21.57281572712408,0.34197300175092843,0.24806835787209258,1.099599055244249,16.549348015244018
1421392945,3,127.47245435685281,0.3440668769091101,0.21384303166171093,1.1544060973604529,16.0672777812275
1421653372,3,194.07272686615323,0.3756508273332717,0.16596888025814746,1.0419558608860537,14.487957030613508
1421658168,1,159.50915490267133,0.35275885055555234,0.23414206548480265,1.0492033993288896,16.62267838163014
1421896070,3,-10.534178039353137,0.3796818362033687,0.26722274362939735,0.9050921684464035,14.229569521094069
1421909568,2,27.88194178667338,0.31227186050891703,0.33728538209175946,1.0704806387959207,19.57916359108443
1422009513,3,11.75568791515957,0.3895696659760393,0.19273023612721543,0.8168483163437328,11.66532586226397
1422047403,2,73.08930302835253,0.42431761231464055,0.19024508398000184,0.7032897758494787,12.821165062674174
1422066716,2,197.58273133405544,0.4114159600808602,0.3118054864869547,1.0648383901743967,22.493297143331375
1422469487,0,349.10373099181436,0.3818074534551221,0.1884996254061358,1.1301483305846152,20.229787576356223
1422560601,2,138.0403912324477,0.34197847249653657,0.2276283507500644,0.9021263548790684,16.040678994492453
1423269762,4,-49.31026284856463,0.3514942603718437,0.28816923838904884,1.019617354863246,19.091053565866837
1423401067,3,222.65746788840198,0.3936926610669855,0.20416540234494124,1.173965695998406,25.010475266859736
1423424888,1,156.05998651684865,0.3413166957428887,0.2609605461509118,1.0892969953641698,17.21369962193743
1423530794,3,177.93935675334757,0.3712731642313162,0.29478890429928706,1.0951869535496563,23.937882755403756
1424144967,3,293.3203375944939,0.4082447927043692,0.23019483065750937,1.1048773995512473,24.328907229725864
1424387141,1,141.74796741418027,0.3502211692504478,0.23484164888836656,1.3381024994416229,23.77049345675396
1424467870,4,179.21665190017833,0.3510390358333711,0.31629947690072374,1.0395218179735888,21.747065478333653
1426385152,2,59.07042408652525,0.36146423688638163,0.24055265750041027,1.112521144531106,21.99548110264535
1426651085,3,272.8608043287005,0.37775053155713584,0.19781452233585622,1.1463585744765292,22.856457845944085
1426845091,0,152.49180515833714,0.3891733735919024,0.24901586153571986,1.065338127088152,18.54737724688525
1426880410,1,-47.35439174609894,0.318879967052295,0.09114630483534766,1.472074472876693,12.998073569656096
1426978607,2,318.38685782359704,0.38179496234596577,0.2483093737758,1.203460962248134,23.06816475185912
1427121961,1,152.80467989407944,0.3025985528809156,0.1343646667313919,1.1024389775027847,12.613376089432984
1427163348,1,202.43661525864076,0.4417631356081476,0.11309607215570816,1.1316898061950422,12.312839605129192
1427715399,1,282.51545263845173,0.40755520628678527,0.18555803496220635,1.1105700392158186,18.833026791269834
1428013665,0,9.370344972739858,0.35312560650360136,0.2509782762594261,1.0324469405559369,21.715325388206736
1428459269,4,48.74648005845045,0.3402805370453613,0.27290960069298487,1.0806331822694397,18.44596640387201
1429766327,4,202.12361762061826,0.3528168179836897,0.321176399710349,1.03002842819537,22.21408320049716
1429793294,1,160.22366813067433,0.3204528058873412,0.26646183451099115,1.1093055645236243,19.233840404412785
1430116322,4,-3.773798102550302,0.4080939411877662,0.12556639800118083,1.128123389531645,13.688967155870063
1430315937,4,92.3095753668939,0.3275792405046994,0.30281572610476887,1.1610506629491149,16.90626773480215
1430519110,1,152.6232370498472,0.3745232399848032,0.27826072158091525,1.1245800584235208,18.528520322443217
1430804351,4,172.84979422264416,0.3608257157414998,0.25295343454360975,1.1975446176658082,20.314796297060084
1431061733,1,106.5637210802431,0.39718287201158126,0.15637042322355016,1.2688462836279568,13.012456879012978
1431221596,2,68.53613425298691,0.35332645341041435,0.2913696399250256,1.1436667332968387,20.678141537716023
1431937128,2,111.16767723228234,0.3498333540719458,0.169014735371203,1.0514605357273408,12.40204192895886
1432698021,4,28.474826745139893,0.39206944916686726,0.20871005457867592,0.9403988340022057,11.978870503916973
1432821779,1,53.74211040779265,0.36100004652651735,0.21665576067320652,1.1346400179378429,14.243049138370951
1432826264,4,-26.770610489459614,0.33730935949794777,0.24537411494278288,1.0978794530765907,20.516905252186753
1433887505,2,120.227424828394,0.3441264381936002,0.25636635897681304,0.9868640836250996,13.551953202757309
1434137991,4,-79.35217980096797,0.4492930572576083,0.21226030119404654,1.0182858898847167,19.303661897683924
1434167997,3,-31.97107848021048,0.40568976151225544,0.4004400613285718,0.8776370980667001,20.182279944814848
1435049128,1,36.190412206596534,0.34965045520957433,0.2210098923170844,1.0581130197504474,12.396921960458194
1435571706,1,3.7158232572119374,0.3373319481654523,0.08166042377668858,1.4185065376908175,13.235613753023998
1435785371,3,-34.06055067361504,0.3677811806056423,0.23363648134313192,1.020693338173369,19.768777915594725
1436177841,3,38.9082563972825,0.3989687557587692,0.18582294575169517,0.7565265190160466,10.749363116042272
1436330682,4,246.58849020237878,0.40313115475804207,0.15885312256556883,1.08037092680764,18.1922388619002
1436575335,0,205.4905847588784,0.3547955504959745,0.20872897442998486,0.9525071953894284,13.746964598560492
1436896741,4,52.29833199591646,0.3552561663566942,0.20151289858489244,1.0399897972811003,11.14788750497085
1437172858,2,188.04599982293868,0.3315943083008583,0.3310758468308988,1.184884335195928,22.868625047952026
1437182858,3,206.88748104854494,0.33910996985691483,0.2704446254600088,1.2197941781963266,21.187209855716088
1437198887,4,86.40727138279416,0.33997365619240677,0.2632835690585795,1.1937874124936942,19.655523284514818
1437455994,0,131.4713948398496,0.3763010127821161,0.1637492195064742,0.9344870991551275,12.235884076122408
1437522401,1,58.83217543425798,0.3572772264050247,0.2003750944089559,0.9841210636303906,14.440352099143476
1437709159,1,177.70129470293756,0.354513349462849,0.24897561015137828,1.0574344079298927,16.21341247510968
1437848848,3,110.00839770937547,0.3703515569979043,0.25663651142327587,1.1913904541463267,22.738977574926416
1438275910,1,92.43035460468333,0.37024959212707376,0.2785307292537391,1.1171653348999115,23.670888595738944
1438410833,3,17.526664885644806,0.34377161930113614,0.24998244858449728,1.1010352591011126,16.206984644601683
1438539748,4,21.936577734888772,0.33881477784759584,0.24435942117873322,1.1396506628881058,18.307248419150127
1439560323,1,40.84581837196247,0.33540097508628924,0.2609222733171038,1.0809483469619312,19.719380242717936
1439590900,4,187.96435241296032,0.3461507876046471,0.2860307482395779,1.1381890089360167,21.582681280915242
1439796054,4,420.5005897240201,0.37464040158150785,0.11143943445719204,1.206138318201381,16.44058407821361
1439837660,3,182.67475119478343,0.37838244661452497,0.31447064508625894,1.0871514621756093,25.007757361409613
1439947780,4,146.8344412040238,0.3758704572265974,0.2372567430019512,0.9795231604657761,17.03239022066133
1441154602,4,201.02440173154213,0.345381895862944,0.3089615948421353,1.0279788796523535,21.042765358943583
1441221742,0,-30.820465485771848,0.3364521531163692,0.2347916511997829,1.0497800365768457,20.097998776427676
1441373602,4,194.98966935828412,0.3742424161568023,0.18570080177018503,1.4074920642523865,23.020965294075328
1441731142,3,170.0582419071581,0.358944924171066,0.30860236928268686,1.1801211312857183,23.921271743790186
1441736260,2,38.07862517203028,0.3423643179369262,0.3334213640982031,1.116297973757784,25.037713763927158
1442807010,1,-41.189556023638886,0.33079845076388525,0.1468488566398214,1.4459566298040403,13.963600073748296
1443435953,4,221.92432816218647,0.3549525120731061,0.3079273745462088,1.0168920414102312,21.598517129189872
1443684978,3,264.82619016626415,0.37283290006271363,0.2764821722902979,1.2239272410772555,24.097352281498203
1443853019,4,-1.449470988220284,0.3919506374447094,0.3184195470575145,0.873642856398152,12.393504635216928
1443895665,4,170.86249725761616,0.3518543381859718,0.2953502758845103,1.0723601331662858,19.993415639369886
1443962559,0,-2.266299336071583,0.33534731149398367,0.26536400422415024,1.018729822669904,17.20622476702582
1444001096,0,13.332469447738788,0.3489820383899165,0.21299477223511257,1.0888267886220266,12.799267071758266
1444443456,3,9.984579477298269,0.3709776127793153,0.20171310522870345,0.9522879451810622,10.802227171756314
1444497775,2,244.31674968579654,0.3671378270251354,0.22496354553795334,0.9832659748525271,16.529646512419927
1444677131,1,172.15510316759648,0.3470485933417138,0.2810967743300354,1.1913056234416073,23.285890479092444
1444682939,4,185.93639958870097,0.34362511563493825,0.264415875480619,1.223225526666687,23.910946106116782
1444841962,2,89.40314309688202,0.3646898426667576,0.2761246178415282,1.1466536854972398,21.790914867298408
1446315012,2,221.93148920157134,0.3455153143350181,0.24992460860058946,1.0279570499403654,22.592569189272787
1446335630,3,76.97805283914089,0.3761049050297263,0.2825731304904596,0.8831613619118013,20.77869012334839
1446403769,1,237.2705943302603,0.36383702009469804,0.24227321086522866,1.1536670932301363,21.571739687413064
1446406615,0,184.81236428401084,0.36910639356149144,0.2583289551018398,0.9741503678194259,15.306869379882686
1446517158,2,68.17809769578372,0.3840332518819155,0.22959907372119465,0.9888955575268586,12.50737093971387
1446956621,1,33.461145395392336,0.3751097354839519,0.210229083178892,0.96462888488886,12.267658401533044
1447075360,3,75.60050772173796,0.3646738099049851,0.3654046691259334,0.9473712551855902,20.11076485898125
1447287020,0,22.28801896677807,0.3303983148121196,0.22079618093974696,1.1433608621754094,21.99463956647998
1447445383,1,152.77160454735179,0.36404894573092395,0.2406712266365563,1.0525718320474033,21.177123935794224
1447629123,3,59.578181408932046,0.34301740514262713,0.27260537622875086,1.1411298525356457,21.942283725219387
1447631278,3,244.732639252118,0.37053609669767235,0.2962440147836003,1.1393691980924816,23.820449107325583
1448332716,3,5.2393967317663765,0.3861851270056365,0.25035394448819065,0.8954977309357739,10.62874851195581
1448341292,1,243.53325129751892,0.3936747516759024,0.21470748677025792,1.0722406126423698,17.632091386683165
1448448374,2,-66.47833786016484,0.38141589265011194,0.14568624935636854,1.3514116698187189,13.132378227211168
1448731732,4,212.8094178204184,0.35786058615805,0.28694886765655014,1.0246204928147358,18.809904752736415
1449297338,3,-37.746872766226915,0.37485453697044285,0.33089651183443614,0.9118328240297452,19.215172363772997
1449481867,1,6.317688977142296,0.3521851583512435,0.2304737741527636,1.1165421159146869,12.665407216114595
1449543209,1,21.612296498395168,0.41372029943102145,0.36310432844023194,0.8998146129148159,14.483924993444665
1449552519,2,77.72989207994087,0.34535887611728294,0.23366018943053543,1.0945647930182647,18.61715082620639
1450236105,1,86.77978652495483,0.4849383202984355,0.2012628786636641,0.9121833080749184,19.157008547676156
1450460730,3,151.2357473795738,0.35506718799673975,0.20748787009450226,1.1871754412848925,18.43665430808635
1450812051,1,142.8405091015524,0.34421398194677066,0.20566815343046696,1.2431314898799304,22.2743256435812
1450851242,0,49.64521273019981,0.3310082442262832,0.26678403181354043,1.1043527894780163,21.824085615273383
1451556354,1,-72.66454402066356,0.38287449550356273,0.16492456484983484,1.025993166602247,15.13230273464448
1451589071,3,257.5520036255174,0.3736302075779435,0.28822852156520573,1.1046619372192752,24.43868041096129
1451687458,0,191.57160083533435,0.349206365294197,0.24957645831471814,1.2004115293741933,19.639742725052404
1451767844,3,-1.6104584746229307,0.3750495459503721,0.1624060259759275,1.2684763988236685,20.664165640733493
1452233273,4,15.549298301547793,0.38896872560083107,0.23104621272228026,0.8773701266165772,12.565728344907187
1452416309,2,241.0884389266987,0.404275442231046,0.3123120993373087,1.1604155247296453,24.132661205383624
1452761460,2,178.1782920263122,0.3416802877468634,0.20497638668775447,1.1074853841659105,16.09343932822372
1452778640,3,-7.952858598355505,0.34057957424921304,0.25230433301715094,1.0786286294047542,19.75672562083214
1453017209,4,67.48942000433371,0.42210316979591966,0.18626396323948458,1.1261761436051247,16.95995858540499
1453388212,1,123.41400923292001,0.34575240781375255,0.2484160429456022,1.1763279508619244,19.52129688330959
1453450335,1,188.04200671840562,0.34458668936069764,0.25525021243929125,1.2059355028901622,18.99353797031011
1453479470,2,147.2981442282486,0.3702055304333281,0.22993002214704544,0.9466025497891133,17.449673783378373
1453811128,0,197.7117059160615,0.35469030735201673,0.3066701297477592,1.138680528968931,24.565569275273077
1453894655,1,165.3502149677925,0.37033988646232174,0.23942112721336428,1.151362800647777,19.282562345976295
1453979051,0,129.23858482220132,0.3263610682854486,0.21850506992903146,1.116296747463804,16.204071721215524
1454170504,1,195.19800143035195,0.3851924051947284,0.24995641515252223,1.078090346416322,21.766026726935532
1454388009,3,188.33807686452127,0.44288798111260713,0.19258636616477814,1.1190604965966346,17.034364037572594
1454873499,3,93.88038381169297,0.375321742018397,0.2895400877417519,1.1262369312058234,20.338054073148164
1455090776,2,232.69734030154717,0.36472219911027776,0.23469144365838318,1.0099573110116695,18.14337823090793
1455134437,3,115.32794344010162,0.36861231376304043,0.2753612889350381,1.18195475774974,18.932754437586674
1455221251,0,49.66755611830371,0.3384672024695768,0.26048784821525195,1.0803060107197753,17.686946087317864
1455433082,1,27.875698732688733,0.33641082695978203,0.20724885236300233,1.0061835413376126,14.670153693449608
1455448064,0,400.15725498226044,0.405218927694047,0.2330967311786574,0.9463884140683329,19.15671816051366
1455477899,3,0.7298014281630856,0.35140352762837523,0.3071581014973128,1.0515127466885248,17.147383208518843
1455663460,0,229.01688364355886,0.36489335857737637,0.20719028320462965,0.9573181581011705,14.432445382705751
1455763004,2,98.23731043561729,0.37921516327391014,0.19612844149828426,0.9929667978439565,13.015813620548192
1455946712,0,160.08131096484087,0.36824736361909255,0.22548219370636208,0.9676776934845782,14.308379623593144
1456134582,4,40.82084580769735,0.3539045451966677,0.2635414080972093,1.087751156266254,20.4335489744643
1457502415,2,250.7860942791042,0.42577027672602136,0.2055923961484727,0.9747041179698303,17.58585541512597
1457793219,2,19.31357464484934,0.35915045368821874,0.2281466294327617,1.1361671675474483,17.417042696782545
1458472862,4,148.07765764877942,0.35566226748872204,0.26811009543804964,1.1880476395534572,20.352959156650126
1458806978,2,168.78314202694293,0.40173147330326625,0.2104951280810174,0.9535257847256227,12.722254323054948
1458835114,3,95.49300377958774,0.400016711359622,0.16901855616605868,0.9923953585243024,14.665961029478769
1458927340,3,52.40951145005307,0.36544172986608675,0.22369363165579584,1.1401945788090877,17.90647916748857
1458930812,4,19.30794316425896,0.3784521950914203,0.35114442835426096,1.0046311050654808,21.035472776409502
1459842972,4,116.51110067979809,0.28374597727907924,0.27939664386495583,1.327012660681992,17.20936901004364
1459846963,3,221.40464514134732,0.354140616059846,0.22433518737199962,1.3084276928867697,25.410201277071273
1460712253,1,16.04634549370293,0.34502713463689944,0.29081563351508155,0.9865456285731402,18.116084694976543
1460910986,0,196.18154548084055,0.3695992776428946,0.23157475755884718,0.9648433639436464,13.47012309795808
1461036801,1,-5.061048112327853,0.38218229275203486,0.29329905778492665,0.9400476056571314,15.131361232021556
1461767577,3,231.2672334455093,0.36476589197288745,0.28400455093216215,1.179714374036407,24.022152129123022
1461784308,3,190.7764269327909,0.40103269533936564,0.25853529536519093,1.082697811318926,19.544634425328415
1461861414,4,53.40558134818464,0.4065092847842533,0.3212686309580614,0.9755462509823285,17.127379707858378
1462340201,2,44.159915974421686,0.4123157796723065,0.19942594954909282,0.7928740798244835,10.629413219604785
1462614613,1,36.502138280989975,0.35030082503133775,0.24430565038792001,1.088851401944166,18.26452017448196
1462748332,1,354.71187099632124,0.4315450551062611,0.3906852261848818,1.0069966241475707,23.19688025316138
1462931199,4,-49.47535812031833,0.40351898159209026,0.2669375952523461,0.9234951394367548,15.464331570413549
1463007614,1,42.141933377334524,0.37966380015583007,0.3907493497958588,0.8964260806236829,21.16851661396133
1463085835,0,130.30980496427946,0.36165220680171956,0.19085521749419393,1.1946016832409205,18.820255442645056
1463095437,3,100.56013821192539,0.3584796569288398,0.26662021842621364,1.1754984912176425,19.885096056864864
1463175891,0,141.34488083652207,0.38047972344967546,0.17157893596105522,0.8186474567333478,16.255524478476577
1463811998,3,-22.226724871804848,0.3572532162930877,0.29619153099567785,0.9856420798600993,20.320277752950275
1464019841,3,208.0463360762779,0.3688478528973741,0.3041182646313242,1.1035507233222566,22.31947072302176
1464421877,2,71.60554221364426,0.3770529764911131,0.2589333255487779,0.9755748956842559,16.769319945702726
1464436894,2,371.2612180518235,0.40646834530409376,0.19477504440748522,1.0599070640018124,20.45294964207548
1464819967,0,220.9217255282884,0.36854111406350193,0.22991161478294955,0.9594518063848486,14.161695884361759
1465340291,2,93.82999075995984,0.3320762171081485,0.17341964128674586,1.2132515805158273,14.927522421137713
1465942783,1,53.07879306791996,0.3531478580177929,0.21006311141353678,1.018917339063421,13.545306678004854
1466879267,3,-129.59590865528466,0.33269806020022175,0.08235976635702622,1.5680786722876592,12.893876609683655
1467166248,3,-54.24498248353862,0.32157249940014837,0.07284321865280691,1.3555345947805748,12.916836553063606
1467252065,1,30.798622853158022,0.3695052355387906,0.2782110522842378,1.0199104783408586,13.66975595829173
1468461975,1,218.80200662701566,0.36200148864209475,0.2324191004032171,1.1941295076073761,19.989088796445884
1468518443,2,15.877964571319893,0.3783304396361251,0.22152047144521717,0.9017066037328548,11.052376730311327
1468882159,2,-47.43038880838516,0.4080900169886244,0.1353447351438056,1.291204538598822,16.56637932764549
1468958338,3,162.33895144677442,0.3350224951187879,0.27946884336206707,1.0814001220681777,18.19534165544785
1469078897,1,53.101658915797294,0.38476906022761015,0.26664872852445815,0.9271085057835418,17.578095200945324
1469251580,3,279.9949746915387,0.39879653186198255,0.24953722192762284,0.9187488282125633,17.48569945635508
1469266389,2,100.29395508966157,0.35061567961778267,0.22598029774486056,1.040263337053702,15.129324677048489
1469368089,4,6.77139869676634,0.3562000185824143,0.24219874264098867,1.1240798896910762,19.73856256622599
1469495249,0,44.96889217792059,0.3728827249430534,0.20828886127538027,1.1229442938013854,18.604303007785923
1469675356,1,22.242930910908157,0.38862002385984384,0.13748510033958516,1.2514829680904191,17.161107771463424
1469897580,1,41.843925492610786,0.3638665582286535,0.21613580288586756,1.0460419349069399,13.317271629875929
1470418130,4,192.38616726533292,0.38666178694670056,0.22286263463903058,1.059031709091049,17.872918957329087
1470645091,3,222.76479848020972,0.4091372230950317,0.24405688091534056,1.0685051099446132,21.45099291086984
1470768847,2,8.935533182962459,0.3635596414864298,0.23260801563613356,1.1574510798211621,13.691791563698988
1470774077,2,235.10200149771697,0.3699168459784639,0.15343018940482264,1.274882741112214,18.87742202788186
1471142716,3,78.70934659843007,0.4008526471933408,0.21146556571781658,1.0986970486859982,19.08324348486391
1472109489,2,90.39225028346155,0.34272794746878643,0.16169578480579455,1.2538487546782717,17.52185252121684
1472118288,1,-57.86898841091394,0.3302305885294835,0.1412635473383557,1.4994272760059573,13.50992032376686
1472271341,2,37.79852084089963,0.3709911524205633,0.2848273822826161,0.9692779469605844,20.659091195272808
1472751426,1,168.68622807469063,0.39046037267168715,0.21016205518371334,1.236378350841563,20.583865875849074
1473380579,2,288.84638676201433,0.416876717167047,0.15955805848798105,1.0455683209785298,19.490273042990992
1473395922,1,242.15841169070825,0.3822755424362665,0.22975737290436732,1.0650352640746779,18.338172002347772
1473570358,3,179.7151021079615,0.3694756601152431,0.29861069141456703,1.2269499252202027,23.1676304700641
1473690215,2,216.94843850855526,0.37458250991499137,0.2206258091304715,1.0553510742279455,19.031192271464285
1473745481,1,98.33728197217215,0.3886793221299201,0.1918300012645508,0.8518460484053557,16.0753683393011
1474070468,2,173.94502788394013,0.42704534653356674,0.20922988829389882,0.9472246427430601,15.6540044835017
1474131719,2,88.47279196639677,0.36628246779488244,0.2004609924968025,1.1236012318739648,17.679837819510876
1474494101,3,217.21666745273765,0.38127947834892256,0.27785476802056014,1.1744990842367018,22.80958324853679
1474888709,1,48.48687969676085,0.3551885440405793,0.20679763437270388,1.0697159740873718,12.54454236301192
1474909304,4,-0.09128834086030224,0.3763738238547976,0.31391764726104293,1.0232186166489767,17.13075239473364
1474978524,3,-16.449126598002792,0.3553788869604462,0.23341598910766478,0.99919746136877,15.212049625693385
1475222377,3,189.20089081519882,0.37489999064235047,0.30967160033715374,1.1809732718898016,23.399903305598762
1475370376,1,153.0185187708394,0.36601518216490425,0.2681849381863294,1.2346726376367656,21.55248038839912
1475746225,0,-33.51039110845265,0.3871266355688938,0.27957289008833763,0.9552310299083895,16.015523847081795
1476123993,1,-4.227107490796527,0.3396040973312328,0.24207653213282537,1.0936088473646948,14.670461429370732
1476310950,2,44.026028667745926,0.39309451358319647,0.3321174504714768,0.9439269842713708,14.566182113316975
1476461237,3,103.84564261467806,0.3870078781100279,0.26901607985502646,1.0947964558028467,19.61971219248742
1476641400,3,274.64216877119486,0.37338767932430766,0.2347652671627466,0.9677499186499322,15.469157852084656
1476707326,1,147.85052057695484,0.3637309723805001,0.28653191831461755,1.170540296557439,20.598979068184807
1476896117,1,97.14497126729302,0.36606272660492234,0.19515508308395763,1.0114822625186344,13.706592794528849
1476896274,3,294.75867710027194,0.38796935489213424,0.17820666245022282,1.133783202075229,22.941821269323096
1476946894,3,114.40460569921675,0.3488662366173675,0.286542436502064,1.1773343447724296,21.383570312492274
1477172876,1,-1.3727083658407935,0.4108060164605679,0.21101963276101715,0.7382903833546444,11.10988814797851
1477353024,1,137.80278754254553,0.37599259334408147,0.27182817852856217,1.1030375216179387,18.96312262977581
1477468420,3,23.00718645977385,0.3556122365003646,0.22220984754469683,1.2014152160503426,20.272112812711836
1477631774,2,171.4953476192237,0.36392823495258064,0.20219014176633954,1.1637844025757214,18.033460323433314
1477890619,2,183.84789368769918,0.3578725826898182,0.2559538701287921,1.1455829328666087,24.41006144672351
1478638391,4,19.48554643790574,0.35877446940736507,0.17326507487776222,1.0934462548852184,12.076498299245728
1479037928,0,309.7862327015282,0.41039825974864724,0.13155617622142668,1.3856769181140423,18.699240176167603
1479528015,2,168.3725108815235,0.3487260868013873,0.31282760604699966,1.1185179053822931,21.732745942280822
1479577775,2,179.5808415068367,0.3907082055369363,0.2597009359791417,1.0989378327084616,19.032799346385392
1479997464,0,34.16607444417289,0.3606588366902277,0.3320696774337113,0.9362824352698227,20.55552181403333
1480032186,0,161.68866721417004,0.37757905020959853,0.24490627365626436,0.9604082944665967,13.785825660765411
1480316431,3,177.21526946338363,0.3566123902851773,0.26464133845023186,1.015099475566958,16.03720654817208
1480445744,2,153.78630554431658,0.3362948481840087,0.31797413247032225,1.1564844480358005,21.91111649427166
1480784338,1,299.7755205940638,0.473031717651346,0.26870300704222994,1.0593189191749803,18.509508413619635
1480818126,0,108.71886234572995,0.39755336519955337,0.25012974000257765,0.9669510828609597,12.900009477019037
1480945963,1,-36.01290481780882,0.4177001120670434,0.20613829589063792,0.9649035812518891,13.644471916275407
1481083200,0,63.99983683042227,0.4106754984371576,0.1960457438068195,1.1913277291381426,22.83471646492301
1481177497,4,76.48702981256987,0.3466082730968364,0.20354358288047644,0.9903577712801157,13.803545587382825
1481191612,0,80.3231103574046,0.3633455881205106,0.2954491599456475,0.918748601361345,14.41181499761614
1481448213,1,68.64097453820868,0.35249303235810225,0.2713703540106989,1.0842230433841031,17.527895676415373
1481540874,1,19.509396951282653,0.3382796131082827,0.27707374248514455,1.012935609280334,19.083228109678267
1482021173,3,74.30724558182249,0.3244595986848186,0.23631859723104884,1.0523490888674916,16.636374202051122
1482072500,3,195.4718196154399,0.3797488978435892,0.2554980637365643,1.1285204474035877,23.377286941494525
1482083544,3,268.75625105302106,0.3826257803974764,0.2536531566238097,1.2591421046534903,24.28577253379467
1482120134,0,212.91208775018072,0.3511040864920569,0.27691862469006634,1.2289905301557527,23.967420088848947
1482727524,4,149.4929739757643,0.35784124767660813,0.2573444379463316,1.1869595583821602,19.899723505786774
1482787899,3,72.29542671079325,0.3638394395731348,0.2559795671892523,1.0267024727364604,20.800077867035704
1483068354,2,191.32298516096984,0.35587025471493333,0.21452474738085608,1.0546864152758186,16.371274000719694
1483153718,1,104.52448910235003,0.367338196500988,0.25359982214529175,0.930915607266668,15.29713982879603
1483304960,1,-59.67692709427743,0.3720863827619192,0.2649409614309668,0.9362883817086082,16.506537186172995
1483538338,3,270.67942229833704,0.3710710634388135,0.2786979653715644,0.9380625073124137,19.863391489111432
1483754768,3,239.35332139276184,0.37753577243340736,0.3072344488323833,1.0484899842494178,23.121572833710236
1484029097,1,-27.820415137631244,0.3241748222381483,0.14600340500177286,1.44543072624958,17.27614612138514
1484271204,0,201.65838465278614,0.3574866439135619,0.23730225658901544,0.9485335406383956,15.616623530421535
1484621104,4,150.5972597145472,0.3498305543272758,0.2814185213945849,1.164329786205519,22.959720325276813
1484839925,0,-45.844020247233644,0.3899588384235073,0.33530133139553225,0.8771908379165154,21.916558674395567
1484940598,0,74.79370208538731,0.3788606006384649,0.30365364695990754,0.966896761251313,17.24470764443048
1485740570,1,41.31746028526034,0.33807129610409214,0.2421018440845268,1.0116427527574172,16.223943009920795
1485822682,0,-41.33132654641743,0.37759034699018335,0.3140638141944731,0.9133349790678569,20.543799398127067
1485858652,3,56.85582353028068,0.3429371839845491,0.17333983882089554,1.070785807480628,11.287201107610388
1485862700,0,372.49619311326154,0.37939002750306766,0.23140210006524095,1.1371542637057126,25.214915548620063
1486120892,4,271.4215393866007,0.38684681530409604,0.14466087052970644,1.1717662358233467,16.9749355307547
1486334179,3,74.65153665070675,0.36771225288197856,0.2923656438347134,0.9980252167026973,13.47315974543239
1486442979,2,-95.02242123349812,0.33528454066142455,0.16189262699704024,1.5768568098307396,19.015386443080033
1487203237,2,53.85992468880157,0.3737154109218764,0.34596080674503,0.8977408260591078,15.564589108028928
1487747929,0,178.69709468794184,0.3770671534189591,0.16049596253577525,1.1511265422465207,16.903911417979568
1487920180,1,34.051502411601064,0.358689718253172,0.2265827673927036,1.0242424012632962,12.01657073813795
1488067118,1,223.68693525329275,0.4058288648003723,0.23397923337499504,1.049435924055727,18.680105931011674
1488760517,1,65.59862302421107,0.3399895545137858,0.231782020753892,1.1072718492142475,16.443213420904
1488918987,0,9.356378711311763,0.34666899479795177,0.21906461388669343,1.2816812322045854,18.85064013483754
1489195327,2,176.04659369107426,0.3489199847841902,0.30859296777067646,1.2010319831827785,23.368118641970504
1489614055,3,339.86160555574264,0.3944901920079992,0.30359993984550515,1.1126262312854183,24.63621650754134
1490448831,3,224.50189172615785,0.3534779647433662,0.1749428552501167,1.3078417592257296,23.75017668177137
1490582596,1,7.940036382955142,0.4125702966253232,0.34012543016735003,0.7923214197461471,12.131982903921259
1490863909,1,44.007504945519486,0.3744485182678488,0.24824066167854347,0.935187696494255,10.495854773195031
1490994278,3,125.52547715420295,0.3355208615433747,0.2843382668901552,1.19017025199498,21.358664656097595
1491147756,0,172.56465000955166,0.3627173896660038,0.23829191385066645,1.160859270293535,19.169308473567963
1491246883,3,92.56502010707027,0.3520730608067405,0.2322894361579818,1.1746335796399516,22.858451506413637
1491854107,1,12.657583309411422,0.3580166305023151,0.23567092900171696,0.9255798892078438,17.673751785517137
1492808796,3,132.93090714707117,0.3316051551568566,0.27233303683354865,1.0749605935151136,16.658130757031117
1493417341,4,123.75584149692436,0.3659546397456709,0.18464274131500497,1.134801288124877,19.29145169128828
1493656978,2,68.15537452778649,0.3784002775819541,0.18078259023450594,1.1270781160723482,18.99808273952663
1494135620,0,-4.753687866234401,0.3768116152619448,0.24826901038138302,1.0518014371289954,15.325611674074754
1494459100,4,38.50341006533637,0.36688587240195947,0.31468444945232804,0.93482793648872,16.60060982464202
1495114099,1,92.9816436346987,0.35203057640081203,0.25020795267255536,0.988564431740715,17.24353881092464
1495561124,0,166.2142751039904,0.3558387882980697,0.24581118465658186,1.256462660788407,19.719448022085558
1495657690,1,48.33708102273783,0.3438954149818612,0.31597401522580204,0.971864027987499,19.94045996752577
1495695702,3,374.62268628534014,0.4274715046618819,0.17613265861159483,1.0633456453067875,22.680837709763583
1496106807,2,-63.495007335180006,0.3991328143734211,0.21337916799604412,0.9529913350231606,16.2697996437092
1496171453,3,13.913324121115352,0.35080638092651745,0.23183816954122938,1.020382600289486,14.906596589882326
1496884432,0,57.70800317980184,0.33239003074206086,0.22791509853848196,1.079382347233983,15.943258833290555
1497450918,0,105.47499429002255,0.36103449092120454,0.18037822668734715,1.1599313292880684,20.29109704705561
1497637197,2,263.27410447459846,0.3594600583327702,0.20664448833556115,1.2114249266635453,18.803027189719913
1497639710,4,12.216954355917665,0.3670674511585057,0.20764765906194582,1.067466873690762,11.070671071646402
1498294171,4,1.2587605463447034,0.39220289951760234,0.27158458966606847,0.8966253381317072,11.91713776308702
1498407701,3,65.11976796960408,0.35874305941008205,0.32781769250283777,1.0808793047133034,22.2301936217558
1498502031,1,223.0634699139389,0.3660052622657771,0.1980840544933835,1.2080025852532073,20.585643207801688
1498613996,3,32.481830531357815,0.4125470622100267,0.31519182070003926,0.8270262951327445,19.83932928407671
1498770138,3,20.297763841688948,0.31839444236714104,0.22571374231579738,1.1365475436893984,12.722622605825656
1498889771,4,-37.494970018427296,0.3988802023908115,0.3247345903661991,0.8662772434790589,12.263701465697757
1499027687,1,164.4303509928877,0.3548812263553523,0.25987392279142685,1.0747304736473753,16.856582871248452
1499293987,3,179.84756158147923,0.37236136907429174,0.27447402810477795,1.1552534705983668,21.723430878973524
1500693468,4,188.76212092687308,0.3982745633704769,0.23415569503571262,1.0998873234257334,15.76971041734874
1500711821,2,-30.00440124460532,0.3445769019528269,0.2511995342393325,1.1026848670793308,19.27786225403365
1500837944,3,239.74391815552832,0.3942313345462033,0.23177841457853834,1.1275853650676426,19.8545731309702
1501114922,4,172.59882533830745,0.3625255857058738,0.23967939268504715,1.1786763496434929,20.463852788577576
1501485804,4,146.3360817721568,0.3569006604006416,0.25330885198637254,0.9856224780156407,16.062990327394886
1501914019,1,57.05739453866584,0.3746191703671183,0.17656950671179733,0.9133916009354014,11.490112125454704
1502018022,1,107.7392099993116,0.3617109575672393,0.1362412450719998,1.2405973569215505,13.386927259688816
1502215930,1,70.80597362588969,0.4035888366277317,0.32533479683085975,0.9512882519741923,13.645925948023397
1502259897,4,157.2999148593551,0.3900044465169193,0.2113272207241105,1.0917701255879149,19.161877618358243
1502465383,4,179.74857522538179,0.36972263665435035,0.22085825543262974,0.9811456314463272,16.248998550035918
1502724295,2,54.40839706029457,0.36418628468787184,0.3414028857790174,1.0418846678221136,23.19235774119494
1502897533,1,69.73669515222545,0.36481048467256916,0.22825129284825266,1.0490529698959188,14.859419749726621
1503069300,3,26.816907998357905,0.3488441844055702,0.2548513616088503,1.073143966017324,16.81738124140343
1503134682,0,100.96708505294063,0.3581956136326767,0.22092720448997816,1.0220884642302477,12.616519442022026
1504210048,4,-60.928080664851564,0.3807479432458477,0.34370679165313156,0.9013114568520759,20.536733129455513
1504320453,2,196.9672830946154,0.3516434594002544,0.27295643463945374,1.2250109690844533,21.610738062267444
1504459006,2,-14.627466284019178,0.37881108275333936,0.36030178568621396,0.9037132711565758,21.704118335877176
1504692554,0,159.24059989085282,0.34786236190549114,0.21545431904300053,0.9771570507462948,14.569504861206283
1504708152,1,17.216322404590443,0.3721899037755832,0.30664930856045564,0.9475364375391718,16.419924167090677
1504763552,2,51.6330813531658,0.39253021839142727,0.37307165527831704,0.9224629554692343,12.965491756278169
1505007551,0,100.4190654588883,0.3564952206425871,0.23181962636309333,1.0978723389138092,20.34203487043552
1505164160,4,202.19471199040575,0.3585585710067477,0.27127321007198757,1.0549360906712344,20.09754548052502
1505192900,0,183.5226681521917,0.35156867510291767,0.23598811172292813,1.245842091418432,22.313124651767996
1506883443,2,245.37900438123563,0.40740458306580024,0.23186640315530274,1.1058404807246187,18.638452856392252
1506970146,1,60.28529775851313,0.37206197787961287,0.21982728061468954,0.9245306298079091,12.212428405005852
1507536890,0,77.87959406925259,0.36512198066775736,0.27759659478073423,1.015405673773034,23.105790595496416
1507569319,4,130.1597475784103,0.3540067556568137,0.2556024890454633,1.1028120877198033,20.648015751206657
1507772517,4,282.0889043575372,0.3808045604228865,0.20812820251025826,1.080914107596846,16.312258368921956
1508066220,3,15.351850707108255,0.3884930544970322,0.22767321180531672,0.9318433433008773,11.500388207095316
1508126626,4,161.7945841314453,0.3716692746264228,0.3213113760581661,1.0873307684465163,22.50094561558965
1508181683,1,129.05552569825676,0.377900973096157,0.25614185331869177,0.9182051047692132,15.038782143189788
1508221747,2,192.68529689914917,0.3486283185176845,0.24291556916589435,1.1620024231015902,22.029915795858738
1508323114,2,-21.37362592731182,0.36172320093036797,0.24473014523867465,1.0087336471164647,14.284049511297633
1508373353,2,197.69609284817977,0.3769541728872703,0.1813198232191115,1.1000010739556723,18.17739172507803
1508770794,1,207.7319815673817,0.40086019660632094,0.23944335359488503,1.0861282977407578,19.036497577229895
1509674504,0,73.09891532990056,0.3339356259506195,0.24474627344364294,1.1613211268097112,27.03573999478347
1509700944,1,186.4440090992565,0.36534993764963875,0.20988056518750015,1.2288532824273948,18.645017073034605
1509770012,2,259.4753848906762,0.3985113569605853,0.190395209328882,1.1928447364044246,18.374686148370785
1509773761,0,64.99693847023228,0.3711254969290447,0.22469735899659618,0.9485304563650397,9.86553590145601
1509897801,4,69.94598381120737,0.3122458082894595,0.3492172496815455,0.9608525469240918,15.59545916098776
1510154304,2,214.08377982168872,0.37746966461148473,0.2098171505750995,0.9848871455899749,17.430228775760174
1510186873,0,119.43035690535142,0.3868117033249941,0.24752597749379604,1.041214332331375,19.129454304849375
1510690030,0,139.1509481826655,0.3712234713309753,0.19947485968087406,1.1275156245760112,16.491449154604737
1510766002,3,167.15328037598522,0.34200171152946635,0.297824176661291,1.0600320561321925,20.04812561525406
1510829152,0,59.51933325805298,0.34999644665031304,0.23274720490609982,1.0716299786719738,13.054896226301258
1510840632,3,-47.65512200567363,0.3530813066039875,0.21136270155082554,1.18407070276656,15.39651249109713
1510846055,3,30.25174751221907,0.42017279807397784,0.21936755493712473,0.7889739091317234,11.889087097407032
1511018789,4,22.36498812357722,0.3884657453933471,0.26308477446921363,0.9309399940034785,20.791146984534485
1511476999,4,142.3768073943418,0.3707770143638675,0.1725031007340131,1.1098278512211683,16.130477341110005
1511530438,1,57.244357635183455,0.3490684111609583,0.23202809565186994,0.9937301320988666,12.78510010597551
1511995434,4,235.95302613642565,0.39292685829331386,0.2358331789858346,1.0115274424023242,15.638388052816897
1512069165,3,-28.78463472155576,0.36087849654553644,0.25853241785917014,1.095666621922812,20.999149341782314
1512407115,3,234.82325416850998,0.36419187331709724,0.2646426670945935,0.9942683559947493,18.382341762411173
1512415132,3,130.04221491315002,0.35173335972437164,0.2774764427113434,1.0579132837540492,16.92434151632694
1512714339,1,27.72648044361327,0.36356300799914537,0.21802858249812543,1.0546437718071648,13.193315764681753
1513366860,1,77.67399682577089,0.3418314792777593,0.23622596385374817,1.108324388018136,16.496178780049796
1513913960,4,5.911970198353259,0.3493233801902125,0.22360603339234308,1.05029624303696,12.547372434152061
1514104618,1,41.9990597509813,0.3726941308003743,0.36865854947281307,0.9143553578112865,20.808679390351184
1514204622,0,29.643175640844262,0.33910834582362465,0.27488323083793476,1.0796583380883302,16.28307966012622
1514327735,0,134.7045843604538,0.42049544620257323,0.17679717138603204,0.8356836449938576,10.869643149676298
1514376697,2,66.93244692590888,0.34303243915569387,0.2625627365634392,0.9521190118348815,16.279811095076266
1514418516,0,46.65756047471673,0.29936778548763915,0.2366643041202149,1.1239637473030486,15.059101259038169
1514514964,2,227.7997702261813,0.4083745390979731,0.22186932531832512,1.1050632718837294,22.822370595871828
1514572566,2,266.31882587160567,0.38420974035150607,0.2340371095303326,1.1799888470064575,21.645664154364667
1514643124,1,79.9665256127539,0.39033962981811,0.180525050835891,0.8119454787920357,11.799433965150019
1514751058,1,153.21380511512774,0.34864780041813725,0.28653582327810656,1.0813142208928144,20.93251401796863
1515428777,0,67.67142493009143,0.35561552998396023,0.2644548110129464,0.9615035459471974,16.406917941737923
1515861742,1,139.51653238703275,0.3573905528068175,0.2354198863627908,1.1563972499151651,18.13722140155543
1515864887,1,56.453995349345654,0.35516754772511594,0.3075350754309791,0.9601497348008874,18.36136333087741
1515872647,2,11.030106724403382,0.3371633804904604,0.20201114080676014,1.137625271209157,14.182363927981203
1515877635,2,25.377469558294962,0.3753860796922737,0.17586840117028832,0.8497796133489661,12.013267133452993
1515920130,3,75.76453531114483,0.3554953961171299,0.32107583469980655,1.0650820627387318,20.155786989252803
1516275191,4,50.24824913209462,0.352634383791554,0.2600386562607832,1.1037594605712708,16.69228895681593
1516593013,2,234.94103696429028,0.3508062000367001,0.1832548851321061,1.2449151324374559,21.88407841282899
1516837155,3,-44.28415034085941,0.33271071114187883,0.12209944847692825,1.4117128549410762,15.654852318064812
1517122573,0,15.07499727718914,0.3434540915559651,0.2836117547921322,1.0445117715035612,19.51326716935215
1517401237,0,68.33504920104241,0.375186955129328,0.24350492551193023,0.9488069798449063,11.068149469857932
1517587457,3,-9.130655497837367,0.36417357891833685,0.16169578915590702,1.101623759136277,14.667706475776122
1517792443,3,281.260104644153,0.3724561281221348,0.3010517507753805,1.167893185043809,25.111804927791347
1518669456,3,17.13346904417982,0.3779490944849413,0.33789036228903013,0.9092052136091644,20.011827537632488
1518803212,0,153.1229631318299,0.36242199300603645,0.1984805122238016,1.241599023118883,19.149757570106278
1519364280,1,-50.47599218657305,0.40492958930975453,0.2090727840074859,0.9244527131094027,16.00079562466156
1519582452,4,167.91464657245498,0.3817275677369685,0.236509681684276,0.9582626163170236,14.940345186338691
1520136246,0,151.36952005098095,0.3812044210605037,0.24268505488619962,1.053189219757201,19.498645313610545
1520266361,0,376.12118755545447,0.43476032063282194,0.33236806443898753,1.0644204009317915,22.860789311411835
1521487084,4,103.6984317981656,0.377929812725943,0.23909202399627627,1.0704740205215073,20.802533726819853
1522414034,1,40.567813982079215,0.3796712385445873,0.23899742515346775,0.9624237039161779,11.934521023622475
1522625717,4,6.599865007069738,0.40244182904805764,0.279012855614558,0.8302425955312716,13.845913666946412
1523167762,4,60.64967508813072,0.33945073214010146,0.20110597616332418,0.9704236824796003,11.959300743998945
1523200168,1,57.96055266047769,0.37546732218122614,0.27147373548522824,0.9722083631987322,18.492148366779052
1523230328,3,261.7564710987748,0.3929069047517143,0.19151534134032433,1.0095416465931641,17.274832444141936
1523654682,3,170.37718026621826,0.3767092143970811,0.21409402065625716,1.0919839968487437,14.229387267785132
1523715614,3,83.4215781707705,0.3516816223109647,0.32970133784019945,1.025452374501461,20.563668835039227
1523905334,4,196.57058891260914,0.3935320838522049,0.2196843164780434,0.9497521975950175,16.83951900647157
1524051176,2,26.301994931039687,0.325004803068064,0.25301721072111,1.0716221989730037,17.618021845634363
1524213012,3,-15.231595197183736,0.39197874536158617,0.20836272268103553,1.0642687744290156,14.278914339585416
1524317479,4,-6.799653941783404,0.33792659288433224,0.20414640292892539,1.0612166975073272,12.64441311715007
1524856753,3,117.13645789876944,0.342026105799869,0.2685434174595083,1.1426463273553675,17.72654799882315
1524880405,1,240.035812031796,0.36077616348512515,0.22866797192325936,1.1361452996149781,19.167292989320533
1525026548,1,199.07383189603627,0.37854060784088184,0.2352357581397728,1.0546238485465862,17.70459958103376
1525361018,3,68.6509270683445,0.3409663512311649,0.25089078954873006,1.09250987735528,19.460784128258474
1525755711,1,84.0282128161495,0.3517035154400113,0.19301292395780525,1.0950265548513043,13.644027105436445
1526653040,0,154.2546708628332,0.35216165397190313,0.18130267409545242,1.1689667555661045,23.68733475355563
1526713439,4,12.615605665089177,0.38019474840772927,0.24511786002352356,1.1362449038985416,19.915970946593653
1527011099,3,190.39291249244206,0.3707380688247431,0.23832622090295655,1.1505103588392043,19.973795934351504
1527133418,3,96.12198395655561,0.3398393237675111,0.32161168611320656,1.1292300628982634,22.83336624574067
1527614677,1,-24.157869544893302,0.3561521685699045,0.2944096358914378,1.0181326689387926,18.532783297776483
1527753234,1,201.67764322459766,0.3656909857340196,0.21624895217765605,1.246960458463882,22.23330693011958
1527864576,2,261.380875631412,0.4112534569487807,0.21881003035318702,1.063399723000657,21.00250714380705
1528273395,4,219.048380693288,0.3672776910688608,0.20103121912539507,1.2266861371599032,22.17098123052014
1528295982,3,94.66249039724748,0.37109777412167116,0.1594832806489992,1.0974711831124315,12.127423299203665
1528389333,0,52.68333158476982,0.36069599684624837,0.31916690297935796,0.9459495512848456,20.56444512343697
1528618359,4,176.15334970452764,0.36262254939263805,0.2582697013062831,0.9989064070766434,20.354856667985235
1528836681,0,23.41804338190302,0.3605082411641767,0.2630609975686515,1.0117873999808809,22.077403786359433
1529298649,2,126.71741729066679,0.4339641821728192,0.16553427175067664,0.943731755448295,14.377713927119107
1529319759,1,126.43701678042665,0.35844465418700483,0.2537454703199399,1.1227142362547282,17.8842930568433
1529607957,0,137.797595093744,0.357079634667301,0.23752203727246943,1.189341027693466,19.540308522722107
1529815158,1,126.56672292328201,0.3522950713600593,0.24353734544112693,1.0327621120150472,17.01420380380149
1530164061,1,14.025913371412486,0.38177393951216887,0.18891667675176432,1.2153164671052417,12.414366791685211
1530902893,2,213.52335413469206,0.37010248089643466,0.22784968583793178,1.159455231513368,20.48689405068822
1531080761,4,0.3231451807360486,0.36982539970484335,0.3314702578917344,1.0060352162633184,20.874331928145207
1531336843,4,266.09149994565695,0.3819949516824043,0.24245791662672436,1.1363261107951834,22.641414473086847
1531370497,2,50.48093433412747,0.40153571443335445,0.29625798756521315,0.8098337629710622,10.679728119604913
1531901492,4,4.601677733099137,0.3267310479048615,0.24216813464151546,1.0932181631718547,18.691855549755108
1532003406,1,68.15888239821291,0.3501818055463485,0.2582081103930941,1.157134340031759,20.051803574990757
1532503851,1,17.838884190105475,0.3204308162657467,0.2781989615004711,1.0588688782837545,17.721055397614542
1532559190,1,-41.98844271339402,0.3819545799539208,0.15611972673097202,1.3159546040605208,15.572446063431736
1532694125,3,66.57981546173573,0.4465953190483023,0.18621371000159537,0.8782414748231407,15.340102840305395
1533215185,3,24.05125441285182,0.39103746209740253,0.2566671886938064,0.9831422150613327,13.85819476144775
1533241544,2,224.05286529783245,0.43563648504591374,0.23190726032500045,1.0797680212327796,20.95824196577983
1533331471,2,235.3617801059741,0.3963108956023246,0.23886570456320577,1.0674722178262197,19.342790977982702
1533352868,4,27.663417844268736,0.3416196008405327,0.19387536678356182,1.2517161802538812,20.953963223689367
1533947375,2,96.18060304786043,0.35642398067746317,0.24214587172882698,1.1714700250238557,16.130792572843607
1534103449,3,44.07958114639368,0.3853096821907091,0.37415373952858366,0.8864048325255814,15.683165422588626
1534344479,4,59.317585828061894,0.34025945225630344,0.2774139198717677,1.1223497335928305,15.832760812373456
1534350557,4,69.61538884446236,0.35963467070697785,0.3030296123615921,1.071607477888724,24.248726005520666
1535224949,4,182.59717721264542,0.4027160429578458,0.16802136513607405,1.1029840645551507,18.91592303623866
1535521231,0,104.22256864575384,0.3447725688066195,0.21317283828925476,1.134556752270181,13.944768309012723
1535630026,3,-41.21174533600043,0.38730617674287243,0.24836322616415496,1.0110349935972625,15.746984544568726
1535916456,1,191.87349049786923,0.3991623696747098,0.207087342640415,1.1000804513367617,20.786259722614002
1536018562,3,128.28872876337968,0.36221020941202464,0.24170897080207232,1.2532021055994305,22.52085321211017
1536084197,0,-37.549283993137564,0.38295976448631464,0.33872840669621807,0.8957637953109496,21.388114896176862
1536340511,0,210.76550493085512,0.3636424662961049,0.23663502553625482,0.9302752493172163,15.29151451037146
1536369221,2,52.57298835403102,0.3199818277416739,0.12555547501281503,1.3977349353985553,12.84204589381675
1536452950,2,142.74502631805532,0.38210049293853754,0.213406764646225,1.0632045255123157,21.090722714862206
1536569579,0,77.18955456114436,0.309717320450969,0.16014168360126452,1.2931762983573794,18.065414750751398
1536803717,4,6.213812290596536,0.3417740836434341,0.2038048547359239,1.0068991230591244,14.496546445340991
1537088176,1,81.58750449724151,0.3701272632303589,0.2598592605864983,0.9514390340312442,17.38032162539014
1537297732,1,73.70387029431615,0.39074670632615555,0.15970308781139403,1.1292976485072903,15.166773936318458
1537341767,2,184.384934959458,0.359620057872511,0.23987505592326402,1.197150110974368,19.779778856834202
1537875008,2,252.78596365164105,0.36568364277163234,0.2089902250061343,0.9701247771044176,13.737648495253545
1538292595,0,132.8269671440404,0.3592726333947907,0.17559146321342373,1.1115888085656829,12.878100049237524
1538729127,3,64.1680341246864,0.45637534544560826,0.19230457344158658,0.8771526710269482,13.02651940235376
1539719616,3,27.58881432751305,0.38015435913272183,0.2902079894546393,0.887306056122235,14.96560533709939
1540110087,4,203.36973297114113,0.36829965981247303,0.22239963506156468,1.1460641302081327,16.750223779875647
1541215652,4,122.80077337358624,0.3861086313612508,0.15935654699387966,0.8741240792029062,10.000248093467384
1541292142,0,225.7918608351457,0.40296120178170153,0.27089844262979723,1.1226880059623716,18.276609091516583
1541529952,4,280.1187355254689,0.4297249075789086,0.19593208824116268,1.0305138359277062,15.552956651117453
1541871733,0,181.94207399514704,0.3640247938413501,0.24488121156319373,0.9558343790130945,15.886457936255052
1542132482,2,225.75606185709648,0.3603716169307571,0.22463877786272482,1.0925969269482323,19.131941021194358
1542525425,3,239.74544152299174,0.36756811187292715,0.3051500667531164,1.168563956943691,24.7825897558928
1542527766,1,174.1206823170586,0.36452344815749027,0.26048631111863546,1.0078445605420885,18.226904851012254
1542725530,4,202.53742347734982,0.3622446233900561,0.3006442862723916,1.022580994239319,18.118983204442006
1543008224,3,41.11669156299389,0.35207951320427894,0.15913544942956104,1.1203399428421688,11.75117087941572
1543532086,0,53.90192734708708,0.37908467674203467,0.1604150996104955,1.031368840442833,14.046790724366677
1543949166,1,103.73557777888115,0.40723304165832686,0.27663391216884337,0.9500973434809046,16.494107023734312
1543966603,2,273.67452661232204,0.39430042041986135,0.18735600314109102,1.1359643243839683,18.41520204205701
1544175741,2,289.2551257230221,0.3831660766964093,0.1620748280335652,1.0853149316873838,17.13914151550907
1544534408,0,10.94871662678888,0.44682016596291724,0.1931817886727352,0.9209573622298817,12.070391844811391
1544660750,0,48.91752711180853,0.3576549858291893,0.1983731218447285,1.1752068640258364,15.47047006529159
1544969349,2,222.28000379850948,0.377781895652582,0.1989657806248431,1.0157128279826464,16.847662758825788
1545578155,1,194.872359307784,0.37751206654399155,0.20392183969599778,1.1601005080142266,21.428500221078075
1545962534,1,154.00839168004413,0.3572163767522278,0.2560609722018698,1.0420062845334899,16.445656911016837
1546473891,0,86.29529481608844,0.34413056198155323,0.24908058336948674,1.207571833060522,18.838441204700953
1546892007,4,206.08024221738037,0.3710444489016319,0.23644275883668822,1.0992501791681788,18.819126099733477
1546988712,4,365.97514879704636,0.4101775182005389,0.161386116712452,1.1095307125894196,18.400464640147646
1547038341,3,58.08464655835042,0.36091125624241616,0.3471682424901613,0.941543254438221,20.188913647376438
1547095755,0,76.5039986898117,0.35796282041297534,0.2073732268537884,1.0297291796194477,10.921248756339537
1547207194,0,122.0389507542073,0.36045396789037426,0.2121030260563499,1.1362473304416576,22.827547192239585
1547263064,0,149.07217525330157,0.40913131129544644,0.2713907010231207,0.9861822817874047,17.638281933345542
1548438831,0,-41.2132971713542,0.38182665583239594,0.3303182772568445,0.899756323172437,20.814133881322082
1548803977,2,-60.12329748217583,0.32704974231004685,0.1095240099391033,1.5498697610706116,13.566637505117576
1549041363,0,223.93599192837138,0.3969961558862193,0.15801388613212244,1.0116797497572263,15.680437672134069
1549091300,1,229.56143340573382,0.36104474442493717,0.22503563654312442,1.1661385254162493,21.548084160954488
1549258915,3,3.011845976963727,0.36086481541106297,0.22724970591455312,1.0696127744157247,21.12098197016309
1549335676,1,178.95069861295593,0.3637990507045937,0.2502393032554694,1.2017385358152393,21.952119853839466
1549802812,0,58.439798456099226,0.3869594589808545,0.2627568773070131,0.9251726349093082,11.196559551717154
1549944889,3,117.5032887928195,0.35966437605957086,0.2227686762974538,1.1562363483900335,18.597201459850492
1550023737,3,131.51850497678845,0.3630730076321001,0.2788382504633283,1.137057825861004,18.73968248746329
1550446062,3,79.07359010629504,0.34454461687398297,0.14769030002768158,1.0536757868454156,12.2177102109546
1550628326,2,194.312914594315,0.3887283310115653,0.13481558797235177,1.460731323504559,22.239987147272753
1550853194,4,243.0990747420293,0.36625193482434304,0.26445704516898616,1.1734670711082198,20.36435064271383
1551100568,3,209.7139891553524,0.3955874403790525,0.2882446654950885,1.1302731243380337,21.232493975119237
1551636938,4,207.18883425479746,0.35696508536962385,0.20984501013057183,1.2831194557037549,21.28196814925959
1551667752,1,43.30495885941825,0.36798811880850507,0.3577859196072626,0.9260341571802411,20.648580255237242
1551816010,4,228.58664775096724,0.3907978929835927,0.23026496657746226,1.113292672962266,21.278355622532484
1551966818,3,125.20713845404559,0.31776808165735,0.20611350595260858,1.1351635459719203,16.569516973040706
1552546218,4,210.04198519463782,0.3632453235112787,0.2761852822465541,1.0547734049015252,21.199683128304123
1553018997,1,50.20223708806261,0.3338150021468525,0.19856969241116657,1.131992392918981,13.45220413774381
1553515923,1,3.1805170723363716,0.33938002607061346,0.23178380286673084,1.0729380061030407,16.18969987961161
1553955153,1,-1.9435631287546613,0.4050106894209376,0.3176012924762974,0.8250106594058007,15.407605419531317
1553956004,2,224.78632751916166,0.37322617061378477,0.21138352402435295,1.1720384191962094,18.255686554381512
1553967571,3,31.369404804077575,0.34684275709894274,0.22041391542425764,1.085234580795087,12.299339030918818
1554515864,1,139.9116723094298,0.34959385606463866,0.28978339806250103,1.0648445517482494,19.633630870708842
1554954449,0,205.39764731112666,0.35855080655638355,0.21987485685822647,0.9828422219934211,14.893739074099175
1555593891,2,-21.54834440334359,0.43383686737616683,0.19993566080170683,1.3003741203407493,24.30504861382176
1556257502,1,20.93230298420525,0.3592459995208616,0.26521311020825217,1.0316439719086827,17.034310161639144
1556355257,1,155.88313398992898,0.3645331043742036,0.2863018364596271,1.1794960313931946,24.368713519501828
1556370617,1,17.806435395309848,0.34321316459618034,0.25415308367335626,1.0732429994863326,15.225535250325626
1556403536,4,211.73893215814275,0.36263911052969966,0.24101472158713608,1.1635747796478901,18.871872310594085
1557378931,1,67.63265132342654,0.3368113925742829,0.25476330892392307,1.2021835474055094,21.762257439752574
1558106067,0,153.3600016244012,0.3701716102390858,0.23266225042299402,1.1488693331001294,22.12978055004275
1558371855,4,-4.523650551269981,0.34107032341874965,0.24358712782017572,1.112218892486899,19.923524436936315
1558525027,1,50.42948087852623,0.3661156214726209,0.20602872975440545,1.0247432552845996,13.691029603259654
1558867907,1,63.94385650237831,0.3435730731026621,0.2539240605394225,1.1347810852014621,17.341453308834318
1558987909,0,35.697691342155785,0.37182969382106257,0.3556749937242307,0.9141557673797083,20.989620473453513
1559096063,0,71.73846075211733,0.3772248112243093,0.21618667145505366,0.9931877989238427,16.338039488876383
1559539391,0,-61.04391549785676,0.31296518607208046,0.11636911522494559,1.6059566295413186,17.61745267819287
1559560345,4,22.098269380674665,0.3649026983184572,0.15264829377599584,1.1250269642458186,14.428002336432456
1560086845,2,20.415070125255454,0.36364071825816013,0.19581513363037828,0.9368393673193847,14.779585171449044
1560341376,2,118.9841681126314,0.3403368025502529,0.17688768989303533,1.212385237785385,15.962303936799774
1560496789,1,141.6640094552883,0.3728662640840512,0.24974555726512337,0.9867871463159945,16.426443315019572
1560564433,2,249.30446641062343,0.3873984206099341,0.21197568809565753,1.0059685448340152,15.301229391940161
1560692719,3,15.092149961778631,0.35787429389592096,0.31453179342385057,1.0108216648356427,16.557233152999032
1561264127,3,70.53232096319202,0.4131478810928602,0.1808589061953954,1.0251165970707214,18.851777014260062
1561282165,3,302.0628900154948,0.3816973028212126,0.2525116362384728,1.123849707394725,24.431188952274212
1561451639,4,193.4458532094712,0.3458145038859982,0.3224251224955811,1.0426524201680007,21.475458496283878
1561539918,2,80.64830847196482,0.37733821480893964,0.26972244249715005,0.9613047443940801,17.572373006464286
1561870991,2,99.0619026997397,0.3559611764399956,0.19562264739671398,1.0526063037115843,10.537913298866863
1561932824,4,-45.958066575046274,0.37764050398433924,0.2531441578270921,1.0793493482591332,20.794853828736777
1561944332,4,206.69662205614225,0.3934975415037566,0.2362397638191734,0.9473205463008914,18.278407083993812
1562058837,0,29.354934098489267,0.4080975537602169,0.3743327264549768,0.8932253433748583,16.24561407426722
1562112815,3,78.28405814833084,0.35662217146608605,0.2674351505534202,1.0536679224311507,22.40140153248043
1562477562,3,21.355969713857135,0.39697260895101644,0.2834656244844987,0.8941552823803864,17.76848718722058
1562707517,1,43.00600784915472,0.3715093043664797,0.36601234717852715,0.9176188672344875,20.782278269671757
1562741783,4,163.0227948563923,0.3671577743840793,0.2621822125780591,0.9496736819489747,15.95160508655646
1562941493,2,4.0634567319814465,0.3638657986493721,0.23980911721402823,1.0462078808085833,16.106430825500464
1563279330,4,113.43705700295624,0.3899755635310147,0.24543257799009605,1.0477367650161324,17.55155043813052
1563303704,3,224.20845640923727,0.37221176812481627,0.25699120908478285,0.9805457839114664,18.41274468721725
1563844313,3,71.38746963613978,0.3325171913773879,0.25888939977464487,1.051411705494408,17.51312248657944
1564078436,0,134.98262408802267,0.3669294893538077,0.26426348643745184,1.1005952609502914,18.602949751595855
1564080444,0,398.3384058739043,0.4192496438321544,0.2924052907891917,0.9016686882616941,20.112295032538583
1564406631,2,208.14384672428645,0.36339353983253014,0.17050452637703223,1.2563346376208873,18.268208311653797
1564555962,4,6.677048373122815,0.35870236661638677,0.2948367988289215,1.0571873185073102,21.58937503119563
1564587390,4,127.79689348877179,0.35799477620351955,0.20545708655062614,1.2409988877867644,19.577637141307388
1565016562,4,26.376471923675865,0.3523947349095338,0.29807867467228827,1.0118162287257753,19.837212506263644
1565300761,1,-81.87902564066675,0.3423974742370312,0.15409170936309047,1.6142666778392896,18.673304339122343
1565790126,0,2.457999006466622,0.35308090306834705,0.27968050951136025,1.0659216699555238,23.46967499363807
1566134688,2,149.53831423904165,0.4037047271580273,0.20209289260525026,0.9995183882848929,18.29808085094398
1566591359,3,-51.417692648690775,0.39100940433963444,0.3113269991208754,0.8858922275679042,17.94468242795588
1567869573,0,46.680778398023044,0.3944487659015803,0.22659817130896204,1.0720701255371392,20.40539578464853
1567960062,3,155.0360748188002,0.33610485307418,0.22200134847671701,1.2509331872856668,17.747992166863376
1568651103,2,14.545392003911445,0.39962006919743454,0.30836749077719733,0.862429069518195,12.257760363823788
1568726838,1,10.47720237179908,0.33858743271144875,0.23103097241947018,1.0730506077877182,17.556670213799688
1569031119,3,62.03990314117977,0.3841921255460775,0.18864763165266896,1.1203393512711841,19.315640559936206
1569186084,3,6.015017939472642,0.35121247684919943,0.2935201750583822,1.0098396243779064,19.458635499495713
1569573588,4,-4.737444851604792,0.335108247783172,0.26644126821466946,1.0649817461286197,19.105024830208936
1569767963,3,-49.70711134175491,0.43368440366984085,0.21181016708355796,1.054087328860043,23.180115351532343
1570146193,3,207.42673976771843,0.31175410983946655,0.230358981965722,1.2658332596647435,17.809170470185357
1570200324,3,32.85396648578484,0.41405896101626244,0.26077222797236776,0.9075115197817063,14.859561991023583
1570351096,2,41.301584914996255,0.36705435372258083,0.22255515853152738,1.1015042548706857,11.06685126886234
1570401711,2,133.79147757204737,0.3835149661378945,0.1962087966076727,1.0187427221980379,13.12888801371029
1570549360,4,40.439995591752876,0.4100634237768762,0.1709474513042033,1.0381608918067577,13.51614600915503
1570654852,3,108.45180513389137,0.3695886963919663,0.14727771157627323,1.0000690118083368,14.648084046116061
1570972826,4,194.09693579740667,0.35320502949389104,0.16852239965406185,1.1562406107129766,16.402121976900336
1571736697,3,16.254158627418263,0.362227484050301,0.2708317447799726,1.1199405280327246,17.294207984145125
1571763607,1,153.72567825774541,0.36409174388749416,0.26811130095931757,0.9950840250953356,18.60523954291768
1572134392,1,15.042404844803244,0.3526524404425628,0.14035749845525095,1.2769997281545347,15.062364080623745
1572433772,3,75.47781984872564,0.35240311024299353,0.19032161410699977,1.2270857081603013,18.499170106985105
1572814745,2,162.5775163972442,0.36021121401953315,0.23879401855858617,1.019588764497126,15.126112198631048
1573303082,3,118.87963626277588,0.388030481404627,0.18225335949342292,1.0370215151065652,17.993393598314995
1573438487,2,-8.921234916512802,0.378336669484587,0.3593538779440299,0.907622332961468,21.62814929414803
1573472944,3,122.55024194698514,0.3465908197509175,0.15644501867035032,0.9785857722214056,12.153509628560451
1573776034,3,111.34963256151576,0.38382229588797556,0.1421240288912614,1.1558810230180843,13.942764535243082
1573828532,0,88.17792499321571,0.34061918721941037,0.22602584513725188,0.9930125465480394,14.644186443394132
1573986676,2,-28.681825379070588,0.38380673279908045,0.2142875216098954,1.010408591615048,13.568071587574478
1574150308,2,78.64453265419105,0.34778387017791956,0.2975237116449129,1.114942791268665,23.5414024912296
1574744073,3,316.382036382363,0.3838084643540445,0.22665472415479682,1.127569766732712,21.948281660424225
1574797277,1,112.15421148599955,0.4002714293142629,0.10368161623255537,1.5661110286236346,13.667679082146151
1575153085,0,216.07264482081564,0.35104719593369466,0.2933527987585812,1.1881550316883478,27.323149939765685
1575277153,4,-10.74017925830239,0.38365817797213275,0.23286505772459126,0.9006270939776537,11.45145081027015
1575557277,0,11.031448972028201,0.3687069134869243,0.25219135027723016,1.0355506774520646,12.752890683612168
1575613666,4,186.74204303189666,0.35713514886515113,0.1995503052993411,1.2002608023616972,18.484720142910888
1576291879,1,56.616783434212174,0.3683237566869544,0.2878210592598944,1.083910459767467,23.02183612919654
1576399281,1,55.76213032486465,0.3737728244046162,0.19115690346514974,0.9415174838765304,14.053772432847332
1576797553,0,52.91838757836721,0.37797714976061064,0.28412498241931416,0.9566149602915602,14.340198280882458
1577222221,1,171.34381734487064,0.37056554946969184,0.3492088674195661,1.1308979800054693,25.401416290351186
1577413316,2,289.1466947396048,0.4050347666385331,0.17400313625328157,1.1498637589105223,23.3439710111053
1577441045,2,46.13043614250903,0.376197608437109,0.16073014285792897,0.886315071834404,10.599089674196167
1577638731,4,-86.65302220961672,0.4457539389528713,0.2001459609753643,1.0398898196243713,19.28153496219605
1578441092,0,194.85739397713664,0.362100917488299,0.2186645157511841,1.2120224684151508,18.54142095720635
1578457961,0,184.48444646036717,0.3466831937010465,0.26026037471335034,1.1757206948833823,24.53873798618099
1578702981,4,39.33927201284692,0.3301721252551491,0.11800983378949315,1.436220881454127,21.508827907386493
1578799819,1,148.44155031208004,0.3648071976365559,0.2740652304309115,1.0078362264923233,18.59831125229951
1579112957,0,50.95983311528788,0.36271809190799387,0.3239423860387661,0.9545870773978192,20.743212035107565
1579365390,4,298.0860369970019,0.38698913501339227,0.2445380669753786,1.1232505195146123,21.714648171448008
1579852324,1,223.73976347408808,0.3824751355450902,0.2964517181589774,1.177970579618624,22.643134720927254
1579941096,3,134.07728459262026,0.34679715911310466,0.26584414797876577,1.058418989950098,16.980396793043052
1580080124,0,41.044379292078304,0.37593346075767115,0.22221848139992062,1.152784783029881,15.485297010104484
1580221416,3,229.2516044854625,0.39203534945801927,0.25875559674566684,1.0483635359514725,20.115707155470812
1580258863,3,41.3547043662787,0.41245244443335044,0.1912690076059824,0.813227971514934,11.751674195239818
1580474538,4,209.2236266848514,0.3533835733104187,0.19688227586066423,1.104333453657474,16.361540296128513
1580553227,4,147.5345851837613,0.3680063819718534,0.27942118465374916,1.1162161738819718,22.81601063003756
1580795142,1,55.08038906054854,0.37608737159658195,0.18354244641163459,0.8776886066735441,11.723648465156732
1580898665,0,236.23387690654823,0.40051306080403376,0.2163283871932934,1.101531418426947,25.39728672105833
1580966726,2,124.57742115031185,0.3484642054851968,0.3435415111151032,1.1737865034407455,24.715730495282017
1581168714,0,52.312196598585594,0.33934157077883526,0.2786096379501887,1.117154992974965,20.763722877039044
1581284687,0,173.03416363055533,0.34071838248337216,0.2017598489714834,0.9925321637473282,15.576665918866114
1581446027,1,8.97603670492424,0.4126611718516125,0.34813812859430127,0.7910979199721695,12.171238211368133
1581749502,3,176.5212018664596,0.38592420741948585,0.14306378285199597,1.0677897614311316,14.783938523550033
1582367381,3,49.90427686427273,0.346966613225661,0.23894995770316624,1.1280077902484706,17.02688569158725
1582377269,4,7.527061898564128,0.3775960594960024,0.25920854455465636,0.9792412157751132,16.143063770984703
1582774157,4,124.0657752893059,0.36139734014370956,0.2409691712896007,1.101498599505667,18.453552403048572
1583167273,3,167.32232739436967,0.36642976019404516,0.27970965164421696,1.2664212116267899,19.35581708333704
1583422885,2,13.749908182422686,0.3737949136484415,0.24741198631191635,0.946816395920679,12.98710996431729
1583607044,4,0.8984679724148634,0.3354827112642346,0.2615709766024091,1.1398895810178973,22.463513297863624
1583883601,1,146.7439144475295,0.35659373350920104,0.24920971663373198,1.0090874381112696,17.126426656755406
1583954692,2,66.84373467430832,0.4246607864304002,0.36687246407888735,0.9079281331086626,16.239441729628645
1584418791,0,1.065469370657837,0.4257282740487726,0.22837482878681106,0.9187510786893416,15.201033261384016
1584609339,0,147.81714490785197,0.4037358284397355,0.18315020505905422,0.9655821712787686,16.97591585532612
1584656772,3,83.66433813450597,0.36045199715424386,0.22679276970337758,1.1023050053224148,18.937731171474724
1584683487,2,49.75631926177674,0.362804039301351,0.20312426456168126,1.0713743233201252,11.261634097859945
1584732566,0,92.98174192851067,0.346516262539417,0.17216953619605846,1.0485423057053973,12.281467195219179
1586829326,2,149.27814227345164,0.3543996662676039,0.24050881029226218,1.10072707288814,18.065267258329694
1587202589,0,202.62406877983557,0.3719596139635227,0.2912091113654391,1.120402918618258,20.667430517664737
1587391923,2,259.3723659615976,0.34750178981061547,0.22229480712090086,1.197694010337379,18.452520778719567
1587431956,2,-10.936811454273197,0.3453898209847074,0.21255138086790126,1.257466698897125,17.50953244920073
1587454382,4,174.33248099024453,0.3597263470592694,0.25592199520540576,1.1600388755519317,19.33394701572963
1587941896,4,14.594400035969485,0.34874190511272424,0.2788634259357572,0.9627064325557879,17.054393817912423
1588269269,0,149.7801673910068,0.2818685098515781,0.20905462807634617,1.1870594416395874,16.669651293953258
1588320432,1,21.278990656405938,0.3503963403661263,0.2635969224861691,1.1084520731978798,16.520325946726633
1588395205,2,281.59327090090574,0.37915430348091483,0.1378615796075791,1.2420747909818641,18.662114938360332
1588401171,3,209.37048315522668,0.35705227044670873,0.2562894983444642,0.9995104361304382,18.356937293544505
1588466256,1,30.911415391490323,0.4016283100587321,0.20090212926655157,0.8806050987385956,13.296019283401218
1588472676,1,103.94484942182076,0.34573504777091035,0.24831537926075878,1.1286626166153508,16.324848717367253
1588623527,1,116.47925825227766,0.3562045303691626,0.2518422583164773,1.0232605415486509,15.926523136858998
1588749798,1,3.0861781372232144,0.3247778468076072,0.2129062709798654,1.146076401474487,15.193130002493017
1589240697,1,105.6148807273028,0.3707152118345898,0.24745364995547958,1.0380687782573947,16.2458547905122
1589532910,4,67.75888235448028,0.3440335440140787,0.17536136381927594,1.0002459019398042,15.732821122719498
1589608719,3,22.716296770061845,0.4107329561237714,0.403751382078928,0.7713481908405251,16.262324600259237
1589952649,3,87.73257279312746,0.319605963028957,0.27319324964107367,1.1344165658099121,19.790472681934737
1590006077,0,87.65859163327954,0.5087254128789023,0.203618363633575,0.8262437371160478,16.886110163382295
1590491705,3,380.24148018251833,0.3990099912909765,0.278941928766995,1.0474254609623113,24.95553437111363
1591097153,1,42.11755720953683,0.32549815871867843,0.26462863669102626,1.09311668993479,19.049457983405784
1591202562,4,8.171188406812547,0.3352123423714152,0.2232426169840317,1.0964685271146037,15.06199631230729
1591469994,2,8.750784094942077,0.3968378923776193,0.19280118022370107,0.745386898972926,10.90160641562913
1591544351,2,90.45059348390689,0.39430449536822215,0.3456436031312773,0.9287825267518818,17.071412597920396
1591651244,0,53.594107394467414,0.37915218871049644,0.3100589911476804,0.8895265110051341,21.482444260154544
1591681848,0,199.3214687810605,0.35548808828995226,0.23792783547899599,0.9502445918613245,15.674311810830858
1591697879,1,197.6667413529348,0.35522408193661187,0.28710051236812645,1.2146500428544877,22.791101360524443
1592713963,3,14.158325706710343,0.35051990386491083,0.2571876656032147,1.0690300856955262,16.930035872618927
1592724652,0,108.11509113252345,0.39219753572764277,0.21469727673429478,1.0089433262831622,15.603867238947673
1593705376,0,137.98345026288956,0.33632584271271004,0.2444595598714773,1.113577475357237,14.232493903212479
1594377223,3,107.04415346477742,0.3513993181822851,0.29569416021937933,1.1635341072484926,21.32067808633771
1594695636,2,107.7727372550631,0.339353798795172,0.3326605805878448,1.1792065708914132,26.524378129965328
1594797785,3,239.4757520304788,0.37908664556382055,0.18680184767467517,1.2598230724532824,23.402181471960464
1594981326,3,128.96080107219174,0.3398506480642418,0.20769440455725824,1.2440147646214708,19.838921333356126
1595107250,4,98.70553665498264,0.37274840550495747,0.27084923944483036,1.038695759768115,20.23548088134406
1595192960,2,135.88327048406617,0.332303105499986,0.25357563351288126,1.207534173296192,19.739199727577326
1595605865,1,39.54049305318959,0.3486036000502619,0.20650437810492517,1.100851349287125,13.54696823353284
1595837642,4,177.18490073287126,0.3647213586215668,0.23055560057105987,0.9673186361990882,16.703322322495854
1596320590,2,45.54697192344652,0.35456907780861796,0.2956009470175719,1.0337162397898265,16.29241454323443
1596743017,2,60.319459085867514,0.45153185286184166,0.3997477107483507,0.7423481101694197,38.207174879300204
1597060488,1,170.07604557031857,0.35677818571935704,0.2277136734843579,1.1329060948065628,18.72859864071557
1597874068,2,135.23365102183732,0.3792800800876448,0.24064569786464726,1.1138534258059345,22.288948193205176
1598034786,1,25.4232161839212,0.3811755375016309,0.24053366591442496,1.0078279508459214,17.451492520118997
1598043126,0,89.11137131978653,0.34989345892131823,0.1675633114098235,1.0785617818816513,12.58730834578196
1598367606,0,116.1106541542343,0.3367209684838663,0.2345500722995394,1.0521931770051063,17.849787915522963
1598423326,1,9.378091782065852,0.3628450284270286,0.2345803165083908,1.0480877408144953,13.634791204996251
1598641133,2,340.63444324131166,0.38347571719620377,0.15471469386920536,1.1484692737119677,15.789386895636078
1599410150,4,77.59771838005075,0.38354589440491904,0.13612088501281466,1.3738220495367415,19.18808113371297
1599847368,1,157.79809433856659,0.34806729020266364,0.24376719202477148,1.1657190085470384,18.6753747984142
1599967213,3,106.51771642175427,0.4403985692907709,0.1907976518330961,0.9686511270223325,14.81890890700825
1600032316,3,183.01293209022347,0.3678214241969183,0.3084839697863444,1.1954163034858811,24.508664092174307
1600783315,1,206.64195927830465,0.3693474898381333,0.21669734150326653,1.1142279234112524,19.458844513123363
1601240060,1,182.72138047387867,0.37087598483750167,0.2901764499449847,1.154805328501319,24.709276425929737
1601398939,3,4.902812699588424,0.37032550681208654,0.23464409693240634,1.1019594669704302,20.844726219082098
1601741460,0,94.96358253521754,0.3726757606136901,0.20494731827321844,1.1337977485185662,20.73710413982812
1601815856,0,-11.181100775040292,0.3163497810749483,0.1348098079913158,1.624154882818499,20.06510713291903
1601908846,4,132.86818941305887,0.3552415163884571,0.1789796987654075,1.2851177279171015,20.588072251947402
1602086005,2,-62.24721005503174,0.40179434905729616,0.18254185661616595,1.0138506942584982,13.917456751121634
1602099447,2,116.76397115951683,0.3530700821486836,0.25195804344751377,1.049906641783262,14.838973122269158
1602838431,0,123.2387472973989,0.389394320060889,0.1794854341941786,0.9404182022360766,9.772392295046831
1602898253,0,147.09982877828938,0.3365812330764484,0.21178714321665462,1.1219712654263796,18.153238893924055
1603135089,4,22.34985298833257,0.35848979509751144,0.329367383300474,0.9488942435735602,20.015786181827693
1603270914,4,13.104886604118107,0.33998364381588486,0.24291416845850808,1.1407746624944557,18.246002892260044
1603750308,0,-6.699522116162754,0.3417557927518101,0.27393152850121916,1.0810612984793952,14.032361796080274
1604219408,3,167.40825734589106,0.34183007010456745,0.2976208934066364,1.0605071485297914,20.01147468674949
1604312905,4,149.84240212383872,0.3648223827788368,0.24898171672663416,1.1896411757516914,20.823747066409027
1605023913,0,-8.826010352190693,0.3685756835825382,0.2951835366362455,1.0274738656289737,20.454017372964547
1605095414,2,-64.15190051705581,0.3380278270919785,0.17635113652343326,1.406119716341142,12.709320838146434
1606219609,1,173.26771430264407,0.3684719762571474,0.25670934470678336,1.1831498868585026,21.962349683962792
1606350633,1,46.398776668169475,0.3526192401503581,0.32998679822431143,0.9544426815457252,20.19075958667209
1606377766,1,53.49287794215655,0.35033168245484103,0.293554140600759,0.9692685604780236,17.14112841954442
1606526460,2,282.8583216475172,0.40955767247708086,0.1941544167755229,1.1616178653382447,17.827733283580173
1606960640,0,-9.250916102418358,0.3600666554570741,0.19964162449832368,1.3096385722986645,18.225755432048008
1607403554,3,22.167657314403172,0.35351723899709775,0.26931573687232196,1.0806463910372874,21.95048883276442
1607507482,3,-69.2578356497738,0.33827288820536316,0.226274599736992,1.0981144208628126,18.608653484267077
1607608174,0,34.51303477869027,0.3383123133249297,0.29710456467993135,1.0209977834198007,19.16614921738894
1607796915,4,12.107824789478599,0.3981346843048917,0.2282915704685674,0.9012536399280408,11.924104978236288
1607934568,0,-127.35690833993284,0.31450475131497957,0.1299529518632858,1.5628119475861526,12.903680903075553
1608160782,3,15.74759885721808,0.3980814406883864,0.31758811589019564,0.8695707580057239,11.89825963094659
1608321923,2,44.17419213279631,0.3940322841565389,0.2167134876343249,0.8084780791261965,11.203234516223414
1608343989,0,-45.29665326685681,0.38743414232032225,0.21022672925490232,1.055176490987317,13.04844587096881
1608850279,1,135.71215852037557,0.37038383543248815,0.21264842440178527,0.974714760069238,14.928634801093427
1609267020,2,56.636512025239234,0.34166506898899496,0.20674092409916595,1.086280856203031,14.772922036583731
1609304413,4,-13.783059698146289,0.36412112992740014,0.23746680325884026,0.9641057578458773,14.41597211456786
1609366983,1,79.76474126540202,0.3879026427283467,0.20834258287772928,0.9268596413383492,15.281319417262683
1609819225,3,174.96443390327408,0.369616429443391,0.28711764408315443,1.1431643695463585,21.082660562928652
1609876819,1,-41.803761584965685,0.36070516666616226,0.26168211390397966,1.0252020258257317,19.4890173785042
1609935858,4,208.17164095915737,0.37770726143412325,0.22954514005623708,1.0116899812170292,16.927338830802636
1610540990,1,126.92577675203592,0.3676697049088238,0.24173074274819278,1.0653073311844028,20.658724345272518
1610776533,0,156.27186192491678,0.36671607743081575,0.2344893262002377,0.9781902931588092,13.99665750245109
1611088763,0,110.49529320904247,0.3655017135452925,0.2007262621214176,1.072949197118992,18.746944668070498
1611331043,2,58.24078260629362,0.35229817703282784,0.3297649390560657,0.9578674583469116,20.441794831698303
1611579500,0,142.11010571409082,0.40315157385261624,0.12537262465998286,1.264047182120883,13.071159900214639
1611681441,3,53.88254097280489,0.3928527087853245,0.2167550784319312,0.8008840077634685,15.911186299021937
1611694557,1,-15.268232018155189,0.37048616702348364,0.3190413207781057,0.9378804706188929,20.533699732611364
1612093023,2,276.8568688196559,0.38502039333203236,0.18008947925433724,1.0571157972163279,18.569398777527844
1612493686,2,124.70425176207608,0.45166824620600793,0.26810475811513346,0.9648583718328461,19.8183954548345
1612521768,0,57.63304630732087,0.4130637374565007,0.3524515645224163,0.7928442028789193,24.208992349997658
1612716794,4,191.24786144380153,0.3451790799406607,0.31979014991067706,1.036865485638211,21.514485281622967
1613645225,4,179.07305900312235,0.3467462296539373,0.24912478313523642,1.114097617901019,18.04601273177565
1613665911,0,83.59526436654812,0.3170172334235519,0.2600631587630853,1.0972932469790713,17.317100216990454
1613802032,2,-18.476440658229308,0.35140545050481725,0.1805284249258009,1.173951950837184,17.123351913873673
1613873087,2,69.77463677063997,0.3489810588122621,0.281141380609579,1.1669282970304282,20.60387400640777
1613930825,1,94.68782945989015,0.37203716496961137,0.24288151709937172,1.0720227967475124,16.05967435343899
1614031170,2,66.03008181325396,0.43793231059383775,0.3202859579576112,0.9722838589133562,16.78795688908494
1614212128,2,227.71587660190863,0.3957462562002231,0.19244245587914485,1.0905879944708696,19.05967084249216
1614580924,1,22.08208513703093,0.3677608945467766,0.21306311313529067,0.9269827864830497,10.989219623294014
1614865951,2,24.116861036735926,0.3395546132543392,0.22847041246893007,1.1423949012006225,17.384642057877564
1615078461,0,262.1095718720836,0.3655443859426483,0.27530012726492586,1.1829723789417477,25.06106668271074
1615328669,4,6.286252580918813,0.3512085445578475,0.13736441001102137,1.0920017442213792,12.915337553210774
1616202781,2,-46.19987212279203,0.32390673625284544,0.2360960245885884,1.1022426354995427,14.110290141690065
1617425937,3,31.682536995042568,0.39270361163056383,0.2683295757864259,0.8934474068003712,23.04459677118519
1617530326,1,206.75200817870302,0.3956381511108676,0.25269332874807793,1.1123132275448282,21.13299400397831
1618024485,4,-26.713577106797658,0.4219906664137613,0.21532425732338845,0.9258421029746623,13.762818576078322
1618337987,4,120.51714579619724,0.3754940372180709,0.20621170877293316,1.149110652206567,19.270353876653918
1618366828,0,80.29931050653879,0.4213543669794842,0.2005336049265802,1.01215081161135,17.88803550711639
1618451585,1,146.52396833825316,0.34344877294956605,0.31986409442182,1.0842773651237871,21.788770240992548
1618749599,1,236.7212335962568,0.3793197564681204,0.2171117111331073,1.0481647098357838,18.108927172498756
1618910183,1,197.52039860746316,0.3380881156199231,0.3179122022078269,1.1551806263107678,23.23030578073603
1618911351,4,12.928351007818648,0.35865843328502445,0.22868601552200307,1.021390268287635,11.738236208726097
1618992612,3,51.87079058649716,0.33534759441335626,0.2592866934674162,1.1737087801996495,22.950555123386497
1619024957,4,80.8970710956489,0.389151100477823,0.2056452678751186,0.838869108706585,11.937938393960808
1619167656,2,188.25255989686536,0.38148243998101955,0.25640400469805436,1.1911517833864722,20.784214053925087
1619197321,1,86.52350122803121,0.34631110390341463,0.30358776309972507,1.1366885170118173,22.114334639278937
1619494019,1,122.88017049862209,0.3745321915859483,0.2637852646353344,1.1070163378051272,17.95628483099796
1619516534,1,-68.15896291045462,0.352474145501949,0.17291077767262328,1.5138472736014785,12.644792732205762
1619538915,2,97.74053000746942,0.3536089846573985,0.24814970170907563,1.0511165206336257,15.90406202623368
1619869238,4,19.753992876879394,0.3750796982593071,0.36608837684777484,0.905594769712611,20.338182566173742
1620174791,2,165.01286624740217,0.38919532045226574,0.2697489060097169,1.1294676581365506,19.505486908434122
1620481410,1,172.2628437187716,0.3646972381213576,0.2143232345769662,1.2007411033396151,20.07053942257543
1620933064,1,-4.860228325187151,0.37908747375982016,0.3789945335110726,0.879697206332749,15.8782380874639
1621708323,2,-29.038817504734737,0.372086396531781,0.2743850335384731,0.9425605436599022,13.75464103522801
1621972035,0,50.98962320351763,0.3548451508151058,0.2067559377931183,1.0442236871597104,11.99989372035737
1622243076,4,190.76104586882911,0.3533231695592735,0.2953158579607329,1.0411131257198192,18.55487057887833
1622288666,0,31.92327960167595,0.3725003017800373,0.2176505694197922,1.025439954570441,12.112631901486
1622533278,2,228.95936051544106,0.3732251644260296,0.2108603221463548,0.9702938593300204,16.80393971438859
1623779443,4,209.37942992829758,0.35724256597372867,0.2560445826010551,1.1748154600391714,19.49522208501631
1623821086,1,132.97971937781023,0.31864029948145134,0.21455178581607387,1.2841032697422299,17.815972405662514
1623930170,1,189.44161161474022,0.36770959005476794,0.19764850503387116,1.1659001162750593,20.486769868111153
1624065789,2,91.02954723381072,0.3724407400039088,0.32915240258855427,1.043367490112695,22.75635544581906
1624256779,4,-72.47834362352665,0.3591133324624877,0.23997182045102286,0.9920867714785524,15.801537960968686
1624258093,4,242.9451739054929,0.36621474760927125,0.2647363599096273,1.1740562773273937,20.366391304536428
1624614703,4,233.94379972576098,0.39256525573107753,0.1796071841887821,1.0444824398683452,13.584154768725858
1624631059,4,9.109320902652144,0.35507641617481545,0.21994760314578113,1.0279003705863854,11.72980400320781
1625056718,2,82.02963022055938,0.34625631133507334,0.2758294254593746,1.070924463970761,16.96656628071185
1625717733,0,78.42120506276615,0.26862166058626136,0.2644297333032428,1.1617844036606055,21.388494670279222
1626154089,3,264.9810124068872,0.3999298378509695,0.18240241857617967,0.9757546885683096,15.60567822959906
1626255936,2,123.79332095439639,0.35850017493472197,0.22713982796679133,1.1871410627511385,20.655869802589898
1626278445,4,249.96143177029404,0.37232896631610835,0.26743478635513396,1.0500863079433673,19.27266270147549
1626805714,4,-6.65849405492493,0.3589261600371002,0.2595339112864517,1.062071247436747,18.42734623675889
1626973373,2,31.266279766467846,0.35492264815206975,0.29364322235229573,1.0245955312804296,16.17467858119636
1627008695,1,179.47087521749387,0.3576649729300653,0.25671498259923065,1.04266533894095,16.65252639379122
1627088494,3,199.6182788592355,0.3762989707529419,0.20849402023776054,1.1820143324277124,19.344247706862518
1628056427,4,159.1907973245348,0.41200146933977216,0.13695572462869912,1.046357590108483,14.612158462439817
1628304289,4,-47.8549086210555,0.39155435994723276,0.21155066126368244,1.0197220570136913,17.406329989013578
1629034930,2,222.98243148267846,0.35381628801915777,0.19599441285751817,1.0042142786940658,14.368437241047374
1629642981,3,18.202411984390523,0.36222175496113657,0.2200566455579833,0.9852041759634735,11.490162948774199
1629866625,0,136.94003771006726,0.35131848527105974,0.2844203502088918,1.183309791014892,20.94555783276801
1629965547,2,17.397171629137404,0.349010268285928,0.2349054902766856,1.0835597568401432,18.191911392097968
1630109402,4,106.6383068526577,0.33435199714535047,0.1955002325175025,1.1515333655657372,14.78967483352611
1630196267,3,57.90524665450744,0.37787521792363443,0.3918123159756952,0.8984425886959609,20.844636681846023
1630481907,0,191.5640916684083,0.36972007110270527,0.17505646860271806,1.2191925492893065,21.224599203880388
1630836772,4,196.98574716064732,0.3467666253405893,0.3118375304032845,1.034780452945079,21.847880813659607
1630847021,0,166.67186085388738,0.361273560428692,0.20297690523068307,1.0162034229345163,14.113718861698365
1631091445,4,-3.897066305376512,0.39383992247027555,0.16050780859311398,1.068730002398986,15.804895160802907
1631230577,4,258.30575083971735,0.3776411957035897,0.3126244753589288,1.003342840471466,21.925773653965866
1631608831,4,52.84469808378177,0.324471821305666,0.27060485369903625,1.1395099721151423,21.333493395289793
1632405014,0,236.64215991247733,0.37927644613119493,0.24355212418217043,1.0491863696957275,20.319126808133024
1632457388,3,141.88255177457904,0.35640218835194953,0.27353914428294407,1.0498571439427697,17.89095452334585
1632465618,2,75.29331807463487,0.35489138775850737,0.18237334420309703,1.1349821058065503,16.042167050041044
1632814958,0,174.39999035315338,0.37370369957243066,0.19203817223263214,1.0919949277883076,19.606997573737537
1632815353,1,249.960460587979,0.37724802260890633,0.26927503010799925,1.1458872186550102,20.446168113612764
1633207070,0,67.8474793870625,0.3828148876643267,0.20882248682793295,0.9312170303284243,11.021081251596692
1633403102,2,106.18172637668908,0.3538022838576442,0.21821522809135713,1.0422033107339288,14.649607380967144
1633678871,2,148.81687315344595,0.35564059650557833,0.2754050420109679,1.1170003552534657,22.399090628741227
1634407816,3,75.8525081117975,0.391553031437981,0.32058211552669574,0.8718602595099202,21.645097982947945
1634561399,4,175.01145907541797,0.36440902862591634,0.2203514470842091,1.0526020591736953,16.453184739423325
1634574344,4,224.19031479795052,0.3760416607940798,0.11640463926809905,1.2220773474787525,16.067713177298817
1634828189,4,173.43012539169763,0.35919393563694146,0.17801226735348563,1.1509240506379306,12.582486160454053
1634832271,2,153.13845958109718,0.3648026793404036,0.24249548548642702,1.1011682480397473,20.973602359461562
1635058755,1,347.6786079149342,0.4650811479616986,0.3344312956991782,0.9235042424874307,21.715971991200767
1635294822,1,123.69869464498375,0.3658136287681858,0.21817413433321378,1.229249455582441,19.37787692589752
1635582225,2,283.3288448378802,0.4120096511935586,0.15360639698619874,1.0822176543643465,19.396948483540424
1635861860,3,329.3967392257631,0.3890828081527209,0.27711806908928094,1.1114240285512333,23.398503027995517
1636249880,1,149.02209354644816,0.3341297819127675,0.2569683461764632,1.1599118893932794,18.563989140078
1637316087,2,254.83424310421492,0.4109402506450753,0.18359457490526548,1.055355778914462,16.3199495601555
1637447040,3,131.67918683699662,0.37033205723008067,0.2575640036181527,1.1189148744391315,21.577620284732795
1637633691,4,173.48873764267927,0.3743650493443276,0.21573542371127025,1.17261417058422,18.12191234804269
1637714713,2,30.245097002200552,0.34473590919871916,0.2005201992715943,1.1869059627170218,20.056317200131808
1638121977,2,-34.633701618942084,0.34001313010113154,0.24454375413484472,1.0993081465969299,16.645319831821663
1638169555,0,110.13274905174517,0.3596470994574004,0.250248663265065,1.051989003889382,22.272942119415053
1638182470,1,181.12567141810234,0.3359804060026982,0.25004694594388005,1.0878636754463724,19.200814360114627
1638745393,3,19.134933359391425,0.3463615622933507,0.18373003258778786,0.9847493633586886,12.181111733256962
1638921879,4,7.98970267008464,0.3433839507276251,0.2496097728348729,1.0941194404058894,16.195936633750787
1639290741,1,112.70580142582438,0.3633298715038615,0.2861286848618181,1.0670526749281077,20.918349973868768
1639497900,3,12.131552111010194,0.3560077227410796,0.2681279314823249,1.0389703717687593,16.93083654213384
1639513148,2,116.48124896751558,0.3534290800795363,0.18965328914834484,1.0634757142074196,12.206540944449621
1639677802,3,101.0752084615401,0.35893402673059926,0.14911387005639049,1.041756536262557,18.72888768755175
1639769736,3,57.978946236985976,0.37219508030523274,0.37328249049782775,0.9143944481868299,20.581494427207264
1639915624,4,-51.53011288138114,0.4200326909625485,0.29211083549908484,0.8510491430314933,18.883053675182005
1640063479,0,6.382880117657294,0.3452213515984032,0.21719707801631616,1.1292210501999476,19.928342297208246
1640191566,1,84.35401982080487,0.3674735745511659,0.22145549624630037,1.0542832665779156,18.16399620156765
1640510001,2,93.68410266361953,0.36383443830931994,0.29640267064276615,0.9603747608185303,19.21072474224451
1640870840,2,63.722783338996784,0.3475991278314029,0.32470176446970606,0.9721486405826142,20.233696875801904
1640890711,0,151.48948260912323,0.3627050981918859,0.2060812628119973,1.1944592864276729,20.161827912860048
1640897195,4,168.11646347418446,0.3729139601772744,0.21320664673798395,1.1815809876820642,18.12186086409544
1640937510,4,40.722082417684945,0.3976092323807227,0.30308403908614556,0.997252937363642,17.58418274979318
1641068572,0,139.0041709286175,0.37401368118944395,0.19848501501962798,1.1700937251028225,21.33905935928682
1641679741,0,68.07427332440547,0.3438197518264777,0.22751955265146992,1.1664564130450152,24.814525295788933
1641687238,3,6.977572370385872,0.32471465182276266,0.2671596840725934,1.1187109825396513,19.66972721573401
1642318561,4,161.05872149136133,0.37378323887459247,0.26135421682672777,0.9533325632564964,20.307801456378144
1642394880,1,2.6400797569016703,0.3530059924917887,0.2733447078775587,1.0304169458938945,15.104195140461002
1642545320,2,164.95416105648025,0.37048465856956614,0.14349187418479992,1.2580756491682812,16.455990548472556
1643898977,4,257.934302655201,0.3764461551835358,0.16348599051945029,1.1526106905080709,17.5514187285202
1644429324,4,-9.179403216596697,0.38116643426467756,0.28295748164120854,0.9658121543906476,16.621742764164516
1645271820,1,-14.324829476456543,0.37447222994181273,0.330943871242534,0.9284948561737448,20.675849152986174
1645416728,4,23.329417836019744,0.3950838500084806,0.21647657991420116,0.8738444698904628,15.278056161433787
1645801286,2,101.75057128126556,0.3579793264372114,0.2735630766508523,1.1073965367653553,22.810871193420216
1646057229,1,120.07448083991903,0.3728279134293586,0.2621053629989285,0.9255383809457047,15.913056140560956
1646177027,1,159.96840427828198,0.3709342367139725,0.29063806314279816,1.173211388708894,25.226795951789704
1646241575,0,7.171743747501978,0.3386556917437274,0.18654731724670348,1.211832837214767,15.255830601269238
1646656305,2,5.942070315644287,0.3980424779485816,0.2226033095220893,0.7673594054592849,10.806373089085575
1646893921,1,3.146162240610664,0.3530403949301061,0.21391413827039654,1.038180617392497,14.798902675317654
1646933225,2,222.70272729090368,0.36539855695063594,0.23982245666520882,1.011844033549363,18.269395858956397
1646984336,1,196.5268191489342,0.3763318310797771,0.23448753847003898,1.0001574822997383,15.801706594093051
1647029479,4,89.50900430102283,0.32677792431409414,0.25033993330690063,1.1178859687605873,16.66202037223296
1647212497,3,241.6414995000336,0.3608636665504665,0.2814431808557939,0.9962056291750918,21.282308996551514
1647532424,2,87.37207641863344,0.34018303196259286,0.27123079448439336,1.0986290870962547,17.71486976851051
1647821918,2,53.33819722493342,0.35126856952934693,0.1865834842314993,1.0625334205577301,12.429183081595987
1648167915,0,35.851599674602454,0.3477712818359552,0.24817835582726,1.103375690027336,21.02291842549962
1648532900,4,36.204623087308455,0.3737554458044552,0.22518955528525864,1.0720531156488824,13.189857215159943
1648622866,0,59.372240382277795,0.3763046108765983,0.20164566015154411,1.0476012678925883,15.580871834129645
1649223775,0,74.82117432655802,0.3226298237059416,0.2524793639340867,1.0136422167407757,16.383315008916263
1649295248,2,202.04497013630578,0.355236947144304,0.23681074277726358,1.0428243830708197,17.156637711482382
1649345915,3,137.41419763618575,0.32076908462370757,0.3161768566757426,1.0732694834609262,17.337049631060317
1649518604,3,185.54220314288804,0.38388485684616197,0.27868531288683485,1.0014064287480158,16.109282566246478
1650000609,3,145.0491048975383,0.3633229919605794,0.22043110038136499,1.1207907808294013,14.255550683933926
1650198770,3,216.18403811850771,0.39099464432812714,0.24384583800391194,1.0924709206660335,23.452170269803588
1650263868,4,-13.426170750184255,0.347015323271165,0.2106964933820242,1.0140091132318305,12.883630696892657
1650643323,4,95.27701105618324,0.35482614900977355,0.167847512556433,1.0575944101892063,11.163113359160398
1651023431,2,78.51888889644846,0.39527717460609674,0.1986389714289545,1.074831896369476,17.757717299757783
1651258408,2,43.57132793699717,0.3520716964943789,0.34589639850737686,1.0597909464297448,21.64680852319391
1651483269,0,65.90730988959191,0.3342552105477033,0.24239146999554748,1.1628573674469962,27.18018350905151
1652170327,0,194.0527689872905,0.38347372321708306,0.26662560562737914,1.2333822711661409,20.176853313135457
1652404686,0,166.2005061061418,0.3373416787457241,0.16762142610647748,1.2177888952464024,21.6409443914165
1652549742,3,66.01941333757125,0.33835579221156886,0.21886127937410513,1.1126351483480528,18.217542121739548
1652695363,1,162.60104359100023,0.3609604384445404,0.280603913311505,1.2059685085041474,21.087106127299762
1652765029,0,128.22373274796328,0.321308487327185,0.24655261293513592,1.0771686812560128,15.069671361820166
1653502391,2,77.6676975381953,0.35870926926586644,0.20391147813898614,1.075871717141087,11.645288483567771
1653539066,3,54.60890997324579,0.3359313981621799,0.2973124557250967,1.0346783589840285,19.55227581915046
1653668180,2,153.71327672085914,0.3684041422989131,0.1682139508990254,0.9705805520039548,13.079999953326372
1653699030,1,-0.8525449518698593,0.3464909554916225,0.2622924077753557,1.0541938587421682,14.95597237283008
1653991852,3,108.09996404205249,0.34918628666309415,0.27355120551759604,1.151832485191358,20.47094216605675
1654010569,0,31.87566674903902,0.3334613510580235,0.212353032732828,0.9975929918252527,14.840063090497267
1654213224,0,43.339054455981874,0.3752273707681456,0.22585804181371283,0.8614064930392747,13.71139518830973
1654272225,1,219.75369284478404,0.4038039488286352,0.16526529184412714,1.2863886969362537,18.87976578850397
1654827899,2,149.80381348368314,0.337534243817585,0.22397803154035986,1.0997897346028405,17.10533416372788
1654848941,3,149.7459608147245,0.34147629580590216,0.27881080738410796,1.1586697582357925,20.574428137940018
1655220585,4,290.1440575766772,0.40363027424748993,0.2416391124517404,1.1438086033898451,22.169214870703783
1655318742,4,192.80740156809304,0.39518020048133173,0.062000291991516604,1.4216883212347349,13.193156373470972
1655336489,4,180.6169204473379,0.3455423886855628,0.2889511141627076,1.0463668811741207,19.797643255919343
1655603853,3,33.26180135405828,0.4301755373790434,0.19131246381935726,0.973291999221156,14.948803330375725
1655950813,3,-70.64193525613112,0.35120826044822107,0.2460847405549138,1.0588369609493955,18.47533518878042
1656073293,0,147.0605075714438,0.4039054664576073,0.18381366209219158,0.9654634701078089,17.006428002637204
1656097465,3,189.5960576803555,0.37269797697012846,0.26631013512086893,1.1463980357410273,23.715483916725603
1656589637,0,204.54506096965315,0.3560155132274533,0.23628085591817455,1.0275268226437821,18.76111129240993
1656633508,2,24.531920843161828,0.32938500862521136,0.23260467107410854,1.1384192933731259,19.19081278032981
1657554335,3,111.0276424564516,0.35311031718144065,0.2766107711841408,1.138430096553671,23.489712332219874
1658493417,4,221.19006380273754,0.3759182826781309,0.19761490126262152,1.0194033445099848,15.247561619526756
1658830563,4,215.24135386981402,0.3909515226951612,0.2325181884980679,0.9625081354211834,18.192459726638692
1659755878,1,42.746925327618754,0.37445149204388967,0.37314192350939557,0.9112475319198637,20.898149991404715
1659835488,1,38.3907372814979,0.3466792484269868,0.2156490832607468,1.0363990018542564,14.055089662735089
1659919472,4,133.82539127339868,0.3386057704710377,0.24424738073598357,1.2354456906745293,16.885570560152992
1660751847,1,38.41155199620827,0.3585981954474438,0.3065781430347104,0.9797565681604173,19.726623095697363
1661316204,3,318.73394202852063,0.40643471349838856,0.30647983755958985,1.1129538833146937,24.6363680320947
1661521840,4,112.12909320670433,0.3911896154269381,0.30672964901780214,1.0255083423094327,27.60028967298534
1661804021,3,403.8910919082826,0.404526841609263,0.24369908252755215,1.1767678981555858,22.619406688917287
1662111173,3,372.452475616375,0.4174873383857857,0.3076352229594429,1.0537357225556803,26.215756664119183
1662427032,0,99.56533827638003,0.3435396916299716,0.24928451447190908,1.0252093070761925,16.359816900933268
1662473606,2,61.14113168909669,0.42896021729623895,0.17460760831283823,0.9543587604405604,14.168960772710932
1662846692,4,204.9004587485988,0.40410744015547945,0.13596457630402015,1.1054017419637294,16.500621546140824
1663220707,0,68.94184347860464,0.3884607269552249,0.26506837225319896,0.9116975891284684,20.189854909933803
1663257488,4,156.8396035656833,0.3678725786196881,0.2328229904802172,1.2199593880912496,18.994617854129785
1663514336,2,-17.394735120881208,0.37139041265191053,0.328985040704822,0.929718181914317,21.12008407674205
1663579742,3,131.51338365590817,0.3649925567785331,0.14427419321391965,1.1400252155160433,16.139110452723525
1664000422,2,300.2473336220056,0.37081450394695115,0.2325707197560801,1.203057979661094,20.856535489653716
1664419715,3,227.00149720190345,0.40552261120641925,0.20379152942908507,1.145751274663459,19.89415070854036
1665128334,3,138.52208666825697,0.3981348994366258,0.1393602671066309,1.2149619480082576,17.78757159875499
1665519447,4,-64.33230194365723,0.3514355261675402,0.2667605958681374,0.9954760945379095,19.804214784146083
1665622920,4,67.01059259715075,0.3900424919479779,0.3183573504451396,1.0062153458113607,27.707541478378303
1666147237,4,142.1806750656403,0.3595124300461395,0.26083395351092664,1.186157157739002,21.705963708540466
1666787967,3,132.37103953780613,0.3446895654379254,0.25668070336262194,1.102512725034148,17.702147777477087
1666962714,0,80.97685007915982,0.32832510298265966,0.1884363468095283,1.1904192764462496,17.742520388630844
1667507467,0,42.11305473398098,0.34340911403136265,0.2169222304824005,0.9726329507460354,16.299277861702997
1668029928,4,194.73133026486505,0.36906306555758583,0.2143821878970245,1.177561474407552,18.851045170370764
1668423016,4,26.17941103922078,0.33507239701243396,0.24078794267507259,1.0185076033122271,13.567740458539804
1668799995,2,191.52653401669303,0.3469287208408974,0.27586482029037307,1.2027413735070003,23.580941158564073
1669065753,2,-48.97719191771161,0.3372478644066517,0.08317061640804724,1.5584906447588085,12.645700561225366
1669177512,4,21.53505987380902,0.3736448941522123,0.19760250159336712,0.895463577669356,11.288394312694749
1669233687,3,268.6151925710586,0.37291131642730074,0.29034375542052837,0.9837276229419115,21.419280835114982
1669324306,0,41.740193691476186,0.3661091900389335,0.26054597527507367,0.9874069757202706,12.855055997955146
1669400778,0,97.77766338903642,0.35139323821432705,0.17184776068020657,0.9394213089347031,11.866296156436212
1669411867,3,218.40394531024833,0.3883121143865942,0.24636193273856288,1.1618898182978168,23.87447237885344
1669796123,2,9.789600118959498,0.3324569316632725,0.25118211308465654,1.0938934955788835,19.104075027346497
1669900077,1,174.27195173930102,0.34351992595977565,0.2863525414910803,1.0762304042540807,19.751181350598912
1669945913,1,17.21743041221761,0.4478011873551593,0.18405659272630195,0.9397374331076493,13.8207811161254
1670036740,1,167.76641686205377,0.3596828094019211,0.2498022637440994,1.2055210285453102,21.83618833249096
1670250046,3,143.1571560037859,0.3391330757342762,0.22374036577027784,1.1671414375156315,17.762820910653517
1670434070,2,358.15737304157926,0.42710929794488506,0.34958270520447066,1.000403168149104,24.364233207960922
1670881683,4,184.22630401689463,0.37434436231564583,0.2399320613991861,0.9752853537576383,18.698337225239214
1671082130,1,46.86749687087903,0.3588174326767239,0.24431712324637017,1.1155619532034315,15.008804787054316
1671135336,0,33.66044843721674,0.3598331281974354,0.1295624527514803,1.1492625015687183,13.192299270456257
1671251574,4,143.74856895632809,0.3658054346821454,0.2312639758851992,1.2096535871827216,18.616800326032195
1671488348,4,119.34719304747568,0.3650525789640249,0.30218003139302013,0.9890021431701891,23.138592579830355
1671953980,0,54.79655713280319,0.34615637247668485,0.29344211809058923,1.0168944570636629,20.31240502764154
1672793262,1,168.83956841595048,0.36375637451759263,0.2602196756684368,1.1362809893613617,20.87694543001092
1672845324,0,81.84508271021345,0.39112202883124464,0.1367805541886869,1.0186587068408801,14.715737376840796
1672978154,0,15.06567328533177,0.3388030228298132,0.16948451123647146,1.1681197901550886,16.116376812488816
1673102109,2,370.29624469402114,0.4474362088548103,0.25408815921443934,1.0350788844220695,20.759002561190634
1673426681,3,13.797661778312573,0.36806076243893765,0.17952599629144472,1.1040845378396442,13.415742006025603
1673485707,4,12.907010402415978,0.389713983746856,0.3456793250365511,1.0015457474654923,15.35748368379376
1673575394,2,145.63984805212903,0.339359385042023,0.22816235422557857,1.206458818936028,18.31643170211888
1673823356,1,98.67598213775251,0.3651407453602311,0.2703736769825759,1.0106732833714194,16.838867883653236
1674464256,0,134.64536912161634,0.3807634354836732,0.20800649172993962,1.0147142639158078,17.94661400400328
1674887519,0,-21.910529881763978,0.37809556262903227,0.22685896907879055,0.9279030095741804,11.729351107687044
1674948032,1,151.82241794202798,0.42878259704749,0.19397741748836425,1.045485150298583,17.030955136975557
1674954682,3,234.8386081089964,0.39402535509948106,0.16312462304535152,1.1261350679020294,21.46654007177311
1675272151,3,101.67115081544023,0.34841325083836217,0.15818664120127318,1.1057549168106529,11.705483047741033
1675542774,2,61.109161232765125,0.39421373140622884,0.21552118873149773,0.7542744143906001,16.514401029191472
1675605229,4,39.05987702798444,0.3734629619580951,0.220424808221602,0.9866417431195107,14.070094306495609
1675845282,1,9.901110953790138,0.34911615829860565,0.2277214482558474,0.9275881053883606,13.386363941849172
1676036975,1,302.0928921651518,0.41720729884923113,0.2583106870097575,1.0160426924572863,21.565109848757437
1676176971,3,114.74265630665005,0.3734056929194565,0.24727543946673508,1.0321449736418822,19.798953023764632
1676315941,0,141.68741589140615,0.3520345159258985,0.11957923905550882,1.1925785485591731,16.006325933914916
1676729998,2,43.411451918258926,0.3639151513744297,0.19786645787066204,1.032382351490774,11.832661886538052
1676759354,1,155.96882650838012,0.3552006339450617,0.2924830772632929,1.2106983963527431,22.111128942993226
1676853034,0,78.739905745658,0.3366063274789907,0.18089821371381298,1.1578160545203655,11.64391741307644
1677073370,0,63.886745620299,0.4260392060213362,0.19885240151470615,0.8114791265043098,12.42345793264272
1677533093,3,161.07407538873738,0.34628468817522456,0.2574938947721905,1.0586715559622033,16.762260012895617
1677600893,0,99.73285779581173,0.356454899054036,0.2315208541475383,1.0979562294975358,20.359070806970436
1677738702,2,227.8028085724767,0.3678773120264028,0.2828949237767018,1.17813227295943,21.072934298124075
1677875786,1,177.35184360695246,0.3632298393463611,0.23383898461012959,1.1531859024091518,18.83421158821904
1678384884,3,-25.163844155615337,0.40349086580335486,0.35874423032906677,0.8133700529461032,12.047321645410982
1678410522,0,147.32501830518578,0.36065803950225434,0.20727763744366143,1.191970860001594,20.035038089944084
1678521620,1,2.1402891736469343,0.3615695628086727,0.18561581976818461,1.0933970966040314,13.324434750034621
1678768525,3,153.00443045607886,0.36999194059314117,0.2667139055378249,1.0940016888846906,21.439343003863463
1678882147,2,85.33804345308363,0.37792529959312526,0.11628430626904837,1.2998142134049662,14.446211421533459
1679226425,4,221.59163990076354,0.3677106014464992,0.2588015368987583,1.0445630501715373,18.4052052094589
1679285370,0,52.31850903312936,0.34626797879296056,0.26951556766082596,1.1264400513374637,20.667698902419755
1680789160,3,189.44054725179942,0.38168355126849596,0.26118643535457536,1.0371206249954088,20.13563554817131
1681110916,2,75.09446576982589,0.3811611528019352,0.18133859557684556,1.126442987868985,19.23543202183852
1681628667,0,144.5803520391957,0.3791458470353822,0.24354487806449376,0.9623808916572124,13.316129674657539
1681775861,0,188.76580258605944,0.3539891447007403,0.23142549638413307,0.9738705897499037,15.327456508315077
1681905956,3,150.163777748745,0.34409130247650965,0.2779767203559691,1.0458635613205927,17.373939767032866
1682827181,0,56.0379269753729,0.33806210916160256,0.26573324129022985,1.0939570623970174,17.86517595307806
1682832675,4,16.592283183665387,0.36075517869586154,0.28100028976732894,1.0516831999797567,17.547127981013684
1682900060,3,245.23409440502851,0.3722687086639666,0.24417096014870104,1.164649810125335,20.375236397201753
1683248477,4,172.87386549374725,0.36631392841760546,0.25909725648488047,1.025272718603765,17.820087777027076
1683353689,1,49.36848443211089,0.3312860131478738,0.2815995032237536,1.000872370873605,16.901215160793633
1683593138,2,200.81949927581036,0.37230305631918703,0.3008720062011591,1.1267312584706046,23.393090842391345
1683816678,4,-49.16667642228046,0.4135264547086221,0.3611813122319456,0.7981074402933832,12.732532985461
1683834264,2,29.592815595951706,0.35421475360868326,0.18692573727699469,1.0550404082441727,13.51991059696766
1683937350,0,-108.12372249028239,0.3275262310616325,0.1323810571835537,1.6468921955442686,25.056760917815133
1684744857,3,132.2862654747548,0.3194019900674838,0.2805585132510432,1.0842728603656908,19.270291539282056
1684855250,3,43.755217461104195,0.5130545129420518,0.18365800951965022,0.84156318642518,16.017671536523572
1685057897,4,3.305912150540294,0.3283810905315988,0.19835806156075603,1.111614332759825,14.185153952463871
1685441802,4,202.72061749783344,0.36976806245940447,0.23243385038467343,1.0280451146854344,17.82072037382071
1685639309,4,181.32784473289735,0.33892002384745396,0.317259250954234,1.0445385459729286,21.466065815175085
1685741842,4,199.18859200516846,0.38943863063739426,0.1814397470620055,1.0868217864994787,18.66948919298407
1685793065,3,164.87659433905148,0.3605248909029103,0.258155710479765,1.0390212990708696,16.67710794904984
1685901918,2,60.51566640171399,0.3380610900008594,0.2318927957631546,1.1445100315684913,19.401999250639506
1686044145,2,153.42190066753437,0.3515758184844369,0.28364295514097104,1.0606552479260754,20.204705734509712
1686536548,2,237.1298670611186,0.4073989753058035,0.24732355475414985,1.0054337649977467,20.822928430274718
1686718921,4,65.53271684838509,0.35420686140039426,0.2939799918646756,1.1046311713358066,19.889494245415825
1686919611,2,185.73061717728837,0.34804889420615426,0.23242956318472627,1.089958470708533,16.042327855032934
1686952032,3,261.572731602092,0.39912219797994014,0.3379837931477861,1.0912302658178534,21.936890298809598
1687301626,2,212.01012203912063,0.375205511792417,0.2183948819094438,1.0499606449594157,17.134992621361466
1687734708,2,35.75979725870572,0.4081517848156473,0.18579057152050382,1.101868301812319,15.404352261277644
1687858276,0,267.62950656069575,0.3722886147837192,0.16754558132591058,1.208262710292229,20.308495620870225
1687871916,0,245.39771703917404,0.42063419273861746,0.15766743633625085,1.0694710533849698,17.674924744416185
1687937320,1,167.50474239410426,0.36116598173788256,0.2536974942332795,1.2027946449379483,21.815354037209893
1688474833,4,97.35206442617701,0.3451934917760411,0.19047133606063282,1.270958705384769,24.242786236950206
1688918153,1,97.03864478611978,0.35216750172052824,0.3179107689456045,1.1317379217508998,23.50266326629257
1689325307,0,112.77761638514346,0.3185069681480959,0.21326112952626197,1.086974944655728,16.44160924530214
1689591467,2,63.4976269580567,0.3593245147578618,0.34852162818595817,0.942963969409611,20.71495104696381
1689883319,1,71.72630586592265,0.3532572884132058,0.2758810114106058,1.0985720841989175,14.56079139196836
1690031324,2,63.83783018583184,0.39323267100531567,0.11020121685793063,1.253402082519012,14.89605172119189
1691054850,2,203.16095201779893,0.3771466106653042,0.1931541733267712,1.104261272791718,15.220451661133502
1691146038,2,-30.95130729318673,0.33980656983928226,0.22715974282691315,1.128682347028682,14.102330816911783
1691546435,1,214.3052500061231,0.3985946373071874,0.19327688218234318,1.1402181165665697,16.534992007233758
1692151346,4,77.89480607271258,0.34905349977504785,0.2196241829048486,1.0745111157559235,16.420277480461053
1692408347,0,93.84634162197531,0.36473564680508747,0.20171093767716586,1.1378496827054132,11.472182126707189
1692538741,4,69.33979543803349,0.3598260593051236,0.156679225841077,1.017547263326659,17.996129670187678
1693140082,3,-83.06181655656087,0.36559093471294457,0.10420730822942964,1.569625908798577,20.440611559787506
1693262682,2,161.67778610051735,0.3726238150816285,0.1995920913365984,1.1477842606117996,18.549270923246382
1693536620,0,-1.0481375536292177,0.4074822070507015,0.263996106907539,0.8234780811716232,18.590255926604623
1694201985,0,150.78425216153087,0.391563814283199,0.20051564579871778,1.1391541280198114,20.619828846697853
1695745153,2,212.23554291895698,0.3905818355259356,0.21737463797978246,1.1104913789319082,21.66515798151483
1695808727,2,-62.66495554255805,0.35608976589053465,0.2185993416751577,1.1232181871306408,18.33452849672799
1695838608,4,33.50297879843781,0.36233071801285976,0.23569610476830571,1.0666468384471015,15.732661369007829
1695890113,1,87.32205732920116,0.39644186914770885,0.32386959179076724,0.9483152607157564,20.38316198260308
1696155039,3,29.297778726878093,0.3964214375376822,0.13546836280382446,1.1915635060584513,20.552152174274706
1696182166,1,177.3289711637916,0.3599431951274123,0.190878520673264,1.0789790737033642,18.268982754924664
1696331324,4,204.1784176770837,0.3934678176384605,0.18335011598430995,1.0699035719022707,18.643173361701052
1696343001,4,111.29853648322485,0.35122775394162353,0.24169897541849727,1.1339107144792069,19.921914342759315
1696594426,4,201.07945505803272,0.3418498081473103,0.284661911026441,1.036030360089643,18.371257057399074
1696699726,3,97.54783439643134,0.35316272139475485,0.23687240769872323,1.0744759663851757,16.75724629191707
1696944079,2,80.9741812851815,0.3762897680644339,0.16757062305568682,0.9563300196146648,10.111922837892898
1696993963,3,55.33049840605481,0.38208095184219126,0.19331248532322495,0.9688887558670782,12.72441838370542
1697131748,2,176.70967885993156,0.3171899162233988,0.22877733088554342,1.2018406162856534,14.933844863919733
1697480499,0,235.41397056474403,0.3710781912124873,0.22372269109977994,1.0756409130804763,14.611392369214547
1697683442,1,67.53743191796679,0.34593341767412744,0.2191111714272744,1.1365296774945137,16.358956342839832
1697824573,3,54.0212609520823,0.356551146408946,0.283382972261468,1.0815462748996525,20.207038844911345
1697849650,0,193.59585393356377,0.3362601938352423,0.28211716233538187,1.111404280660972,21.057890258159915
1697989359,3,377.7973573533347,0.4231220323299315,0.3101604827376211,1.048216395718428,26.260970319306956
1699061144,2,106.5288091190254,0.35585782908049046,0.22126022706057544,1.0355297017190213,16.62394648751207
1699412272,4,-28.514677613225956,0.35462875170033276,0.2826908512424359,1.0473874112973738,21.486548333854458
1699735817,4,180.61411213237585,0.39721012520197413,0.22039304813531385,0.9507430866745903,16.21389931667436
1699979757,2,-20.097439098965864,0.3761439878176644,0.22160859396545257,0.9894619482346462,14.498993623072199
1700419938,0,232.0188802489974,0.42430870619735683,0.16086611838042525,1.0579004535015577,17.201252324448337
1700578264,3,73.60662349594402,0.35069043598514,0.3421146478995417,1.0761679898945598,23.079245562322118
1700596879,3,291.79095683846845,0.4046563520600974,0.15761995936622206,0.9644962021136955,14.217457358238722
1700600089,4,216.26992187235697,0.38937966266164165,0.22293780964333906,0.9669375917433446,16.20490837429355
1700861962,0,7.177944399350693,0.35002507734287674,0.2081246732023631,1.0452326656928277,14.979201099747256
1700926472,2,287.4644546313515,0.4394466424375612,0.34483382312507715,1.1424136304188772,24.815962496185836
1701051836,3,92.1462034631519,0.36038998519754567,0.28583473551759064,0.9471199636609736,16.612301434006667
1701314200,3,239.5866638721128,0.3697566297747471,0.2743253907715122,0.9850044826955581,21.169586384586886
1701467144,2,132.3531088371497,0.3639941563854036,0.24839480325469285,1.0240910554894,17.135030924845893
1701555449,4,132.34186007007816,0.4036835601813791,0.22282496943799815,1.098832739221958,16.95608033732952
1701689653,4,257.83733166897775,0.3689271965882482,0.2724782165211373,1.0187962141670166,18.691548041300507
1701728451,2,142.29495431799097,0.3781566035581315,0.17439332623736922,1.2027557516735954,19.167470497635335
1701758700,3,133.101146801825,0.3564100152092708,0.2016617745786298,1.001557867657718,15.917769073969222
1701768765,3,30.29260449484508,0.3854247421225616,0.2862239302187522,0.9380471003680957,20.4879558303296
1701867111,0,96.68186256109031,0.4120774815758838,0.19057748088318732,0.899914781328863,13.604989063157062
1702325651,0,241.99660360880023,0.4045083842004723,0.2309448945059012,1.0131901828301062,13.978763895581654
1702635264,0,89.2539263113018,0.3363385332286731,0.26537900660284575,1.1975461527201434,17.31503046195261
1702898348,1,180.63477127699895,0.3503566133857565,0.26926033511381703,1.175786672897531,24.635936429849128
1703438177,3,180.58557966600978,0.3774882879341419,0.26165911243124673,1.011640344705913,21.127002687031542
1703477972,0,149.35682002305714,0.3311720170903912,0.23227638684839474,1.0241022759009677,15.99400967182312
1703879338,3,51.29027065780496,0.36545570973474295,0.30516308226272426,0.9015472837164268,17.0438604151095
1704241791,0,255.1591343086103,0.4036295605957311,0.278720242752872,1.1896796453995684,29.02492045644607
1704546800,2,174.4623673789397,0.3364753542335713,0.29940409665792245,1.16214783417372,20.64938941016665
1704728176,2,-38.5352502352995,0.3629516835725632,0.1936466587471315,1.0288854846847688,14.081219886291857
1704846953,3,111.24493946666496,0.352100343094473,0.2746961672987004,1.1496305535920204,23.462181486447932
1705151635,4,37.88484957647726,0.34757459878380453,0.28791658842981155,1.089774695966888,22.050941873003246
1705359198,2,91.80343497474638,0.4231562107982823,0.31543416504253247,0.9566391546728535,16.634372034367132
1705636874,2,9.897522450653213,0.39799538925802075,0.3297739988056791,0.8097391857905439,18.98892193890596
1705705134,2,145.24268261333802,0.3606325064012896,0.2171065833738999,1.2070798375562315,18.06906111399802
1705754093,1,70.01820988174894,0.31381511663948014,0.2806932542247914,1.0676295502934818,18.76841835823251
1706421625,4,283.45293011183435,0.4376207301740197,0.1388145175714991,1.0383968971567648,16.798375937902268
1706521131,3,120.86141372609747,0.3766973667450124,0.21037579706471912,1.0483958635658628,19.35937791034099
1706553936,4,189.22899358315203,0.36371071623550544,0.24057201213397084,1.0279417899639833,16.471616559352036
1706591309,2,28.58308088647601,0.3940248692922977,0.1847273272257991,0.9032785509602084,16.163601004572325
1706654876,1,109.32773514254096,0.3767838582001698,0.14389694221776356,1.425598618995879,20.18867479185596
1706741208,2,196.9810709473354,0.3703079253879425,0.2066182616179857,1.0152062796227708,16.292922377795215
1706907888,1,188.20283270643236,0.35792188647149226,0.2655052117534479,1.2288322307697568,20.321446594893445
1706935597,1,224.9942919193821,0.4189390245462628,0.1646849774916146,1.3839478262031328,18.140072669069514
1706990929,3,124.48527608235061,0.35669922815002775,0.2941174097078245,1.0519357721399107,19.180515890447175
1707333225,2,28.497993626158703,0.3747179279965495,0.22477501926572666,0.946591609490496,12.910552302496567
1707392895,0,-0.4319781876305484,0.3589854370223474,0.2564088185076167,1.1350300540417015,17.160773076302902
1707460536,3,179.56660050602432,0.3479890982871605,0.2866509222160678,1.062067886778474,18.651748974544603
1708403731,2,204.5783948207893,0.37360646476618525,0.3124970562929423,1.1794278657369313,24.284132404188114
1708543289,4,27.821951753415306,0.3408876327758451,0.26076093599012445,1.1391500332493656,19.654499744576995
1709391995,1,9.327928055802516,0.32374765497287894,0.25044123300092996,1.101198534141713,18.030920212357906
1710475458,4,191.81105800912357,0.3858214884946773,0.23152048131635897,1.1810848324941978,25.120020237552275
1710724888,3,101.2248876666151,0.35039076376187367,0.25478690867714576,1.084655832981594,17.501243438421568
1710766762,1,20.55035033115655,0.3753948810319702,0.2378100025576886,0.9654237568689329,12.71610036053045
1711010706,0,133.0352577576269,0.36299277108567957,0.19581576806483839,1.1993047418028882,19.872306545484868
1711102777,4,116.0449284845667,0.37368347385570594,0.16655909368224825,0.8945004477320666,11.839110422712597
1711422948,0,-35.888140541133325,0.32497831439550096,0.13807365303913716,1.6095994908138382,21.660294628212746
1711492844,1,104.60794994174856,0.37221165121299726,0.16929023831100562,0.8789714883427686,13.239264260148671
1711893868,0,173.84766548147866,0.3858571343227445,0.24644099044854045,1.0456035588538466,18.43258969524574
1712077769,2,229.58775563675152,0.4003090922300776,0.15840171764039734,1.0184292808520954,14.336265935550054
1712598778,3,244.20938925418278,0.3733619214611351,0.25473530041981224,0.9645197627330907,18.845437619004038
1712933557,4,14.29521096016498,0.379691809197477,0.21746186867175407,0.9722572389701575,13.076074343179005
1713382325,1,75.16144608375134,0.3480063843912162,0.2121101181537311,1.235432366219362,16.30930580062525
1713436070,1,189.27242280724175,0.4059557377216453,0.24322587322178188,1.0297888606963517,18.56079996377741
1713751559,1,40.51999817674012,0.384450940776947,0.235652731980029,1.0116291524873917,14.145954222863452
1714607104,4,143.40813518105827,0.37913514267888315,0.206630243157887,1.07345244313233,16.60151361905754
1715193116,4,198.44651742415465,0.3603861155097293,0.20080341673155647,1.1059482391106419,16.389192076545545
1715294926,3,342.40210142129547,0.4717135585392871,0.27211766298193574,1.0333215996305591,20.648981661932766
1715402105,0,152.5214670252402,0.3536003041745383,0.26254118330118736,1.1950520945017522,20.10885191318407
1715831147,4,337.7780618269085,0.42113740760281765,0.2846042477417191,1.0157777145138582,23.796661788860966
1715878525,1,20.380244779252266,0.3534345356439958,0.2548279196412356,1.0622652917230988,17.127732008637334
1715886560,3,136.35936254860212,0.35854126245925816,0.24857979452777557,1.0910911944390467,21.909181967983894
1715966441,3,12.109536778589472,0.3608452404435106,0.14243910245403274,1.072503094550881,13.643572152251886
1716148933,1,188.17625371394732,0.3557256980228932,0.31249641808032064,1.1902062826065631,24.433170405568237
1717221182,2,53.16425529053296,0.3718609405568992,0.2863805808331406,0.9975591952216408,21.603923663459998
1717592504,1,52.0860182339774,0.33719597754279496,0.23242206157705395,1.1566717677622533,18.424889773153907
1718086689,1,235.04095322022346,0.3553121071113873,0.2767600311316105,1.2153078983400722,22.277644931830697
1718233222,3,204.37325659029966,0.3658630619927783,0.2762454667231331,1.0244428238180503,18.44899031403189
1718354162,0,131.2969480810514,0.3473184414469585,0.24358910957447846,1.1061155156985154,17.88299686665134
1718419889,4,96.7370462804562,0.26785435466941876,0.34079379640634566,1.2471949845286585,19.6277492994845
1718537835,4,186.59642478326668,0.3614697791992163,0.17013671977473865,1.0682370056470307,16.77813318931329
1718822131,2,90.52958285781158,0.38540950339229213,0.1285303478811422,1.2821894639547162,12.94648765658706
1719173195,3,119.50659384371608,0.38505201575351944,0.19798131091303778,0.952374601630724,13.672806589636863
1719193785,1,46.45605011004047,0.35286602056528177,0.3303657365303069,0.9540823614441185,20.19670541602655
1719420059,3,190.32626516591802,0.3671957230333035,0.2741808614918327,1.135815387600297,20.344874267467734
1719450087,1,25.966753282598575,0.3521585812698846,0.23734309981099394,0.9972277475475185,12.756328299167247
1719719052,4,214.17493185222995,0.35470277263838773,0.3081662208978405,1.0192178829079848,21.36704251187767
1720612082,2,58.6271069813498,0.38777122908398853,0.21007644777977574,1.1925678626932632,22.876808343650147
1720647838,1,177.36649173159495,0.36406788699076986,0.1187050383966487,1.1239004284009322,12.376800072469244
1720677048,3,258.3625821076471,0.3829851812007049,0.23078318187463528,1.1035798929915384,20.3684053418565
1720848416,4,114.9585198705795,0.3259081514692913,0.25151951782178894,1.1097905465836877,11.815769638061823
1720993259,0,124.10776569504418,0.34357117786777036,0.2215227135532638,1.0627923092301506,16.77961517551208
1721092492,2,116.97584494844898,0.36834211586595045,0.2810733334884426,1.0350554191825638,16.099620744540353
1721498000,2,132.87292037952577,0.369033813139479,0.1409376990575279,1.2227370700949154,15.871646483791123
1721517021,3,137.97985470995536,0.3966450719681299,0.29204518362338006,1.108484347037161,24.756438525285013
1722126361,4,90.97664652418378,0.3677418411735355,0.16871909034535465,1.139124607840283,12.482516612901145
1722404544,2,221.442003474954,0.38720983816689797,0.16706719957967986,1.2853959383499594,21.15121324889219
1722437751,1,224.0107636728996,0.36212659432083416,0.1990260809625391,1.1748548285009799,20.407623848169976
1722752192,3,238.07322502296324,0.3645234284866481,0.3012276416675257,1.1754090944023905,24.716799490203698
1722899407,2,189.36191574190624,0.3670905626438841,0.16168642003212447,1.1933665582090145,20.06444060310883
1723039756,3,81.85432369340161,0.35757219006986357,0.295261055523745,1.1278597496095895,20.28933548550322
1723062866,0,57.08696482793706,0.33708003269568665,0.2321354519418012,1.0844283918570874,13.02788831737554
1723225912,2,237.72956066117416,0.3665271742256066,0.1989414268620017,0.9843940079367771,17.609499250706925
1723711090,2,-29.47030337082016,0.32956200086096527,0.10119123432747193,1.5272051508813798,12.226796662726366
1723857031,1,49.94683143707513,0.3614590675925972,0.28578250876681227,1.0397296861648953,22.200861133232593
1724528524,0,121.00937952921277,0.3571455594255506,0.28377569820456694,0.970945867155364,13.88448124326576
1724863374,1,126.5422346356649,0.33647586920683187,0.23024454414230153,1.1523820252916093,15.996182657742759
1725180972,4,292.5111306095306,0.3897527392150772,0.23979686133218517,1.1325393391535705,23.380115077753533
1725259416,1,324.62695771098083,0.4098099269663683,0.319081143833742,1.0298308934868114,23.010949868590178
1725823139,4,30.140222225338732,0.38585346633543777,0.1932282155061839,0.8637331759934463,11.782718339153625
1726139010,3,139.73834859618984,0.37242855981462464,0.11252227561803019,0.9128378683341856,10.287829392825564
1726144568,0,170.16109850067332,0.3821919416932761,0.22676521462303212,1.1249108463116892,18.244039178033514
1726627716,0,215.71132369771118,0.3323838717931788,0.2732643247775661,1.1469866629157923,22.608968124705974
1726926869,3,210.81094735773007,0.38440008539721804,0.23394923795300337,1.0079390024998856,15.966615907810661
1727053406,2,218.31947871031088,0.3722652971628407,0.24376175004735007,1.1545767177970385,18.433429764940158
1727549471,0,175.1567460477093,0.36973237131006226,0.19255020518739546,1.175481038172986,20.8670018084551
1727851724,2,34.86500427470888,0.34510018412495247,0.20561439533964848,1.0909521040819714,13.299303698055585
1727933263,4,51.3589344641896,0.35189304131730137,0.30272719761049416,1.051095134306884,21.885843318376324
1727988738,4,342.6926388935394,0.4436989483502841,0.31268993532418876,1.0744714247446434,23.62196405924466
1728252484,0,22.89463735098191,0.3624914692814933,0.2496868262651354,1.051746968944109,11.683876613933961
1728340477,3,160.7867469045429,0.35643478939044193,0.2793568848880141,1.2386314338638629,21.54238181937248
1729263987,4,50.65708867146822,0.31640968602559144,0.1789673419644997,1.1082342272886034,11.556671720442974
1729640187,2,66.44063157439761,0.35489947401217276,0.21841311111030504,1.0737976800388918,15.999742458904532
1729688245,4,89.99301722295854,0.34807564775998895,0.26784750404130836,1.1218171686576581,15.96691325925246
1729742723,2,7.0564855498288495,0.40500004442126425,0.3000784245777586,0.7960389058816186,11.021729485637962
1730077255,3,161.60641213996308,0.3370310842215514,0.29198630952987903,1.0672738506355994,19.81756670255198
1730293187,2,35.42988575080396,0.36810335232969693,0.2096936372373401,1.0129949874321125,9.6201751834231
1730621528,0,55.03784665551255,0.41043050913718004,0.1799432357883416,0.7509097451966786,11.270401567794433
1731176824,2,117.86043437887119,0.37052305617333214,0.22802032004114936,1.0655453196829243,17.202201099060844
1731224858,2,-13.324836348071017,0.3515696836523689,0.27433930534864215,1.0447451619881698,12.769233616345879
1731329584,2,-23.406605136040994,0.38264531156233855,0.2080379613063688,1.063461461379761,16.480253281308457
1731885131,1,6.515362814055862,0.3817012754832687,0.2676752985348576,0.938180791733111,12.896074539558192
1732473081,1,113.20418886251554,0.3654727966533028,0.19023699250251275,1.0191889698008456,14.129901985423244
1732679124,4,-44.61574378937274,0.38519498101110333,0.3604307303513058,0.9690301037881821,20.164033998661484
1733327889,1,51.025767054597,0.3593285536146058,0.2258174513384979,1.104324811088176,14.808208888091201
1733763010,3,142.11383637156712,0.357956979692509,0.28042631080142294,1.0418990222238846,17.418154009180977
1734361691,1,15.886838562375189,0.3390610712600239,0.24253832922088622,1.0995831279640698,18.401578026220353
1734399308,2,154.95837475586103,0.3977107990237104,0.3080427364802169,0.9935806273808626,23.174122496900303
1734532283,0,171.2814438494978,0.3492743448268409,0.14664009456299,0.9704185637623962,13.810613245554112
1734712168,2,124.2154137186534,0.42335103026082893,0.20766750691387845,1.045434552998341,14.980626093374834
1734866978,0,218.20123720169147,0.3569110419509629,0.20299370872770914,1.2591309742580832,23.518335830806006
1735118252,4,-62.41089684788798,0.38051564246340663,0.3419839449544906,0.9022139623667427,20.48020877819465
1736400792,4,-59.034486946286904,0.3860090569358778,0.3646926906533073,0.8789927028783252,20.807357591297798
1736906548,2,195.8289408833545,0.36975403247443767,0.27863273701189084,0.9584825323204034,19.315803039283278
1737253601,0,196.24444626088817,0.38127968008377655,0.22614936749813533,1.1275992096226182,18.773987127041917
1737477599,1,168.1159602920078,0.3654486934043733,0.27385925983247766,1.0158519051982406,18.22432350094096
1737643625,3,141.2770466150561,0.3453694196703968,0.2703155687811172,1.0744625690422906,17.564563615478146
1737989724,4,131.77295951941272,0.376813026326192,0.14863135822607998,1.1478167813888105,14.846022548805335
1738001334,2,103.92951403634072,0.34674520653645163,0.17841422827074588,1.32409655534457,19.31515703360776
1738112244,1,-53.49533935173994,0.42440257329844866,0.17956888104329538,1.036941029144822,16.66376718556581
1738468386,4,112.8958165752045,0.35557032901583174,0.24641339102433663,1.177612939366033,20.67998323628757
1738776210,4,40.2988098218072,0.3830925522499805,0.20483842664810806,0.9855676095134619,14.957534825237186
1738997335,3,25.50207484153188,0.35725311370848656,0.2454338022471859,1.1216809298692414,16.616603360448718
1740193535,3,158.5702004752325,0.33416898428255815,0.27773270357452695,1.2156888147567915,21.527515459347065
1740911960,3,128.37283802352482,0.35579073109823517,0.29246385274150016,1.0660642967619742,17.235189634191947
1740942243,2,300.1682823621412,0.400716820125237,0.16524234767453388,1.2397186696498537,19.607937447155884
1740967529,3,20.31024476459089,0.36106806767224514,0.18692212102002193,1.1086050275180073,12.185841047682013
1740996788,4,279.71827240019286,0.3922355141238772,0.26678315935444374,1.1300028870078764,23.11440377504026
1741015152,0,37.41934539716946,0.33736615331222425,0.34905532166066655,0.8757002957230087,18.496381241228384
1741494533,2,330.98234951929123,0.3870666914877228,0.26669897314259927,1.188121213236101,23.935141696887843
1741924076,2,124.1367897262368,0.32598649452125306,0.2407361107409574,1.2017492262952398,19.22896555795506
1742146572,2,165.18875123138662,0.35295691672727875,0.30778646811091054,1.076439475665976,21.114263061392514
1742249499,2,-74.74714304692627,0.36924721032387225,0.15026443569260317,1.2479693737413005,18.674111868253288
1742353769,3,-8.720856287308479,0.378798661030194,0.18202006262309345,0.9246168382975487,13.231535831692145
1742360510,0,196.09323715175424,0.3516961929328557,0.22463202160721488,0.9740375895268182,15.748479979339567
1742360572,0,-55.47012785204306,0.38261194868637066,0.1643545930762234,0.9848252273163377,15.868555415473825
1743216271,2,290.7392629400058,0.4112066515146391,0.16959754002013674,1.0312907702146983,17.69704318757335
1744491015,3,126.85942590012024,0.3606349559209853,0.2997875860384603,1.0404798390821863,17.10515077242811
1744666695,0,160.27343254036163,0.33161228698947925,0.25101698468690004,1.04258771342616,17.75311854604995
1744915619,4,287.6869114003414,0.3722329586498971,0.2160594414297835,1.138941716854177,21.61679574426267
1744939463,2,-37.48403667327314,0.3670535635626644,0.1942924856472152,1.1872483707865127,18.058970165490095
1744997791,3,-43.20484449303578,0.42266057201964025,0.20213566618706316,0.9282052208940357,18.032709451656622
1745103437,2,384.05558578940713,0.43820023531122676,0.31110964634417354,1.1506323193647794,24.789219699786738
1745290374,1,70.4035838381107,0.3562226924277325,0.23933583729405744,1.124814174366524,19.031891641544426
1745650366,1,-44.73804278361345,0.3517605971983499,0.15576723076084592,1.3079995105795268,16.9373531743545
1746336965,4,173.31035787641628,0.3631947625848782,0.22232164146346717,1.2406065749529014,20.29256444035721
1746379826,3,58.21634100741831,0.37869203129221507,0.33527632157369913,1.026597925614303,21.743080858552382
1746456403,4,120.99632424275045,0.38500376468855907,0.20321010465372263,1.0900715889425103,16.015557287795477
1747354606,2,115.37554185083837,0.3671435365804078,0.17110493680046568,1.1351957370713674,15.279949090276375
1747846009,3,1.6908592173578825,0.34841854003084716,0.2676884778552709,1.0713888706015,21.145331330120612
1748642050,4,359.6958083081329,0.4102266799873709,0.2614750201623588,1.011693826174079,23.15604075464826
1748671851,4,106.01591526246864,0.41790500441754513,0.23976218083978484,0.921342660976776,14.959848951928667
1748848667,1,23.698318715043854,0.38317739069506124,0.2074858382150755,1.0656949091274737,14.518630068957545
1748879320,1,184.06962130235382,0.36898950410732273,0.25643076822167743,1.1258666955392083,20.880927429068375
1749285601,4,151.96428143618857,0.37629132172346075,0.17398046184584248,1.0595084048043313,12.073882245015337
1749666987,4,190.78027700262436,0.34713142917602774,0.3255339564252711,1.0442076208503666,21.54882633014747
1749688285,3,316.9907686755913,0.40766141320372656,0.19940592730757245,1.1573594633033295,23.897565568475244
1750306188,0,-9.820159613760964,0.40184766095752084,0.37039799085674635,0.8451156584531182,12.245267592134804
1750548820,3,34.51296042348841,0.35391789880528124,0.20363315982591973,1.1056049970639386,12.901730985570211
1751325850,3,39.289819858248414,0.3390518861080147,0.2213547424438237,1.0739394028026246,13.969231000498594
1751332443,3,220.92124322916544,0.37940592622503877,0.14873449838134806,1.0650002780501193,17.688665535967935
1751447126,4,-24.43081823052306,0.3772134471609194,0.2956494621132548,0.960085290460517,17.9931985732665
1751469406,1,-3.38207360242653,0.3513641452049997,0.1729623210272632,1.2484899301529766,12.762677707662274
1751782566,2,65.91926355774744,0.33038945740109815,0.21947621627122949,1.2085181376659424,19.585127513252225
1751963173,2,15.56314306455046,0.4186559403746063,0.18617440951239356,0.9915079150105096,14.066365377175341
1752199076,0,82.33684437525757,0.3735800185455085,0.29269421671768825,0.9829618864836944,17.67909686973502
1752812344,3,208.43337831496308,0.37139682605584506,0.2776641452585368,1.1751363105819312,22.885977054124275
1753150513,4,120.8858164019176,0.3438339311095606,0.2570549004446619,1.1833708733127577,19.12403147573369
1753201911,3,179.5546674608943,0.3883102313506109,0.25019266868402334,1.0836802280332078,15.54014558214098
1753371685,4,94.16605920917466,0.3871970101685291,0.20875977650218996,1.088256277902734,23.06721099386137
1753717945,3,37.55829224869071,0.38897309652990314,0.19396210766576896,0.9293142859964488,11.485898539228774
1754228548,2,185.15471491384946,0.3723423375305964,0.1545731305991093,1.1152062268552563,14.16597115093015
1754638763,1,345.1158654166965,0.43208438874619837,0.34579178098255386,0.9980909960917803,21.24645490011446
1754839380,3,-11.436292198012083,0.3609238432860378,0.255190759173119,1.0496993032345638,18.04991199181504
1754909012,2,221.9784072365526,0.37188052827612056,0.2808113499315479,1.0511270311987457,21.586105161075917
1754987570,2,44.848142102468856,0.36648671987546705,0.3241954138330148,1.0528318108406534,22.968063122087745
1754996829,2,-5.461711429953013,0.37957959506683137,0.18201282717329542,1.1573007984360637,13.294719537039505
1755097598,4,137.96646845575987,0.3488616937901917,0.2514438950442039,1.0001552986963276,16.093996290463593
1755361106,1,122.97737343559298,0.35309335604746267,0.31210763623755244,1.204923507039991,23.769921128013344
1755371243,4,72.75905964358562,0.3575455616847643,0.1789713394378203,1.1471618797026901,15.544482100401357
1755519343,2,197.1790381981454,0.36433811371412633,0.1793042349551527,1.2011701425021422,17.39216834435374
1755789541,3,11.531499003461562,0.34185506249535624,0.24909575965188552,1.1296209434262983,20.687363467066096
1755924093,4,258.0368126220867,0.3813087993326132,0.2587984023183676,1.0026697711987833,19.225872025272174
1756335423,2,182.92694922308831,0.3612085347731223,0.22400310772859872,1.0481142323190415,16.83055109501476
1756666691,1,111.8845517785584,0.345276898480132,0.2231060572472391,1.1793424636059024,17.15007378669262
1756941114,1,0.6277268568926644,0.33933594679482826,0.14562496968968944,1.5232400507232726,19.15313713694883
1757174370,0,43.32155060102821,0.3413427114411991,0.3037987827407576,0.9782974592712845,19.97156302238007
1757237275,4,-25.3636446934851,0.411854639934984,0.140272770117831,1.1635131024132972,14.170512141101437
1757460664,3,22.079642754773985,0.34454169755965613,0.2358418734947045,1.0247253772593279,17.080120015560833
1757862881,2,77.13125308445878,0.35182121176715875,0.29732677580593053,1.132694330006164,20.047744183890327
1758001941,2,60.533530250245455,0.34522513247557035,0.2545637728244363,1.1001772915478856,17.282622955675837
1758192044,4,117.15726709885706,0.3738409302663311,0.2591949442367882,1.1387564570411381,22.168988285526705
1758920260,2,106.09211211603208,0.3431121292259033,0.19904309619626326,1.0018406031963318,11.580514644981198
1759081904,4,140.22457692685515,0.35406947008172257,0.1788453118573562,1.1776963571678127,15.251572065542668
1759526318,4,-9.565203572969622,0.38144813671137046,0.2891527856200211,0.9150237493318307,13.873471391493684
1760524706,4,43.908536342269414,0.3895285279715126,0.28142902949804555,1.0390087914738986,14.639415654677101
1761132878,4,-30.278428824813687,0.4045608730276967,0.2716665472465908,0.8693519106508323,16.27552094496097
1761703329,4,38.10131630556624,0.3959179674736073,0.22281021200968068,0.8933755181418094,15.696790172923608
1762139545,2,162.04565659104276,0.342297679175149,0.2338960894171094,1.0099751270462427,20.437076678129433
1762883597,0,124.35898086352836,0.38179107885586183,0.19849859107918313,1.0315807345641468,17.854004679500843
1763751155,4,-23.42650268069363,0.337499059795199,0.24533889859605001,1.1096982325207594,19.255978833061537
1763893927,2,210.46110799030242,0.33748437455293373,0.33098433961389406,1.1647012748032146,23.81208639068217
1764253172,2,144.5501600737325,0.3513026481450049,0.2386306567710358,1.0804889528910924,17.429991990583723
1764580479,3,93.2409025048999,0.41115909255683547,0.337865724644715,0.9950206004860518,21.715479018758934
1764654755,0,185.9827027993315,0.38023454246629756,0.14777561117614985,0.9216193331727476,11.49067220556563
1765162399,3,184.351918639068,0.3662851668727522,0.2506722025265489,0.9806669809294773,15.604006691256929
1765350912,0,61.987159816582746,0.3299195255067304,0.21369128968014975,1.1215936710931296,20.72062515002992
1765460904,2,57.02048303832107,0.3511657958537289,0.25220580592667813,1.1200969163540075,17.24303351881382
1765837976,3,233.70238978725482,0.3659867042566841,0.30635910509454406,1.164553558046321,24.769479703190413
1765927815,4,139.02032099911878,0.40737972056301625,0.14925934735252713,0.9251791428902528,10.627858338928498
1766008027,1,132.28668698815062,0.35818657886349525,0.23883281904362635,0.9653945022936098,18.021841729627145
1766205762,3,110.14686546443471,0.3478953950782841,0.2768275357413537,1.1589600803960287,21.37003694469152
1766427036,0,163.25337507761287,0.3908721381688059,0.18568062014715067,1.1081746624715743,18.638701724288108
1768246998,0,219.33143915403798,0.3779845000128687,0.2450365996635583,0.946762284151828,14.357029957547185
1768426283,2,251.71592319381995,0.39510908343440415,0.18875409428314288,1.2271550706522616,18.427836620501605
1769198640,4,-13.98740667165032,0.39242560869237836,0.28768520652903173,0.8587382850690571,11.598045838921907
1769217359,4,44.708847869500325,0.38262831180965023,0.22422233285652643,1.0611624075033925,16.8649717491429
1769343674,2,213.64237863800534,0.37227630875613993,0.2490948950047202,1.0032087951956214,18.620020105403377
1769579666,0,175.9542432468831,0.356518948181256,0.2653707226297727,1.1727260677699871,24.642667287657346
1769889494,3,142.12926380785225,0.3831041219601796,0.16060623404685564,0.9340504989939828,11.429331138661645
1770296397,3,186.3677948122558,0.36228222858349846,0.25362387573114287,1.0007516651504562,20.38099512493861
1770973625,4,193.47686761871773,0.36055850668850997,0.1976586912786746,1.1804589708715916,18.887832613288637
1771399222,3,28.661919802503164,0.345498561512156,0.2881368204132229,1.1035153856555036,22.982176602293016
1771648139,1,89.17121241235651,0.3526457821325604,0.19850823520877692,1.0981159208720845,13.329454641049654
1772221241,4,259.1271117876198,0.38842696026755397,0.18709876534556574,1.1458267912962965,21.362054847524178
1773311444,2,34.7076138673931,0.3463356446456155,0.21953652273801513,1.2044748647181924,17.84669726907668
1773383580,0,77.75219960575292,0.3672918026664426,0.28333147787550333,1.004990631791421,22.971749132588076
1773451274,1,74.31025549823872,0.3796622101640372,0.26787470993042267,0.9449079071142981,11.919810864312101
1773543795,1,-52.05015445117107,0.34696934120112444,0.16952654809599274,1.1308172908001257,15.933637106648742
1773625763,2,160.1170188058734,0.4078571336001664,0.16655612374575962,0.9872174784357602,13.834651024921378
1773759171,0,80.81908935339197,0.3886753048775925,0.20767661118160025,0.9467926190331469,10.302376176102765
1773982795,4,36.13546347828974,0.3577121718177283,0.19382455171720944,1.0408896312853924,11.354046530614841
1774773315,3,99.39511788889922,0.39298093258183975,0.2109759892991995,0.8854213979612234,19.206013605192833
1775591199,1,146.76127653133022,0.39492870063379865,0.22074393834250847,1.002843344992388,17.139198994505676
1775887847,4,127.3645876954586,0.32779719225603005,0.18285396309929136,1.116613399838363,14.175156579139902
1776137292,0,264.37126456549595,0.3852815323601455,0.20560325329483078,1.1264659972193487,23.01574156758071
1776297302,3,1.4809017648574923,0.374698075458427,0.3471907393554146,0.9489062992445253,21.608309304849413
1776629260,0,82.11671137144882,0.3679329649984907,0.23827112550947263,1.1057570463373996,16.888675849776153
1777009355,2,73.67001713709632,0.3597519720004522,0.3256434218943778,0.9755250186211345,18.057823289523686
1777047790,2,117.96338887873145,0.3274573518829046,0.18908455841641242,1.3064772670908478,19.4083768504391
1777341480,4,159.30047690657702,0.38166893995101114,0.1408050342263178,1.1108104757267745,14.268022737200669
1777517337,1,168.7751918537553,0.3685444628159371,0.2858932106957493,0.9792652206639487,20.327049736953306
1777622609,3,11.619032499681254,0.38090940005356705,0.20674598604685449,0.8834925546674106,11.21834856248626
1777831717,0,204.5793848324849,0.3740351228587779,0.2013287622307088,1.138484407169196,23.46877392844615
1777861386,0,153.75822418777614,0.35245444051304525,0.2214461452020381,1.0109867956988823,14.946231511335503
1778072997,4,170.65750320693195,0.37979363934287746,0.1808803097803169,1.0977963511184023,16.579907731810913
1778095789,3,26.393044364537488,0.3480949499470207,0.2677145208863392,1.0953646249352043,17.42599871610565
1778794604,3,29.853533912135575,0.39195675748250486,0.22580224564569032,0.9962817895895646,15.113193960714506
1778806349,4,-56.38549532756829,0.3740177979939056,0.24517247563672928,0.9543804928112762,13.718204177948907
1779122339,2,320.2480619542681,0.3954951708976836,0.29468014360603867,1.2406607170980604,23.752795939640595
1779443972,0,113.1078684944778,0.3414860297159132,0.17161213692265137,1.0703073002235202,11.729892299602927
1779551878,0,47.679507462363865,0.3760683539199383,0.33628939055508067,0.912324353111622,19.857888949613454
1780220643,2,-20.50448255422843,0.3633619074408222,0.3149201138862348,0.9535858936985496,20.834320025828347
1780262446,2,71.83452026453404,0.3849989931302801,0.1779296146115677,1.1200540683432199,17.98394965732073
1780443736,4,171.02253885659258,0.3666478175053938,0.25900138042298004,1.0030742440109035,18.99628431555527
1781035787,3,268.9895534437545,0.4008766276478948,0.25732482427667913,1.1232607375826023,26.735129852422656
1781608309,1,31.328633025387063,0.35013740335832283,0.2621757645688665,1.059107869254678,15.244688739517535
1781915086,3,50.292110853152714,0.33210735372484806,0.23886858941371253,1.0857906575205545,18.150164821786152
1781926636,3,28.380698151034792,0.36354350973174715,0.3188543466657615,1.0174056954761477,23.017279967090023
1782813918,1,137.321058143142,0.3740998796618039,0.26127919076597267,1.0334743377261268,17.08520048777819
1782970907,4,203.7496125713153,0.37780608395282045,0.2084802641652637,1.0999141525841096,17.244565543182205
1783140001,3,55.94679074439209,0.40588900862718874,0.20713746033070782,1.0565674902127271,18.142353360196175
1783164838,1,98.09576320584003,0.417833815284186,0.1609643152988223,1.2677994132561712,17.10732791561335
1783173657,4,80.79278490190356,0.3852078140169208,0.16413944344377857,0.9533008999364898,11.08185355241746
1783262113,0,155.5980226882744,0.39201000128762664,0.18055661027969214,0.9850010210915302,12.730485117174371
1783614985,1,60.46404313179592,0.3493648059886591,0.19180057341642953,1.0325774339682057,13.354865927910028
1784004493,3,-1.7472141116448938,0.38783389105699057,0.20797999836446984,1.114677851657243,16.661853638485272
1784137084,0,1.7279199233108358,0.3410847073757682,0.2596670526293671,1.0409524250866888,19.773456929927853
1784177503,1,82.30395508977118,0.32308836996534535,0.24995742654888295,1.2050226296691708,22.85320121334228
1784231547,0,126.15218570655043,0.37615457830857113,0.2482808829265634,1.0723045798587425,20.4796172984278
1784319633,1,82.75805354897221,0.38766294005834645,0.16922953289521564,0.9430855282322894,10.626878734501272
1785002432,0,163.48973629856124,0.38913425405532914,0.24271114247149894,1.0367396627662988,15.156832558715887
1785099361,3,203.7083334182676,0.371044174971626,0.2780685336185761,1.1747337639260982,22.675876605156382
1785446728,0,164.30148907907972,0.36499981922442715,0.24224815094966087,0.9526129401349657,14.303891158055858
1785988282,4,49.12571581683036,0.3891281577291137,0.33771955723236274,0.9777746558289107,26.854136871595795
1786011241,0,42.92364365938047,0.3189581657924373,0.27547663686131996,1.0258099517645012,12.37731261520228
1786063717,3,23.872913516653355,0.38452228278309786,0.3196271465526788,0.8733119921051281,14.960289527287737
1786072112,2,137.22159420696238,0.3758445499272502,0.23572025368030303,1.1181419960055796,22.298631314068018
1786149230,3,27.55073682236413,0.38518486628941756,0.26671479574956697,0.9096056462686849,20.438003324206424
1786272690,1,214.24763360951033,0.3716270804638473,0.24187844447661477,1.0964564543155155,21.501812911398158
1787334599,1,9.70385261973675,0.3269226158693022,0.2410193876645267,1.146203416668477,20.51344513862626
1787342270,2,149.25575820660345,0.3751922050153787,0.19183854035470915,1.1572258099407948,18.091570748583777
1787772171,4,-49.624600001157376,0.4139051679452817,0.36796205582393204,0.7962298905192966,12.761078811131451
1788116403,1,92.96067764067315,0.36783690122191626,0.2576884930055329,1.0319653138259317,18.271730806663964
1788310964,1,71.91648910960673,0.3600112129054608,0.262474346893149,1.048201078601942,18.167013761163336
1788326945,2,-24.593974591430197,0.3481159166190309,0.1474631696742214,1.1303538849940216,14.566573505285108
1788446474,1,274.43934333082774,0.3658649358377888,0.23236780043272814,1.1525744875150399,19.449165167132236
1788777860,1,213.39940100864527,0.3489367893238006,0.3235975207611968,1.1370828565216422,23.877849877066993
1788955118,3,147.63377173809369,0.3517229221758879,0.12333344477874014,1.201004039417794,19.75078993784765
1789314864,4,-101.68340860033376,0.36308241097970545,0.23888873425887852,1.0326685077459565,16.777546774597006
1789414981,3,60.71399216306283,0.3428267507920794,0.1997643930205048,1.0053528237971556,16.060886531196438
1789644215,3,140.00882315746134,0.3731911559174703,0.27876021613029384,0.9188256976422603,17.97417779486019
1789925675,3,33.37532563726329,0.35809736237234036,0.2287556131888248,1.0172215668323161,12.171099986806489
1790048084,1,-38.66005375421619,0.387504319949951,0.3411916907242369,0.8997228072353176,20.8254385739314
1790316910,0,114.57268865671807,0.3297386301198141,0.22323181868262848,1.1036986923092997,18.365839421549328
1790362530,3,3.685234528715668,0.3251840998221651,0.22620070815845125,1.1675678905988984,16.89745670290553
1790709868,0,134.08470000052904,0.35674104833351195,0.22079623299519002,0.9628858970337704,13.60205673167821
1791119608,4,-4.6861057481285116,0.3973313060407579,0.3644290074533635,0.8688440341563634,14.330821153881914
1791310539,2,84.11461567701117,0.3539136054231805,0.29450605246351197,1.1223162033782708,22.456101813531372
1791321384,3,147.98399258164363,0.34954745400792847,0.23545878882256108,0.9994421053319371,16.318729731142422
1791454945,2,314.27114648555147,0.40083228834962004,0.1920008024502657,1.0482574320542166,16.33164761840588
1791486137,1,-5.683128442147762,0.3577840731431147,0.2710953001731448,1.0982222282169156,17.624724360757746
1791802492,3,23.56903511488494,0.34517967641020486,0.16608884930322856,1.27771788594586,20.072173780426322
1792328384,4,9.282666408453267,0.4025464156030818,0.12464812586572385,1.1754446906600826,17.34554879430903
1792336093,4,-14.397795960870482,0.48004557275573556,0.15687810281804646,0.9053685204201952,15.17539382205973
1792419504,4,131.56433213036175,0.33607509509449296,0.3713926488461238,0.9840566033552468,18.585692720536453
1792717166,2,33.48095615287603,0.382119546414639,0.22194261671271676,0.8698069848767407,13.776919177482437
1792997917,3,-75.82163852629105,0.33910142056058057,0.08637406342983661,1.446292893254313,16.824858759566695
1793024081,4,39.167938917076185,0.34017466649193023,0.17124187646720343,0.9535344684654574,13.41414640351934
1793643312,3,9.503475979183975,0.3224130915315248,0.23623311554940776,1.173444521961026,20.87058446689965
1793714873,0,-37.31997165742975,0.3953286177892355,0.16230519110435912,1.1958821645358308,18.11566723942475
1794681107,4,148.74111558778603,0.34821120030920283,0.17765066213281816,1.0921316261247809,13.441822722525053
1794683515,1,145.32515355028355,0.37101996464895004,0.26004559481641804,1.1476647261227066,22.3941684420674
1795125893,3,64.22558133504747,0.33844205021261464,0.25816529760644574,1.1654939471219805,22.008655718039915
1795185770,4,237.87425005058444,0.37784010554919745,0.3182758309255341,1.0189441123152598,19.42801669825927
1795208457,1,-5.990138888842239,0.39575212509209917,0.22860620102574178,0.8319543212351531,14.42896068196739
1795274975,0,160.78551564181987,0.3678582487796132,0.1838602569192921,1.2124122677176643,19.17213328530459
1795499344,0,321.6871444523336,0.4539578968644717,0.23259153310357045,1.022693142834311,17.478844390243587
1795625722,4,16.12491227795769,0.38706167220057075,0.23524532266962112,0.9502318675021156,11.845403742292117
1795760270,3,40.38151308886658,0.40912881463518375,0.21477967855657518,0.7573755973703277,11.888133976178032
1796091822,0,144.26768269024686,0.3552043986488751,0.24036597708868962,1.1928366861364244,19.590069433345207
1796177259,0,179.16773928680124,0.4188691719882395,0.25746777132440213,1.065535685738125,17.113478140641764
1796439360,1,181.79221055396235,0.36677262097663715,0.21449814665346723,1.1829406749912228,18.951945016704638
1796856353,4,20.68703287531089,0.3546401707377958,0.1198663439928366,1.0910724095483362,13.14164201022637
1796975944,0,168.4216545585157,0.33918359499401246,0.22754469543047734,1.1099986034668707,14.803791346917466
1797111879,0,186.4475215471432,0.3974908835767754,0.19137751057678817,0.980814400774825,13.71866175392185
1797127681,4,30.435839435108576,0.3679192703233075,0.21271207462324626,1.0937416739240824,12.201294550252271
1797412842,1,39.60976991102157,0.3733612846000726,0.2180580779529553,1.006697735568682,12.946571628613473
1797791168,3,59.85955005199776,0.3421005022390697,0.23213525735672058,1.0633941193292265,17.67636105348717
1797950227,2,243.1914221766358,0.3804716179356991,0.187721432663595,1.1145456458949627,16.551352783651875
1798703824,1,154.34614933839254,0.3375388647132955,0.29399702403602074,1.1794615094956609,18.335890742584656
1798783963,1,293.4072599474825,0.3880109113416769,0.1775059894308474,1.1807809582820892,19.94611717499147
1798943055,3,6.810923987612682,0.41203696288902675,0.31747682741058725,0.808944684402225,14.63400656741915
1799071483,2,73.91452262960067,0.4068484288069419,0.18209006247522694,0.995760240155271,15.006330099276305
1799254140,2,163.12180765156955,0.38425247442281113,0.19804147211230763,1.0466363071997724,16.13436994418223
1799502171,3,26.786039762915195,0.3826151602831771,0.2505563995923416,0.9416737784862584,14.128156415696884
1799759378,4,-13.769018123336167,0.3689609700205309,0.26636987232304105,1.0924254834925555,18.01654396217272
1800029719,4,258.3066826308568,0.3813389122354701,0.2595638986996261,1.0024290391617012,19.251670087101918
1800644931,0,86.16969298536742,0.36410410777468544,0.19645737742851527,0.9843743680720266,12.50097662638346
1801218015,1,39.032392412731106,0.3345040126300898,0.2521739354767558,1.2010585355373655,22.033312986647253
1801224003,3,85.77728555415035,0.33551507507638256,0.25708484447869545,1.078160287876038,17.895104759670122
1801465428,0,48.931565703215774,0.33782425155897805,0.22955440512699343,1.0919548446213216,13.85868673194511
1801821900,2,95.1727804449889,0.38074645375116595,0.3337416982220113,1.0049359332894598,16.24799367895369
1801990211,0,265.001271834775,0.36845664998235755,0.1946249269267736,0.9525991104514243,12.90229558444307
1802780820,3,251.8833127624764,0.37371419089586355,0.22142136284759584,1.1463536679171868,24.392098796344236
1802973320,0,91.27053791162062,0.3635161872425346,0.21068909090587912,0.9533897496815564,11.664424109002436
1803088964,2,233.95714176237152,0.3803807248948312,0.28289955800184363,1.0658034373174874,23.014634587733592
1804539920,4,147.86129768742515,0.3837407638424961,0.20171271330694382,1.169227572772515,18.77757227576928
1804622774,4,179.50299649395606,0.39319841872269845,0.18150298323178554,1.049068532678103,13.681261306529025
1804735174,2,193.1365727082926,0.3807458191133658,0.25940993633994264,0.9709462954976241,24.546566150951563
1804758935,0,104.68154099422834,0.3202258487334338,0.21338324639018225,1.2787483731359066,20.21061755259836
1804814245,2,49.48368532895945,0.3963600674825006,0.23107143019409981,0.7657014936269204,10.941340639662272
1804819295,3,84.85444725062464,0.3445412176723695,0.1615601353006422,1.0789438323446345,12.04583341999005
1804829075,1,64.54375689380437,0.3396425975960804,0.23127447555825278,1.1527799968294687,16.94268865169681
1804836030,2,234.34988871319052,0.3651059703248629,0.26587621356009244,1.1420642928967433,19.873879235951144
1805818890,0,199.85400154025947,0.339615626089753,0.2541701455474874,1.1554068200125795,21.97932090541665
1805828893,3,34.50924554493729,0.40186191622851597,0.3430207793502228,0.8899163108940783,17.97021113636018
1806252045,1,78.7527032571913,0.3295313185627793,0.24504250266566913,1.1950052495126342,21.946369260672768
1806255411,4,-42.65675645097804,0.36335293077722897,0.25815991748009126,1.0327966481228907,17.353154954543527
1806416444,3,215.17666461327633,0.3627692867945335,0.2450032253791969,0.9779229974042816,16.374079397152965
1806691588,1,149.24078655186042,0.33492029213698943,0.1964606713893037,1.1692460251303969,16.333225339655904
1806857427,4,21.535668126358402,0.36576128807794983,0.3289553327529436,0.9633430855010897,20.09826820910707
1806961099,2,225.1223631938151,0.40110452286721116,0.24479846260042262,1.1529151353243852,17.78456344592213
1807042238,0,51.50985986626155,0.33828524655394077,0.2537748000739312,1.133720076028111,23.466395779700367
1807156052,3,33.54950399868236,0.38519027197628014,0.20849284574550717,0.9109954118032623,16.287912365490662
1807233855,1,10.159613090378542,0.3719382678310868,0.2918372384888011,0.9917609271612152,22.358584667180804
1807732967,0,81.96574884178925,0.3405360378266345,0.24539794772723925,1.1564697423628238,19.038358272348702
1808141855,3,18.550327732436628,0.3556074271951662,0.26611145374040707,1.0545653008164046,17.04096336896146
1808438148,0,30.8790779945357,0.37856944340622567,0.21255988024144884,0.954020882019744,13.643015672658176
1808604040,3,183.04179589479327,0.3466862721141792,0.3055989416765529,1.147833952511972,22.855655189656183
1808750963,3,70.74074335571558,0.3924255482449713,0.21774759378784803,1.0113046999436663,16.455141895754647
1808991863,1,19.309770910454546,0.36353330753159074,0.22049595963961624,1.0812218862771945,13.38973210741001
1809093717,3,-31.23179092279372,0.39269823028581,0.16865237083586096,1.3893659826137297,21.920156901979848
1809334970,0,-39.61304241088676,0.33617706414823656,0.13353177398609278,1.3316145856155424,12.050194717294888
1809372811,4,337.6540818391841,0.4449416355041586,0.15470686393104388,1.0675516426012366,17.341652687303345
1809467126,3,111.84222478924993,0.3858933294545479,0.21913853428631774,1.0923817500396873,20.828209512959777
1809480718,1,133.74786215355323,0.3981327183669928,0.19868297421210396,0.7702833667662883,13.832237247953932
1809618585,4,-0.34007010432797813,0.3862663398612371,0.2904439989745499,0.9351443152592258,15.96637721230029
1809672801,3,57.97894289626786,0.3721950816092743,0.37328247982062546,0.9143944394872566,20.581494427207264
1809695642,4,99.45325013447501,0.35772956860049226,0.15155109987891224,1.1694275719531382,14.66723191514378
1809858457,0,46.69910089683161,0.34821746167464823,0.15775370261652227,1.2395962355577481,17.768835500040137
1809876113,1,32.03767876337267,0.3488410897184401,0.2663083023800191,0.9730931697467734,15.030469450512966
1810490415,0,60.44454547404313,0.3365722472452696,0.27192862505388565,1.0795294840014642,20.206730257856297
1810774375,1,159.4031950780399,0.38002753622533636,0.2446517345378021,0.9451089028404898,15.549291597678808
1810979250,1,84.22226914006605,0.37636438905741637,0.28689498526970103,1.0615006748891789,21.4428182696673
1811086141,2,24.340077759103508,0.326196495093663,0.20343302917653244,1.234354127348142,17.216759557064094
1811300122,2,-29.18418338530553,0.34035976066231116,0.21019497370664345,1.1652240276970487,14.55972066370784
1811542913,2,156.68330091675563,0.374204930900863,0.35113205617084153,1.1703355823078205,26.536910472927858
1812532838,3,47.6614122576011,0.3415937099674144,0.26193625523283515,1.1158046116917526,20.467767567722028
1812564153,4,157.07004069109257,0.36224219888355325,0.2350421186689166,1.0113569987244087,16.43022047473775
1812700910,3,66.61555112348148,0.3882488562008645,0.26792225386505375,0.9077090522931028,12.21339255589305
1813031373,0,-16.35965111298205,0.3398459578796219,0.20665289404354234,1.104045617321951,15.152451612920828
1813310957,4,154.7998804075163,0.36602395341646826,0.24719593929518266,1.1908657364480704,21.03223751958314
1813912008,4,26.331357702673017,0.35609502031050966,0.1578059774631421,1.2207220977231277,16.319425938944548
1813959998,0,222.8016474408555,0.3699280393066991,0.2605470521720524,1.20295351563156,23.377242841769995
1814261052,4,44.597777071520696,0.2992140548707455,0.28535271299774556,1.1638885702556359,20.449958261826232
1814313694,2,44.506952090350005,0.3406773502694667,0.2679991074142373,1.0982918805926367,16.233169255483126
1814513311,2,47.31542510783197,0.3501954454138837,0.16938654364240113,1.0383214071907845,12.14583201091571
1814521184,3,-5.594846119471811,0.3970087082982794,0.1565285784555768,1.1598502555345886,14.116966380411894
1814522046,3,89.77972811008691,0.38262183002097216,0.2312830297618682,1.0343948877377676,16.067944674694427
1814526307,1,185.94980472112206,0.36042612617769076,0.21557268227148726,1.212183895818932,19.685657901526373
1814705967,4,38.31007634543917,0.354539547830028,0.2122103434946262,0.9905291646821627,14.63141317966706
1814831585,2,189.4156632740292,0.36254169590071705,0.20820710517274807,1.037452369673203,16.514109748603087
1814888987,1,-25.88312975436287,0.3456519206834351,0.14539556119751665,1.1466227219632392,15.883549399208144
1815199784,1,84.9859114592341,0.3664384786513125,0.2448863257602565,1.078508867122504,16.679984563125846
1815220094,0,180.14730419439434,0.370912825539937,0.22497106131076408,1.175176723201877,19.677001770738197
1815368241,0,55.22791340208026,0.3334139640551643,0.3189320236146388,0.9160925878251723,17.402066794983163
1815372590,4,38.7894570036112,0.3619328032429579,0.31604742173979555,0.9756152331966444,18.680747016116964
1815391317,3,437.70250001604336,0.44479142273794187,0.25623509766506575,1.0185582845437908,24.363620127404598
1815514979,0,158.28942121234877,0.3818459191184138,0.23274969315627902,0.9683186814593124,13.141556862134845
1815907027,3,98.7856276702471,0.36192119251217914,0.2238110274951218,1.1272719629394359,19.753961357345588
1816427508,3,62.93250961606492,0.39334997633757385,0.3028817858799767,0.9528616298428932,19.975516744663782
1816536666,2,178.5193938721323,0.3675085497324791,0.24791247192464053,1.1521283649131822,18.47060197336411
1816744100,3,207.5779406698978,0.3795240184881516,0.23562681328590923,1.1710285460601646,21.895417604710183
1817213256,4,186.8402758186213,0.3582203900757787,0.3057862453141502,1.0397459090014656,18.740365147991408
1817586753,4,39.796121443604726,0.34928562086749454,0.30366563394448365,1.020423747418458,20.29655953885497
1817646491,1,43.699983364354146,0.381199909478478,0.149714299377306,1.3874507938241647,13.771334206619935
1817835124,0,-132.63839081365398,0.30867887294244883,0.12256086031313013,1.7031341472763046,19.550889128717998
1818051082,1,127.92110396069106,0.3521825575037412,0.2626240883159696,1.0853382523027941,19.938302812444242
1818615314,2,101.8640226571944,0.3410268277369362,0.3131793790538431,1.0340516378316436,18.454140946468076
1818810158,1,78.2410658959586,0.35284279720833367,0.30062579691223196,1.10232525623665,23.10067113652533
1819092687,0,97.1802259805948,0.32762188286983834,0.30891813885160485,1.1019843400468152,20.318554106575462
1819263382,1,224.53225273885303,0.3785012160574573,0.2271244052993578,1.054713494403588,18.417532782095485
1819602456,3,11.13752811539237,0.37533630816239544,0.21871635770724096,1.1008678358129145,16.856631431897743
1820587217,0,238.55648459330803,0.36908138425204734,0.30604018600887645,1.0952382456015268,24.253936707849483
1820695762,4,45.75726496454561,0.35807641215930064,0.2849375732499882,1.0645519005480157,20.51080196278653
1820800881,1,154.58940317954037,0.39105724260404057,0.24621740990755145,0.9543934684474153,15.17473083493563
1820965288,2,75.6553356793278,0.3404199616152173,0.26462537612596604,1.3437009258665582,15.835960171992097
1821594642,2,138.12437980504208,0.36614482691235695,0.18579242307004087,1.161054448912234,16.91038335654039
1821776890,2,154.18887964643477,0.3570889206398005,0.1771590489261986,1.277511152331415,19.300225917522393
1822483719,1,44.19539138172641,0.3631433475659886,0.3481584971434696,0.935865426754607,20.491261392660018
1822664278,4,26.966606312009233,0.3441884943598783,0.20578298779711818,1.0407391756814046,12.561206966059718
1823153942,4,173.24961674151183,0.34161437587418914,0.2671389277817943,1.1713788536588776,20.945296340666253
1823366229,3,106.57885156337784,0.3661425882956381,0.24163145297869928,1.0502459539723588,21.23647811722156
1823476334,1,72.84594427553421,0.37775590740455206,0.28963248095901784,1.0088927168898199,19.07856920081738
1823522189,0,58.21764021287434,0.3952194675284913,0.2790483898549568,0.9727022281912417,15.851970149735047
1823535687,1,26.79641356514162,0.35251635574764656,0.26393301639272077,1.0684660980321325,21.273207992047062
1824329781,4,151.22335218178372,0.3722033015141378,0.2784735490405062,1.1435668251208675,24.43681570043029
1824700293,1,5.354038915113861,0.39805917159430476,0.3453848372735862,0.863263822206123,12.687431769496973
1824932578,1,149.0726595850047,0.3515843818827632,0.24338121991681283,1.0152659387432772,17.531376205180774
1825472814,1,147.8507613048024,0.36188844303355455,0.2853898354818968,1.174823268645727,20.578095622534796
1826128756,1,-2.619500543595123,0.39688943955269546,0.34313006700504584,0.8596257114060332,12.740082736942515
1826423349,0,216.32950830312595,0.3972852735712501,0.19336612740776848,1.0308581310185627,19.998454566751864
1826581063,0,187.5864425497033,0.3557175127186784,0.23593656902596294,0.9683719976866805,15.037577133366328
1826810455,3,204.91212778617103,0.3519579087226192,0.23927123872442668,1.0027419796292212,16.548770758351814
1827057509,0,35.30245732201018,0.34238692557463246,0.22810409623567085,1.1126917067320332,21.872766906068374
1827233180,2,54.72961401473491,0.37607367299710426,0.32507808923746273,0.8815998389414647,15.488516298678338
1827383703,1,194.3372180049958,0.3582630722103778,0.20992732739570755,1.1006333482646253,18.882224399181702
1827805083,0,141.45757751948634,0.35647495952802727,0.23609350577575913,1.1911922192967255,19.57144778791273
1828252932,3,119.89128254648465,0.3792797176073828,0.19011976693605495,0.9549896237687368,12.833367981310785
1828453397,0,74.69057761761792,0.3531512661034597,0.2364013850910809,1.1965397960258226,17.74218373298552
1828496288,1,55.29681658608028,0.34871735290680705,0.24249657261338387,1.1397506428223374,17.587117092487397
1828551601,3,71.18713178147026,0.3020833203938579,0.32785137373750384,1.2364398721559013,16.566122736951954
1828668618,0,97.24249058559856,0.3791889560946897,0.22366043018708465,0.9465277596392646,16.095195976071075
1828961126,2,186.01052482975257,0.3717921849912167,0.21336769213482382,1.1430052122945198,19.667584747386908
1828973221,2,174.29316268759135,0.3516038519061342,0.22230458662026203,1.2280960974834123,17.815886503346167
1828977072,4,51.805592429359415,0.38405478693658945,0.2520960522057743,1.0354326480270923,13.994220641486535
1829411915,3,132.58718400026754,0.37025717699146876,0.27500817116580945,1.0378219062988612,23.37266491281093
1829654817,2,130.8660282221923,0.3669937163441394,0.3125690901320125,1.1777578139332696,22.45386656146568
1830100599,0,156.79422903431924,0.36652181834076075,0.17427862493895774,1.2034007393970358,21.138803424790822
1830469159,3,24.333638634226475,0.3458906520287017,0.17169861936183278,1.2483838643252312,20.361333754527948
1830893860,3,57.918148507892695,0.37705604510922797,0.38854302069360513,0.9012340990775526,20.801458541812117
1831743927,1,146.10470616647297,0.35610997411882744,0.29168757887009794,1.2374395024886307,21.61167818498829
1832371636,3,134.2979824538813,0.37244239656472183,0.23013213412558375,1.0751385867848737,20.599961084793364
1832963659,1,166.97545110777617,0.3633294389067567,0.2686896614779515,1.0177627310153756,17.84915218139243
1832968600,1,27.259752016519215,0.375932067481004,0.28656824745555315,0.9335482589854889,12.59622233761317
1833216472,1,206.58730416398117,0.35743924411177663,0.31895912183751624,1.1653178633924495,25.425344874415018
1834039585,1,67.25334337905934,0.33357197207680894,0.22086132792706062,1.1918994776564835,16.831799958202176
1834169078,1,132.53304720782464,0.37691625660616673,0.15874461939070583,1.0099478706216591,12.023564835638988
1834440826,1,36.07300296981769,0.3416903332844649,0.17575408326944247,1.1349565421285848,16.368901339748675
1834775911,0,189.98674578497264,0.3711128456006927,0.24948839872443263,0.9540436486640332,13.48663221539613
1835012454,2,-17.118082839447794,0.38288336169130505,0.26208336048839215,0.8777002670846366,11.68941019763514
1835122928,4,-11.58435614757839,0.34588295356194365,0.25044355547808644,1.0847662764086803,19.674794744489134
1835485471,0,247.28739692347347,0.4277357725091535,0.18810528460263104,1.007600478255936,22.040068730573097
1835490672,3,-3.7994640237396453,0.35455057542292956,0.19098813846079005,1.070946401603784,15.94719828133297
1835545898,0,106.14926093108716,0.38076031928484233,0.26853692402954454,1.0424943718361261,20.269366173910292
1835793920,3,147.2541058050208,0.36309734322063336,0.30046479293315514,1.2304805600491107,22.631335803754503
1836092833,3,134.66224099497782,0.3625824137297704,0.24805768600839032,1.1322111891795468,14.758455378472966
1836401630,3,305.01738103353716,0.4014880353480306,0.3134815998210907,1.1032620018835078,24.179705346442987
1836411379,3,47.049753495298354,0.4705759335647206,0.2532520408262764,1.006776978744996,19.324999585233748
1836445960,0,113.53093969341617,0.3834424680742249,0.18348194398671153,1.0463204934471984,15.489507416873957
1837157915,4,28.360061136461383,0.3463865548338745,0.24013746374228978,1.0924370293304964,15.343433449494626
1837160865,2,11.538412564792509,0.34523531536456703,0.2624113583416245,1.0219505708451937,17.83414988329118
1837451686,4,107.88360284170116,0.350435127419585,0.19155348852660273,1.1337835347931955,14.165041588017736
1837536238,2,90.1074680519799,0.3619194035089112,0.16963685601565334,1.0584678730903732,10.4459359077849
1837695049,4,131.98174867775876,0.37086232088031196,0.20049050995262788,1.1384798306959438,17.36419058747045
1837695884,0,65.04390364078321,0.35647257871270893,0.2802072481287935,0.9459410416631772,13.900804619658114
1837801743,2,127.45765814396532,0.3443070607727024,0.2378474861003068,1.1499833680672549,24.225526123021083
1838148916,2,40.61854703452941,0.36937596650129106,0.3168480371660432,0.9310514077075613,14.570118597232764
1838224579,0,98.52712690660371,0.3820724038045235,0.2771167216787055,1.1272052979556302,15.570668100032275
1838851947,2,175.5133028780238,0.2855452763644504,0.27689667118808603,1.3524430302121027,16.776194724730164
1839284190,4,171.4675014795503,0.3355743426940275,0.22750460675802148,1.1648610175788623,16.263607468876494
1839465675,1,224.17195240151858,0.36749219328266836,0.217784963075804,0.965172767863652,14.352705249835456
1839521966,3,73.75709445121383,0.35814455737438405,0.28762214189199053,1.0075286066540408,23.058673720075973
1840288311,2,65.1156786098081,0.38246288008622975,0.2442458754004726,0.9545867430136291,17.00180061139465
1840821848,4,-84.60159342526006,0.35018465003469523,0.13877020241820012,1.262565969107459,12.331256775868649
1841717328,0,223.5917801330616,0.37322625652942804,0.2520854447796709,1.1367057517296784,21.64829056033392
1841939316,3,116.5357700547777,0.28370080667725944,0.325829773607781,1.2252019373557665,17.484828719979394
1841990330,3,181.9446172050196,0.35346136081712176,0.2609987368113329,1.033501354563913,17.97602231490397
1842093316,2,82.35685265634925,0.35927011249412105,0.2464254863374379,1.1274783143444371,20.611336639457097
1842577004,0,243.11761307834234,0.3656449928563248,0.28558354990668133,1.1143469334329976,20.647438755619888
1842579493,2,133.29929599129514,0.35814024118202836,0.24019834396425266,1.117816052100702,20.2346844092731
1842592587,0,-81.05343874005406,0.3612518446700099,0.2486656181994339,1.0579328569517539,18.14717328790055
1842699132,0,214.39775867277336,0.36266679062261364,0.2507766225826385,1.0948019716257962,18.20477484769516
1843486758,1,-46.16023652591858,0.3290025322193929,0.1362489035599505,1.4544995828905327,14.218160210709435
1844365452,2,68.03358295909702,0.3341195966470632,0.22548304164122776,1.1644267825318506,18.702157261693657
1844848960,1,156.76987645112163,0.38139552234294605,0.29508335567255806,1.1024549249268496,23.03726388389353
1844857669,3,241.03136410519426,0.4186059730380901,0.26118639464774157,0.9999856894701431,17.119463617498553
1845417873,2,171.81638145904358,0.36602519824726826,0.15523152234980864,1.3850092015335658,14.488713803564705
1845492886,0,37.85921687762798,0.36305635488800947,0.21317492050697795,1.0872360467688151,10.42347215148698
1845526826,4,100.7896849980614,0.3704004190267542,0.1670007019547602,1.0111307932991582,14.420136035765287
1845530087,0,90.6002370904354,0.338012932516529,0.26329340592655703,1.2310888765154786,17.272802566894086
1846095810,0,42.28676832980873,0.34586628741748404,0.20885411050960379,1.0688951984921475,11.915445669450563
1846410609,3,48.6473082860293,0.36925396588126624,0.2133726955616446,1.176582771235718,22.282431976429567
1846941939,0,141.5420063315093,0.36373252144166496,0.20594788115019458,1.2269827714231045,22.51795943472084
1847001719,3,17.811334158214564,0.35946528195217825,0.18257866181600088,0.9226855765223579,12.479439472642975
1847105802,4,73.81618316209037,0.33982175708738677,0.18036479111972123,1.1074174031214523,12.037539601078077
1847970143,1,29.74896369907067,0.3099549394786454,0.22863773549890318,1.0754353515541664,16.83739374803906
1848016305,3,309.48676745383,0.4172566621310237,0.16999174044720522,1.1370926415533587,22.771102899463163
1848203526,1,83.15440370589062,0.3630592337534741,0.2727572218053974,1.0537896766126815,17.884319270373407
1848234898,3,9.23685326590659,0.36560148125756703,0.2615954175809057,0.9960214211476539,14.30940786123983
1848433590,2,-3.2497342886911866,0.41202340885027694,0.2278569475510005,0.7631320633302159,14.691440078805229
1848774287,0,69.20350868521246,0.4100876251540692,0.21508303880078003,0.7978044080869398,12.430653186960509
1849021129,4,190.08288310090268,0.37997343313883253,0.1868135890283448,1.1772088525849689,18.36396921864333
1849183324,0,149.19289398849855,0.37597987053347526,0.23356504797232247,0.9716094984240977,13.489386821439886
1849374402,0,137.59701748611565,0.4192264053548715,0.10844984779163483,1.541322943922377,21.505037778840965
1849381724,3,-22.78678958343906,0.39645563472301926,0.21349851037498682,0.8736950082188979,12.43278871832587
1849606830,0,82.0895637932527,0.36447631797447383,0.23931806458068833,0.9408786714485746,17.503948591651106
1849651127,0,69.47693244502122,0.36991102180668833,0.19696602157393406,1.1542028881527655,15.725154206984532
1849868582,1,3.1761773757966267,0.3614980982934485,0.2541651629639826,0.9251476293859044,13.522953636323354
1850000817,0,-30.78554983220161,0.3834716505283522,0.1383108176378075,1.2457919833308195,15.57947601228327
1850128396,0,65.08732464235592,0.3670185074832147,0.2850007475770514,1.024033137805461,20.87632313438523
1851184285,3,48.91571160206545,0.3120991453210938,0.22865579202449024,1.1299544415688327,15.667197661843401
1851228821,4,79.95040526949555,0.4136204971245542,0.3264580800900391,0.9122807354775655,22.727843323943254
1851430426,4,139.86340432796024,0.36406908154292666,0.24883957466675552,1.1398750697595734,19.573900439206145
1851457758,0,94.81196492608774,0.3399774795637634,0.24822626115014002,1.0102657590632562,17.578518784491607
1851478305,0,202.63365578979892,0.3439686539998729,0.2677238765710156,1.1225916379033016,18.54565444340635
1851842760,4,53.54649534571464,0.3352602724967318,0.1895869406360774,0.99648176904559,13.11331942118358
1852114421,0,-14.665012305179928,0.3708237644161224,0.2511341029268986,0.9160636072164915,12.862674697633066
1852303181,1,34.39084293798826,0.39084150563815,0.3004268006218577,0.9141691194028863,18.939267225150186
1852392195,3,52.47832690263797,0.3691679365221704,0.1679465437003918,0.9266105630090483,14.272441168281405
1852502200,3,143.5872935062385,0.3584379345544577,0.13401888988232746,1.1990283315226031,19.50608732068233
1852654693,0,56.764488191361075,0.372364070416835,0.2494808571921165,1.0742295628052625,20.27844896632489
1852734307,0,128.88648248371183,0.3253770696112283,0.2074475724375946,1.0315155560645548,13.593634812537804
1853131327,1,95.1802196198069,0.36121588966735657,0.2506900290689292,1.0091481357351186,17.72589370532208
1853159363,1,43.605677405658454,0.3511249023339506,0.3064287430257683,0.9979649010262519,19.657428660179754
1853589021,4,221.85049665592678,0.3811403321122794,0.24225701278074216,1.0202848727461435,19.092037481303247
1853676235,2,-69.61338223923052,0.32882397805331237,0.13441406928777294,1.8096746009659652,20.310455944308007
1854475288,4,169.3312085230117,0.351905811518849,0.2532612198947553,1.0266183351298614,16.99433367751521
1854554359,0,248.16266857658866,0.3704330572160591,0.17220147741593206,1.1027914204770852,19.520907428258585
1854822078,2,50.31442210590249,0.36013771614978046,0.16031294486657682,1.3471717400792929,13.332814093368428
1854968322,3,371.4932886293283,0.3773877585024857,0.2262271876201637,1.15394237530516,25.158610650401656
1855068918,4,182.4983297025996,0.34508891045470613,0.2933614230573941,1.060085521232713,18.510784274896224
1855109187,1,46.966168907248445,0.3769366123620226,0.20850909008821666,1.0550846048020746,18.28300740311704
1855247636,2,66.08460927801971,0.36338977682478296,0.2684993910154152,1.1371905062488836,19.181818007903452
1855385483,0,114.67942797958166,0.39925626261388303,0.20483628921867408,1.0672990147751034,17.727642586150676
1855457163,0,156.32818067686202,0.3728734027702072,0.2361848708866802,0.9725403554510604,13.681143444693108
1856131378,0,98.08810037181068,0.3486083560795278,0.19785103698390658,1.1608651333031272,19.375710446593867
1856962369,4,175.02838661445176,0.35474936206699814,0.27740180554494537,1.1607412766047784,22.82302472487864
1857016044,0,210.9652408805443,0.40219767484655106,0.15223389959869707,1.0306297791815913,16.472116279206453
1857030958,2,168.20585623081593,0.37653460290174684,0.20115277635475967,1.139397671207412,18.5912615707257
1857184942,2,215.40061809578168,0.3799944043724726,0.23004500818946583,1.0594687537401868,20.386635864129595
1857351068,0,253.58740386173753,0.39637577883102,0.16104452279494744,1.2389222867340184,23.9871031116854
1857599978,2,344.151763127714,0.44645395447430697,0.23145293234387126,1.1491733562360762,20.118555487334792
1858324553,2,67.23517269469204,0.37196425609487627,0.3099101258630219,0.9024986115210554,17.61213703757258
1859484070,3,15.22050035200688,0.3470697768212274,0.28287631765776666,1.0103731800829883,18.991250067566224
1860210048,1,133.45639019477306,0.36783756004405366,0.28832619224817063,1.1828829151667488,25.288903450220488
1860317687,3,43.58503793927656,0.3444727137622062,0.3234885941359148,1.0528230720694944,21.430488354002282
1860476282,1,117.34029724486928,0.3740365226130092,0.2847950154339861,1.0940119319517294,25.981671347134025
1860497514,3,169.2556276970301,0.3758865424045431,0.3099090880093873,1.005675069041624,20.03782141581948
1860569431,2,53.48263396835584,0.3847915185597357,0.2000648251114637,0.9725984193569477,13.235436607409417
1860871285,1,181.5813131736412,0.38019430284797295,0.19963282142531089,1.1504176270609625,18.63925733243813
1861224717,4,-29.157794681073284,0.3570440346983034,0.2885281857722271,1.0341780163888117,21.48665102270318
1861437880,4,197.75768435352688,0.39831319497472134,0.18344704667451853,1.052812858450447,18.758196731717316
1861488768,1,28.596108144136295,0.3423422492240755,0.24740796877854274,1.098890230460432,15.972563584474486
1861741928,1,264.5321195136387,0.46931412730418304,0.20607527562114536,0.7771148588754626,14.310181988968873
1861909022,1,61.82294523604082,0.36562174716343143,0.20895879368824238,0.9767598717481337,14.615672693933638
1862037558,3,82.52084372869572,0.36870657129824136,0.15881099060596504,1.0622956677062418,11.554332007703575
1862323787,0,8.880861702038871,0.35304812431117116,0.2508101280685766,1.0324543064778469,21.745395536783146
1862970059,0,213.88908165578775,0.3422089609731644,0.28168271021021213,1.1242444781116294,22.97320355131196
1863175243,0,3.9678215666418737,0.31313367040668283,0.2500779500422578,1.0850216788812461,17.35973808289128
1863577619,3,132.68079426275028,0.33719623151958267,0.2134287508737375,1.340458025458346,23.5147917650254
1863578660,0,-13.27152265328428,0.3528482424147356,0.2193028039775925,1.0153397562039228,14.190594371788311
1863583230,2,18.415756878603062,0.34747334584638645,0.0937963809336427,1.504530262899339,13.293525304037807
1863818535,2,156.73199584175788,0.3641714686292008,0.21448967764128649,1.093418425197681,16.46575469861563
1863923314,4,109.48472333674525,0.3446743795940065,0.2597070997416294,1.1355365720049289,15.372226858537442
1864041202,3,94.11733280505096,0.37236602711067157,0.1904983484981269,1.0294256436199778,12.497125725798657
1864197716,2,178.61615299399958,0.39386802949584154,0.20173986204308544,1.0352439558016981,15.697321685110731
1864288375,1,151.6804973341398,0.36273547167465203,0.21338714668109438,1.3529463864449598,17.789494282738403
1864402555,0,219.61670859179532,0.3579264587885033,0.24732877585877783,1.1058733981756426,22.64433189308472
1864430039,1,48.08070586507658,0.34604663175861916,0.26958457147974657,0.9777643302585727,16.0990665992749
1864529364,0,-12.158252491510908,0.41090093961316726,0.21924631341076256,0.7684821923908642,12.063743863217525
1864581969,1,20.12693972605797,0.34032649588716246,0.1993369690599218,1.0158696686363229,14.453286564846868
1864702589,4,-5.367342132660838,0.337989125002402,0.2614886030649612,1.088522744612415,18.13114722876031
1864783652,3,280.4159452634659,0.38012108694751695,0.292605208222795,1.1401411982273064,23.497385514409757
1864971169,4,260.48496442561793,0.3819796553535561,0.26228472821004833,1.1411158613071612,23.44940772697919
1865123528,3,132.6449483573065,0.3911948738210203,0.21427420912232947,1.00635488849774,18.62977500037375
1865362645,3,-21.590598689980183,0.3707836789816355,0.2700045618977732,1.0546423877354343,19.505353274288343
1865534172,0,130.0561766046728,0.36202919968148994,0.22781995159962115,1.1116682729900556,22.26736657123979
1865789709,3,132.92986150229913,0.36963868269492567,0.21547967593958667,1.069259336851182,20.087721206232658
1865790148,1,256.0711622235117,0.4096117606382594,0.14296922673668533,0.9821466629972953,14.518366022253263
1865960070,1,27.671924258542234,0.38537084053196846,0.2051225997432504,0.8848139492450495,12.659241575387906
1866518598,3,32.819009211361404,0.34925058460461145,0.2519507955004067,1.0881242136639524,16.124193860454348
1866896884,1,-34.6430248641864,0.34145313493928636,0.22090661630902048,1.1149838524693758,12.740013107253176
1867066449,0,33.14380854707225,0.3325205868434661,0.22143163735005184,1.1393493249504278,22.283518303005096
1867844121,3,211.86152302970874,0.35740752613656307,0.2665699101182606,0.9981262143989476,19.433430767540294
1867867984,1,236.05124512712888,0.39619820729284694,0.14982640752578197,1.0186018969878279,16.07830637086926
1868095680,4,-9.022590532749419,0.3622076294943776,0.1658530305795537,1.1237754164692677,12.8877527612224
1868650247,1,112.93954157053062,0.3559938231124093,0.17572857120188357,1.1625442634206364,12.978209994161718
1868729394,4,59.66817871506069,0.3516798801361141,0.27248309681447064,1.1234799974304037,21.48705898764023
1869058141,4,100.83055146069374,0.36353255186144184,0.22443001392017914,1.1999902823259307,16.36324692270661
1869058674,2,177.73641610102015,0.3561345060626826,0.22118577443424875,1.0111639332878744,15.570597740809452
1869415100,0,53.87080572969575,0.3524594027842504,0.26752104579052133,1.1615973984278982,25.09854933629232
1869493071,3,373.5831617089074,0.38758090873701156,0.20917220943506734,1.114524573875234,25.34361418296171
1869593647,3,97.80901173917067,0.3747697786171677,0.21153181775810923,1.1044952533948078,19.243080961316075
1869660806,2,101.29550686453447,0.3591282897697917,0.26557963385361083,0.9903261596436159,19.94455376113486
1870206037,2,146.08159172797295,0.31317233983683357,0.1800942954236533,1.3879184614987778,15.667801677162666
1870504474,4,154.57150098754,0.3617912171224254,0.256002944709965,0.9603605042829845,19.217880154001946
1870599069,1,45.24670924961277,0.38151079323801307,0.18860550741047383,0.9123352626070398,10.901099565156084
1870681436,3,201.75389305133433,0.3719725647424262,0.24435495503739454,0.941518012626285,15.978687308706833
1870773223,4,139.34545463446298,0.3935728717363828,0.22155779986736923,1.0378240446168627,21.885030178960072
1870860682,2,7.2518620678601735,0.39373086526395196,0.3258169217183384,0.8719436735417214,12.59844130428463
1871148344,2,14.408191679009548,0.41425540489470863,0.23680038533758446,0.9120814625956127,13.72330488497657
1871161866,4,178.81937886540064,0.365162316995674,0.2453178355018747,1.1634377561699567,20.410793069777995
1871349402,4,98.90735810647355,0.37287599281541234,0.25361841503426624,1.1509640574928017,22.347113255469157
1871484696,0,180.26959446277462,0.3962167031059373,0.23601739551243253,1.0672032660480328,16.74045884861659
1871505743,0,125.22842009014323,0.3765870268083516,0.22781842116959464,1.1334004016234227,18.118792774759168
1871588823,3,249.59864909066852,0.37125563356621755,0.22235434746207,1.145540570998083,24.38180148438935
1871708716,2,67.99994751612365,0.3614133255787322,0.15814559375617043,1.2640336534296857,14.895243865884002
1872303483,3,89.83023809772502,0.41289148566149125,0.17664039695133,0.8911549474412522,18.87899394989961
1872457449,4,175.2807143608669,0.34096188661306764,0.25777712725838775,1.2943931417503047,25.89856913834784
1872607825,0,132.36458788916173,0.3852607427726595,0.2267275394961033,1.0201237903603413,16.14978174875144
1872649544,1,9.220372172565277,0.3401699378542158,0.2072486360215348,1.0980982015120124,12.473997930693924
1872652115,1,166.61435274113882,0.36485052842282706,0.2264998193697828,0.9448276851358619,15.608932839818914
1873242473,0,0.5225736980828373,0.35572796662973183,0.19689676701246106,1.0617234495504742,13.711261134132405
1873390978,3,105.91848346050448,0.3295737887951997,0.16177568666074343,1.004294866512999,12.919562670508752
1873610912,1,291.84000953998725,0.38715918292351403,0.17733356528122296,1.1816099069717934,19.97650329836201
1873714666,2,183.3553017945566,0.338712145916747,0.25067833575398735,1.0870673848891417,17.856025908601836
1873866400,4,36.54588512136891,0.33234319210502705,0.19142723588731897,1.3440184867819944,19.00582740234195
1874165813,4,195.2155057649423,0.383943269232556,0.21091843888800843,0.9898616796996392,16.856439087142167
1874299815,0,154.88438223674302,0.34297877404898597,0.24843635301425082,0.9935782526538353,17.078183886954974
1874313702,0,81.99788143502548,0.32244388722473954,0.24165894059498788,1.0086994168263717,16.68368498699185
1876018160,4,210.92797621129768,0.3964493317219627,0.2521077452171277,1.0453968509317093,21.608283173558426
1876711098,4,136.05799196205083,0.36553796656154225,0.27514471743533064,1.1680013626707157,24.212277045139484
1876833893,4,-24.639707685832022,0.40350552054357375,0.3307584718647686,0.8654411703997175,12.60579178533597
1877102749,1,-27.829516628854407,0.3116162703072494,0.15692556624631515,1.552482037366698,14.40843630706829
1877161213,3,55.69792728864863,0.36501707362884045,0.199317722939344,0.9866714177229857,14.69441055908122
1877302307,4,64.41563192297804,0.31721933773846367,0.20552778181271478,1.115722949020756,13.993965035547864
1877327739,1,30.894966754453677,0.3838923973686161,0.24737980449980526,0.8968381394935799,11.861414764851963
1877647340,1,55.5978484082865,0.35516551197403456,0.3485609571755226,0.9603470411976313,19.686136298450783
1877844504,0,173.46380370669078,0.3434378092155377,0.24105182056512334,0.9689629518936422,15.70141832558701
1877921112,4,8.66144643238357,0.3594004805627504,0.1683098476745266,1.156246471366278,14.052496563137172
1877965717,2,184.5414369217633,0.3711563160116694,0.22328857014627285,1.2688292106754846,22.678896050332256
1878179811,1,48.72029337493409,0.34015968012570663,0.25467037133373893,1.1319568836740204,20.024002761026786
1878617864,3,392.0930652418624,0.48844505829819496,0.37483716589362026,1.133427633115227,28.771337992713516
1878660713,4,203.26049340158144,0.36891747479256526,0.19754415241509962,1.1997761228243071,23.069610787608713
1878904563,3,-7.0446576512791665,0.3268681668860819,0.29527076643923994,1.0107844480610566,17.44703552945719
1879018576,3,163.87675081246599,0.29497277482907763,0.2770561866940309,1.198291512462212,16.24448518346248
1879180798,0,100.84779154710547,0.33148178104821624,0.22614336810832042,0.9947626177513557,14.011241491342604
1879773381,1,131.45378512376976,0.36471216140525453,0.261777889623791,1.1362601404625703,19.82827643486701
1880766912,3,24.936070333077623,0.34452888665557013,0.24410720123514623,1.0958696177662424,16.22276584736316
1881186822,0,174.48086842074548,0.38315788092489006,0.22145671766252756,0.9696460090266397,13.332051164918283
1881349845,2,73.8218564586023,0.3680643697252327,0.23006277450294277,1.0942051329394156,19.428651511529964
1881434698,0,224.50175702526224,0.38731375081343633,0.24393893516583373,0.9357340374289633,14.140890123240164
1881628793,0,65.9375142313386,0.32975896647458713,0.1744322093182196,1.1034209260365548,12.56695643406071
1881927203,4,9.778612242438157,0.3511424395746453,0.2516620363193362,1.0936569401073402,20.419272154988093
1881954049,0,336.5409604790944,0.404423154953231,0.22488952687026859,1.1528239413277481,23.096959603814895
1882117628,1,126.57067349809554,0.3327525541872315,0.22298595528153772,1.171410643314257,15.36146947001839
1882780589,3,-3.2345619522654943,0.3682839366513919,0.23344263139671237,0.9513654119796052,14.557817002095023
1882791294,4,20.33550819717263,0.36275229778057483,0.27814155513025346,1.0799331500435263,19.380597889994878
1882863686,0,155.79118318531383,0.38464850957482444,0.1718100829505056,0.8812853408561052,16.107615750099793
1883003333,4,73.09487167009591,0.3964188681619322,0.16500134370345498,0.9371504791756333,13.034637997490112
1883635741,1,115.63539997319066,0.3730769379966058,0.2668871287088753,1.1296673572250546,23.69956510544297
1883833244,3,291.2718760567489,0.39331159057081133,0.290146638250204,1.0315975399424901,23.770356467480855
1883909955,4,41.89501980990011,0.4334778116184058,0.29736906421391246,0.9970305352216343,17.836884798506674
1884578116,1,36.06285942380231,0.32853196484701813,0.28781308166827907,0.9040244507686968,15.712229917507806
1885691849,4,13.494970611423895,0.3409187941610968,0.21632656213527035,1.0743102216851255,13.957021606036415
1885797446,2,0.3157989990817214,0.350779118571703,0.21980917678559453,0.9904589218347926,15.480641102280394
1885836114,4,153.08590237262877,0.35401815724864627,0.22991437852187124,1.0980360413103054,16.729158718240253
1885883959,4,236.2786741981281,0.3725193875540412,0.29266197239716274,1.0243428487513035,19.045065704385742
1886025191,1,305.215666566088,0.43142385069877504,0.2522240543580454,1.1432193706451006,20.608243912731158
1886122212,1,267.8619726257524,0.42420129016523583,0.2457171013340012,1.076292307411507,19.524754338707343
1886386616,0,50.633542716175036,0.3246633624458311,0.2819202053609461,1.0354700115236137,19.45588313664528
1887035673,0,197.10569904895408,0.3954115844557793,0.23097871232449782,0.9806560938386288,17.33670073431777
1887357028,1,72.33149072824912,0.3779214648612446,0.23168182220320377,0.9249279798458259,14.562925473682242
1887528434,1,141.70245995806442,0.35901114755430014,0.24591491585910905,0.9951206519933404,15.785634286918857
1887598982,1,76.20313978419755,0.3535191869123454,0.17357755830117239,1.2286073623932787,14.433218742263758
1887729559,2,93.74372554702606,0.3420037970546293,0.18811514915388186,1.1050988323306263,15.728485121468758
1887902393,0,220.42589694578038,0.32902057693638664,0.2337245796859562,1.1828527074839894,21.296880663493383
1887990999,4,85.4779245773686,0.36266167776121183,0.20253566231518977,1.1414777829688154,16.977397830757788
1888278720,2,117.73202694676391,0.33432574636638074,0.26571175609402264,1.2256345661056405,20.168086210544676
1888293192,0,161.41719307607195,0.3709715991189926,0.21689248600222483,0.9492133524717173,13.095607512553629
1888415409,4,255.0237624402496,0.3739949337505337,0.2006971782515921,1.173300235504661,19.24720535454872
1888603184,4,167.70930957086526,0.3565444904077522,0.29003446426311064,1.1788669612507143,24.060814341821605
1888669156,3,258.2583249765111,0.3549223107204016,0.2897963245812303,0.9979462311017946,20.945678128242573
1888885498,2,5.9119649156324385,0.37686425869453477,0.2094426291951867,1.1131143020962384,18.144679992236814
1889214322,4,91.70472806117596,0.4019274795231576,0.3201550077671429,0.8809240337972276,18.00907460413411
1889222328,0,70.85081080938895,0.3610436102141901,0.23102649922124485,1.163320313987491,17.26338816314083
1889579812,3,180.5993300617979,0.32439451831837746,0.2841462480839307,1.2084415830200708,20.31180827214606
1890198796,1,82.66072530161492,0.3345340013494678,0.13825255006151438,1.3745989507794278,12.404329194115986
1890222826,2,46.09855046146473,0.3600081890846384,0.22686014766330978,1.0861583015812861,16.231884556615483
1890528933,1,261.52314013412604,0.41989243346606675,0.1338578868436941,1.3088588554650165,18.962763012909686
1890730007,4,140.5866230799433,0.36677421556902257,0.2555366951759724,1.1827619093222748,22.680531669260134
1891219046,3,172.37062017650203,0.3537943356532289,0.2673961080285475,1.0361301742251827,16.674796106885964
1891267124,0,-21.127406622082546,0.35198137304672805,0.25877566693454773,0.9970713553200773,19.06815727216644
1891268046,0,35.41350356635937,0.35697883786165785,0.32559035205023384,0.9436837870991059,20.429807464939987
1891270134,1,196.24456739648014,0.3756559494360568,0.22445129823931576,1.0959951514927015,19.997229462831395
1891991846,0,266.9194891835744,0.3979168829154228,0.31697898667900337,1.0359083953570216,22.77702452220884
1892436354,0,92.20853445142508,0.3574155499735208,0.13663157151059324,1.4838285212173126,17.775306308999642
1892438799,0,188.62865179469068,0.39021907640669734,0.17318284745104479,1.058114915786228,17.759533522135598
1892522189,3,195.84728960655218,0.35009039083362,0.2861641485630554,0.9988355754311042,19.35822796613446
1892682102,1,143.0699656096286,0.3626214340761992,0.2882857796620353,1.1755232979714039,20.84055203932474
1893126159,3,199.45789766365826,0.37912786023136313,0.25919714243704717,1.1443483118761824,23.806979316260502
1893396253,4,-7.654792318491815,0.3608467412154139,0.24181091806783123,1.0214976594953216,12.300593829830628
1893806393,3,262.87609273288876,0.3760023708515431,0.27475158331330535,1.2336968966937618,24.175155371393156
1893896764,4,-18.968567980122828,0.332594301021742,0.2646792974515757,1.059018899878744,19.043334225292455
1894105114,4,165.38837961173124,0.3760980189035052,0.18934142289800587,1.18988716526855,21.70204367335876
1894241731,2,177.5923388048157,0.3774656425496073,0.3146818954492651,1.1533254770975654,25.033646630308127
1894260096,0,143.35462191075345,0.3509071810626276,0.3006703547225634,1.0569498532026818,16.993037234124063
1894298006,2,-46.812383746281355,0.3303475211089486,0.2502297697843149,1.1351717973344586,19.662143145461283
1894369854,1,164.07133014055125,0.3797138313710915,0.2621469451811227,1.1247787797243898,20.613751757686785
1894651804,0,5.104145265405307,0.38146414669367035,0.2272560297791962,0.9446545900077947,15.985146133998544
1894705136,4,16.784808057087346,0.36005067354275344,0.15297458619615062,1.235997732631152,14.267035752260627
1895063835,3,14.539167572562008,0.3474207778582183,0.21614021572148592,1.0417462925149936,13.239107556008014
1895073862,1,142.25808950902996,0.32850031242761846,0.21542934252790444,1.2503783026317514,17.810845203008615
1895904608,2,-42.1361382088714,0.33889698865794393,0.13757711524257696,1.4152384104747706,11.661143061841296
1895946693,0,145.25339564606747,0.34911427127321626,0.22331309544868072,0.9622080629339659,15.993492803139413
1896402362,4,210.98711906556707,0.3763887590590939,0.2186053844966119,1.0467971215592136,16.98174292243085
1896761463,3,-76.51587984055743,0.3364102213508917,0.09560964055544172,1.408046506768656,15.101861407580378
1896795195,4,62.704759858555434,0.3597992479878444,0.14706512031465968,1.1878089846266582,13.277222543669383
1896863943,3,46.81904350182716,0.3691618392586113,0.23462068716635612,0.9268639989784839,12.176602818182255
1897620577,1,28.216147266703103,0.3675093855350894,0.2779483001633814,0.9837560988084665,17.314805890194947
1897678696,0,177.9066989776298,0.35837240484510535,0.21195903028970325,0.9925820509398608,15.83073983765186
1898005321,1,71.74909751686066,0.35818518191706356,0.2540855070497373,1.1025938852615846,17.091410978216548
1898276477,4,180.03395567416104,0.34585732593069585,0.23815304510977509,0.9775812087577839,16.045754750584106
1898882612,4,317.04625251844936,0.3903327279248443,0.15716808574863006,1.1529583114737951,18.33806623559859
1899186076,4,38.64323050243184,0.3596873591280214,0.1631149221112706,1.0320510379120966,13.687984635662575
1899283335,4,230.33031368688188,0.3594404423963227,0.28990956465601647,1.010637079319048,18.804480102684277
1899317427,3,187.70933366974515,0.35131398170392736,0.27303547662658706,1.0583709683054705,18.016122546221993
1899542074,4,134.0164569877793,0.33961759261786356,0.2807032925035327,1.1362754354456799,21.392848107943596
1899805345,3,242.98937235908133,0.3663595504888778,0.28133247695301156,1.2247605906030063,23.200420701294785
1899839615,4,101.97516618362619,0.31390090665992426,0.2661223933581125,1.0861513382899304,16.137048660052407
1900067504,3,18.506751405259706,0.35549156136564214,0.24938763832730296,1.1454215608353109,19.57015889528367
1900387245,2,214.9322515887266,0.3810650750929373,0.17305805934839547,1.131545903045906,20.397355546923695
1901476786,2,197.0767245994568,0.3601012379219884,0.24042657420119085,1.1952996427241138,20.176728869485114
1901480658,1,44.272226434443716,0.35404411761338195,0.2668784344861488,1.0942146819827243,20.73448472396612
1901756978,2,238.0337750840016,0.3666876949549179,0.2617185349937899,1.1765574966532195,19.953803425839396
1901878899,4,16.47625577448551,0.3578335541535446,0.31499717939932687,1.0832657736948876,18.324825931689183
1902063591,3,89.06505162307128,0.33932313718060386,0.30206008440650983,1.1879198811714962,22.875083180466305
1902122155,0,149.4397825091392,0.36539399128109507,0.21934859715086957,1.2426358179165224,22.561656674122993
1902160651,3,168.43727870454978,0.34864694551460806,0.2919920858963252,1.0539493666768323,19.782879500470578
1903144609,4,217.18061829575652,0.3866970777126986,0.16483452153265654,1.1439466796797488,18.421641285216147
1903600886,3,152.2211322781294,0.3583406878300374,0.24023597333460034,0.9849532471023189,15.073627509073091
1903713432,2,30.50907368268281,0.35101556597130984,0.21845370606634,1.0612363819060662,16.225949153132913
1904729380,3,170.70664856879742,0.3701572830627229,0.2400104080933888,0.9988869377118795,16.026446483674977
1905028152,0,136.1630033195395,0.3476996137414299,0.22267280308771376,1.0671152383265516,16.53731567045138
1905216047,4,154.30783644892793,0.3484569603955974,0.28191833148542295,1.167454128555424,23.172858844084594
1905277968,2,202.31743790956003,0.3621609329410151,0.23652946644878367,1.1829852533437981,20.07894522730579
1905422493,2,248.80345124493869,0.4002320644116569,0.1770601141058487,1.1709979269660091,20.362907482312107
1905713032,4,230.1275585232411,0.3747248148816692,0.3015926225151743,1.0172468302707864,18.72694304575335
1906030698,1,107.79201183897295,0.3610197152163833,0.24912814643553255,1.149224735057219,19.564984734862588
1906044444,3,332.3855594632221,0.41678687681954296,0.26660640746503417,1.0397008357908535,24.982720842900665
1906060970,1,169.55790031309712,0.36144369196831994,0.24903485931866493,1.0310698558267426,16.032648681751937
1906506911,2,187.21573100558132,0.34916876638737043,0.2695973197561442,1.0634085325373506,18.593398487300462
1906633153,2,58.620223228024265,0.32676437760248894,0.28989699448196155,1.0857783365946923,18.396741991130146
1906906209,1,198.4319525251642,0.37892084402389425,0.25180842115882085,1.0174859255195616,18.175406596247303
1907401274,3,118.88901866962013,0.3651092369819987,0.16875510687642437,1.338015776846112,12.908021373759155
1907558248,4,3.3885439064505647,0.33269631609082606,0.23855611473869257,1.1858779344576145,19.370762363225964
1907646642,3,246.43583089056906,0.3864204334772255,0.28418857251386137,1.238857065997025,26.51886404951265
1907952467,4,52.535556960945954,0.364660872221747,0.2962363056647799,0.9945360003458659,16.35070545408395
1908228365,2,-10.43170672873103,0.36204859622391283,0.2497119974683082,1.0673279974739884,20.992703680360414
1908364684,3,161.92121468998883,0.3528052201453692,0.27789978577477187,1.0226545438798655,17.613457039146198
1908775119,3,311.181928005917,0.39792929207642286,0.30628044080657374,1.1133209531106008,24.628633922199796
1908941468,3,24.910273307743353,0.3508180442740485,0.2567638734299644,1.0698990599739489,16.736330141911782
1910103715,4,18.276806265310654,0.38079154685479305,0.38794431037639454,0.8883167039839572,20.50987385650703
1911086845,4,364.23906660568355,0.4437130862892652,0.17055967495793578,1.0607081015913453,18.11039850040245
1911532586,0,93.38744653506944,0.34563028932298623,0.16517176983277462,1.3478640405663946,19.193944590956306
1911905200,0,80.3531609979456,0.39437265505160773,0.21107249486079285,0.9621708348874961,17.141308133354922
1911926467,3,-51.27135583209633,0.4145779347746205,0.17553012273120883,1.113038825948415,15.151842258331543
1911963342,4,167.72085342775983,0.35766466736579655,0.16795391179269709,1.1205648137252633,13.755349915654174
1912017685,4,19.266853763316888,0.39291525345988565,0.21040674086880357,0.8959767533174087,12.011252371987975
1912083932,4,17.808736516248345,0.37173374887931127,0.24308097991221989,0.9888747123446557,10.638397340120324
1912147729,4,242.81701379918445,0.4046795975217019,0.15468906285011774,1.1286616221045904,19.113780449791548
1912251377,4,16.99140685917844,0.38399406916409473,0.406247604700049,0.8762168061968545,20.647930921288147
1912518216,3,6.937089548189462,0.36489591295598467,0.311663512505872,1.0038781069292837,21.55760579853607
1912601583,2,95.04076434084118,0.34096675586290465,0.2540727586769108,1.101178740699305,18.858454420965003
1913033936,0,71.62787643331677,0.37506939856619015,0.26723053932863433,0.9090250889744781,16.850737135591306
1913604664,1,83.45807858795747,0.3378800618594069,0.2695422577929653,1.2065014645402283,21.97313327490958
1914456185,2,56.93945481875778,0.28879190407376554,0.19173339267594158,1.1536008825526112,12.634617900684308
1914838661,0,136.75814753886954,0.37046052280496394,0.1605812814069826,0.9273193841292087,12.031756048904452
1914886557,4,120.46481019386346,0.35789486158835127,0.24216596711074043,1.2206392238741994,21.51088391672724
1914920451,3,17.24428734570641,0.37796745886726435,0.200525928458992,0.8816952402223517,11.04444234913834
1914954895,4,156.95966226569575,0.3522112025149563,0.2833947119838238,1.1552462824476342,23.03434163280471
1914982152,4,15.199928390419558,0.4032757301873658,0.2916287327146648,0.9914292706628804,16.020237652978707
1915263871,0,157.5583689622008,0.35406240269262823,0.25403344014564405,0.9832095878006499,16.30546753694062
1915755051,4,198.70800778344125,0.38814520461168794,0.250140081075046,0.9752637924974905,17.045072433001586
1916198200,3,196.62665241855453,0.3884964519599236,0.13320229745016274,1.2885596073795258,15.097287856157733
1916680069,3,251.8670635095334,0.3736969505973477,0.22138152086720064,1.1463150070134325,24.390984084245392
1916735639,1,181.02225737289996,0.34864282160277704,0.22112638138027796,1.162462842520325,18.163188770228906
1916892964,3,104.58930526006469,0.3608733386265664,0.3055726116956727,1.1325399634537783,15.679259824245172
1916979239,0,200.16590156124832,0.3846787256861667,0.25597626120057515,1.1025724246821809,20.702814463270172
1917029887,2,51.52947238808789,0.3276037775240471,0.2287446665549822,1.087640864241213,16.153573117528303
1917189140,1,295.2629616739171,0.46935388762875163,0.2870909635966032,1.0370675418494963,18.310174586908015
1917298650,0,30.76206781463317,0.3091854652980563,0.24077082788615214,1.0762783048007354,16.10581859492254
1917339697,2,98.54869388061189,0.35830086549937745,0.19959609410842993,1.1259336820525023,15.741805192999177
1917735870,0,138.2895638855466,0.4432270516662795,0.16823785625233678,1.219660714734114,16.774137058465698
1917756223,0,152.7431518358743,0.3741191151210852,0.2595323572183197,1.1368263645720753,21.39847438188026
1917841461,4,9.064698460306232,0.3612607753117842,0.2417424680353958,0.9981298310337732,15.30292611698403
1917866361,3,242.66473473490586,0.377802899257287,0.18490989013532033,1.1390823905598593,20.815964103862576
1918165220,1,-89.53397333486396,0.3124860835658378,0.09407150108616508,1.6580406554863738,15.590098418438748
1918242337,2,232.87833893085917,0.3633801286270968,0.26415393000748033,1.148236734173272,19.781337460436838
1918548284,2,205.4781522456081,0.38140054481336894,0.20226072005201645,0.9559308911999284,14.54415524192038
1919323099,3,187.1004543849195,0.35893325647672986,0.2354072312819385,1.083192025378643,15.496276707364268
1919352729,2,176.38667823344724,0.3467008464298789,0.22390015675816916,1.1092131635027018,18.18022980434589
1919555775,3,-45.55255419723275,0.40509373106995566,0.21411183556830038,0.8512356504087557,11.810992349237168
1919636162,3,35.214010121286414,0.3486990080690389,0.30066160046461277,1.0973687108385066,23.812832614391677
1919652718,3,59.15905491340792,0.34738224082263713,0.28788829785240877,1.119331862386646,22.07262186122126
1919727869,4,162.5884054745589,0.352842743062938,0.2722425317100674,1.2207821430991668,22.969558921549357
1919732272,2,23.4803410518945,0.32736038854940597,0.27989498274708463,1.1571542772190662,21.60298097988693
1919768814,4,144.97606142560505,0.34962643347182887,0.20035591406138686,1.1676574967343523,17.39177454232147
1920006010,0,104.47419313616547,0.3046620953366408,0.27218566702349595,1.1744980013928736,15.584797686722712
1920455411,1,196.4521209680693,0.4016315567307154,0.24166072653649384,1.1173486553440413,18.092000468077714
1920671231,3,155.41525968846358,0.34563884682355245,0.2894636016030514,1.1881809727654375,22.207477654099
1920918510,3,24.764417554558406,0.3503805713731994,0.213489472123237,1.0424816500470702,11.463563502179898
1921035085,4,39.32283625247009,0.3382096447505466,0.23714290074900848,1.1066759076507755,17.835157923668834
1921102507,4,173.63779187113605,0.3540465447786438,0.22293140350479385,1.0308000955024286,17.185082888036174
1921819978,3,118.0720276790562,0.39349035553996115,0.17570029064291942,1.2331234208216901,21.01019209096299
1921941311,2,55.61826248591113,0.3451263781726866,0.26048189254981013,1.0879192778307394,16.992178567178797
1922704516,3,25.579786626474345,0.3954983621708369,0.16777444855366547,1.1337844896120777,13.387298039387524
1922733245,4,115.87127885249087,0.3792454793137298,0.14547963451561546,1.105608935359483,15.779460137538898
1922843556,3,49.19948222146052,0.36731261066087656,0.37195487648621955,1.0192124794067459,23.006228211205126
1923557092,1,175.5750016852681,0.3745069592410257,0.22086788848206357,1.1298775123617513,21.27721975438349
1924314985,4,145.98093993258126,0.3508273034493242,0.2592361665058616,1.1337956596777201,19.400617192671852
1924725049,3,-22.899612315838553,0.33540809150846584,0.23368604491622433,1.157628767294468,19.16670278500945
1924892938,2,244.14213972213247,0.36646860244530177,0.27124959359862366,1.168093680558265,21.450781039880564
1925016072,4,167.34951524636415,0.36109131063752486,0.24198409279174166,1.1767327534651366,20.267794662243627
1925322729,4,-50.71638744420491,0.3954610437307211,0.16654357534077863,1.1899122572871754,17.45804826496526
1926054747,1,37.31472996984783,0.3509914132216631,0.23954271923092327,1.1118109321725935,16.08447317209077
1926476264,4,386.97414921474956,0.43883346666940115,0.3310670382236038,1.0399408327510486,24.144842282747526
1926928868,4,21.199265641921173,0.37035883235076844,0.20093634075728004,0.9339882575283803,11.340532901359445
1926938420,1,55.638455568765515,0.3488725438276051,0.2761690890045054,1.1138045100459462,15.678526690348612
1927037390,3,39.612453051550965,0.3417818953326469,0.24583119837436676,1.1066278667940748,16.48885594331273
1927081299,3,-55.730746823769636,0.4550570602948543,0.2047481426922567,0.9461135361243782,24.576671596520086
1927128897,0,115.139860900476,0.3604353307104164,0.19408064041947823,0.9781905935348288,12.086310294668113
1927758769,4,116.13324481350494,0.3873866720853932,0.24293921964855314,0.9497192423869891,14.858253823157717
1927827518,4,42.70160151500706,0.3990288182281658,0.20867777471368526,0.9044357641082487,12.91895426562465
1927972099,1,140.84011674816168,0.3612628628686014,0.18571160495293518,1.043193904807222,11.502838794320496
1928141683,0,38.04454272283522,0.3482818744628988,0.3113524231529663,0.9624434462535679,20.145861922140437
1928552042,1,99.34340256836956,0.40585560684776706,0.2715285374832229,0.8981184822694209,14.67950223015197
1928832708,3,-37.793963528867664,0.3619810906175415,0.3039079717933574,1.0526979896045574,21.216458862769656
1928965066,3,42.50477330535206,0.36006315587453464,0.27161641237725015,1.1113686209688725,20.87049281043905
1929156646,1,-14.779495130038157,0.3399362546895683,0.2363916435581222,1.0846409469981435,17.899204323079946
1929935400,1,33.860608526120394,0.32891614968514526,0.27030919911244583,1.0465268855821885,17.711276385597493
1930036664,2,203.69096711374962,0.3558056023336154,0.21808624037447516,1.0495143667225284,16.233927246618563
1930079807,2,10.318821718221443,0.3889684248893797,0.2980305198176892,0.968867768575661,14.618806922356075
1930443303,4,-42.82719658024013,0.40312712132826367,0.24593711163687518,0.8676798346796143,17.794820878848274
1930470217,3,120.8554154667103,0.3379131274866697,0.2488009060409763,1.1293434879349757,18.823844575441104
1930894863,0,96.79282661228139,0.3270584913189847,0.2063192290644911,1.032288383306391,14.881167694469914
1930955815,0,-34.815302837703356,0.3848492916666682,0.23530906408458846,1.0500950205738602,15.29009837309821
1931091921,0,203.3140047245646,0.3853245213933986,0.1965432064430648,0.9745631144047283,18.820355223177046
1931410833,2,93.51192871783488,0.38262576686940875,0.18372379807931405,1.040688459868631,10.607339269743697
1931637723,1,116.49686765920944,0.3462189458029525,0.29300560410555887,1.1312231258549925,22.725995689587947
1931802720,4,-3.2836953755025178,0.350290244947164,0.2582671117902212,1.0614108535815152,15.29253947479058
1931909120,3,128.90466698559607,0.33838433507278975,0.27714509308831087,1.1195989392870191,17.754231958566844
1932242031,3,233.701735006503,0.36598644909922284,0.3063585285256197,1.164553210063389,24.769491358925286
1932390500,3,84.33784695211028,0.3572976554206775,0.3112713175108631,1.0645604363235404,19.6198459685354
1932564704,3,56.676867941947854,0.3584488737242537,0.22184590442698282,1.0722382186425534,15.2036003437479
1932637388,3,230.1888496358872,0.3769014005617574,0.31203082428091267,1.1032946774808303,22.656746895197806
1932737205,0,143.29301649487783,0.3533532135228915,0.28333313584136544,1.1817384053510944,21.428516337619374
1932802703,3,127.85625275824201,0.3580679979649495,0.16685491721409357,1.0625572203775684,19.07068999350175
1933004653,0,168.48313504079098,0.3648363341093489,0.1985564298819888,1.1380147222965504,20.951800058625146
1933066795,3,103.65491350050551,0.36930695408785,0.30956065886662015,1.0858106143417094,22.11649298767403
1933529441,3,122.31425695960009,0.36849068146182784,0.24245534995188983,1.2205138764964594,20.293110619087006
1933712132,2,118.97567362884793,0.433982339267847,0.22946219283793362,1.0227653724143106,16.14848234069867
1933820661,2,63.77907412973755,0.3619480321276414,0.355708968897857,0.9351450266203476,20.86094108678967
1933889140,3,50.34263253330425,0.38352811107150825,0.33072936023237626,0.9397993118753701,19.308313341149624
1933958092,0,55.390307356171455,0.4106379965651686,0.38852283201668714,0.8687414235760877,22.62134422747693
1934083726,4,61.638781088839785,0.3758988334169351,0.17717060095340498,0.8820004813962528,12.219701805431757
1934582540,3,20.26561277048758,0.3577210507584251,0.18994099853788898,0.9975363028580149,11.453315992001297
1934851190,1,167.1680135999811,0.3385163674491306,0.29760136483025684,1.1188068176283477,19.444244669085514
1935091006,1,75.47182177384917,0.35699443074553905,0.13471001261601603,1.2054976143063292,13.587034249009719
1936130559,3,173.4816828907887,0.3454805709550744,0.3024093784026635,1.0534401067050896,20.25905547571945
1936588352,4,228.57034140602644,0.36453411096189764,0.2518699303850861,1.0074939925293553,19.097412740251517
1937333990,2,156.9864030878142,0.3602604939136286,0.2340111008782012,1.0446025755185064,14.18473094403332
1938625249,0,153.77446555582102,0.3522305757986459,0.2190068219337865,0.9576976434614579,13.797272505507152
1938664551,1,158.1422296360547,0.35383454756930166,0.26752861901986974,1.0476415347101509,17.56067337482155
1939398685,2,-7.101991162024035,0.36799292994642513,0.1785267553911655,1.0505433009122092,12.704133571357396
1939581854,3,131.52653606315255,0.3748887697995819,0.2812966469313819,1.1209863994346714,22.91896331362329
1939700854,0,139.0758433624999,0.3627344700901215,0.22831855164729778,0.9401726412272883,13.546276926693395
1939922135,2,197.67227438347112,0.37161509504992574,0.22745141806764127,1.1295214822570803,19.6993707894736
1940131067,0,-33.57550124059061,0.4127173745092453,0.28967953244539496,0.9313667146148621,22.882519355356063
1941096449,3,130.66234907732704,0.34592316439236936,0.28271190208879704,1.0912350157848762,16.720319499982857
1941265933,2,34.783457230387555,0.39358381215605787,0.1862322463545799,0.7273364626825318,11.251096878937108
1941356734,3,339.23502046487306,0.39431877487824507,0.30235940375728243,1.1142898332888245,24.560655027385074
1941491710,3,113.33471900613671,0.4225831606363997,0.23570859264765162,1.0037315082446774,14.127732835695447
1941500497,0,212.93782407185188,0.3638645595065555,0.21363167578673506,0.9615322457920387,12.388939396582039
1941951841,3,2.913308155251798,0.41212144739357853,0.3808939904126682,0.8916828201500746,15.024859119651868
1942089131,3,72.51526767785613,0.45416973479213923,0.25101075325521,1.046518499997065,20.24530356288981
1942247562,1,270.5312421430022,0.41334681281581853,0.19636766078387424,1.0657046327365083,20.36917133008256
1942353441,0,243.7268945208694,0.40560885830762383,0.15657879044403983,1.0494980175577067,19.68720370823319
1942367812,4,-14.823068025235017,0.355189978506747,0.2643658320445055,1.0470926195589754,16.61457437444493
1942693246,1,112.70557883500642,0.325695180814283,0.25901948791197255,1.2129437301887527,17.303426624082295
1942916315,3,161.60601793522477,0.33700938497033084,0.29204660902988755,1.0672456205202343,19.82088991150634
1943060109,1,145.9256804936416,0.38391006979395176,0.23916086301938447,1.2430974616561103,21.790301548042827
1944234117,0,203.78768718254818,0.38703843970753127,0.19809687922493832,1.1483746602457576,20.81739264163273
1944443208,1,53.45382067329887,0.3887600466801278,0.22350155919684256,0.8891376141522893,13.645680469236272
1944562220,3,403.94371490013253,0.42649101147668267,0.28963184227974625,1.044307559989573,25.92859008558404
1944776345,4,21.47173690095562,0.3631344443173226,0.2926895608574723,1.0210905634267087,13.743722635902504
1945309092,4,25.104835849166307,0.3516568920287655,0.21087088717454108,1.0802213397735276,15.564020746714405
1945809152,0,109.13247475603164,0.32296146823434435,0.16176038924817726,1.0658876232110897,10.976998710084867
1946473006,4,44.58084306171512,0.3921081994013993,0.22285895064049455,1.0656862352585408,15.522280729450449
1947203303,4,203.2992662662184,0.3802758985027001,0.23164184964340187,1.0081542460096578,16.334218679195715
1947367944,4,9.03503644236632,0.3551539829372755,0.22012389118336345,1.027472178797918,11.733959553031701
1947454451,3,187.97881603773453,0.36814011369263855,0.30627535311967613,1.1836760205249923,23.30935731864995
1947568782,0,61.60087827521979,0.4667938127481214,0.20127121493838437,0.9236000477414322,17.391978803538894
1947579859,1,22.01045376299122,0.3453817747599792,0.2652300186460741,1.062895814434602,16.493965238572784
1947586452,1,75.62629320622842,0.3470576805133512,0.2841683309921761,1.0718777007537674,16.43823541009917
1948010634,0,106.78049781001172,0.34997888880912814,0.20166943387239855,1.1618468653571612,22.58460287967594
1948589234,2,147.6583645968516,0.3679246320953283,0.1983356811932259,1.0327361116868172,15.372211180711671
1948698672,2,88.12341774804581,0.36870694341111565,0.17877671992996708,1.12127638260666,13.196400203219813
1949061676,0,229.20707203600062,0.3856961901323669,0.2806906531926352,1.0094791785221586,20.845133011527334
1949190696,3,146.98416909936688,0.346911685257287,0.3017369282015948,1.1159963763860499,23.218191988334432
1949212177,2,242.18903918007135,0.37844870725860114,0.2874071954845472,1.1473604896668306,22.450717040048097
1949333335,3,161.3721609852831,0.353604827989875,0.2590286655272514,1.3327648535941616,18.832014185975385
1949514946,0,140.87859576276944,0.3088749059436915,0.21055626103177305,1.112455633889472,12.76991777533539
1949780423,1,-60.83607454966608,0.4320091291346695,0.19088038120988476,1.2140575991359357,20.217034827795494
1949823161,2,44.43695483116501,0.3517743597212013,0.23321322885063497,1.11117033995199,18.43972212207623
1949953064,4,185.27051187488277,0.4069297593712743,0.38334511550876826,1.0193315295734613,27.301916061187566
1950021660,3,176.07071270921077,0.36155019660626014,0.30451640148941483,1.1465197601706698,22.6226088371708
1950339356,4,-60.163597801087775,0.31903607685403607,0.2394195046734134,1.1204723417405393,19.091500039122156
1950809751,4,113.73990044713585,0.25037080431744074,0.2871508097203016,1.226110003356027,15.610224171064083
1950874064,1,18.57052536934512,0.3606349459772992,0.2161697279322452,0.98303287783776,13.849873492562233
1951077384,2,250.19855406423022,0.37909218337613,0.23522430864498403,1.1621653458137327,24.15982910081715
1951160334,1,242.57577442084187,0.3973774406761412,0.24723707051233154,1.1099158333894728,20.688685044894065
1951638627,0,191.34675980742838,0.3712694569848632,0.27292093584174765,1.0409535976886073,19.27284666852697
1951901460,1,74.09357900075503,0.3818173676985996,0.3152573192121562,0.9615693288263304,15.682739696140112
1952301542,2,15.31856296979332,0.3389920050517506,0.1912056850039833,1.0768225114565189,12.200579807989783
1952404953,0,194.41025004604748,0.3535235107883458,0.2726066198708891,1.168619219479214,25.57079870897778
1952508895,4,201.34275076265206,0.3964277759008806,0.18760221120804987,1.0777591108717393,16.208473777163785
1952671139,2,-28.600251206657347,0.3837066285462997,0.2594920687495912,0.9162244919078009,11.92178392696282
1953033868,3,150.81231803910916,0.3593790395996309,0.23390585381074402,1.0238553764312552,16.120118955939272
1953349565,0,43.57768749582073,0.40780116464600846,0.34053452755485014,0.9343442811961205,15.806664951205907
1953482672,0,103.73355223219099,0.35268859343088554,0.21301523522978713,1.1722395205514442,19.530327429119243
1953803634,1,123.83326151177496,0.3448614455583697,0.3097445005279244,1.1942594848436467,21.05505544476758
1954306622,3,162.5772248260727,0.36474400754776826,0.2789964652470602,1.0453801608304905,18.883240081133525
1954721166,2,0.3203090443639667,0.36070438854415704,0.18514971062611485,1.273313479719218,13.527265423119005
1954861096,3,84.093359837106,0.36032103269709265,0.21326478107796404,1.159877502598171,16.319788879823314
1955776885,2,228.17868185011946,0.36950768230491976,0.25079162476563627,1.0089583104459063,18.64170628471668
1956029718,1,37.879286237023926,0.3735965867133172,0.318127202358262,0.9498680100020004,18.16933584303844
1956150521,1,-58.309751206887995,0.3684028172080859,0.20520651859850675,1.017401441197546,12.422951176679263
1956367813,0,79.32703120048163,0.3817510824125178,0.18063749923269343,1.208576587749405,18.09519481714409
1956396424,1,36.58198078298102,0.3691273768848967,0.24719159553585593,0.9761514960328204,12.221762879241544
1956587899,2,63.02017932223029,0.3663675022011006,0.1831072748938688,1.1365432559797857,11.727765496228956
1956666408,3,257.49971470547956,0.36608073880078174,0.23644892583166482,0.9810114329222458,15.946274696795752
1956893558,0,224.7530576746309,0.4007225976321157,0.23768563972175194,1.1645829585208256,23.2224459226066
1957426818,0,266.8551812566597,0.38234607216577327,0.2223643407514295,1.035061128537766,14.470760554188573
1957470383,3,-33.600600602646125,0.33296404642243466,0.1279964779863034,1.375594210093637,16.911544579047757
1958192948,4,216.5912992246702,0.3728152676285246,0.18913695696034827,1.1019992115975408,18.21594659175769
1958473963,4,163.4046545127379,0.357420968480649,0.2634845445750787,1.156763875809078,20.05847376881462
1958487458,1,-0.5932052142775888,0.3422366183123619,0.2212745698770019,1.0488612790376655,15.636605862823625
1958554605,3,76.67319894768099,0.3741141847735008,0.19295745233083314,0.9330156499514096,13.94076133826318
1958618966,2,1.4946502336070182,0.38450071102629857,0.15172741668923978,0.8966520514799361,14.527392801423266
1958858448,4,58.067856551487665,0.4103081824840784,0.18957276193043907,0.8422117165247979,13.363031912884033
1959224488,4,211.76691177541414,0.41706605102363564,0.2046455405225761,1.0816977330932007,15.020821292995652
1959489258,3,161.24214691743035,0.36318506696436975,0.25844032298535236,0.9935436750140078,16.53455478502107
1960180963,0,136.41717086626343,0.3568604859019803,0.2318924805584553,1.1966116385377257,19.137305733635145
1960232404,4,-29.883349381676823,0.3630061570009427,0.30005786336651763,1.0147765714843664,21.151361048835057
1960719660,2,63.14389020342334,0.3414590537268385,0.2924734149601744,1.0622179603596287,19.98905683862171
1960875010,0,299.65891779394326,0.4365825669396543,0.2702163159119994,1.0984611997786138,24.0830715298312
1960968082,1,28.007624188440175,0.3595267664490972,0.27421741583624815,1.1077818317914487,22.06885634900827
1961009790,1,146.20726942010444,0.36559660805064353,0.23069683843140099,0.9855712466929134,15.233937915483379
1961333233,1,65.52616394209272,0.3495363741759152,0.23451268275710307,1.1581926706861785,15.127087197855278
1961335797,4,338.19783373524143,0.4234370627062021,0.220802671262718,1.014244870732353,18.33777044706694
1962617217,4,65.4615610062655,0.3597615174504168,0.26374977371477176,0.9722844991234341,17.043840515624137
1962650861,0,70.94977137176787,0.32825615070154485,0.25464388651832137,1.107788314912736,20.21068775829123
1962833245,4,278.8112254920896,0.3789392029518731,0.2241528245117843,1.1825959335151581,17.171612162070154
1963304401,0,-11.465153754057383,0.3640127186828452,0.26679347922576635,0.9527406918108731,18.823045151535247
1963751846,4,70.47985160333731,0.3888333597198638,0.2038279982845452,0.9166289454226358,13.95265900424037
1964367064,1,202.090725615743,0.37057283693207577,0.26308276400229424,1.0655837355703244,17.786455834235912
1964385683,3,241.319360733013,0.38478798733233815,0.25579643748760794,1.1743679294696001,22.29171682886882
1964501919,4,249.64085679368426,0.39004493782537814,0.1643866437644542,1.1278433064538147,19.540042139888957
1964666760,2,14.072800296539299,0.33774446848526335,0.2639352852853059,1.0615354853729286,19.409112834481668
1964792280,3,215.3089436880155,0.3863294252875311,0.2764198574683547,1.100828940020681,20.34562341333644
1964948297,2,178.97009320932236,0.36944017203664375,0.2810789362987469,1.2337306914770165,24.419008583543782
1965550017,4,-12.140997821065113,0.3830864898933715,0.19698791418377615,1.087133418842685,12.268982407170837
1965690727,4,17.27746026822507,0.3535838430429262,0.2884536055662277,1.0389440347642926,20.13495240508465
1965799831,4,4.944538047794666,0.3853999287894373,0.3451666035355711,0.890759333036232,15.163988383706798
1965906081,2,9.70839895781019,0.37041854441481237,0.17983059945100172,1.2313461898286255,13.166555799580012
1965969714,3,15.624647067474186,0.3500949341143443,0.2503237360135737,1.0785464967332095,15.492310247541559
1966018498,0,29.401455425986335,0.4000332145527922,0.2030587415927484,1.0568855830566886,20.467792890786626
1966201897,0,-39.64206645888281,0.35259297924278626,0.1689985424420581,1.3313168438213845,12.828951089023906
1966629557,4,-27.911912278335294,0.35154523301512475,0.27688520043969056,1.061914202984512,21.505548561326165
1966848887,1,42.52022235040173,0.37668351760883106,0.37938030279890544,0.9056894887857462,20.999536826351633
1967479741,1,221.74697218492537,0.4199712942510603,0.11102240673817698,1.1999483338806254,16.593261169039653
1967596895,1,123.50784362884579,0.3875740830335602,0.24306311412721956,0.9260108046504744,13.025978964682881
1967679061,0,93.88709874329328,0.3223204681949884,0.17099840324874357,1.0405888441721398,11.472628236897297
1967860241,3,35.87587319551915,0.3504545313931648,0.20885165312891324,1.0415711657546365,11.652672502446187
1968301845,3,-107.19531125791653,0.35874373577296065,0.26043208267027523,1.0414734956451743,20.83306412653472
1968819662,2,176.87124021138055,0.3723129133736634,0.21368262144639955,1.1439359255217367,19.498109518048317
1968997516,2,-21.194960313905227,0.3835975873742148,0.19582315522793908,1.1094889002106516,12.613742362386853
1969004591,4,161.7323158943956,0.3698225992450026,0.2509420178952782,1.1300136958774383,17.637411849383994
1969083594,1,61.395788509917054,0.29663645570873304,0.25327865749016765,1.2135847655056717,18.93678731597925
1969287325,1,143.2264716869661,0.3551444059737069,0.24518334096103359,1.1380891398617003,20.164056191223644
1969520077,1,219.09924286357045,0.36911111522628565,0.29666280523311844,1.0832929444767532,22.469311710573123
1969822510,1,23.54815070514512,0.39882343817915533,0.2601704975344974,0.8971024929515321,14.817805224570332
1969835968,3,184.78479553038022,0.3809829592980992,0.25494996423747196,1.034258878608763,20.15837747632851
1970056455,0,214.982040244326,0.3675480593003144,0.2308985313255224,0.9547090589639344,14.437901249522701
1970556387,4,154.2971726169984,0.35592302122227515,0.2818815182927792,1.1961470097752454,22.976971493770804
1970744006,0,148.74496100309142,0.37146652409117925,0.2748411999718062,1.0244895937466045,21.586388487250645
1971561670,0,41.33298577205536,0.3380823219074539,0.2952644333975633,0.9913767152608488,19.798548555118735
1971686624,0,162.86999988632112,0.370512517375166,0.2020852996016167,1.2155156825611526,21.052722676924304
1971749373,3,40.217016128563635,0.37883769360156017,0.2522254752048888,1.0056966722570264,16.578069699633197
1971998855,2,34.61683648979489,0.3376937333164949,0.2258349404036033,1.1786905683945985,18.311601005948496
1972024406,4,-2.7232100635654746,0.35132927704392664,0.23866523209605836,1.1341562828712775,15.20758579947433
1972032416,4,-1.2560596190614746,0.3642603999224095,0.3007022201635514,1.0448227174705766,19.144295222517957
1972109782,0,49.09938111801669,0.33582620470252444,0.22659868665784855,1.220513064204643,20.098253893965143
1972780662,2,-20.105577526542845,0.358547642794477,0.227408776239647,1.0379892187210247,14.819956208321441
1973157365,3,170.76906654617966,0.3745091302716573,0.24403824385871994,1.1317037256696911,21.006947558219025
1973279343,4,-20.848793084144774,0.35755422605716675,0.27636952236243095,1.0236338325299104,20.95979249012914
1973417069,3,51.72644149718501,0.3732292600112602,0.14805052747899397,1.098173134283028,18.39077150775559
1973609313,1,185.23110348809973,0.36856759118579274,0.2276420996140927,1.0138321273556667,16.878949599942416
1974222133,1,258.14833356971,0.41896894657724326,0.15142656637332202,1.1421341347732978,17.62077642563655
1974242688,4,158.7990244457887,0.39489478473218065,0.2155081946815674,1.0404176161986616,19.883636795351812
1974258183,0,54.978102092736805,0.3344378436252583,0.22444182663483517,1.171427485465181,18.307582654688016
1974383215,3,7.411210945429829,0.3626596516754861,0.3056815618679767,1.0124224994176747,21.530732971978367
1974978740,3,82.02637067665916,0.43766612585526454,0.17719726109886313,0.862452462644913,11.929612498144882
1975082239,4,293.8817047848912,0.43748187691150964,0.2434584718742106,1.0563458058994557,17.942601293992904
1975447756,0,31.35014999781734,0.34189248988776094,0.27700966185169595,1.0637930754209588,21.32235924919613
1975514366,0,63.471653733151115,0.34563839376881017,0.2604064461907898,1.1581709400136462,20.993537895835427
1975880565,3,175.79148212574282,0.36228508269574833,0.3018771839310524,1.1518522854201936,22.67211816046571
1976024514,1,128.56151588098544,0.36595839743317826,0.2521581777051143,0.9785907951524061,15.670784688066776
1976774043,1,74.15052597609302,0.3578207219274529,0.2729375180801717,1.1208544968513336,20.20983402568728
1977447931,0,159.52093773912281,0.37136092086905825,0.2343082018888146,0.9959262352269039,14.53736350649011
1978316297,3,167.84595823417075,0.3469470299991789,0.29319081006032777,1.0752397628223767,19.30966355207353
1978540220,4,33.841600757603075,0.3445701175277102,0.25971555719754125,1.1077985386015643,20.46472034192182
1978620404,4,-51.04555560576762,0.41507572439516904,0.38891953311031113,0.7902681848157218,12.84926676661382
1978702733,1,200.56633136039858,0.36953647729805833,0.16341468529669662,1.0937824882778,19.713999369548752
1978759933,1,41.65906629152809,0.3833300439468389,0.30699435697556193,0.8891658328943745,13.55304813417148
1978914025,4,354.9854746826571,0.40567472420011114,0.26771172257235665,1.0659768289092075,22.453586523123153
1978930507,2,169.0072065021831,0.45638639459896907,0.19123341008534595,0.8598087963770977,13.502367043959056
1979011181,0,354.71380198534945,0.41177493709566054,0.2538892947195986,1.085785728124214,22.463735763794457
1979505726,3,93.69841259887083,0.34599351308663084,0.26284381475932433,1.2005794654423605,19.256391545638905
1979525193,2,3.3061692639206512,0.3412173266427079,0.17092388094197813,1.1256870418834282,14.52585899062146
1979934753,0,162.15301910484362,0.38336057447643634,0.20066197364921434,1.0631498619799076,19.885056894350868
1979939370,1,168.4926103371265,0.4049254651588569,0.2457665826840287,0.9449296023108839,15.353048510001084
1980536603,3,3.9511423283150435,0.35717918411615707,0.25911130640575464,1.0790399887283422,21.414498804979935
1981136743,0,-65.75378072182876,0.3279443480922283,0.2125588026937771,1.1151247401041071,16.22572523680852
1981457097,3,167.76514626281153,0.35643075207783503,0.30322793010145094,1.1693668231645915,21.736967425611066
1981691204,3,183.41372472469675,0.3608631127674926,0.23832039115049888,0.993735268979179,16.058163989942674
1981721677,2,82.47424438762991,0.33540627996779876,0.2273674160478207,1.2328778853517373,17.252754594947593
1981870695,2,145.37058817574473,0.32935815663376916,0.19627797820424797,1.345835304713991,19.584439721957338
1981886524,0,157.1460157510815,0.38196125430382805,0.2172448857352404,1.130002713244972,21.17927894153132
1982249582,2,30.11379703729196,0.367497498586365,0.22461438396513908,1.0151958854438063,13.442345344578444
1982444634,1,170.16434322575026,0.3864097492422322,0.2309628464913438,1.1234596571152367,20.492383659417623
1982948729,1,33.237888453801474,0.3537405836172337,0.25742131298329646,1.095932490193501,20.349148015889103
1983222428,1,227.72692892045228,0.3508666093956702,0.2909336910539147,1.1945989913088702,24.18362742904608
1984190839,0,5.158425627029104,0.38266044996095894,0.2061235630650437,1.1154965870364046,20.100696720396485
1984350149,1,89.74670943044046,0.35290598095504283,0.23339960320237357,1.1264366065789821,15.174214619532892
1984402033,2,77.70388980383241,0.3675463073201585,0.3049632350091484,1.0521685261404397,21.731986558291403
1984563739,2,136.84295725495494,0.3661984437221819,0.22946062758290592,1.1168905404393576,19.084631064368782
1984715605,2,-32.064020239603124,0.39949690285239103,0.18519695189580596,0.8634372243027276,12.434669533419738
1985260994,1,44.96634045059653,0.4172724148045098,0.3778127033422292,0.8278947365022027,14.779553267293974
1985598557,2,-30.707452874888546,0.3737170530920033,0.2986761540710003,0.9190153155306164,18.460156125662305
1985922935,0,165.6698210491374,0.4060708618797304,0.1948005099362809,0.999343822742488,15.9087907402966
1986596083,3,179.32841398539722,0.36982198942341793,0.2860702585846004,1.1451796778992205,21.132008825159847
1986643136,4,28.2590135640029,0.4128934783852478,0.34236630917199967,0.8462922753467208,19.201802652077877
1986951321,4,180.17368552045127,0.35600071359327506,0.20677286614702908,1.1730963058260153,18.67399578240496
1987297108,1,56.23760080023139,0.33658470818145647,0.1898507688975981,1.0446921472261395,13.453428254988175
1987380350,1,42.52022235040173,0.3766835158538732,0.37938030279890544,0.9056894887857462,20.999536826351633
1987420560,3,173.33603426212727,0.3656331129585149,0.2960867449322722,1.2828013946091856,19.474337628692197
1987532740,2,186.4365376032925,0.3438186603736768,0.23693822811688392,1.0664604192597416,17.594661734408955
1987791441,1,47.17895253864917,0.3663280971784413,0.2238243325535979,0.9567101689896261,11.623034383232689
1987932881,0,46.76032822417987,0.34105794156563213,0.22710893411091418,1.0480418606767934,14.768907685973803
1988065987,4,-65.46045512423143,0.36209429657248754,0.2316625845267985,1.0948162966490258,18.119939494345747
1988157490,1,231.07884985114043,0.37732678862617713,0.2677070493494865,1.1422039190789353,20.894924088856214
1988158741,3,184.51300806688698,0.34458070752763564,0.2543950833802667,1.040798452254801,17.040242965075336
1988515420,0,143.28951835406815,0.3533467786932276,0.2833100648689926,1.1817397265926926,21.427929263242802
1988563349,2,-48.162793034129365,0.3625811796942491,0.22556767779000828,1.068285792864313,15.832574770753148
1988613729,0,216.24584224361035,0.3855342570706155,0.2445359356175636,1.216073642888079,21.76687405639466
1988695621,4,22.50876220224366,0.37643252491240314,0.24253864710082518,0.996142861195599,15.919395878064664
1989009104,0,196.8893929585875,0.34826643409628594,0.2731774325305917,1.1386453178803386,22.368392010474956
1989599237,0,219.79258879927113,0.3743604897558193,0.16471571209595476,1.1329794210191912,19.720261744761938
1991040777,0,-107.03122418342964,0.32938357871936547,0.12801796775531032,1.5750659349129617,17.09652477871607
1991510657,4,137.08378400349076,0.3907666548375666,0.22233917997577038,1.0673492044062156,19.84273705470666
1991701752,0,115.38833410520522,0.3570642874552379,0.21751823927793967,1.0539025580960775,13.10865609741413
1991992647,2,1.482924115873189,0.35602402171706904,0.2118221539691615,1.0077427040537748,13.346602512049326
1992818207,3,64.40563936036038,0.35590413315861025,0.2368481010476795,1.0786067934757662,19.074324198654793
1992987283,2,144.75816471855413,0.3329039533191764,0.14184040972633058,1.2797489537071847,13.892142187192725
1993503133,0,130.67564671108062,0.35092509539910843,0.25908175359054847,1.1219528671371246,21.389275777712463
1994005610,1,34.30948352079335,0.35885675864922983,0.22655445911167682,1.3818847637546117,23.81408000393541
1995309810,0,204.0636852320693,0.3430297618334778,0.24749710494229196,1.134049395496466,15.976437380378716
1995487445,1,-21.74915329739892,0.3945851079702509,0.19199726026163785,0.934174722112259,12.566698530160032
1995567642,0,64.61618030909511,0.36575547952657045,0.2214973157025853,1.0420076883645435,12.431836180525359
1995858685,4,46.4853465015378,0.3233686747721445,0.27410184711084157,1.0454791106403214,15.919577536870422
1995899423,2,35.1256035077467,0.3376449450874184,0.2643447399466577,1.1076585130486123,17.19177426381585
1997329694,4,-60.82313768776834,0.37628918986741006,0.3167234019802627,0.9096157393770153,19.794907212001586
1997475828,4,-43.01277831551863,0.4073282943333415,0.2777740809650091,0.8199013499530772,12.350790817926253
1997665708,3,241.14293072758005,0.37207527409685626,0.29135263892757635,1.010911170395561,20.33598014704982
1997781379,0,149.38252346746506,0.3606649799640654,0.1592478916435888,1.1093605428680524,14.931883982956775
1998038943,1,190.5926864431309,0.3662969764015789,0.2089644942859119,1.0886375178078125,15.660292790906805
1998309406,1,268.11462474588075,0.40700553594523653,0.23056498912401252,1.1687263630221711,19.071481717615345
1998608102,2,17.434499883623815,0.3820891053133779,0.21056428292109647,0.9912492053732903,10.849445148394281
1999110043,0,98.6828204744448,0.3732018554117075,0.1787493077625022,0.9767940628421351,13.78353126133041
1999630530,4,219.95554407528368,0.3740958942312523,0.24958635734017784,1.1186693836945478,21.58961110392938
1999832779,0,235.37783187698096,0.3926304661230746,0.1679068461008826,1.035566656217643,17.405044317921792
2000269306,3,14.443242192421096,0.36894275082564115,0.2178325949953855,0.984962483330549,14.551236809952625
2000354912,2,263.1093691363945,0.37277771564454415,0.20056580304371796,0.9635693593495214,13.420508737035396
2000390968,2,84.02019974408375,0.36685080961497296,0.16082623078708316,0.9361879853417664,11.97976063813129
2000404932,0,41.465471279769105,0.3480076830030238,0.2141502312885162,1.059249309049176,11.950984675661108
2001829595,0,130.94961294573298,0.3533475499054131,0.22571974872085557,0.9465724341208043,13.686129983689238
2001832914,3,84.89339000176703,0.36020515034970907,0.2134865198768001,1.159902104991469,16.313161071354926
2002181530,0,150.5290062405724,0.3620750774015006,0.20591436265039567,1.1947921071862633,20.13356708107698
2002293555,4,-75.57803743979125,0.42850199679180234,0.34040785804043866,0.9076706341681683,23.62735131716167
2002425196,4,54.39864099046467,0.3686887198345293,0.22744702920999277,1.0730542696451655,12.617205036970871
2002464485,1,155.80551409847573,0.3510627592772339,0.26909622658935095,1.0537709214193713,17.609605980327515
2002874744,0,49.555842465510565,0.38221506283165513,0.25961611702900683,1.063783950596171,22.044126840741114
2002898366,0,195.70870468079613,0.34815437454729725,0.2246029226145334,0.9667939872349318,15.78691089347549
2002993449,0,-2.6146142138348125,0.3604806880189523,0.22922470677270487,0.9434291549409698,12.422265265065073
2003072511,3,137.16472282902603,0.33227635055350446,0.20611652760086047,1.3209250823129906,23.293957973657122
2003251624,3,94.32438132724705,0.3401702164839598,0.27591762456105723,1.1552087895898875,23.691636283173786
2003333074,1,42.32019069963868,0.3783207511114883,0.38517998486055033,0.9007853341163015,21.088996778158556
2003821691,4,145.8785529103598,0.43985380577305155,0.11579507281360374,1.2907802420055854,13.271447970203388
2004147185,4,-3.983451108931888,0.3822421388213762,0.2445271087542787,0.9109249066753571,11.167698081400966
2004174775,3,67.9247418074003,0.3789211539988228,0.2954416123532968,0.9724991505589128,23.256184385961753
2004281729,1,190.74195749447432,0.39997343747493797,0.18513866784446553,0.8511472003703504,12.631484450640775
2004522316,3,177.9204750145248,0.36856759198444694,0.22940979469675238,1.158412181269465,19.43551687917964
2004781454,0,144.72004753073992,0.3608206730145621,0.2453529041523425,0.9516795201057464,14.611214229178906
2004817978,1,82.42867025184167,0.3600265012205861,0.2936992786827907,0.9709696653268618,17.497258271783597
2004822166,3,155.78312620513134,0.36358661656356384,0.13979764802178773,1.147312708878006,17.884665724575296
2005210923,2,150.69395060890363,0.35921223137543346,0.24814026335504102,1.2211175477883047,19.9631154904022
2005402308,4,-33.34182161126964,0.35570111978019264,0.2456163385163453,0.9565861470491879,14.475756557729909
2005457521,3,-47.96754596439686,0.32681764310066785,0.24150851033277668,1.1044905295265048,19.16835313110635
2005551662,3,42.93117922566295,0.38420431572639063,0.22129404788732998,0.9081139304345807,13.621210359993414
2005844572,4,261.42362752474526,0.3621680610597737,0.26911847817769813,1.031864949009631,16.59408086833779
2006295259,1,86.50468983068245,0.43389167239758986,0.1950222926911854,1.0089004966586077,16.846692144538654
2006448599,4,299.6832176008651,0.44600750770349085,0.1365472535881099,1.035017765536616,16.95628662192577
2006513781,2,126.75411481701599,0.3687881461243868,0.22465575218391423,0.944497048137417,13.023417488991
2006683718,2,84.14535180516023,0.3776435419230077,0.18726927998560688,1.011366449674841,13.117334568524289
2006821254,1,78.86444879426878,0.32525980385629066,0.25767701947101573,1.1976384345753774,23.477614053816765
2006996474,3,35.21995659954269,0.3495420152853469,0.28942529713978793,1.0533851471507538,19.697067331298925
2007281733,0,36.837924147519495,0.41251808826449765,0.3444067133326762,0.9197089375592479,17.118942575870047
2007312638,2,162.91775014412278,0.37122685358292634,0.2504160826253934,1.2516379190794542,23.534081650715347
2007560490,1,341.07873410257383,0.4335571072371133,0.18513490891146714,1.1292913982454538,20.45047914708455
2007665966,4,21.524900762080037,0.3449665886716858,0.13033165412645337,1.3918370310040011,17.85424716674582
2007994317,0,44.9228705848249,0.34596060281618846,0.20868880845010468,1.0452985171998588,13.690758860612258
2008537603,2,40.56377541693635,0.39113412100408007,0.23781543716915818,0.9621401552655022,14.882193381241242
2008605500,1,-2.900802575225896,0.3725693388203467,0.20562849263093133,0.9831513198587797,14.293312763173738
2008709540,3,169.8621417534257,0.3554655318271488,0.24515565311928034,1.0591247341346544,16.13532048456808
2009603005,0,186.3124354479065,0.3378878868650253,0.22919025648047484,0.9986132112341548,16.232453996409237
2009816260,3,168.49691052301864,0.36294550149311217,0.28468954684593734,1.0130758786956326,18.604884178550726
2010311547,2,137.38991045330025,0.36305117425249894,0.2635678256136527,1.1269643083178282,23.35335550407502
2010970125,3,110.11438032142118,0.32366403597716886,0.255899765445574,0.9234478592338043,15.982383898531756
2011509747,3,171.03183407074482,0.3674558267784659,0.2747521852405852,1.1639769851261539,22.449394020823352
2011999310,0,-43.11781127683146,0.3535767244291454,0.20468875368189804,1.051259810651327,12.586010922465745
2012503945,4,-11.374237245627057,0.3494201493581963,0.21411301754871576,1.0847206545566344,14.546562472245316
2012816779,0,89.75210890585842,0.34804536939267855,0.1995464098873869,1.2697523033419773,21.366825434415432
2013254124,3,95.14693753661165,0.3577179793059186,0.2982030144762183,1.1131573750338022,15.593734280190187
2013412684,1,100.41606730790329,0.3783417693639245,0.2693960947932312,1.007518333679367,17.695581034447354
2014114432,2,217.94918025555836,0.3754928583985288,0.23937017154256454,1.0825852107962073,21.823226851047618
2014263245,3,-150.12344557915938,0.30970175014774265,0.0868466257265832,1.8249359751132048,19.473843054669256
2014301760,2,-4.913303487678334,0.3354423360001052,0.2981517749071693,1.182770887950923,20.485866403022424
2014418725,0,25.588961951485402,0.4094809848120835,0.34241956967073506,0.8402466684619345,13.13200363629796
2014622631,1,57.01031080979469,0.39009926728396616,0.14561786287248096,1.1585673690346896,14.756582159722976
2014653068,1,60.99162294205703,0.3513331315902497,0.22662012415561,1.0634471333697029,15.592213659177867
2014740524,0,38.96292633124859,0.36462331697354716,0.20725130259500749,1.0312612996344983,11.710074946188783
2015016927,1,147.1523933307953,0.35399355289094053,0.20802160785942284,1.1171204899324056,16.600544775866663
2015176684,0,82.0895637932527,0.3515271317566186,0.23485359977981973,1.091203801350336,19.81450597742701
2015484909,4,-29.42382105139305,0.3582269958637787,0.29145032001465404,1.0283386956900669,21.485400339496714
2015550348,0,180.27262574644618,0.3883898685887085,0.21325272257220462,1.0607930559902907,14.035105622509771
2015619350,3,61.59793615585891,0.34124421987988757,0.28893732764011754,1.1592641826803756,23.132460879500766
2015647676,3,39.443666609180006,0.3596366573526031,0.330835731860324,1.0041626177745544,21.439936386729766
2015742836,2,95.96189827821907,0.3409698465848466,0.2871478474425282,1.1192202331612877,22.39701583345393
2016514618,0,81.23528427272186,0.3517329638999163,0.2557491472065773,1.1559695368092595,21.049004815606363
2016694996,1,-35.907736427196795,0.4092258524315444,0.3102729578306691,0.8865904429185131,16.168710351081955
2016828093,1,17.995944271256548,0.3665191893812273,0.2142059964314413,1.0645099379421503,12.781766345672935
2017537150,0,11.560023308732013,0.32130361462766216,0.2051910835020713,1.183578680195649,17.9075275373002
2017623024,2,66.27058930321112,0.38170093734962657,0.35427262666883735,1.0390533194352298,24.573598103836726
2018770254,2,202.76213515641206,0.3719746832477155,0.19046085371665958,1.0581840117334909,16.667345588935074
2019089439,1,190.08897166619664,0.35502764862935887,0.2725113984043755,1.1671051032847826,24.70483650926827
2019160480,2,246.96329851360002,0.37939816215923855,0.1675024635572664,1.225505252134095,18.147304964845866
2019662589,2,58.76433104333212,0.3878004869622324,0.24125826242647969,1.0824322614823136,10.9830438020803
2019749596,1,133.42307741783958,0.33911189132882935,0.2520453353477829,1.0691700679319147,16.662449614356046
2020299176,0,196.0725376268128,0.3588401410048858,0.24926707589847744,1.2264049759566849,22.215780312602142
2020359190,0,34.79367509778214,0.3937563660479934,0.184737250585486,1.044163145392352,17.59052934777903
2020708371,2,-16.29303617978566,0.374557493711988,0.3410026353523584,0.9197524338173254,21.34265991403901
2020818351,3,110.89677149440068,0.3691417178976538,0.1907822499687734,1.1725487094989666,18.859520660665318
2020857359,1,115.31587332724345,0.3698623567335008,0.1697964935706447,1.0303085139889754,12.592028172796432
2020969412,2,175.24066555419506,0.33661120616356904,0.2859730579908144,1.1739188076412093,19.592955074044085
2021130143,1,242.03589770450424,0.36693423367202765,0.19977975514152313,1.0090341279619182,14.252686706548477
2021290286,2,155.13448354660386,0.3680279226466829,0.35599024388851214,1.189654144243017,27.193763695232953
2021383868,0,363.3763033061467,0.3862116984532409,0.1644974019787678,1.1739533856060893,21.80726057221743
2021473660,3,-2.7402158475175327,0.34620101565387146,0.26471939480499607,1.0598938982085826,20.458998481550942
2021478343,3,3.063486797685968,0.32105641192039813,0.11064998548531818,1.3469222260012947,16.80826092688062
2022011396,1,187.55791290986912,0.37228739299918967,0.2662554258210856,1.1819229313685309,21.295549565309145
2022159696,0,66.25538476333342,0.32668010112096885,0.24741558481704334,1.1485065531882994,22.78094111538966
2022505233,2,-106.49208355033106,0.32517170922397726,0.12468961339057927,1.531737191965557,14.055861029606412
2023609610,1,163.88549483751132,0.34249993393994826,0.2847592055125726,1.0749677014978936,19.402062730225502
2023841912,4,223.64290044505333,0.366153986113665,0.2133871331942615,1.1965973150018054,23.940100809689177
2024518785,4,211.94260617137934,0.3516417631779703,0.3101150320099596,1.0204945358633106,21.408284920746283
2024524302,1,-8.425486891089633,0.34527804446759414,0.2089512217368787,1.0753260645358507,14.394549962552976
2024808471,0,26.109139435155484,0.33203449207165997,0.16054647713773962,1.2916920816080242,17.378629356880417
2024926859,4,222.5756631102222,0.35702974498233675,0.27285087507704875,1.0143402291765622,18.285558748406686
2025206311,0,193.09342359659541,0.3508428972575997,0.2629782115200965,0.9835078209315271,16.319378560041944
2025276311,2,-16.97761357946915,0.37166001808381266,0.21772779964877867,0.9741282168904465,12.990768156008048
2025508516,0,109.11191660332216,0.3427559626975717,0.23190084066261388,1.1734439148458176,27.730376126439303
2025809998,3,-1.3739022244391066,0.3539975661803854,0.18023091052611692,1.114173580890789,14.414949745812997
2025970688,2,39.939992071252895,0.3584276639805314,0.3064868515774739,0.9731509603920047,18.719470436654117
2026398041,0,139.66244606883788,0.36270550977376653,0.17290831745533192,1.2054413309833998,18.358299219575244
2026422493,1,178.01050797431938,0.3639312385156511,0.21440230197481308,1.2341392584517874,19.02794486691805
2026602715,3,222.37623287406115,0.3803450821627906,0.24730469366639612,1.0092516419673534,17.77707004653675
2026869258,0,171.42234264887693,0.370345914045894,0.21412419315588782,1.1703823833609925,20.103189022493268
2026975698,4,80.19987455246718,0.3502421892133075,0.21750993212610897,1.1700445197677294,12.724970007561666
2027806037,1,47.56258369134737,0.36416329878304654,0.18132501668039058,1.0016040344361767,11.60151525947764
2028307602,4,208.4614215327619,0.3606474144192365,0.22281408087796145,0.9849829068071587,16.522683533722336
2028500149,1,2.4316687984581478,0.38793495325693217,0.23945035224135974,0.8364203757463161,10.854455865026182
2028527037,3,-3.8709086214861657,0.4002060825332947,0.15151977472861994,1.1515139068170366,21.051694454205716
2028683291,0,145.07169616299657,0.3579291369818072,0.2506268343465632,1.0981139692288429,15.02613623123245
2029399840,0,33.13153217697514,0.3324762667750124,0.22145919029607383,1.1394322493762357,22.28901811748018
2030056583,3,79.17053440546303,0.38717343922390773,0.183408851665299,0.8661960369295355,10.562281683837899
2030717926,4,-43.47008070030259,0.35535982393189264,0.2786782668297001,0.9754231262674216,19.377241806343793
2030734021,2,300.1968618069824,0.34709174208123744,0.29269908727607585,1.2539734311091593,25.441535560969452
2031010727,3,27.924643357395553,0.3799473129800201,0.22998908096912268,0.9534492381717942,11.862129766771494
2031068763,1,172.0102905278957,0.3731273158160384,0.2638368532864691,1.1706552872702656,22.665326658621655
2031096142,3,96.04321546071233,0.35284065182336377,0.29456850015073893,1.1358153180037105,24.15492207526448
2031152163,1,172.40946346615,0.3681688308744734,0.22034864191729914,1.144232847516412,19.85617363816564
2031378457,4,-3.4543490402340495,0.4019603261563185,0.23314246951253406,0.8028835568903459,12.607126461323592
2031413397,4,-21.26432016617565,0.3378354883125813,0.1716368922055032,1.4526052677417982,19.830036843913298
2031789072,2,79.71157884886611,0.39281189180172393,0.2056670253676743,1.1629416235653778,14.16713446257351
2032432464,4,19.39227026238133,0.330781958205063,0.20225712523314868,1.0172775943139016,15.943341075884828
2032438783,3,231.05559227107565,0.37181388940255644,0.29540576898516424,1.0166103087133935,20.993935519650805
2033020840,4,29.4106297631308,0.34811930719495193,0.23274253731073347,1.0753822474738755,15.500311803638093
2033581658,3,72.32618637289701,0.3752544447813384,0.19443694420660618,0.9703427916743179,12.007447906213805
2033646210,4,191.21863943834413,0.38204833531182447,0.24921652273659875,0.9896664620400477,17.041232204914266
2033898259,3,46.706093822139046,0.35990110567516015,0.3437384955504568,0.9704972917463758,20.063885758221844
2034204725,0,31.292588485321318,0.3807705635981589,0.3831744996283659,0.8839540259249806,21.5367630128067
2034484019,4,51.060159517780434,0.35799882795121,0.2581171565555383,1.105518393530038,20.708928934567314
2035254874,0,42.0537014106379,0.35254898521525657,0.2956300656242097,0.964480245463657,18.35846782379827
2035543497,1,87.67528257616631,0.3269135111480866,0.2784796212863026,1.1033642366446224,20.462004362487214
2035696631,3,184.88583220924704,0.3686281734075761,0.25351406604405347,0.9345845310007032,16.708378133378872
2035735306,4,106.31547276784259,0.3735545580604862,0.23919578682922438,1.0922889337800086,21.65871735057094
2035749307,1,6.125469439679122,0.3416583807672765,0.22088352185736124,1.0874703761775866,13.030212722852383
2035906358,4,262.90258712778774,0.4025932047841618,0.22457831964451752,1.0899959268555786,24.78258244828028
2036221295,0,159.25836676391248,0.35530949131240636,0.22301834451610358,1.0351137222111348,15.349364139494213
2036690814,0,154.22633066191273,0.4227981370994856,0.20636466826075522,0.9099472082591527,13.426912876000147
2036937559,4,153.85331002524703,0.3648964017542583,0.2602056817213191,0.978102710393835,19.671891552146416
2036966102,0,173.28996846498902,0.36365738087694205,0.39017931950418705,1.0755579969124283,28.647493545990557
2037050348,4,59.07073882536298,0.3245603927718641,0.31825856569894045,1.0458809514225158,16.01506881814958
2037235529,1,102.88751830420779,0.3152153378224886,0.2244438317544175,1.1176730871298002,17.728403650829595
2037427343,0,200.56951599579605,0.3711736643251867,0.26257097723403394,0.9389291505682478,15.52795401673063
2037755126,1,215.44444013365572,0.4137234969641855,0.17304058255314353,1.0171661219248662,17.55556992817931
2038032102,3,33.687762958859004,0.3477924470842523,0.2364595176163498,1.1394493385617401,18.562453330064073
2038593828,2,20.339450569019363,0.36642604182373445,0.3260048379424517,0.960388668964113,20.83186693140032
2038600003,1,83.19644863817155,0.3558629980261059,0.14820804354374897,1.166884748496542,13.55929951498622
2038692066,1,208.73744572676873,0.4374306150576154,0.1877546201930535,0.8732566773578236,12.453004988944205
2038784698,0,141.1068691769586,0.38434685364569066,0.25391977448290776,0.9875667509894148,16.73990535688444
2038813510,2,189.81599930856373,0.40850239530879395,0.23870607530687532,0.9879652729140412,21.31923656724295
2039137441,1,7.6083397901387,0.3918178658964386,0.22122842965051362,0.771586700632213,14.686871235745025
2039185015,3,34.40890373543974,0.33550149565714915,0.11640209332782916,1.3807121690672388,18.900179042741957
2039265517,3,168.22978002058682,0.3325000927847194,0.26512997994632226,1.059792704771933,16.120500913046573
2039296323,4,355.8809518507786,0.40841124929408823,0.27670870475855436,1.003234506119723,23.40784385736675
2039689406,4,23.530794725266702,0.3602372096387674,0.20029874912119422,1.0443920296403963,11.214240127810225
2040418137,4,192.40784435086928,0.3921435913520544,0.1940402813129365,1.0579244667418928,17.76359970171821
2040580299,4,109.22003479849553,0.3726218845586686,0.25541460478521644,1.0575562983958817,21.7725613335787
2040837596,4,-62.360735424879636,0.3835481815270814,0.3573951369917838,0.8901071686612345,20.59364451721958
2040930933,4,165.94526070377464,0.37003407866740684,0.2419574152837974,1.0040077679982449,16.57524745792417
2041026757,2,138.87128399591927,0.4849857841350838,0.29393733778547726,0.9957833075555624,17.332820995227117
2041864294,2,25.33688593277776,0.36885116843672233,0.3599934010136088,1.0473388856566404,23.222352573064484
2041930704,0,137.23156697874714,0.36465296049790963,0.19967412791698252,1.1906962252007554,19.936776101564377
2042324873,0,190.2436618709042,0.4039637202969757,0.21687035202782742,1.0091542253443975,17.36524453097514
2042618640,0,76.9779655361224,0.39030090372144094,0.3075878307704414,0.9217993151805844,16.347437930508523
2042805767,3,368.20476588775284,0.3830103839768621,0.21089266975102486,1.1146260543978026,25.283231118641798
2042962957,0,100.29886125286114,0.4069540924112459,0.14352847004182184,1.2368781112798193,12.949606482225324
2042985265,3,177.83181235558004,0.3265845708869169,0.28351792675998194,1.0401601558620557,18.031028111901076
2043343589,4,185.17595448654157,0.40334279119112104,0.20225067890552853,1.010818410827423,18.388598218158595
2043894726,3,240.27974261647287,0.3705555612563744,0.30238949211337346,1.188520569308857,23.501601181791163
2044319304,4,322.99152000077436,0.3868620488286743,0.22031171884399647,1.1492027206133693,21.20881852919954
2044554925,4,244.82810379212805,0.3613131719546571,0.2678147311903318,1.0145677835171496,18.527979215664626
2044694871,0,41.65452869435508,0.37120933266483697,0.24707047870229626,0.9413857970050097,13.115638247050029
2044966386,4,174.6663469321354,0.37620755391162897,0.2378568034005877,0.9392978953647216,15.186527609341379
2045712230,0,163.61680034556525,0.37806664172421756,0.27883477513873556,0.9497374085005695,13.269222597809454
2046153733,1,156.1736957995868,0.3599331497488004,0.24389725110651608,1.0246337655074373,17.28256911890478
2046167476,4,-81.28934769684665,0.4275649012587863,0.27332280332733017,0.9532459519250737,23.14855563052282
2046736007,3,137.78040047522896,0.34734180510257423,0.25143863946821854,1.0421561946600535,16.02236661222743
2046892348,2,36.62554283827571,0.3381680246774213,0.32818468968788284,1.1406051149012915,24.614388111186045
2046956333,2,227.1750102691886,0.37255909816087324,0.2626816022978086,1.0489862242544166,21.601181412545905
2047082921,4,225.3597515026209,0.3511996612427819,0.2729144461557866,1.1347993053289995,20.20484416560979
2047303918,0,200.07012351795186,0.3853744128204978,0.16313655817469386,1.0908320535111582,17.5492726545052
2047470696,3,262.93108095316876,0.3796276376288959,0.29216125015101924,1.0085156428417459,21.513788712308628
2047526312,1,78.26822362457034,0.3366932768925754,0.27196042806766557,1.1196793418388662,15.895299067962327
2047662238,1,43.522065699149984,0.36335136622734826,0.24268112811080023,1.0575137351247232,13.962519584804294
2047820714,1,40.980157701473104,0.3658431664634018,0.227214773834615,1.0259621070324092,13.402195548744334
2047965728,2,-38.59561023982876,0.34071805134849675,0.24713179362153256,1.0723884406569322,19.47787441401046
2048401412,0,-3.4199625034724477,0.4508991098991811,0.18268384034450463,0.9173348563357344,12.076211730909861
2048601766,4,181.68613783834041,0.3835296891587202,0.21996394402365116,1.2286883398712725,23.189862778013453
2049016668,2,31.98611012160562,0.394422955712629,0.2842064630048452,1.0347601251240988,21.098243569207863
2049074412,4,-53.19066822427217,0.45456676669288065,0.19186446622993425,0.9260381102432315,15.510430073548227
2049185141,4,133.2485899103631,0.33582198690851933,0.2607220885604709,1.0993187874149095,15.887673464944058
2049372451,3,19.3841242055108,0.395220648268377,0.2151855030003243,0.8375539967684991,16.5726642863597
2049646481,0,149.61550490575146,0.3231265094334752,0.2192543767988956,1.148743765601739,14.163070699780349
2049675087,2,-24.97630435495067,0.35467033480745935,0.25276235241915335,1.0754241676092704,15.07750298761375
2049722638,1,374.9823956749489,0.4529250605096713,0.39426344915544986,1.0552623361545197,23.905300904238633
2049724174,0,221.2096909016321,0.35075484650236266,0.2581820754636466,0.9566557412392652,20.390586529459036
2050460955,4,18.789466102859848,0.35885250807413094,0.2095998139050998,1.0751809322782895,12.309476694291003
2050550943,3,77.55380055199652,0.36345353347359116,0.21407448671464308,1.002644142052973,12.540533271887123
2051195531,0,280.34794433944614,0.42415953351748076,0.23946444969217232,1.055727878137292,23.475154354486097
2051477971,1,27.319525070834842,0.3600857749212528,0.2801021011647554,1.0325099196800898,21.269378632190946
2052142146,1,47.93568547394572,0.3248017879423073,0.2003093806881925,0.9767367528318207,14.968024862468495
2052261609,0,165.47607533681213,0.36530133967639133,0.2333239688043325,0.9568145957681706,14.258607104154688
2052739724,1,107.2555077857326,0.36229761759368445,0.17867884683732482,1.149411555295353,11.76218563110178
2053050930,1,50.30175661836113,0.3134576598090852,0.2375217113265898,1.1970757170668571,19.834674993730985
2053127764,0,98.95454612360675,0.3665290920092304,0.22051674732129598,1.1093414261536783,18.92727324180684
2053139068,0,72.38341566913246,0.3578586413806046,0.2360093217132109,0.9391706570168816,13.159044989667915
2053145171,4,157.41409162779965,0.35514256041068637,0.242224292175563,1.1178350302080915,17.00972723822129
2053208810,3,349.2507339248523,0.40269384952406884,0.295349350648193,1.1198627973452706,24.655257739876106
2053534445,1,5.543264193870286,0.3742409611603981,0.17297403591773014,1.1393116963662613,14.5423781619443
2053664112,2,36.029443710399946,0.29117527378286623,0.35359558028898724,1.0450904259948612,19.968481599642153
2053842039,4,70.7800727672442,0.37989840384333295,0.23505623039276338,1.1008968999177788,19.906287778823117
2053942851,1,42.141933377334524,0.3796637966459144,0.3907493497958588,0.8964260806236829,21.16851661396133
2054944349,0,53.09837086829651,0.3439278917186444,0.2764900496244203,1.0735746316027872,19.23729798830363
2055026518,1,184.84359760634817,0.36987790609860316,0.2585700780630957,1.1846930756243494,22.471040711329607
2055219346,4,116.39443266420982,0.36607864743081153,0.2384556165982653,1.1001482979663026,21.559163302191266
2055251139,0,49.374793952252,0.33334925747179545,0.2256926356433276,1.089908868975445,13.170537164069618
2055325406,3,82.76249123329673,0.37361702980350436,0.179506686571079,1.152490555714219,15.761004141945865
2056311741,3,130.92054315878386,0.39045216652505754,0.2640370027939326,1.160677132577803,20.328230937680193
2057063340,0,140.80126186415558,0.3628489086629948,0.17263565104448128,1.1944001938971927,18.208256386700494
2057209972,3,235.68371625363,0.3825835590098651,0.28136968700303894,1.1076398620575834,21.08391779287663
2057275568,2,112.85704439893564,0.3583878987233422,0.15017652454868774,1.0375786038880181,15.72036018635236
2057370661,4,93.75473610669884,0.3955592242502148,0.27996968380887527,1.076831583525912,18.450387465759924
2057806483,1,-7.261867833491351,0.2897625737065293,0.23509875179265202,1.2204057494172311,20.797517887678723
2058153586,2,190.32586501423845,0.3699174474501643,0.20156027244058963,0.9598109415173659,15.47222645353634
2058169887,1,275.38782424081757,0.37140745802132386,0.2531649477387648,1.138300291161426,23.175131761017916
2058537463,0,286.6932035428459,0.3745087770196148,0.2121640298300948,1.1074938431915338,18.826407285582636
2058722180,2,220.84925466643074,0.38115257174591716,0.24018339377200082,0.9578087594370225,16.38824359342485
2058912273,4,229.5804547673904,0.41371520247444643,0.20355464827244285,1.0590580644840388,18.693526475913146
2059069732,0,182.24697773451655,0.35406857239011225,0.2693643231737305,1.1903705061157552,24.62276811973498
2059156449,1,24.601938506700364,0.311517873331706,0.2682775526164464,1.0775437085658968,16.218236379028543
2059422357,3,25.47600387731164,0.3842278788876519,0.34237287603724964,0.8842530104684636,15.301292422012386
2059649155,0,-11.01390674051477,0.392225573455669,0.34046025484866427,0.8563287138445331,12.583913872891795
2059802205,3,197.035890388439,0.37579870477451227,0.2754834214482359,1.1371023676763103,24.41001101181463
2060308564,3,89.42725478734354,0.3347689824885827,0.24767006219061763,1.1298113683863071,20.10071788042309
2061363511,4,27.39557965784445,0.412384243919219,0.20218911995980926,0.9750440717359696,17.273269029720943
2061931988,3,234.4318957220118,0.3647360935370041,0.2830680748725347,0.9929282372938368,19.358573664634697
2062389305,1,268.5885354367009,0.433894571587923,0.23857111077035076,1.0581737592484062,20.559661776661542
2062460228,0,-4.487934371941591,0.3565147553308026,0.22621034784693084,1.0947132502524761,13.01577507135229
2062588877,1,11.858920859295097,0.3831817763346753,0.21207146875055619,1.0309007417252778,15.670596551376754
2062611807,0,-13.848472595132407,0.3920778804999862,0.2858470831900437,0.8862315409031845,12.336816644834727
2062868312,2,166.701637443786,0.3581608283661468,0.20412691609509098,1.1141636575798193,18.295384564211197
2062933383,3,224.08396788915746,0.36149401936609105,0.2974765589858989,1.0155652920445235,20.701002266286846
2063026043,2,149.87794099486342,0.37315677368744404,0.25764387129982624,0.8881422986646823,21.73382512554384
2063396498,4,185.51695121895816,0.34384601744239146,0.31947102186294796,1.0401888533176666,21.46092858228106
2063473981,1,-6.197488006643056,0.3961700349548217,0.35262933419200854,0.8607134949868214,12.826469698459885
2063616676,1,239.73355018921796,0.4002326377264158,0.2876054912131071,1.1131453057732517,24.361939506430627
2063798200,4,196.29216454351698,0.35167836411082115,0.32726334054676876,1.0341440763629195,22.51211972498717
2064196181,2,118.1013793093106,0.3570286049501169,0.1757980904495734,1.1700748952250555,13.482925588118503
2064758203,2,47.25858158221827,0.3361327573872231,0.2851692767910624,1.080585222147256,18.948516080684087
2065005983,4,128.6639219086662,0.32429769297822536,0.22954030129161448,1.096211097041001,20.213790373463265
2065007908,1,179.34886906811897,0.38549134997615436,0.30003855422422165,1.1179268001561071,21.151406824415965
2065090283,1,13.346506837453632,0.3703845997166226,0.2578138669423713,0.950208252569993,15.51583548765237
2065153152,4,101.92665157204142,0.34391119257348646,0.25117780317903543,1.0825352099218357,22.11290343137655
2065252291,2,-13.645307279983484,0.36105415330176066,0.31311183495483524,0.9569856720689119,20.531151707303952
2065279499,2,110.73507741892232,0.3586178240542572,0.24400607699240226,1.0677547676006571,16.944341136551326
2065383771,1,144.40685925285055,0.37882507597517834,0.2524074585132143,1.0547519656908293,18.876215493520426
2065621883,1,340.66457668021883,0.43719125986926527,0.19058675716161128,1.0416701456282405,19.15475827995124
2066065208,4,113.18522022635157,0.36989793580166985,0.22987471190490685,1.0625679992180634,12.09712173604631
2066192425,4,56.04002343650665,0.3784112336232187,0.17470918086971576,0.9152366980996884,11.77766593617811
2066262373,1,40.413708587933925,0.3548523616864636,0.3014493574980344,0.9508225942439775,16.189530310838744
2066820207,2,168.98261488685466,0.36518993053041193,0.2569772813586912,1.2120446381776948,21.35023425397746
2066955666,1,160.17970397089633,0.3817156284058713,0.20874383680610084,1.0913646683725504,17.971328530173153
2067168064,4,116.17499585086375,0.36627724418186886,0.20582472013253444,1.0777644275721894,14.442833619882617
2067238428,3,71.94363740008527,0.3475131909353314,0.20376406232615954,1.0697737600196793,16.516597685037546
2067309904,2,159.06771099230468,0.370069016974098,0.1822610257833478,1.139305332222192,16.539207410346098
2067484299,4,0.24142580364984667,0.3897564917702041,0.3034621539787979,0.8806521977464982,12.341960972164946
2068061676,1,170.11427842873934,0.37253341965972586,0.25146481817514454,0.9829813440322168,16.93813814670521
2068076576,2,226.77153415801394,0.37230795638632613,0.2741592996826304,1.0503742276393875,21.376572565581025
2068084714,3,150.58800886155876,0.3418341143720625,0.2125109332251353,1.066551481566463,15.408564653408185
2068351519,0,1.8295764212761583,0.35005576997556936,0.2647685342024469,1.068557167087004,22.96296623457017
2068477355,4,13.437076616112293,0.3515150346286782,0.31047549050235557,0.9901564977583368,17.684275356537082
2068736249,2,88.30985555978842,0.35890410934517775,0.26515927592005745,1.1248596527039547,20.845756471280104
2069332669,3,127.30661776858314,0.37494678834640505,0.17549399107861408,0.950239134771414,13.887930660335366
2069899879,3,152.0284329754447,0.3749601547721869,0.24375527931257557,1.2950782324530523,22.313483913745664
2070158798,2,174.6725626171841,0.3620800663706465,0.1877726820564169,1.3805768228096245,23.657736441273634
2070291544,4,53.589305971956016,0.4003188946928105,0.2033390472817556,0.7825263144453125,13.322135520788294
2070641529,2,234.18853082243095,0.37179890426374473,0.18666967225705944,1.112639321242848,16.51385379427375
2070649419,4,131.50475896976752,0.374148037040201,0.24048960577544506,1.0440279058470376,20.08170349324313
2070663964,4,-60.19710345747802,0.3238078789881019,0.13895321810692718,1.403384448162827,14.358689177341631
2070820503,0,140.32049106821555,0.36661287282638494,0.209499884308727,1.1600067556678066,21.11834979773502
2071087091,2,196.9096562453474,0.381720586919142,0.1878794886379489,1.1783329226915178,21.30673040993523
2071088939,0,303.81748391685386,0.42310628518416005,0.242952848907578,1.1876399291357633,27.190430223405734
2071134178,1,166.5789228782034,0.36556740357804524,0.2642574129865497,1.0092211586725504,17.1449976458109
2071365385,1,122.08368778970089,0.3833493063639674,0.13615747765577074,1.1848711507852736,13.224087172333308
2071704186,4,216.29112012078002,0.3683309330678305,0.1959492462968898,1.2268595703851428,21.769835056263403
2071844706,0,47.62909346689814,0.35563204789791236,0.18752516312831974,0.9969838788040755,12.850763500277086
2071858672,4,36.727086144137544,0.36794185887119946,0.32032208714802096,0.9310541802350898,16.611240248209022
2072168111,0,188.4584133255883,0.3865247049059689,0.24411300596471958,0.9214834558610111,12.957820548290787
2072452393,4,187.61049825697336,0.3532469042408509,0.17103649957718056,1.1511227162567248,16.308887548165377
2072866385,3,57.946644833469136,0.37489314703235016,0.38135020591268826,0.9073755802492883,20.701885982912735
2072955704,2,29.055591209572384,0.34898424634336,0.18135471369015657,0.8799354721538603,14.757415114663395
2073349658,4,0.7064478191934569,0.3698237225255383,0.33123076851490363,1.0063531018709568,20.890422545221156
2073433279,1,161.0439433248039,0.3819503338334541,0.11930408792024966,1.2938124917143474,16.86840189663437
2073505666,3,338.6220120524492,0.39526374944934706,0.30574403951725504,1.1104162438812029,24.805543076696118
2074001151,2,161.9416678326779,0.37182931936995467,0.2027068204105641,1.1451582308323958,18.748834862812714
2074006647,1,160.39048923139808,0.34704913211376726,0.20575760521875547,1.142052361248905,18.73170863031064
2074158001,0,-99.83087996654946,0.31045531945663424,0.1411465378995655,1.523858871570285,16.434505773180756
2074267479,1,28.084762624198248,0.34570895681287006,0.2545127611661039,1.0736095257717655,15.615198283100325
2074410152,0,95.4168408153394,0.378829863219931,0.17534651112046865,0.8894497138372378,10.557667845799337
2074469442,3,26.937093673497202,0.36445859219331517,0.21052542203919794,0.9707705061957136,10.95415384796901
2074481050,3,41.47076425453793,0.3918893107153497,0.20626020003505513,0.7964783698518394,17.164358064492625
2074575987,2,80.71833285924174,0.34361864548642734,0.16953804962648522,1.2206788615098687,17.735266443609945
2075083572,2,143.52906547576396,0.38552840834171154,0.21674430041534906,1.0076805269883922,15.677814695490461
2075349566,0,273.00178288460484,0.37033165378619687,0.17403938853365278,1.1627253258647747,20.923055526202248
2075610197,0,-5.340994146005897,0.37333177510630916,0.1975901819530907,1.023741320954095,13.089557384950597
2076091344,0,8.899989693797039,0.43245274628778485,0.21444180944183763,0.7399712685826528,10.203715065595103
2076186789,2,153.10191125925354,0.33930883990604216,0.29859305374510164,1.084253865966003,22.995999872917746
2076683779,0,46.2776899996873,0.3470795681014555,0.21193441847621525,0.9815155341444379,14.191430206493942
2076949860,0,91.19789477654079,0.24627310304805597,0.1518744879974987,1.1625474206835749,16.669344144046963
2077226118,3,181.65034670856863,0.3674364024548789,0.3215695538729173,1.175178590508179,26.24850821950233
2077350791,4,44.038120018374286,0.39106819383845304,0.21445083619556293,1.1065118619989378,16.334549453092606
2078434455,4,248.0491892873963,0.3968887662202432,0.16427081349193784,1.1186532581245363,18.011763070745598
2078494815,3,9.542716054239179,0.3487970250473286,0.19516520948271593,1.1237354471989758,14.088920827984046
2078520197,4,26.611069755353782,0.34758825347881994,0.20138804452541653,1.2201688801264716,21.481504302252482
2078647419,0,79.14826108156622,0.34222394452419697,0.2767952923315501,1.0052111015964833,18.50675993675719
2079303447,3,-14.486274302839533,0.4018441812635761,0.4459738126960372,0.8767095321620879,21.466804974838425
2079401317,4,51.283718212764306,0.3577686154107433,0.1608601864021756,1.2095073866937804,14.878986227337178
2079617222,2,202.0256481528334,0.3571433166288738,0.2949855047945732,1.027494629838988,20.856655553666716
2079708609,3,49.098211692325194,0.3641305222921194,0.16849214873809598,0.9525944050497739,10.999635055252753
2079820575,2,71.65345042398073,0.36751993450042403,0.20262382711065027,0.960486719823734,13.656427836881527
2080041266,3,136.81991394883295,0.3580200092362887,0.2833955553443826,1.178365661788242,22.69188999545461
2080614685,3,266.53621023255556,0.37235669843217706,0.2905722475498213,0.9851130740318544,21.385923711324523
2080644160,4,174.3643560121407,0.382464378708691,0.2632335745191738,0.9606835245423362,19.972857778328677
2081117789,0,105.21885739523002,0.3541603493273373,0.24618986458003614,0.9617584919002131,14.494645691783528
2081485306,4,-2.3445987346644444,0.33516150580405235,0.22265311559501738,1.1081067142121348,12.91567771002217
2081569182,0,90.74414580326494,0.3139141263898077,0.24850359433146274,1.134618074395858,20.261876553203116
2081754132,0,167.18248420485733,0.3648552377650619,0.24281493842222737,0.9675140019727593,14.36459088954869
2081766771,1,-14.940578334121213,0.368802189560948,0.2254511933467683,0.950650540139237,10.573498157134484
2081786405,2,219.9745093423652,0.3924086691178406,0.2806061837943343,1.0843403140211985,21.928078670029382
2082251214,3,57.81681450511306,0.38264753528780265,0.4147081135386404,0.8793001780957083,21.140674864038523
2082516558,1,158.77309488349,0.3592052178108367,0.2535466345954986,0.9912049078573091,18.298858943217386
2082878937,0,-134.05729459004095,0.3078951458014826,0.09336204611401777,1.7658204549036365,17.270117475542282
2083351176,2,157.0550235963341,0.40623673836228463,0.13740769310863724,1.0294842243089748,13.352590391305561
2083399085,1,74.38796442601912,0.3731911699566382,0.28222499237895554,1.0401969351112756,19.284801691397004
2083473001,4,131.89964105436445,0.380566133607285,0.2596596762982929,1.0966284667997572,22.906833335817886
2084095989,2,197.46673839501454,0.35870190818448966,0.2789364981619526,1.2236317036139264,22.89706824048883
2084277972,4,263.0485418565514,0.36671405878258456,0.2766168807601347,1.023638969374982,19.41254360950459
2085027374,1,105.80122881363451,0.3677938615941173,0.2710248566870475,0.9262593429183921,16.483674653132287
2085033079,2,160.7649393713456,0.37146197613130627,0.22109746194289032,1.0984552419910574,22.98824167625405
2085100639,2,141.88497424677772,0.3652385606602766,0.18402888635158732,1.1186489561933899,12.741247001343428
2085613609,1,178.17571982587032,0.41147841451299805,0.2150584683501113,1.0177804680066518,16.322040046839586
2086500241,1,-60.83292200415545,0.37546536364828925,0.24155613084547795,0.922465552994325,16.94835521138549
2086671305,1,203.9283496701177,0.38700444829175146,0.18696523885485303,0.875473378118453,13.000437156287196
2087529784,2,194.14233993432453,0.3550145397614537,0.31575119741470953,1.1999758773021783,23.674343160695884
2087902310,3,413.37298533819023,0.4173080100706908,0.2644102170598717,0.9506676496535535,23.927061994991817
2087962619,4,140.76108802926615,0.3679293982205586,0.2724533542197444,1.0788018860345814,21.815001406954707
2088540616,2,152.9904351475179,0.3851963296308815,0.23606409204819823,1.0418063175575067,20.470978186839616
2088836138,0,107.97056268328166,0.3359960469438321,0.2716791480415409,1.1416127604478505,20.187044194615822
2088992800,0,68.39291318436031,0.3660976245433014,0.2440857783652168,1.0403027375618064,17.59313165722133
2089130160,1,-4.79119549284448,0.4031874567127983,0.3284392590302123,0.8376433113217642,17.404724647043103
2089319482,2,-48.98793464211322,0.3348177950363761,0.17136613371637216,1.4053021483626367,14.692621218979523
2089653204,4,15.206302100644436,0.3554943541671575,0.26631886300949315,1.0602338799861935,22.245943531996794
2089703645,0,69.04014320799226,0.32733875753036035,0.21865088243064157,1.1067779944936207,15.03731648782155
2089849247,4,139.3645531174363,0.3873031546183595,0.22467989351251733,1.0184462331477921,17.899052292668994
2089875346,4,13.350497689402857,0.3914999226017286,0.20030244115754522,1.084987086172583,18.65709077020673
2090259325,2,167.26904183242996,0.38010399950806106,0.24213690964042472,1.077331557642347,18.84873007162438
2090445254,0,-49.5602688213,0.39308690371083665,0.33064810574974074,0.872913359531093,22.518237493488652
2090672547,2,135.94331851553832,0.360424165030247,0.317537493208831,1.1929323304156125,23.358338021329125
2090987332,4,-23.474438158202105,0.33999014929150934,0.11873906723352562,1.543498631103802,20.734679000522107
2091289727,3,75.16178123299494,0.39942423486519846,0.20303543402517144,1.1141911453292859,14.648517957337045
2091496127,4,1.7514451113414395,0.36554521609330876,0.28863096263320337,1.0138131410569937,14.618096835781358
2091819408,2,47.81857321974418,0.4049477101086604,0.22446527803876418,0.7955171377937158,13.528466898961392
2092024077,4,201.90805679958152,0.3939534795685179,0.22646570577450048,1.0715775780287675,19.28629241377727
2092061977,2,-33.75064153470207,0.37481939385218105,0.21261475630480106,0.8824486252679884,11.610730104921037
2092067263,2,150.62897204672444,0.35780970962493147,0.23248292098944873,1.0612107366643402,16.185079927213533
2092210478,1,57.925323953688896,0.4250861644719107,0.34938024231307296,0.9259262277646374,17.17166445154024
2092278480,3,194.6033464882645,0.35316688650343264,0.3142764374535622,1.1426274666804486,22.957748831028162
2092674324,0,77.52405030323253,0.3450037909390115,0.1623973292386099,1.1834884559100107,13.36105717208706
2092935211,4,249.95204915118128,0.39096006930955757,0.1913443660147956,1.149777784058409,22.23328155047592
2093130856,4,20.706147535213717,0.36943273170832325,0.352440499228314,0.9195216252719113,20.22128331087067
2093549092,0,265.6586066852665,0.42477944121706424,0.23921925293863475,1.0645817575619736,19.721507757610148
2093679226,1,0.5683890912877132,0.3573976147571204,0.23859667692327657,1.1197565048033993,20.204616714023643
2094132157,1,151.95183719005132,0.3565610430322457,0.17149643992008468,1.0179061167823278,12.690721021409892
2094564559,2,210.48873795192628,0.4214463208740076,0.12407738194712456,1.3873069507322007,15.611921280875471
2094965474,4,120.61366868147324,0.36803613244173605,0.24581134394576235,1.0719957724902338,22.61504576262765
2095077077,1,12.594657709585164,0.35326470837490587,0.2985925657149828,0.98170772094902,19.953501198752814
2095656240,4,217.15319516486005,0.3871619845761151,0.24270885185209762,1.1517298027325276,24.422138450253215
2096099449,0,132.3829498406862,0.3758630403966817,0.23401833896234264,1.0073448572310413,12.742810085877682
2097065173,0,98.17087710135539,0.36159926635455136,0.25325792986711976,0.8965089095102633,14.791388847911598
2097105908,3,178.51834329242197,0.37188181605699816,0.24077591411648258,0.9359991599157778,16.44833274458161
2097907422,0,280.76785274566,0.375839520664316,0.15819123902669444,1.1790242943445202,20.498105995284416
2098139319,0,32.865627447271386,0.36971910193710167,0.34826457865811106,0.9193071232159505,20.86707643655382
2098169121,4,162.27493540538762,0.3829662458849472,0.2824120676674019,1.105400057464577,23.13656726552591
2098235605,2,100.27655114706349,0.37520979290842477,0.24435025650562406,0.9700146019408665,14.980221051437706
2098276804,4,-1.4057868077856597,0.3764631140809735,0.24607051123331886,0.9933646483277937,15.175604920195761
2098860245,3,156.5886535214613,0.362015829414798,0.2572088745309401,1.0278309944345636,15.67299122433335
2098949434,4,29.81269763981372,0.35921336570794365,0.34018355477539136,0.9497531012586253,20.10684216988392
2098983815,0,160.2964071719199,0.3720176102843042,0.17643782225136534,1.143320531275624,18.205333038233526
2099106036,2,81.82812953577638,0.35117408200037376,0.2802174466879903,1.0558805685660175,19.92617811715913
2099208394,4,144.90304200120653,0.36458832238648636,0.26025021356071376,1.1407426921042911,21.647014170365864
2099643847,4,211.84119623569995,0.3737364588524685,0.17260258744938772,1.086380746018257,17.749801724808332
2099648126,1,185.44263401563637,0.41041094737398676,0.22331646825429408,0.9359134938246536,13.813213597653322
2100810597,2,317.94199780819343,0.45141281345526124,0.29829823461607,0.9137351979555509,29.725538773114245
2101703893,4,-44.85379054242105,0.40157220274655125,0.24625044575963392,0.9652327579663426,15.221373033121502
2101723306,4,63.85816522608657,0.39418908978707046,0.21237875179424887,1.03919030503101,17.672057336859467
2102034218,1,243.80543864735955,0.3724850508282677,0.1809504052037458,1.2052928102400622,19.642349326987073
2102039309,2,171.15147192600446,0.35512104417510026,0.31724090815105016,1.2111233969929796,22.03641039539258
2102048266,2,158.80728130984136,0.30961250223828873,0.1631342782571087,1.0283697283894369,12.897384260977969
2102097019,0,80.29247203578304,0.36208149162967757,0.26199016992926005,0.9264184583855455,12.750475773617758
2102135850,4,-42.229374915006105,0.33609193361707995,0.24493323543216317,1.1103230588782615,21.633997242607013
2102234224,2,58.33413715262454,0.38578601392018075,0.22526936961387212,0.9666497606800106,13.846334841239825
2102406766,1,156.46663850658632,0.41847605263137094,0.13516416744173626,1.2045929924888341,13.496283826960354
2102601525,2,-9.3777600114434,0.40428220452986563,0.3689076380980647,0.8137697636945629,19.40386623211312
2102738323,3,109.13667573382692,0.3627254227492627,0.2349339936521462,1.1149985005300103,20.699135229482515
2102908349,1,135.39218834161332,0.3960823168976664,0.2647205676173193,0.9397741721290925,15.895998300224988
2103171558,1,101.70598233458477,0.35372720645118394,0.24591285520663078,1.1197216743597949,16.36699672881981
2103300246,1,91.74382598896025,0.3528096442999904,0.15567312222246873,1.4474638861760292,18.11459202557741
2103389743,1,43.662614488071206,0.3602738511193252,0.24642334805476515,1.0274836182328742,12.865406620739028
2103408562,0,-137.17245473558194,0.3478717758893118,0.11675585593376073,1.685066498731108,21.826868966955164
2103439506,3,3.8339699809213528,0.40964684600618917,0.20005494638818633,0.7996690601543961,15.566068201403402
2103456476,4,-17.80679266926593,0.39931009064006623,0.294465800081805,0.8834364993768651,12.396934386955138
2103595659,3,-54.73860699317234,0.33517924786674763,0.24205273000348201,1.099682040473977,19.77867548882405
2103648490,4,227.369909704425,0.36858035760891783,0.2917211032845036,1.0208448941401576,18.80637900924831
2104121723,0,109.12771741603954,0.34867775442762095,0.24235822999236903,0.9875242715237021,14.88661982988193
2104215335,2,303.18343413895207,0.38382203581676977,0.2892459393625203,1.1605516249093346,25.18784670862851
2104280105,0,-23.92964097602129,0.3251534270346013,0.14744969204702885,1.401538985028298,18.763322771735243
2104394110,2,152.86747028885273,0.35625877226730346,0.2316894704728796,1.0296330911546447,17.605488945530244
2104615575,3,127.75789533530863,0.36328376204426016,0.22274322184716247,0.9762060137316472,15.168838703905148
2104808505,1,121.83062016671241,0.34054485651500704,0.2589254125008826,0.965632552199017,14.075417436158403
2104822360,3,267.1755969552668,0.37842194690212344,0.26178918544633256,1.1264032409486389,25.164442756287606
2105181780,3,344.3570094887658,0.4572729294084356,0.18394879244718126,1.0100192966653139,21.74202707415856
2105271867,4,212.90755354556603,0.3862893733272251,0.20669606214554978,0.9989834860730183,16.14185044503265
2105289986,3,57.28831957972707,0.40730261052088423,0.20351174401992653,0.9055121925450003,13.25886084778234
2105342564,2,225.66582025931376,0.3652680643710299,0.2282425568229387,1.0055584145702907,16.088027951229442
2105808752,1,132.20250149197807,0.3552062278731409,0.27056147489773696,1.0146600578433371,18.388480408597818
2106014739,3,25.382123016661083,0.3607378687058956,0.15820187756896015,1.0038036733801112,10.98488101412703
2106275080,1,93.04127241718786,0.3535979590719686,0.2973396376271028,1.1161097018197121,19.71722991407654
2107302149,2,148.44808708981816,0.39650752934016426,0.1252260062212041,1.2444672785110789,14.69943951777811
2107491529,2,17.12920711914242,0.3400396468460522,0.12882256092744396,1.2762561156527161,13.44719581927533
2107706475,1,-29.22990636392491,0.3796721423478691,0.31402137122520923,0.92000306443361,20.388927866995676
2107751440,2,213.83764664366896,0.3882686452838529,0.21994836943012724,1.0123196075245076,21.261693312232783
2108285261,4,8.037476378298066,0.33687266047453435,0.27412978119719555,1.0751975140668215,18.09701155793325
2108373019,3,27.93441829861908,0.3567746739079874,0.26120190862268844,1.0568325705610275,12.057629023682347
2109042008,3,118.35784615865975,0.3711800143707331,0.2151502628941219,1.202176915890378,16.104871963321884
2109143268,1,47.53085048481095,0.3648769431705868,0.20829165609627184,0.9772387440657855,11.014784368528542
2109376187,0,42.234638141201415,0.3637323315496983,0.28000024185107125,1.0770268707437243,22.240163247255577
2110077418,0,67.78110348028947,0.3578252714503249,0.3141767276560569,0.9366031790544295,22.052197731417188
2111187299,4,128.60553937008353,0.39818219573507563,0.29061425865089147,1.0019047607340785,20.015958632122558
2111235464,4,34.869146378201336,0.3833035222599733,0.20589945573629023,0.9713354022923654,11.979809213936283
2111449660,1,172.58018237941928,0.37921502497229403,0.23626326382701934,0.9675924412492275,16.425149568085867
2111641058,0,-28.561008446260416,0.3814050849177266,0.23676857637824753,0.9372777265657584,11.593657323393034
2111688362,1,108.76755567037426,0.34990291993290534,0.19624135522659136,0.9902986529495388,15.058702651194862
2112106908,3,149.1715143115772,0.4124471830604183,0.21147231370967234,0.903197262188042,15.396687724474836
2112160292,0,24.90149180150007,0.33467266474784935,0.17531700609533116,1.0562872835722166,13.065370970957117
2112420491,1,146.1917441227571,0.341318189212001,0.33823016533248385,1.1131330785332416,22.80506661868768
2112498322,3,80.91347056740567,0.4175989052250339,0.3070539934362534,0.9896093076686812,19.13187915784941
2112731378,1,92.94557567808515,0.33818081951226997,0.28564907205390583,1.187507015791033,22.88777358285901
2112734421,3,86.89297683339436,0.3744793446588491,0.1644111511824962,1.0872489669931789,11.7159530764945
2112770434,0,107.35088545011538,0.39458894021024205,0.3209285424618785,0.9049388685681572,21.291461557925057
2112796549,2,295.70655221161445,0.363989225841308,0.18913658909892334,1.193682018407116,16.796096623274867
2112814629,2,-40.80858433846875,0.39671844601403145,0.20226490476802217,0.8818608751826963,12.49862632386216
2113232814,2,88.14496253955012,0.36729113160668475,0.23553011666700507,1.2785863813526426,12.851333165578723
2113271620,2,110.0175478650808,0.31873738906817717,0.170685073862092,1.0157104644484116,12.753565401934761
2113327142,2,220.6361635043735,0.3748097738904987,0.25402503913485014,1.2136737041490568,23.93198158978002
2113413468,1,176.80231799086158,0.39977845113041477,0.18885513842132434,1.0674927497812432,19.453326565036342
2113953037,4,105.32552556679929,0.35140967174309556,0.27051046965654296,1.1627135794561914,23.9756970061527
2113988141,0,180.55464033514184,0.34090174109155463,0.29793497132734126,1.1647504589244393,23.229392969396066
2114154599,2,5.272630391253969,0.4095117956937316,0.17314110081000245,0.9653045650183119,13.44993138449032
2114560231,2,196.56280324403957,0.3583598545450721,0.20886925888681315,1.1985713649886882,17.5474971915388
2114893562,2,287.23896593128535,0.41828738074684096,0.26948662545571433,1.1446748880813713,25.297808073147273
2115270537,2,-108.43152509810882,0.32387962251812974,0.12061794893261157,1.5466554261334813,13.894131739816501
2115445958,1,156.3293510853534,0.3390763060489354,0.29268129472438403,1.2140272382025583,21.78424513035824
2115845960,1,204.56605422653735,0.35561979684767403,0.2868583586592476,1.1864241072381652,21.895521565652338
2116023272,2,51.249635946864984,0.4197564202476751,0.1989309383154912,0.9628011749120743,14.000694262055418
2116043723,3,242.50490141710054,0.3684195232837806,0.30298012825179227,1.1724850286223953,24.774536172901126
2116336179,0,151.84555652101315,0.341414900842916,0.23877257038711353,1.0239550028804465,17.232464144734934
2116365788,3,192.11368967108476,0.36566093772752795,0.24203438123132362,1.1913004657600903,22.321663590596426
2116457345,2,160.45282389174548,0.35735331003023507,0.15052312820046526,1.2795723332398177,16.382814213792894
2116593356,0,79.34880992158924,0.42310137307309703,0.31478388152195946,0.9622343411906904,16.09161811153832
2117478348,4,62.09446254528735,0.39002986654516375,0.2384988077971018,0.9519697025476698,14.51842182105407
2117609308,1,108.2737659706896,0.38062094274841474,0.240657183371045,1.1330182821579449,19.48377439942567
2117950580,3,150.6552307915997,0.3731270092447716,0.22610349223147871,0.979149633977532,16.79181488365097
2118544879,0,212.8957017221775,0.3691322262586261,0.1532995682183328,1.1736820851594159,20.655341594873665
2118719720,3,84.62517543630474,0.3764880793795845,0.1760090433019271,0.9978965619754732,15.088331748422537
2118723389,1,42.36675999639721,0.33667042032181355,0.2494025972212459,1.1700715886289232,17.300335885048398
2118767527,3,242.61197811433104,0.36735457159335777,0.3010046109272109,1.1751415651242056,24.750935958812313
2118906166,3,18.524891504659493,0.3923529948511467,0.18772412305523906,1.1477002574694661,12.66848516107665
2119541663,3,49.111527794757514,0.37196653572370764,0.15273698646841088,1.1011950180652317,18.771694433488083
2119800195,2,16.061920162651532,0.36425688410942286,0.27445047190122995,0.9924467973707903,11.574618415516788
2119910769,0,63.61874003347366,0.35087232692957043,0.169223984154947,1.119501088649876,14.965639930408713
2120362276,4,203.4176296240188,0.38145791324271916,0.25352127402123215,0.9624675626798782,16.49976205024361
2120569877,1,43.57203156690847,0.3720847677619773,0.3015935815373658,1.0511757580481658,22.897396132868245
2120715373,4,0.15005203503520192,0.3680903844274158,0.26519531445670064,1.0091107059444437,16.26965979754031
2120990962,4,50.32219064147494,0.354025168647556,0.30745205031909506,1.0422014218402267,21.820179380533283
2121376176,1,199.5419123562468,0.3754147594392967,0.2540572920659684,1.0237065493019497,18.475057281679643
2121841286,1,41.70500903635459,0.3865252447719013,0.2267415512128,0.9625277831175968,12.985988313105052
2122013892,2,-16.223493316140377,0.339542537208515,0.21426625287106588,1.0970853679880015,14.481483219988299
2122531737,1,125.73984585037388,0.3850941029869077,0.22855232388752084,1.195968935863703,18.86801420834655
2123056342,4,181.0577417763424,0.36519948709222083,0.24310885639423313,0.9578690949427529,17.124519418805036
2123073246,2,14.991330360968988,0.3198293497355221,0.17610453795185366,1.086801514146066,17.569977019049404
2123232751,3,96.96523320034946,0.40320522854449975,0.18749567897335645,1.142616331226622,14.49420900785798
2124031511,1,24.834897110312454,0.3735667243509029,0.22928701680699715,1.1011826748736684,14.35961606476689
2124040823,2,35.909293391271824,0.3608242947512357,0.23796319189247497,1.0387969789277336,17.517842216040158
2124483443,4,27.69914297538702,0.3639070530686805,0.19931136785247283,1.0256759104946545,10.403204716774445
2124605218,0,156.97981460990613,0.36753124221694305,0.19787877212397936,1.2271787280676398,20.922009350818378
2124727719,3,-21.923347577754654,0.37205115280581597,0.2097032934776389,1.1339928617918087,16.515527112411963
2125797590,3,179.07728552276734,0.345122882793068,0.2801869946582949,1.1611501805756757,20.350903196331213
2125841447,4,270.44489285699626,0.3882265483531577,0.2371761973975951,0.987873722850243,17.440963547281765
2126001551,4,108.16555135488596,0.30957829462073083,0.21012998282314643,1.3193308532344878,20.002941146272136
2126142504,2,12.776382693641565,0.3811203486390816,0.3653397663557515,0.8784079038628784,15.22487647965437
2127024895,1,55.901244639625695,0.3677945286426195,0.21573857290879214,0.9463157807968475,14.269261303187541
2127124600,1,183.47485863677042,0.3646989671935584,0.2165831186169454,1.1905141939541255,18.23117055692157
2127233037,2,7.124488894257496,0.39076251726618866,0.3810847442733483,0.8529447348478807,14.20500365512861
2127356325,2,53.29676923755511,0.4147162128915252,0.3705299379756758,0.9175531383534651,15.884333015689139
2127384896,0,40.03883805879233,0.3422388367121135,0.2489384668043353,1.0819231856627112,19.977744716557137
2127609495,1,75.73566279242681,0.35580255552352524,0.2851419379070549,1.081209147732267,19.63062423341736
2127644258,2,231.645000923706,0.3482635111410935,0.17603755573926605,1.3106165317585443,18.06316349167963
2127806896,2,48.31127701626593,0.3568647500753784,0.3339820518273777,0.9969871953166618,20.24830262119775
2128237869,0,65.6009628383658,0.3698976301683813,0.16963372295851464,1.0002913573479681,14.013315599686207
2128329222,2,-7.353929751715356,0.3669410586060394,0.2063159399674195,1.094564524434829,17.993842263422028
2128364241,2,212.17887233492928,0.39299319921596637,0.3140738166140207,1.0975994635424222,23.638912298316626
2128965450,0,68.29642827990402,0.3452963087651064,0.2825382778560345,1.0290523116775618,20.387747621303763
2129332781,4,22.37461663201846,0.3585277681292034,0.32942536809779543,0.9487839461661642,20.01578925133132
2129403327,0,198.2602696288206,0.35474879049489216,0.19951950763440338,0.9462333250779823,15.139582411897614
2130807414,0,75.45998448307195,0.35749094066716686,0.18077475902500556,0.9849780072305513,10.659285334617657
2130816588,3,96.13295174294339,0.3319510113152928,0.19014954565327916,1.189523212531066,16.61236193124421
2130846532,3,221.9808121143272,0.36798097780876504,0.2240557116017079,1.0210907042333006,15.47263145975435
2131450394,1,170.86819847562526,0.36252110138217064,0.266904027681758,1.0076229814871165,17.88841718238429
2131565375,2,204.33636476667294,0.35080850015053505,0.20336311980326055,1.064082032360905,16.964066873889017
2132236820,1,-22.946909542367564,0.34004407403369435,0.23499608424496554,1.0572273206227012,17.643742754699456
2132602127,1,94.05594359233399,0.35535262821017466,0.2478139389509065,1.0135623919726777,18.56262658262777
2132630814,4,304.8084829973659,0.45988943554567085,0.2691785662032746,1.0572514566898836,19.8085525508673
2132767837,0,154.87011350449302,0.3700215308698546,0.2374852887324274,0.9757216069079836,13.67562179458914
2132825345,4,-56.52646756204453,0.43533713900722676,0.1880996072751199,0.9420822759559863,14.21372768271278
2133999177,1,175.72677894433963,0.3733303438160725,0.2663757704948708,1.042268892502241,16.916161992783366
2134272821,0,92.00303100783046,0.33456933843789505,0.2341033923507903,1.0505010794057918,14.78463790718154
2134740083,0,71.9742531964115,0.40629776486559693,0.15312626523723238,1.0459311318059643,17.946804305655007
2135550018,0,141.9810690312919,0.3574642160600047,0.23348758426747582,1.1869941557891157,19.385037853332044
2135749372,4,36.741095365088654,0.3589181847671037,0.32228790627665405,0.9894275570704057,20.439326617433927
2135907142,2,194.68404045587118,0.3656954897920922,0.22442413725020674,1.0291613467316554,14.978555198078679
2136380644,2,73.37797983653093,0.33638594918528564,0.2633367444720444,1.1113210331650236,17.29000452462358
2136556254,4,136.13228289310845,0.3787491415300699,0.2401915997658679,1.083251086967902,18.86124764234639
2136774388,3,213.53726732807354,0.37864150315999595,0.2946581726342841,1.1525176635846281,24.39823130230625
2136777400,2,144.07721570116536,0.36856832995512523,0.19460202084915695,1.2291963405752917,18.32232124588419
2136833669,0,146.76538810561715,0.363766841727495,0.21352649255844852,0.9454572690519906,12.672640325058016
2137189788,3,56.57309855565764,0.35395445804452713,0.29285625060335274,1.0419141855801501,19.60980402313548
2137510659,4,152.22450999497383,0.35974143491283284,0.22798990323426332,1.1897393855616534,21.25962160473926
2137901854,1,34.34555312622777,0.39232210213475827,0.1569277296609905,1.1145298489650393,17.62512821295592
2138950642,4,238.35225890513445,0.3827060757077353,0.29707914022730547,1.013509869795518,18.22830385528181
2139033638,4,143.73547211420103,0.36569728202217067,0.16769404387560083,1.1708282856390133,15.182562089696784
2139220347,4,99.33323508689575,0.35013615816007554,0.2695833733398653,1.1517007802158798,23.59546587154142
2139752461,4,170.82235906012897,0.36517757843326115,0.2466720465710056,0.9605985428761092,17.618693318631813
2139764431,2,270.64648899184766,0.39006301016050826,0.3650497473421382,1.1710345975577738,25.91648762501743
2140175803,4,-13.903636059902922,0.38457293088612965,0.20953389310511386,1.058783947340707,15.726997506956865
2140329869,4,269.3056746566408,0.37573725809294195,0.2727981349540068,1.0277738094274067,17.036730289510274
2140546586,2,195.34358540873245,0.388752110208687,0.18571134553525498,1.050079936292416,15.88185081061295
2141222333,0,62.99649508604764,0.39111265605039786,0.20398884742751638,0.8699158174284216,14.65034713114341
2141227349,3,-27.682732256358264,0.3931374419087121,0.14772026025734492,1.1632112138858133,17.944335669843383
2141673799,4,-63.44541796048867,0.34926230652685497,0.26372453229643866,0.9958245358196273,19.929797665219343
2141743526,2,77.6212135526848,0.40065800677023283,0.2948108250091301,0.9750509229739844,17.050747937715382
2141765674,0,188.26417445431434,0.3572984027529716,0.23420372661455396,0.9673831391857761,15.66272987541042
2142082158,2,56.03680147012618,0.35807630321642614,0.2078739118768661,1.0503860453105616,11.299555383153866
2142258643,3,-75.6645980488353,0.33952839505767407,0.040826517116995226,1.9768429131595504,18.443916360718866
2142436702,0,42.428032066809905,0.36460887331583025,0.23071176680684163,1.078687068616202,14.30222805705593
2142712159,4,-17.951763840715728,0.34713590049113247,0.27534093657481085,1.0575527539289151,17.923049113959305
2142796643,4,-34.20297780575379,0.3360376951517639,0.24904448402387327,1.078802465081165,18.010342169610542
2143562639,4,346.46882601860557,0.44169039801616644,0.3534699289865078,1.050203858786567,24.63223425382599
2143661007,0,81.80946348320968,0.3812352202834984,0.19866094680060392,1.1735445604245616,17.819739602575435
2143712913,1,189.8186969485696,0.36123389114728516,0.2343522898973419,1.0911184397923637,16.368013902531594
2143907277,1,198.02441676743823,0.4157704060674327,0.1870560590029237,1.0282933092399527,18.871813804923693
2144004917,2,182.32877479618043,0.37227678025258465,0.21902605695220828,0.9994841450159291,16.50616292468927
2144112404,1,253.69779669555078,0.4148774273655046,0.2363899777288222,1.0817722883896848,18.97445069758748
2144122430,4,-2.8850634786464155,0.3871305859302882,0.1936096098273512,0.948633163751794,12.53569325188446
2144407419,2,197.68426500010122,0.34487637032019763,0.2813618113278748,1.0619493993058047,17.948926344015764
2144585137,4,-66.16848697479543,0.40619143237425875,0.3831350070249893,0.877647016164764,19.631206676755383
2144833176,3,180.32538449439818,0.34733190308048284,0.2819655042538755,1.059930888794263,18.730883467245825
2144885299,4,164.88452649460442,0.37220284051335106,0.2724326595254227,1.1320304098471312,24.26510320261737
2145754904,2,65.44137169941578,0.34509332322421477,0.2247506200168417,1.2276332745068812,18.52931856856629
2145995824,0,189.3870776542196,0.3782026867783205,0.18713768323221286,1.1874304462803664,20.010000639224863
2146083613,4,-26.169320490539775,0.34399509558895486,0.22712936404459147,1.00174812643984,14.135783916550835
2146213237,4,76.10672961222855,0.36363195750033944,0.22539208143023254,1.089653482215375,16.17918506185335
2146592435,1,71.34225426390165,0.36509716800238495,0.2690434582011511,1.0216223404280689,18.049126737774785
2146810552,3,108.66894847107113,0.35559012691073955,0.23686604942475153,1.2209324651654612,19.12421789629747
2147191531,4,70.4056189092259,0.3611418305666936,0.2620503893980799,1.0555369918767117,16.441111352663928
2147435020,3,73.08012966071283,0.41738542145393126,0.19027214662872804,0.9329010939701682,13.87118534286768
2147438299,2,46.761126978598455,0.36902096911917,0.3655305294710605,1.0195474116007976,24.485928531541383
