sample_id,fold,Tg,FFV,Tc,Density,Rg
87817,0,12.915316156185199,0.3792970762810863,0.21585653062949892,0.962732898288917,10.850496896349878
106919,4,115.71959587298957,0.36877306291602774,0.28280470153319365,0.9147418852470843,16.851360942193025
388772,3,257.582016637121,0.3754217672206579,0.26205508582122067,1.14737739890508,22.38284189391841
519416,3,221.1057844981974,0.37520729150862403,0.29290099875820635,0.9589324182819764,16.6905266469362
539187,4,69.39716206544324,0.35793326203799114,0.2851733491562946,1.1020356739854453,18.837369973606098
950661,0,33.622501499974966,0.3435414167805747,0.22004957574737866,1.031909269545303,12.891907905902382
1012066,3,223.09261646803685,0.3581852321687292,0.24766220443704748,1.0353996406065022,14.922889452914458
1022104,3,215.8488438250683,0.37520403662094093,0.3214389183027351,1.1037900050859297,25.751421855889845
1722264,4,30.007603757258778,0.35390163090408777,0.23362916724785543,1.0434420510793025,12.108186459496277
2265305,0,185.1451150653521,0.3376557779729775,0.31221671529104883,1.0501420237437167,20.430379613696818
2986007,0,129.82538150439245,0.39476702125489727,0.30610045580087397,0.9412444324117607,20.62377086871231
3013292,4,117.30724826537447,0.30922245958394756,0.20549334245476408,1.10728316959524,13.451371390227425
3053950,2,220.76639190965113,0.3629448697318318,0.24485856438001236,1.1597286136398641,22.00948819940097
3128201,2,226.95121707486766,0.3713155908273121,0.2562454191123038,1.1338401248487513,24.601626783029346
3139746,3,-16.063073211881573,0.32952078559213827,0.2148334649631786,1.1966647966496065,20.111348440434135
3254580,2,150.54957829469953,0.34741396418578163,0.24926122141204957,0.9788570020559161,17.089886577387052
4600132,2,134.7454199694714,0.3340557707290952,0.2832744379188056,1.0678369362264424,20.630592845718425
4658296,1,245.85093944221467,0.35949887314936674,0.22237308965096636,1.1375140452479355,19.91371534037893
4834929,0,256.07406909210886,0.3607875041727094,0.2274424377180919,0.9901033098340288,16.392603650503162
5118841,3,25.215628306921474,0.3834659465419499,0.2930697732950163,0.9438018855065549,14.3698118529019
5350166,3,49.9054995671052,0.31644112376099603,0.21963664712817638,1.1494391281810818,12.625369803069226
5650517,3,-3.1442556600049443,0.33859221668143785,0.2464223356739687,1.1418309511480587,17.50714243233151
5661484,3,217.86932350782752,0.3955164761771843,0.23540421630693806,1.2288084846613083,23.08937916418264
5709902,2,71.103558914179,0.3346806989294481,0.28661561524706247,1.071056777124006,19.533442602078235
5724071,0,185.13817138735394,0.33186677447065893,0.2466419517879351,1.2165529067623118,20.426276726669574
5857263,4,174.63451720564186,0.3706115270752985,0.2785686256747243,1.1444865441112486,22.53152512693808
5905810,1,44.20656708960877,0.35383306462993636,0.24954824708606171,0.9487267421637208,13.282862275749542
5966923,3,-20.708635743030158,0.3777874463650416,0.3061522823473259,1.066036840908633,19.397555210307896
6019988,1,63.44432643282164,0.34132728164851184,0.24690197988933557,1.0362336255680507,16.698550935801205
6102563,3,44.72526512276397,0.33148500946299925,0.22831702841910825,1.2367036432184197,20.61771939158281
6259923,2,141.5320004697297,0.3302919347258096,0.22464958748718972,1.1102917677224386,15.386505414315085
6645418,2,48.01065028359534,0.33922256322770356,0.3030606287260446,1.0091134688585592,20.17964968427933
6665789,3,148.04391504258908,0.3479164388312907,0.2754899652385976,1.1264155247461414,18.498590763981262
7586800,2,233.82504151875116,0.37628284083149677,0.2522004519517885,1.0822430265462462,20.84571273566516
7687820,0,31.63136238128974,0.3724885584846157,0.356544402912368,0.9315398096508684,20.667694480013903
8689461,3,10.943305445244263,0.3987330545972742,0.38546929972610666,0.7867584409963277,11.500904238266546
8973725,2,81.77669806450136,0.3836017716810666,0.19538945382973066,0.7847966478602377,12.659494551322181
9231170,3,20.92927315106968,0.3937181646420579,0.21695419223908632,0.7913388533355952,13.418227591487444
9284896,0,14.228368295816296,0.3772999761973157,0.23256398796586492,1.0375287206353931,15.324101353376921
10061985,4,81.63556248677739,0.35532820896024714,0.3089665782874277,1.064583248024431,22.41623178012524
10142210,0,68.26582612327203,0.2861988635860142,0.22314627076747157,1.2315790571484164,17.068164788301836
10557152,1,166.06296065981883,0.39437354780399286,0.18066486150928468,0.7773601089238245,14.627588791298225
11301237,1,406.0688423307133,0.4002352982424842,0.1730350279859646,1.1845479531837984,26.460946424801776
11664621,1,-16.335559936725772,0.35512029636305525,0.22216085326277907,1.021159184124929,15.507433232081024
11667291,0,189.74989140507557,0.37109170645971606,0.23184101334188256,1.157592847267867,23.720360174841236
11796436,3,227.297351198744,0.3747974886305252,0.19992368086306822,0.9934629081754714,16.053383516113136
11894206,1,63.579084562834204,0.3539253692693772,0.20048797056964163,1.0372896156801321,13.457804276170014
11955349,4,189.72605238988686,0.39067164418914013,0.2440290643034663,1.0435788376745427,18.286262780921167
12008966,4,62.37335604533518,0.4059146888480438,0.18880674208647946,0.8733432612051392,12.453615282901147
12265790,2,66.9896702448095,0.3686757044186514,0.19130315356834143,0.9478043756127943,14.183603150166427
12381586,0,40.86225898003783,0.35614565550768573,0.22487521682896605,1.039994983233662,12.540226583902804
12395811,0,149.21584889369888,0.3842361108004333,0.2366763783802372,0.9952751634950033,20.03518568773932
12627006,3,187.26268633833604,0.3954065976370495,0.1994654260174082,1.1199513068040459,17.233326637159358
12724819,3,57.29339747127176,0.40064649735185737,0.33536327137065697,0.9601083156813892,21.09162382304661
13021733,2,-19.53889881435785,0.3675494836184811,0.2661096599759648,1.000977837101976,18.69148215022689
13364814,0,15.779103322378361,0.34062095536442105,0.2458550908200473,1.0376211167119083,17.049753276247323
13630833,1,285.71334731839653,0.430921216736953,0.16704976821346923,1.0475908317750986,21.483097543133884
13838538,3,-4.4671132217588365,0.4528117928688021,0.20509561088681655,1.0560611141495342,22.320338545463727
13850404,2,116.40818962495476,0.298236698552266,0.18855597848267802,1.273129088237776,14.406931267897509
13874722,2,-33.80712222208628,0.36513013675860845,0.2637181717036265,0.9601133866098086,18.822113189224996
15891916,2,266.1071996265123,0.3854322822281357,0.2587068185974231,1.1071394576534108,22.30561508391932
15979280,1,134.27531005814444,0.3399675912165588,0.27786176628063625,1.1846250720703213,21.756803387145183
16364869,4,280.69249886114346,0.3987922240760514,0.1512161266185707,1.2038231671318425,19.96051502518536
16498242,0,-13.480082860429448,0.40351544627234803,0.3376695209008156,0.8418992609374625,19.731138651949774
16855553,4,31.869684817148197,0.3422556912089565,0.19447707761354244,1.1033603307799,13.070744847739407
17114758,3,100.43948358347978,0.36415716559949746,0.2578203692513838,1.1265719865719788,23.2771021916112
17899555,3,114.1845676297847,0.3979198090863462,0.19331916925186687,1.1385479583727671,16.189555794443276
17943713,1,80.41598264119528,0.36209588519126745,0.24970107205086173,1.1169888906253622,25.450984983548594
18227797,3,-4.01134572987803,0.3568295766648917,0.2825722442826684,1.0491229478037292,16.895776422762246
18308835,1,70.41210659320718,0.41422058174935295,0.18367214852995778,0.9645751559984123,15.840521869209054
18339242,4,36.48013560908979,0.3447237158371438,0.17961863003732462,1.040794207040435,15.571708597602338
18520951,3,180.81324292455417,0.37241918636403726,0.15483282518574937,0.9844623750380586,11.596778485471084
18696710,2,101.38157836593687,0.36162558234230446,0.21825756757094433,1.1544759094808104,14.442394444489079
19277692,4,244.7982605925777,0.390528672013262,0.28665223209442836,1.1594354563711589,24.806870593369688
19303052,4,42.43035970261498,0.35960894886932526,0.13431525953688683,1.2264394633152638,14.211181668974316
19522327,4,37.88994854465715,0.36998971290247773,0.10831360322807465,1.3659793373264444,14.061298504320021
20039468,0,159.05845327700175,0.3740115175854555,0.2310994601302651,1.0880559432425878,20.88670832532263
20273521,1,89.34763707025948,0.34693377171585094,0.15814501819636267,1.0301271638318985,11.618572621962798
20627281,1,223.35200037628022,0.3509010013042406,0.26562110925794113,1.0351039061684248,17.230386650045457
20883601,3,119.22161221400195,0.3374045443312999,0.23049738253127935,1.0695018809548433,13.884531424201258
21279513,0,255.0622384383634,0.39160264360752123,0.16215043027208365,1.1230129653334526,18.057101595154858
21520341,4,179.51908283265558,0.37260097422591604,0.262964865005591,1.0490555655440024,18.406354459522667
22184710,2,55.348585515113484,0.3752545178420944,0.2097404129439973,1.0240206239597582,12.476698066527288
22597605,2,303.3994008787531,0.3991241051349095,0.2533828201810509,1.1121411079222627,22.471222079187104
22905078,1,-95.44527316920738,0.31963370740008856,0.14283089800234422,1.502609426238061,13.445765985527075
22928574,2,14.317095546331245,0.3719620805780105,0.2053997707810281,1.0113596589903062,14.086377067434945
22953969,4,29.272821736065723,0.3605058139060588,0.29531270981652935,0.9993240663586913,22.397211461357042
23036398,3,130.67871525540428,0.34749828834861574,0.20077944795048414,1.281354794762226,9.251752709310848
23192453,0,9.398612843681192,0.35767586946694185,0.1551504203192031,1.2499759260688486,16.408246010944676
23694396,4,-40.335095294630406,0.3933787228033465,0.11358627053789191,1.7598886552613857,23.43336817528182
23713841,1,289.8604747706496,0.3648189014503159,0.2629088105889212,1.1861161782593987,24.46799453419701
24351648,4,191.15268933213918,0.349819129183842,0.27820376513898676,1.0194544585311425,18.98261749016414
24969052,3,-64.71447236739832,0.34598767793542123,0.22727062789246666,1.1139251732747222,18.59091610481979
24982830,2,239.81956311912603,0.3570616428673483,0.20655958997311785,1.2360829452075517,20.085610312166676
25581268,3,233.2216738124426,0.3755160885452241,0.3046938138828883,1.268663074267584,26.44647451866045
25596707,0,187.86169099762236,0.4133621831365371,0.22985585559509492,1.0199128334947862,20.41418034106863
25599707,1,304.979977515109,0.3950474796895654,0.24077936762337138,1.1293946289451777,22.906782761106538
25748429,1,284.12168117140266,0.3894027473361796,0.1781498378638379,1.0248022581089593,15.32612653193963
26299008,3,82.96675777247715,0.42024699977630864,0.19411275231306777,0.8252523999390147,11.525925392397706
26367456,0,127.54447533833749,0.3585053157860409,0.23148460013420558,0.94713091468661,15.672308115480394
26995134,0,154.59052525782513,0.3352526019798767,0.2979381232844197,1.0517404700869977,20.820514583762392
28121925,3,307.04895190045977,0.39418045780021255,0.24471314647969272,1.223757790788478,25.20311224614987
28200504,2,25.59001137649072,0.32868988303021895,0.2708805479356582,1.0772754326570508,19.911442836343223
28479659,0,180.7205850336639,0.36498400444818185,0.2199831113576547,1.1312311871674727,20.881131947946272
29482987,0,161.31017758419705,0.38868882661876825,0.20329492234354457,1.0374409984510315,15.153578220811092
29766304,2,101.41220004744812,0.3549065715575139,0.1797521494041427,1.0866287254690494,13.242963868883376
29881762,0,36.2312597351471,0.3200949450939009,0.21499505469088698,1.1336182908784884,15.507090211532255
29928066,1,88.01336340340596,0.35130440995042406,0.1882976859533934,1.0884713701564293,11.418787840616098
30582999,2,51.256899493477434,0.34396314624617597,0.27390467148654113,1.085665719560071,22.012198136102743
30682090,0,194.2798193672868,0.374811148626491,0.22054918827342315,1.0786293386161199,21.608401565169267
31430153,3,42.09261220711128,0.3476994584901396,0.21441866099229231,1.189024448594512,15.847352607373248
31529134,3,176.17813015968966,0.3411954608973573,0.2629034809677712,1.2084920753435158,20.118735792216544
31841016,2,50.13566493518565,0.3479181552338006,0.17934398440590776,1.1992296450842155,13.456846625925854
32316139,4,55.46503388957564,0.34147458054763047,0.18783630989029554,1.1941527031536534,19.67938867524059
32586958,1,175.2066353162192,0.28028980273502696,0.2578672022128227,1.1121000927346467,18.503649143526044
34026248,4,175.9611936650984,0.35885903622907506,0.26512669094142505,1.1462295094217996,18.592661889006212
34042817,3,-61.09102258983319,0.3502135114809099,0.2367867858788019,1.0978156949147664,18.716128896313972
34234994,1,265.36830912684184,0.35939941530181585,0.20974766662399413,1.2454451622628455,23.52843225861583
34546505,3,105.3073851036666,0.37943228872880524,0.2277980896941568,1.1773860898344302,19.38443164754918
35288312,2,207.19427534067356,0.4025210918055183,0.25862135985361256,1.0358503858649484,20.91531030615222
35380876,2,350.9570077552155,0.38584077742549416,0.24907849193472467,1.2694753866108395,26.707402485671206
35399593,0,102.97943247221608,0.37438423655239994,0.2160153674029675,1.0619541713645626,18.06990363088923
35822036,0,171.77036163127093,0.36285233388412996,0.18198324695827434,1.0597907125673247,13.708443508805285
36217683,0,53.79163727979261,0.4158260779817061,0.2689432043996126,1.0135306007278864,19.602016839149083
36780446,3,-23.56402769871613,0.35721900780605736,0.2416217567443575,1.1072004553096697,19.693836573514357
37511814,1,158.44550055700748,0.36911068449382356,0.24851593726610177,0.9569063734361167,15.913040849335061
37571918,0,245.57389971747182,0.34215257739052457,0.32580298291858084,1.035303221287359,22.6290541392755
37623475,0,195.65472021454156,0.36487960708483524,0.23590286572934108,0.9689612993094245,16.483390736495164
37727451,0,194.93829177108665,0.35032642693685667,0.20006746405043585,1.1357328719943522,16.32038275712028
38112797,4,262.6326265282124,0.370060567676662,0.2322208241740539,0.9849333884541436,17.212837967714584
38228922,4,299.4948404921681,0.3667768121875741,0.26482707401976074,1.248631318352862,20.11621196923838
38242048,2,32.80602957189426,0.3352198219479071,0.12309507605342548,1.574000478707938,20.479272632285273
39109326,4,98.55721675801956,0.36168827612650095,0.2146534936248483,1.0743461313467455,15.146657966209984
40088405,3,264.7214386088462,0.4102673402677736,0.2231737533370417,1.1866441583433356,19.932209861740134
40146140,3,254.20695593332604,0.37431956131835115,0.30108681470774484,1.2481440692867332,25.144461118070982
40417262,4,127.13765449298002,0.33231146548134616,0.263434193022724,1.1428783738266273,18.031530534601995
40655089,0,218.49865807594557,0.3635905375610895,0.21758246788638338,1.1918984889930515,24.691047302053814
40953121,1,262.0271385082506,0.3685387092963804,0.22840349988773603,1.156245004468177,23.366471416749246
41386383,4,3.287483392448479,0.4090834503731449,0.3356533565116197,0.8081786571480639,14.916761352809553
41421570,1,266.59705001367024,0.3711288501299571,0.1963566327775667,1.2219348508510406,24.064919457967324
41644742,1,106.76410063221051,0.34660788131192205,0.24788443517023656,1.2045226792470751,16.617172908862457
41684723,0,65.72343064396763,0.37205011495213186,0.24304845653711005,1.000077462784297,17.761586485851232
41977066,1,145.5738682861653,0.36616023666865305,0.1075975157827235,1.3927719969942531,12.163185196473911
42779237,2,31.9791517660273,0.3742524534398635,0.29696582532089044,1.0142349946293845,22.782187315715817
43489811,3,-9.697234609808518,0.33149980946511376,0.2623320924884797,1.1252803261255289,20.297375823341625
43517583,1,125.11473169014624,0.3948758676283636,0.20517518694547116,0.8873232750993283,13.700831825173148
44130721,0,123.7468127972881,0.36073646264520814,0.20456782368207996,1.153998921481041,19.65832014642638
44332410,1,1.051269367661149,0.4081656192287033,0.28230429234388005,0.7880123358446582,11.947493444332997
45108843,2,-29.182813416663407,0.3793728429794323,0.13663433404506486,1.2686531810916764,14.787451175010725
45704443,2,164.95577517794968,0.37628965153489435,0.22378928318921473,1.08649382496204,22.03019715236252
45818224,1,-51.513786425652825,0.31255845802669624,0.1356998072812031,1.740047546495927,20.220142223343313
45908417,3,107.03866048900613,0.36989883007114455,0.1762353732977536,1.0924935917540586,16.413105289254943
46067784,4,85.98854773949316,0.3619547406872079,0.18239200843777387,1.0125402277775206,10.563663856187024
46369100,4,230.52672749415677,0.35575289405019644,0.23093973578713795,1.0627760085430937,15.906146923735937
46473006,3,-7.670233845276101,0.40405867678673557,0.20531950114191672,0.9231307554371576,13.859191061876396
46656995,1,-17.061067502315012,0.4035014186683651,0.26082776725128004,0.8223005670309828,12.230775964675848
47046176,2,201.71250180574026,0.36296324554384163,0.252120075437203,1.1505131578471064,22.747393823317406
48005195,1,105.10521700465598,0.37509917327025943,0.23158850871971975,1.1577963388502956,19.752768907515875
48202315,3,239.59084645120092,0.40681515631590165,0.2507414935655472,1.17292517483404,23.8685851731299
48308812,3,22.909016117055273,0.3192359629760938,0.2912132053426961,1.082970029667121,19.774749890299162
48554956,2,119.2240211373709,0.3654057622858012,0.22628955735489145,1.200703451924136,21.40027782602246
48717962,2,155.13340520494992,0.35813248658936025,0.23413749455277655,1.0104582594069091,16.06182714913497
49062920,3,-28.42439840507754,0.36140445214229805,0.2297739219962061,1.1249310121587313,17.179170119389653
49325830,3,309.351909344701,0.3887451257266555,0.3083276128358132,1.13301977971968,24.407831389393227
49367014,2,114.08597070013978,0.36119679487020073,0.24604968599700672,1.1579472608604167,22.16952990730978
49737348,1,141.19422741193603,0.4236777511457575,0.30196085362972447,0.9996550249408165,21.775549883976456
49886836,4,251.70234115742107,0.3864477290601041,0.20077525758638282,1.1278319185376695,19.946467302298284
50053709,4,228.4884861427324,0.3677637775819512,0.21911130332684056,1.2088290774881874,20.579777336955125
50438012,0,42.33975332726052,0.34560836934086825,0.2563595682022261,1.0734917071769792,21.14578806203001
51223278,4,104.58147335615352,0.3606576283997707,0.23981574617849882,1.1524582608816387,17.721804503150356
51367162,2,202.1578704728674,0.3841470815216959,0.22008026290249655,1.0267079937195032,19.008803815174712
51939851,0,271.8806024532938,0.3935912084056755,0.2094438518297962,1.1705402882474993,22.51905453296942
51976096,0,26.444158747660893,0.3533009735262797,0.23571051305884572,1.0393434707438218,14.452730820139069
52181246,0,79.17536509738854,0.35026031586950773,0.17662478458072983,1.208115391854028,15.862671611790805
52357313,4,183.23966014485617,0.41540623535467575,0.17573685838424224,1.049231836974845,16.48549579090631
52649125,0,81.28802515649403,0.3527516053180233,0.2189814084664751,1.0446605433075205,16.15047579006951
52868719,3,35.80448204926257,0.3902052801645961,0.19509902150563713,1.068482464955308,13.69358532117702
53248904,2,93.52503455336887,0.38462153243845343,0.22092619361071278,1.3036089750523727,25.480207873128915
53311142,3,-46.79643718259425,0.3372542526744889,0.2217881727941283,1.1115266835161977,17.435323900036597
53548350,4,238.5518175075051,0.3485794252327881,0.3203034287001628,1.0507328617079064,20.533879328216663
53844809,3,43.04798409406328,0.36699718577881585,0.24894521310138287,0.9882807406418055,13.13673735583585
53951865,2,123.26394675961737,0.29297912237128076,0.20399108406648098,1.2120142703438896,15.1510169849193
54084083,2,28.159441820979396,0.40871285482831354,0.23979920393218604,0.8340255206705598,11.681859257643538
54206705,1,56.95480490390037,0.41862838999073937,0.23690138867605942,0.8060944403089837,10.957187781736593
54625460,0,160.81781426523548,0.340995221682179,0.24490163031074166,1.2104326184000183,22.618449762848165
55326263,4,242.39715130004632,0.3788718078642932,0.2646640296220065,1.1973665696147657,21.110131197026753
55400154,1,190.73596897706085,0.4022313416480224,0.2171209380966976,1.0795007105064438,21.957696782369222
55701750,4,22.317971495664608,0.4169694231652591,0.21852242620812365,0.9555869604952743,14.309214499259381
55715472,3,193.3705680499389,0.348431740408673,0.26238219592761364,1.2046177203734434,20.53599970986719
55938751,2,88.11376777709698,0.37609008125265736,0.1684640759768042,1.2622596598363782,18.133223211116963
56235690,4,479.37744350616185,0.403557292196733,0.2524325918353116,1.1727699867558232,26.019470747339067
56319655,1,162.91356109941307,0.3637275225721482,0.2579636472390493,1.0914370444651835,22.394256912731503
56734204,2,50.223197114787546,0.3663066431924387,0.17456280723560058,0.9322142620747109,11.843128627049545
56881469,1,244.69493134176966,0.37422083267158107,0.2326149732636538,1.2007997094618836,25.531696442740706
57070808,1,255.66837506990214,0.37678219011275355,0.2710887288010685,1.1464771763737909,24.145571936716703
57222914,1,214.33007465319844,0.3709058182431118,0.22118791430218124,1.003417418098268,15.993408597266559
57727191,2,40.59945563983842,0.3493715421283267,0.2825787021263596,0.9900180480002272,18.816752651400954
57989832,3,-50.804256624347374,0.33841792718285235,0.20023144054226166,1.141140779199713,14.707018620474836
58312031,4,162.83544012964006,0.38347437080887437,0.2091061902525307,1.101042881070893,15.96022829891429
58492814,1,199.17816268564442,0.3672891290866291,0.25164884397399895,1.1556088882571884,23.318442222330273
59233337,3,286.19920939520205,0.3767879341686664,0.23595846987850802,1.2670656760170065,27.093287273625137
59411967,3,228.8876265646882,0.39277559124611094,0.31624394687641605,1.1248475049546047,25.79382753858529
59671897,0,183.13730059874706,0.3712111137977416,0.22009088174146227,1.0877674666551373,21.91089744210696
59967073,1,90.73764789013487,0.3221736438260031,0.2741982479822247,1.1034638617631176,18.581369393181376
60015302,4,5.850400804658179,0.3421153149429012,0.24351657054057768,1.0603452938129494,20.94216237745969
60029399,4,154.11491685842606,0.373309016480614,0.2599686653122329,1.102753437319625,19.994659346431735
60738401,3,45.03956322435336,0.3802402293987498,0.21602630065011086,1.1477244422832458,18.077937146706862
60763059,1,280.6860924742963,0.4126493609854249,0.234518897165758,1.2477574770430482,23.314812194525995
60840755,0,73.1677899086805,0.34033042782110917,0.19740548924104448,1.0630106196309757,14.917544331988466
61414691,0,-1.6280596000750336,0.3511211355660857,0.22773900018008816,1.0278154974174722,14.521606474446909
61470142,1,238.16254047013058,0.3806618683649816,0.2557062308439341,1.169313993422017,26.32898096087261
61636599,1,212.223725772818,0.3680117086225848,0.2532756980064985,0.9624991324110125,17.929154509983693
61782925,4,30.934658291773516,0.3436375386684383,0.15670942659125753,1.1983907450994657,14.393239789250352
61915107,4,281.1069647365988,0.42258932369275803,0.17019021947129692,1.0792802223798506,18.801369300277834
62163979,1,155.6482627541033,0.3618125498822495,0.22753383963947046,1.2064682826142026,20.334940009514796
62269402,3,233.45885143619702,0.39022367932136015,0.2433152491165972,1.086599369854714,19.53555142902493
62619308,1,56.72357756220574,0.3880237155139956,0.1799449960931395,0.8432926135680544,11.872278088619485
62619449,1,174.3003642205977,0.34178094351212207,0.23098823416255887,1.2087037782383514,21.422141801682073
63090033,3,39.86249244007319,0.3642862796217038,0.14218008420335432,1.1854624953017168,15.727384631669215
63333676,2,22.351378378416086,0.36494509569309896,0.18496428810744742,1.1182995918129124,16.895118582284326
63397318,3,166.27040207226992,0.3680519991167857,0.23133622625304437,1.360257767117729,20.17413099671966
63969847,3,36.48232711898859,0.42428474358627766,0.33842743090349275,1.1180240555321472,24.19303420907732
64606581,1,29.288487600729923,0.38145480569588075,0.22405941189648843,0.8616101563156869,15.859090469010503
64725995,0,185.83655021328522,0.3977916330404833,0.22717599193268925,0.9053825910433979,13.42420940402403
65098291,2,272.39311762628085,0.36598759483713345,0.2025628651097077,1.1662817629838258,20.72264043664094
66059501,3,158.39980380672696,0.3602268087409614,0.31656190328380923,1.2033291221767959,25.171767326043536
66287866,1,125.25756244715676,0.3766574599949895,0.22110745150186875,1.093619452533932,17.33911170334044
66714118,0,176.2684381008467,0.3598563165145762,0.21602928182290268,1.1841506787145561,19.697642797241883
66764672,3,16.36847800153619,0.4365544773881688,0.15072109864192035,0.9480453111743937,12.685966114356715
66797597,2,178.37671367266188,0.3653299064856343,0.26354504312605065,1.0205028658388402,18.81898316776312
67251636,0,46.21979642683246,0.33747971229117635,0.2219559996365085,1.0638809214717202,11.74963834172274
67510171,4,28.30700727845759,0.39329175982428327,0.18091409003743864,0.983860429391449,15.728918109330648
67637672,3,109.4601399307622,0.3756289124805166,0.1373032079880584,1.1183405895067426,12.283538622685105
67701587,2,61.83017505091304,0.3645214128871144,0.25251526152804366,1.0181497078774044,17.222959428695955
67919894,3,163.07936148548,0.38283645787118564,0.22758590966068287,1.1443384987574978,20.343237961233292
68067670,3,247.69033735955696,0.3829825592078491,0.21680697497372692,1.0374231961548546,18.01905502315502
68287641,4,295.2402821493311,0.3674477401717429,0.2750353482264286,0.9881323241771626,21.35475445170813
68342514,3,84.67924829981945,0.3614321986688187,0.18398395247436639,1.1409531816010274,11.651880972087028
68581387,3,66.34067683644398,0.3966468106901828,0.30404530196938384,1.1342770072550006,24.53778859478718
68792546,4,-7.509465254592911,0.36273117679183353,0.32366998177107575,0.9369966282530413,20.881880674709528
68905066,2,152.1517396666069,0.3468118775679474,0.23761396075277058,1.0603204139094733,17.339881929188866
69087168,0,169.85062535290947,0.34303148877551454,0.23823043897516166,1.0145715533076805,17.417196121796042
69121777,3,79.11673882155242,0.3463109759139428,0.294642402406482,1.221039365522197,17.420473500420865
69694252,3,-72.81439088767391,0.3334937411409711,0.24330460928450184,1.0720248094098805,19.62827200523691
70273581,1,140.6361015461676,0.3528480647142567,0.23659037483019874,1.115208421115385,20.664349058883193
70329705,1,-81.68242023967937,0.33382130244545777,0.13362860815640182,1.453295124816931,13.255436096819981
70414190,3,2.9855612067837285,0.34583372105252264,0.25333216855828744,1.1061873465007783,17.262634717596494
71102106,0,94.69037987500414,0.37877405379177537,0.2946389351935196,1.0070357445013787,26.721759129853577
71135797,1,70.83101921496214,0.33826968004697183,0.22771131536236178,1.163530235613627,19.834730151367246
71203158,1,79.13364188540265,0.36713907284338343,0.22563093524653202,1.0281033484435969,17.25242902043658
71861682,3,171.9692930271293,0.3678609236694908,0.24528854091182342,1.1948978089170783,20.496603325993707
72083210,1,39.339435835843055,0.3387363057840632,0.2520913873475164,1.108883535207836,17.22169037969765
72192148,3,220.07012179191315,0.3920269705564462,0.22717331053207224,1.3255670006355036,24.528769175219374
72343609,0,105.03870314353182,0.35566320092905257,0.24851158614336152,1.1420067712079585,20.97146787944149
72459734,3,70.76107162548495,0.30748349203006065,0.29009911936135263,1.313913365424703,13.958905608818789
72780876,3,210.46014522922695,0.3682686939271747,0.32707766094978963,1.104129140551964,24.926867620997623
73164224,0,134.15950892532538,0.28725012701085284,0.2221292739871152,1.168495584296661,16.024545900516053
73437424,1,132.74310368950015,0.3787731924019286,0.23103872285254456,1.2557123942120016,21.00903841184174
73489735,0,53.10915461064212,0.322263364456022,0.15708743458945862,1.3832876508699092,19.283038379208435
74066581,3,138.04934164688268,0.35231143090658673,0.2802147393684803,1.1948262984245355,25.753744525966518
74313131,2,88.46982567909554,0.3590909241247367,0.19107098209951295,1.1421941619407225,14.85945253289495
74688893,3,32.26141663113711,0.37532779711794634,0.2272087001191069,0.922894096594835,10.796999044859279
74865291,2,55.25452224738107,0.31681297363983274,0.19544626857376218,1.1868615211111817,13.959092499407072
75135470,0,47.28485208205144,0.36157025229518697,0.1937545026574963,1.0734379574172117,11.06671052955452
75252869,4,-0.24414738313660678,0.37462861880264825,0.21197416301829872,1.05937886506482,17.894988130339552
75381552,2,195.731910480568,0.39974229613511286,0.24611452635207348,1.0321754303354607,21.02349299613965
75443529,1,10.25045652523933,0.3708163074965344,0.2806057738481258,0.9771540658005252,21.1962237691667
75466481,4,256.741467639695,0.3352857431173048,0.2589770993560835,1.0966440308700514,17.178395207001603
75536580,2,284.22290536339506,0.371326774973968,0.2376951105300962,1.040407002333499,22.60221275308262
75538162,3,127.99176230740466,0.37492849612104723,0.2143541173043682,1.0659825294725083,16.69802244341097
75851204,1,14.887198038314281,0.40094437140362,0.2667221588749416,0.8010012262384905,12.669098408822451
76090504,1,18.822676247927788,0.3495482306710064,0.14031133118607925,1.3071845258034316,15.543190944662168
76415472,2,142.31517491950828,0.37084812899378583,0.26477514026214743,1.149748590333261,24.227923503289944
76724169,3,43.38834647843666,0.3781296998913841,0.27856114770124846,1.0017436470455834,17.695903349969974
76990549,2,37.002480893526446,0.35003983724502274,0.26521354277673825,1.0699204990878264,17.85490842185439
77456502,3,292.50071244769117,0.4286484038901799,0.17508654370011484,1.1669293419185272,13.793102780238819
79415769,0,54.834717772256084,0.34610123752329774,0.20842352870662706,1.133665954669144,17.322759514476502
79940149,3,75.58465601425141,0.36700145227672337,0.2808300958995321,1.08245009096915,17.289367277981114
80116442,1,-29.04672896013345,0.3400822777106688,0.2442927611689246,1.0961910606165242,20.52465551861006
80376161,2,140.571767745991,0.37119038521532605,0.24753609498171622,1.2257294834918442,20.59297826687071
80487296,3,78.27840565326926,0.3655226324945394,0.22432213983078486,1.1154458673874954,20.17461894816597
80883741,4,200.6620190983203,0.3457236104063767,0.24930388172879275,1.1585190888322165,18.899290791294852
80922127,3,151.86299059191336,0.3697363171543638,0.25237651490867286,0.983569684363506,15.628017240193916
80929895,1,43.59683972577509,0.34703077174496266,0.24588787114746607,1.0881235946565055,12.13148894271335
81065395,4,209.23162455879856,0.35725216979333513,0.29367497286152167,1.0008144072436125,20.3987592203182
81137216,3,3.60611964216217,0.38315240105542325,0.40694192231682813,0.8946486699806395,22.187842509091805
81531670,4,31.408784683242402,0.3622583862479808,0.22739331249242986,1.0946959690142544,17.183390126545497
81725470,2,70.05760650648001,0.38406781633611536,0.26925870559413206,0.9833981335702965,19.245901548057972
82529518,1,208.8530874275709,0.36500481115294875,0.22637555012656307,1.0059891848616969,17.003659616110113
82633177,3,154.42919996484744,0.40144468205236294,0.1381789734753886,0.9493979208313981,13.48129995172642
82784880,1,5.464351626852036,0.3346035819174628,0.22107214187009888,1.097094959554653,14.246910172909278
82911538,1,212.90240682559244,0.3609075159362561,0.25283644505148883,1.0161130497770554,17.590985909167475
82950702,4,43.15104838282349,0.3397517442829459,0.2620044844319582,1.1289834228567435,23.63082878572904
82977315,2,-0.5226760660824255,0.3897162343855947,0.3678376886254122,0.8874682258631315,21.998049525382847
83711501,4,12.790497685350957,0.32332566082551106,0.359232838708056,0.9220886265116099,14.610197886757394
83752896,0,130.5020185961373,0.4036540423279658,0.10820867492384731,1.3747991030048945,16.8458962941379
83890516,4,1.552941244774516,0.3543799665416043,0.14442303694276318,1.2581624075730504,13.608016531856432
84000426,4,356.7129378059798,0.41990798261727175,0.21042288080129892,1.16114652147901,22.902302748459526
84183521,4,126.24412340947798,0.36721425395870727,0.2865566678327677,0.9190174994200865,17.74252853595628
84553861,4,52.48645997989903,0.41726614542755636,0.18446052940777669,0.7859128245226865,12.875475304792669
84753546,4,171.81593959953904,0.36459910901984277,0.2533877562019264,1.176906713096361,20.53025787202445
85350789,0,-46.755141268195345,0.36918828066533305,0.23301414782098384,1.0194683554345065,15.207109923422147
85512320,4,188.2154765958203,0.36485738852684607,0.24372935159784007,1.1604929884484512,19.17833294827463
86043004,4,210.40271778105017,0.4372425577519065,0.3232617679405661,1.0294237368667996,22.401732561158724
86169021,4,156.48273403003665,0.36654723663069205,0.2757462353577516,0.9308764217073391,16.922420125638656
86465615,1,87.08610776452407,0.34271377028651023,0.1798703799209871,1.0248448661174512,11.881011563066007
86721128,0,78.44632740154614,0.37801849157062434,0.21708865173392577,1.037073453811688,16.67799162316074
86909617,2,285.1572239773241,0.3721879811579048,0.23120917798783774,0.9864855947283049,17.953520951436687
86993682,1,172.82379896115938,0.3490170716246355,0.18011672795006778,1.1244634456399214,20.526422747431283
87338341,1,57.46438618550349,0.34993872282757005,0.2704080955579264,1.1087507017165088,21.719154204532426
87721068,4,25.884285608107874,0.33877286646481186,0.26008067460844947,1.0595253112098875,18.684396934979205
88136935,4,154.22380053553667,0.3770068926400137,0.12329630470691597,0.9588393160073337,11.000914090235211
88832421,4,-5.413918748090907,0.3853505890571739,0.21758499192173594,1.2019613393498454,22.64804348474521
89077090,3,-1.529967212203374,0.3794270012750423,0.32304509518383806,0.9189343379136564,13.81593609995355
89099554,4,61.77205634025764,0.3483967904159013,0.194387284503043,1.0736404314830588,11.312385553069367
89164117,4,175.27892842784956,0.3656909459872328,0.24993467471303482,1.174147029719233,20.143417258959733
89377326,3,207.4013369471225,0.3613654665164273,0.2494266281334893,1.0248569800544547,17.241987576654033
89692209,1,199.4346994277513,0.3619028806328724,0.23939121665334356,1.173420988462663,22.59936413291986
90074942,2,64.34517636996918,0.3541352401255453,0.24955335686451233,1.167285763677885,20.74390068120743
90183382,4,139.32433403530158,0.36953103173038604,0.15203034655974001,0.9863196358455394,10.598559089639693
90208491,1,196.87146887853493,0.3391070195658967,0.27581567358314224,1.3393789280901645,27.1669084652013
90217162,3,7.237453514494064,0.3536655476414074,0.18218860226145273,1.0885738163117762,11.74450273945564
90460674,1,118.7129966821858,0.3529754641228784,0.23889211823987735,1.1650053855630376,20.37081049488691
90954727,2,-58.35535973153692,0.3179549057592714,0.10079877004120724,1.763733368465178,17.644476878401374
91029862,1,266.0675278924198,0.40210745566497397,0.27649281561585204,1.0266230369592002,25.987575944790088
91669068,1,214.20629437256338,0.37584292790800733,0.2636031341905557,1.122021541509937,22.10091877301748
91718962,2,40.85111277557604,0.3633921098806224,0.19367672769756128,1.022667272314393,12.211694782743159
91927958,4,53.20624922282708,0.3612336482285924,0.2229280490566723,1.0223202785150258,11.891268265536429
92209780,0,21.2411740276726,0.36353464617484443,0.20775481927928297,1.088669503067519,12.293988684582445
92330874,2,79.0043834025416,0.36242122183622827,0.25953079978120963,1.0736478641984153,19.643742430113928
92595615,3,45.53964534211594,0.350864116931007,0.22528274903691853,1.1273412289420668,13.512934940689272
92619090,0,59.33662115527403,0.35068914925618644,0.19850173002240082,1.0584748467708618,13.074807555839712
92814383,2,32.195694977781756,0.39124389720864544,0.4204603960738648,0.8735805105271586,21.434814476147118
92922401,1,276.76112055129045,0.3718251840522139,0.18950734304349837,1.1621593566049795,22.451260418404832
92946122,4,148.84780890864167,0.3607695726494706,0.27657760397719716,1.1528257975404679,21.129525716192067
93073928,1,274.1573949614144,0.3569699657559271,0.30862372732975574,1.0627449354059277,19.937634913541785
93319116,2,52.91487013249392,0.33292764646371503,0.2452949374143664,1.1918519445924183,21.021580329055524
93467042,0,166.00849631331607,0.35189599152762663,0.26075944911625204,1.0074802266905385,17.57749320093498
94248723,4,4.701929400626,0.33821060774935185,0.2220632980519469,1.0439102190156253,14.047002151638893
94344742,2,307.1003779474759,0.396411397848302,0.26269740000207764,1.0510889326383808,23.241955042825026
94543909,1,-1.006703108283105,0.3687755522625986,0.2112053510938215,1.2239172681722283,15.053746382601853
95310452,4,83.82223363717966,0.36393188474303534,0.18596760900088738,0.9997596980184155,12.317869275307881
95396471,1,138.88030517411596,0.4253290050065088,0.3234432747033819,0.8826191640710566,19.268393113781933
95579704,2,146.42607102123748,0.3873205304729206,0.2134019912873029,0.9192200074434127,12.04021217224986
95950675,0,185.12085164507445,0.3884884458080617,0.22233997359852395,1.0261947055756615,20.268265547654394
96953852,3,220.90479353313515,0.3468593984077113,0.24567432291219876,1.0630493726384125,17.11122221823357
97597340,0,5.238988072893989,0.37189346214105823,0.3181559862747533,0.9432647388107119,20.816901754583387
97633900,2,89.15145289878237,0.36104234841121124,0.23496257927480318,1.0959911143067398,16.191870743262044
98585154,4,261.54500626220533,0.39993467212602973,0.2681148752586957,1.2826124214588621,23.12369879012445
98641557,2,138.43204966857826,0.3751375750708452,0.23992778093685135,1.1633231015719931,19.02258526958571
98940224,2,159.28403039730074,0.36780757290658717,0.24947904404087826,1.1173440167123236,20.550020143017495
99321215,2,80.1641127232725,0.3513816121465447,0.23705697344702045,1.1252547837018887,18.710022708113748
99440116,4,28.909863204153496,0.36748564778232035,0.23015251754578409,1.0236063409773362,14.182360704160274
99885429,2,207.37793252299406,0.37515840248509147,0.2122739320562028,1.3226868504179883,24.60193822517908
99908460,2,90.64022308521484,0.3486167677511695,0.19108828820125529,1.1019155456386722,13.446112178879574
100028701,0,187.4564458508175,0.3383803340605475,0.20828567548226382,1.5097974917991972,22.432998937536176
100174621,3,55.550060423154534,0.38655308927625365,0.16195016282358343,0.8442589928008757,9.908877080995943
100767985,3,29.34278488141102,0.3514897699809225,0.2881679738202437,1.063507640061245,19.340781980059017
101151007,4,19.78704557924351,0.35856797856301076,0.26399774298641454,1.071554091548397,16.974160760133827
101268497,1,173.33927972384885,0.38519558517831415,0.1567838842192273,0.9494749928324795,10.843423791658612
101351388,4,60.1400176886976,0.35182815578367316,0.3066678435790899,0.993916824079271,21.185553365956384
101355121,1,237.73670939598932,0.38595461847891926,0.251922648439578,1.0028924688327272,18.677050689466462
101541565,2,111.70558321197123,0.4147000923742967,0.30915893723220106,0.9397525933666651,21.806766659863975
101762204,2,211.7777021115681,0.36930320030258973,0.2541960584643849,1.1573285520577605,23.71922815874381
102315862,1,103.91065535013024,0.35741075675882117,0.21343514473993508,1.149675547313622,19.459342024080144
102324503,3,111.41934165619817,0.3758672417203946,0.2590330298336929,1.0507552052445281,22.75689773748877
102434627,2,142.40435173968302,0.3678925491600832,0.26405268476368354,1.046224161441182,22.306356082236213
102464376,0,200.38807953083113,0.36050570091126366,0.2790391083694557,0.9928629128403815,20.401259176776676
102545459,2,59.803228451625316,0.3452451701780907,0.29851574084933113,1.0095520835147456,18.659789847212988
102606896,1,5.774052949212489,0.36876316862204966,0.35396377163205023,0.9162946492073633,21.754996291913592
102779162,3,-39.016773264318715,0.3802522526617458,0.3959906789390998,0.864520098931187,14.291151271784525
103257739,3,247.76967273350647,0.41090901216396275,0.15443911402801347,1.199804768439812,20.88746356041532
103265366,0,65.20020215026807,0.3339243542501057,0.16424891011568332,1.2886354882636724,18.422024291269956
103451865,3,80.21396094066168,0.4831636413782073,0.17323120896466065,0.9375049908075646,15.55666467239089
103929649,1,198.09808608407792,0.36868528304518455,0.25553301028728237,1.1597073145326653,25.583682787975057
104251154,2,169.53377633045955,0.34330873786507293,0.2502785609240484,1.1171401618845689,19.685628334974016
104578958,4,192.5713154589007,0.388595598455067,0.22751253472287103,1.0815696672904478,15.695233864821589
104743895,4,84.74566130409943,0.3653596946787805,0.16796544873647615,1.136877626345821,17.022996004800724
104905382,1,247.342133040445,0.38863786651608895,0.18466774114647475,1.0575095653449649,19.81320747786333
104973461,0,30.736173682098404,0.35331158956207825,0.22330531576271248,1.1456274025905882,14.968066725618847
105391120,4,174.90301541078992,0.3637111962084154,0.24135769917156955,1.1648881801276958,19.07552410986367
105613036,1,229.90341204551905,0.3744610083027161,0.20972683294067065,1.1868754660618939,20.888140791826434
105789643,4,176.74543826594518,0.3634743748269633,0.25132985184588646,1.1599460350830182,19.9151162293555
106050783,4,155.3684412426621,0.39264232878219363,0.25681716364640744,1.0796985221225137,19.36393522906055
106083096,2,119.95795810030876,0.30415705889910644,0.22821191795913984,1.2036107422774858,16.315779346636678
106612314,1,255.44926656162966,0.3834195661006422,0.19210964424548493,1.1849314847655392,20.359810642316763
106732867,4,208.87957574814436,0.36618644638062725,0.2273403272160308,1.1086705037956595,20.505362802353595
106795224,2,60.69198204415773,0.36268714493467985,0.2619474180892354,1.025156588648596,21.98673063680693
106825904,3,-27.44836083582591,0.3666289336849665,0.2778078657401418,1.0298177333887015,13.867316168695703
106963136,2,292.57005647963086,0.37024008928514623,0.19494095608912348,1.172930617558736,21.447144576711878
107158685,3,253.5253024449415,0.3906662571101567,0.2908586581630091,1.1309859586748312,24.76716233117505
107530968,0,32.599190105903006,0.3781633916812497,0.2921292277606801,0.9443817371022432,18.636614210526773
107562247,2,161.5724951937402,0.35726682987339275,0.2044465010370055,1.124206054912991,18.53621319576293
108528555,1,153.30660734918658,0.3540672032061405,0.23828193524350344,0.9984587014639843,15.626531675535295
108998578,1,127.35987501403821,0.38403697079455007,0.2326034206292875,1.190196038877009,19.491407724780615
109027922,3,34.48555985345582,0.36634717790575433,0.28187761486311497,1.0652684597963018,15.867697295240887
109081671,3,-26.663145085674685,0.36352810595839974,0.2207624460004467,0.9493357188822883,13.734052443240502
109313016,2,136.43980668088335,0.34681830820576975,0.22454431405288997,1.2019644332495467,16.903481939180597
109395625,0,64.92442109068438,0.3644213375322389,0.0825102873502642,1.3667125759271768,14.817846167309003
109705207,4,178.91996701306118,0.32287960396588167,0.27694747207167203,1.1293966076879176,17.464812753352035
110596247,0,62.44096468120612,0.35796065904827895,0.24958840829237008,1.0031521695251842,15.866119982752267
110986650,3,56.70178301769805,0.3610068889980908,0.24234177655098849,1.1176989872761425,19.757502051716575
111009795,4,102.11240720931212,0.3403994987999417,0.2899973938603873,1.0992385806896394,23.496130036965287
111108341,2,110.74747241367264,0.4144075064208095,0.16218177910017667,1.0462299807489572,15.454248121158153
111650158,0,175.9283688407063,0.3589145822386984,0.2173299495347767,1.1839075372294445,19.8081598250324
111668732,4,75.99824065219788,0.3467291311914554,0.23498426381627083,1.135818286941313,18.80447005703603
111707044,0,159.652729536582,0.35058105773272824,0.24875852545285618,0.977700332904841,18.478329395149633
111708400,4,13.625408429406619,0.35658799893801113,0.24131607400701982,0.955927345572061,17.975657476202333
112017015,2,115.36560957818297,0.3424690564798576,0.25430034659071205,1.1187201128983084,20.736732497489285
112351140,1,-25.2612736641818,0.3741553130760018,0.18718646423101637,1.3360348881424564,22.26699950803217
112553722,2,118.74201598210139,0.3245884735001218,0.24471796300595466,1.1307671722322141,18.497166205883083
112989596,3,-31.59384458993003,0.31434270184464597,0.21258542272700504,1.1963419380852203,17.832760353054628
113181684,1,15.304184837288688,0.41303989526097645,0.21450062646753884,0.8582147654861777,16.25860349171352
113263690,2,161.15310845665255,0.3675970416765817,0.2542602044883753,1.0257795903098337,17.35834260690002
113817075,2,101.24357352355888,0.3498448815325529,0.20486359735367213,1.0691087862282211,13.229388556861284
113985401,1,118.52139875019205,0.34804170818239366,0.2838189368178407,1.1461369822916094,20.859717679580083
114257024,0,159.46484912802032,0.3714745541925068,0.2303415745233815,1.158307226084502,23.937903846605238
114287113,2,143.79133647746656,0.37334016698044487,0.22998144545709262,0.9760678458885975,18.264665587557907
114988183,2,204.3422447805973,0.39684255535196444,0.23632762079274855,1.0286129575488765,18.399581045395784
115242060,4,74.47320753623292,0.3460978924528818,0.2843237949804393,1.129849290514844,23.029888062082897
115627985,3,23.80168272486661,0.3670552725704796,0.30161305663907184,0.9016680772917258,16.512108604579854
116018739,2,64.4163977843022,0.4099829013163222,0.2293112781724156,0.8431564084921728,13.050576470159061
116082085,1,157.42967520724972,0.3458057760813254,0.31091651961121514,0.9989674685900563,20.21612854960365
116488904,2,-0.7801555685490627,0.3869169976411858,0.3558214639104812,0.8971889497680543,21.753686109002906
116842973,2,158.9377809960382,0.3499253729674422,0.24807652135414326,1.0390184617816565,17.206081799174765
116907306,2,56.740833102730136,0.3559940521122527,0.18172734606143764,1.1018507633139627,12.934288205725542
117726673,2,121.32586161643577,0.36342981659867596,0.2321684813217535,1.0889752136084967,18.96123813035857
118056137,0,-47.67733535141927,0.3228688224518,0.11885409632232222,1.480857015831886,15.94518437643764
118556246,0,132.3763711003101,0.40564035887689176,0.19169792224003135,1.274196167333415,22.914145637990906
118829848,4,202.9574606873266,0.361020761816086,0.19694373299406032,1.0317689632649563,12.938969103569075
118919299,0,200.38472604997978,0.44178364341587506,0.2012484510931257,0.8561692895301884,14.16899147201227
118991284,0,-11.412070124815855,0.32393801096172137,0.22129550716085453,1.1893580551945628,17.00963424687838
119301714,0,43.01711371879684,0.31281640392473964,0.26077767958311154,1.1469493048096027,19.70062322238435
119392727,0,203.1561544082544,0.34624196896782405,0.20851947729931125,1.2250167143784,20.99988211342748
120060047,3,117.14839595497662,0.39237657018346234,0.19828662551290377,1.144739792674775,16.480216957659596
120425171,1,90.30715972143567,0.36794703003570256,0.23799732993015774,0.9481947029502505,17.0379442511753
120794322,2,409.705278087126,0.426766471624982,0.2816448575985783,1.0111147467080024,22.420558965692194
121214961,3,221.4465511094635,0.3699195499871688,0.18086620940177092,1.5421705426333816,24.106496735312838
122170493,3,100.85315385113196,0.4409512116629619,0.2452238584202694,1.0220231375491753,20.37066787893735
122752033,3,33.372552841222436,0.34391459441554845,0.26352075338931136,1.0674393687172445,16.646204887256452
122815777,4,184.5194105672053,0.37167289023335004,0.2793141464111935,1.1740434330213563,25.987728731252098
123479038,2,78.64767951285415,0.3231470819771233,0.17221201893854482,1.0781871838937018,16.28391253642987
123524661,4,117.38426339136069,0.35537103013266325,0.13812567682705157,1.2732386048001691,17.66743089727411
123705047,4,47.02529034838972,0.375967101658323,0.21303136610654674,0.928614871927238,11.062332625511733
124053674,1,101.10900489036268,0.3665964718010236,0.24132730782740167,1.2550444536776995,19.23255403003442
124111614,4,271.6170343442798,0.39024565852743487,0.25192357040849767,1.0617241616504411,22.059138005787783
124665758,2,30.53327872270134,0.4106123544483349,0.22279042305131658,0.8361256103660253,12.04766394103815
124836094,2,153.9373140680074,0.34552661590759465,0.19886262362939283,1.2214212619374814,15.930564833892177
125425163,4,335.2583432872483,0.4076676362710222,0.25396641591815805,1.0017661361046069,22.4880045882842
125472122,0,7.978426854027504,0.30963881982850994,0.253043798500626,1.1866529946929365,20.49913531024598
125514208,4,241.1144890303863,0.402307141802118,0.2036616101557561,1.098325880445727,20.844111269675736
125846951,4,9.484619196390597,0.38363165363547574,0.3021578416651107,0.93232831521512,13.117798385071794
125969488,1,-17.255193076708252,0.3155847529355288,0.21858333610624886,1.1061647770962266,16.55293221615501
126334280,4,234.9190356271127,0.36753131128409045,0.24213079497199,1.156149314368286,20.189537388142714
126444620,3,7.08485619213991,0.35014779821964154,0.19730079408562887,1.1799207453142786,17.448927996955792
126841859,0,7.642283139118987,0.3267975654252738,0.24546117817256188,1.1541020113567417,16.68942682453708
127626732,1,28.621071292165055,0.34226833566520126,0.1676608895909586,1.1024287690356387,17.203983959284802
127834200,3,98.27385637977737,0.31328711325398073,0.16526065075216,1.371670041366837,14.854605787123093
127883611,1,158.98394609682668,0.36703928407659697,0.20779716981246663,0.9060672108857522,13.940984896765748
127891371,2,113.55670840873995,0.3610008970612225,0.24599397495844344,1.1586830541355089,22.149762523638113
128067074,3,356.97784166564037,0.4563656433765529,0.18142106623527104,1.0507975634669358,21.31689897920794
128211105,4,302.08327862836455,0.39034130594137567,0.1720163467339868,1.0297621281809177,14.552916484282981
129058504,2,74.6757758855995,0.32303638250005207,0.2307051391124182,1.1158736298348186,18.14262790046938
129677973,4,107.05799868518957,0.385311877203029,0.13255141998180844,1.3422369885533307,17.54575661050539
130236950,1,214.53814265690022,0.3625497782705716,0.23259253324493384,1.1859520141184714,22.192100353025545
130348754,4,-24.77468798561968,0.3766036325289176,0.21142864187362553,1.0900762827292112,19.921555489880355
130603875,1,246.0613289857067,0.3521179066122872,0.2746687758006347,1.0277149462417365,18.92843257243122
131030961,4,125.64235295575185,0.38508429895277224,0.24218859757883834,1.0862565405260618,17.138028304282095
131086449,3,248.53312036437796,0.3912929516545819,0.3179996312827725,1.1132921314242512,25.557625130979766
131094319,0,125.67254917619246,0.38770931369440276,0.20951419955557388,1.0325877147193467,17.522012184745396
131123838,2,58.17776743976737,0.35668098926613734,0.27636340886751665,1.0467922601717563,19.569379627593502
131275030,3,22.466705037767895,0.3682363468507721,0.22640679951731166,0.9227439593587881,12.77875847929939
131448132,3,217.18138946937455,0.3387291306107737,0.17154670946606104,1.0868938156126955,14.372399161140821
131486630,2,47.74512730187344,0.3480609254329248,0.26269281260080407,1.0663294400708943,18.271530546964794
131992742,4,238.51552941924,0.4415134155835712,0.2916498775266258,1.0030415805195252,18.799509739169427
132133665,4,89.5060196575292,0.3594076620565579,0.17860606361497505,1.0728843194728612,14.615618909214332
132181866,2,242.55940545505365,0.3605613745293808,0.24539264946283992,1.1919737203221996,22.184914258079953
132706466,3,286.51978470614176,0.4032153409519596,0.3026365892676801,0.9723406117099493,26.488441521879743
132725176,4,205.05149303322696,0.4076204388621878,0.17421534287541363,1.158311667327203,18.649348086822126
133123853,3,35.526026512398815,0.32738797175358125,0.2740353886143996,1.1387182612197282,22.205888235707118
133124835,0,153.18871108287487,0.3679544501660729,0.21612190147000193,1.1156848887374304,19.364644757956317
133986624,2,54.70798275243761,0.44163500982237625,0.2684620429601941,0.9159876774160857,16.559204371174875
134240821,2,135.11672555463656,0.412349670047939,0.2782286082311077,0.9195392994318645,19.078296364471747
134957671,3,19.884737497454694,0.3450582231973637,0.23257351914106744,1.069363653434647,10.43377190879282
135202428,2,206.69787195061576,0.3807254372005132,0.257507698627574,1.1122787479803173,21.793686646716857
135272498,4,31.127707297711424,0.3612877985934743,0.260256531953112,0.967371738499519,15.267843085718342
135399849,1,197.58929953413593,0.3722839725863814,0.26881364136445834,1.0709415102654174,20.5041019265472
135571738,0,423.42007547926494,0.3811477284555595,0.16528082598602628,0.9371923165541937,11.194707116466777
136037972,3,110.47954503230815,0.38335176640345614,0.32442038824233216,1.0267546701762729,18.191022675870972
136482029,1,132.70820804452785,0.35783705531996524,0.24061323495404968,1.2011768761789618,19.804980252216954
136535007,4,312.6676365386263,0.3671770930211165,0.23233761362582547,1.0300721900796017,16.055979929910453
136564910,2,95.77843904619435,0.3281406093924819,0.22568110927999943,1.133477107476955,15.395576515139501
136668087,1,-17.695243582064833,0.3503708636433261,0.24615336404428934,1.064393638112423,21.13104164210073
136676580,3,103.84878247212251,0.3448994309284359,0.214114777137535,1.147778536230038,17.631236140826275
137060513,1,-2.06432276954898,0.36042280404252086,0.1945781382498019,1.0554947022005208,14.111088316421077
137117611,1,183.9780457910251,0.3693894763267077,0.22036080030777452,0.9053440053423492,15.206368381311059
137415290,2,39.82218155005315,0.31223366750413106,0.249984923094324,1.1201764439093411,15.714321537568585
138808143,4,-1.7202210219554246,0.3251495945191138,0.2314222404623074,1.1492549400870957,20.673531697748196
138809640,2,79.81646622527592,0.35974102539478087,0.13735551794104683,1.1859273521104245,14.577057238615145
139085360,3,20.843022490608647,0.32123662002885184,0.20758885507388788,1.0288514978807617,14.747641637992254
139188730,2,172.52643891906598,0.37292979924302355,0.2510843341449425,1.110760042942716,20.018402321966192
139200098,1,-23.247021322526223,0.3325856612076312,0.2111006688662186,1.1138286824267012,16.45726788357365
139585639,2,151.03629017391773,0.367553940201084,0.24805841523316458,1.1341982540020163,22.589802981270253
139914608,4,249.78476675855856,0.361945417742253,0.31870969074439787,1.1460766937643116,21.004899125022547
139977598,0,190.4943115504605,0.39337102508742294,0.20315072876621426,0.9977066144738193,17.33610011632328
140168832,1,32.37065484118715,0.34525264671789624,0.25651380210511815,1.0836858470434478,16.539962679615446
140415340,1,-33.85569311111459,0.42146745546865194,0.27595817229927005,0.8496733198676317,19.476540011232007
141066783,3,284.87764803207926,0.36617181436595564,0.309558085660865,1.1856636642347538,22.83783039219734
141135744,4,286.2967696110518,0.45390078323654465,0.28459941433563984,0.8817204948261868,16.41918286232979
141962685,1,220.16196727426149,0.3891141919050999,0.2275370117462382,1.0641564190775068,22.548830454145477
142147775,4,28.097367213619606,0.35317538064480625,0.2867055388834269,1.0978437188836323,22.43379492180639
142186672,2,56.58239487286382,0.3668108414115063,0.1734804106409158,0.7793279847132566,14.893106810023838
142224028,2,298.0240508484348,0.42014514486407323,0.200815933472796,1.0297572841353482,20.955128379994907
142367496,3,8.96833970617243,0.40265883166192284,0.192773153141874,0.9079659332935661,12.625432055289574
142490647,4,188.84957340777578,0.3780751086598076,0.297297787549873,1.1025597725576899,23.55666846183726
142802262,2,40.5949388125332,0.42477355834051367,0.1578546757242848,0.8667988951599438,12.014489223534273
143774509,3,143.49242045230585,0.358762077551897,0.23850756117222738,1.0439814521345587,17.63928786949649
143809812,2,215.44258525398698,0.37370047273128404,0.2512991861337806,0.9970421631549888,17.60229067422339
143899690,2,115.53144360410987,0.36672741802617276,0.18218603267579786,1.1595898455313793,17.833552070363343
143924095,2,55.616804350970256,0.36067906936435074,0.282662064665921,1.0279199675206658,19.74154027940384
144238786,1,15.241331785580883,0.35647363735758386,0.24672245027463688,1.0669457681223389,12.79847501359618
144472572,2,186.8838255829232,0.37593566885614865,0.24125553058821764,0.9817268373300491,15.065599518222795
144839830,2,160.88675128610402,0.3708382367563523,0.24928376643574787,1.1075402020451526,20.525869726444334
145920765,4,265.8278030531859,0.35233907026392197,0.2686759495753701,1.0432095814228288,18.652874667447584
146156380,3,158.14573551215022,0.3724643309781,0.2906589117316175,1.1530335482814404,23.13679151481252
146165767,2,74.83442096716674,0.3436308810880826,0.1957115110718941,1.0899048704075331,12.936700907388172
146221251,2,124.84044834757681,0.3835483921881308,0.2225139588786783,1.1073766078744207,18.080687266161732
146716935,2,144.7756623378446,0.35148231338912045,0.2525143304019759,1.0404832621236972,17.732655678111485
147030895,3,227.9947327880446,0.3699960394130407,0.18158572471059303,1.2479615000414161,21.322291875811604
147633092,1,46.91800025424236,0.3438185846830756,0.1908892349844436,1.1085628412373358,14.29533216069341
147677118,2,27.244275639948185,0.3526232576966159,0.18924182239847878,0.9836574396865627,13.00618203528258
148111753,1,-65.34880494718365,0.32953912812511726,0.22583528869249608,1.1219748100035976,19.54539175945502
148248890,2,18.989509240757044,0.3706059718708351,0.1871457398913513,0.9330385983557978,12.394012682910827
148252767,3,17.89461157954746,0.4091765286457602,0.16537964817183154,1.2047919728266838,13.527373482264206
148616974,0,-24.38621410621022,0.3405138365894338,0.22614761843524786,1.0771489121785995,14.84263250829606
149053950,0,251.63132505658086,0.38964201442567514,0.2108805924698801,1.1846918427576654,25.582533010099766
149101883,1,250.08822441984506,0.39057996778284426,0.24867165444589587,1.0913231733338142,24.30638812110205
149152941,1,167.66936067014063,0.36504835692155396,0.2897975873585029,1.1826470625501464,28.13175095999233
150274872,0,157.97601541270313,0.3694962202719167,0.21949491459027753,1.077526869853289,20.67622640649983
150383443,1,-58.09494282345429,0.32791969515971725,0.22905593707698765,1.14241276069093,19.549522028792126
150398974,1,187.50149685485246,0.37373992772011594,0.16557779168544295,1.115879676316049,11.943893998980506
150541495,2,178.95811615673824,0.35817237913266187,0.24874221361483081,1.1363245574408136,20.331849067144105
151009154,2,129.80040286133172,0.3444859461652839,0.24080776062430714,1.187500928743955,17.03019770046475
151282337,1,219.82399856684128,0.3780211973596957,0.2566482951728466,1.1100521049655898,25.093183950500844
151355449,0,-18.33113620369714,0.33826592235917885,0.22114020755474317,1.2143008504581536,20.637197845673345
151560379,2,31.317843487190984,0.3592017024833424,0.2719986283315004,1.0321211675286526,20.032521404181733
151874358,4,58.648326842134885,0.33863460460917677,0.2354476304539545,1.110917748493114,18.947327965017866
151905187,4,2.5576838655428844,0.332989831846232,0.2672259116759556,1.1211481856114354,20.396598847854023
152255453,1,113.31281647932072,0.34532233784823446,0.2503723732019817,1.166590624750548,21.986521835410514
152289390,4,183.13906552642382,0.3643462361318109,0.2521559771306884,1.1637313152410065,19.61766095723476
152393943,0,164.247188991098,0.3696324245396851,0.22861880744298055,1.002615489445749,18.059795116717815
152467749,2,211.5255329330954,0.3629520488478507,0.24225542085121948,1.2017324129721603,22.238756978638396
152612020,3,33.59762370250453,0.3693195443915755,0.251041179945149,1.0064734397580206,13.156475813038519
152623829,1,110.4410091035798,0.3571891705184873,0.2533240489723581,1.1017064626836424,24.66371294168623
153052486,3,213.7381513901559,0.40178460221371043,0.27824247325200036,1.0773432500502282,23.168767434020427
153647431,0,209.79716432093517,0.3388616654102833,0.18716588687127333,1.4230676920021,24.531254722682224
153735651,3,77.00708200925772,0.34742877250221765,0.2091175635136785,1.2477894224815014,15.645532564646706
153736542,2,50.019641477041354,0.3443654008384997,0.25968001641258753,1.112491985322762,19.15687700741174
153783159,1,-28.125209569071387,0.3703747592293372,0.21668717886282912,1.1014731489604235,13.701197722364192
153852064,0,146.3262530758554,0.37160065455057073,0.24788338235766372,0.9300745898783673,16.893440024678142
154178646,3,135.97543051848808,0.34922057252325583,0.25976379157316626,1.0230589913924648,17.651553411226654
154318869,2,94.95478609225476,0.3556764625050971,0.14937948063467893,1.4724440680831719,14.43381321040912
154607078,4,127.17062954608251,0.3606462163405599,0.19250720206761224,1.1901582818977665,17.66903164341732
154881704,4,270.52290448183993,0.3649968303613161,0.1538418878674988,1.1112487876703063,12.548651021936983
154956060,0,233.71443962017048,0.33734812074112264,0.24424453965829296,1.041217263836171,17.138043499536508
155701787,2,75.33464094065698,0.35236572472501365,0.21970154610397954,1.041663623654469,15.57885492741117
155951033,4,52.62496685031872,0.3422096417226109,0.26418115788661933,1.1323468324848025,22.897983677805875
156397667,2,246.90320978999,0.4365291371742952,0.2495430522689132,1.052541199086752,20.80286297585152
156526173,3,76.33442507477439,0.36697931551956625,0.21622109552893426,1.0285290525461075,11.81909626381125
157448813,1,65.58064757904532,0.37125525052883473,0.27610353348344013,1.0531914145967924,20.156229814141785
157842166,4,60.01797246174195,0.3966534804904185,0.17527154391605987,0.9969341919595612,13.31791327902189
157943579,2,141.5078157757801,0.4304659725658498,0.1709321112402093,0.8999663531718624,13.256909680063913
158153643,3,319.5425962570123,0.38133281973342337,0.2376085327303786,1.255620760968869,26.373899555662533
159062110,0,264.9913297503686,0.3901418602421639,0.2442530585315529,1.0738507793545742,23.32459796973203
159202130,0,145.1604516228631,0.33718785550409763,0.21933423505412392,1.1358104949382475,14.897059333491171
159242278,1,-9.751257588697158,0.35740593062479203,0.2640235485362128,1.026585235657713,18.10165360053874
159632571,1,247.41478668342643,0.4138709134218021,0.1900903075789882,0.9229057909360979,13.80800365854503
159895291,1,193.51807060434385,0.3467470284082495,0.20488639812899703,1.2032998141964433,21.52229441625323
160086436,1,128.40083828683734,0.378354257643834,0.2101753439583566,1.044950523705918,18.317620321688146
160203629,2,124.39239060833776,0.36317542252949836,0.17801103998080417,1.1107262730520577,13.46836441404999
160829220,2,120.82355617087893,0.3800233305897192,0.20735540308830147,0.9982049089696666,14.518177679497411
161010769,2,63.98099190893387,0.37941583072658125,0.1904415034186076,0.9306138808142899,17.62278289910579
161201125,4,75.7581604591108,0.3816812984356782,0.16755928186951674,0.9118528551459726,11.13352222798093
161607336,1,165.5212438593861,0.3615638293614461,0.2795280958702898,1.0751469932118973,24.617692905126738
161723503,0,214.43405517140008,0.37030979516068135,0.21905871079944822,1.1354943218237945,18.49434734913798
162025525,1,171.69378946825185,0.3609140693875281,0.2507448449262991,1.0942607523189118,24.22999261041862
162133188,2,142.00370034107988,0.36321193750891445,0.2613627819581367,0.9713043608623233,15.88178806254119
163611533,2,143.43212663028768,0.35499174030884545,0.2160591200606541,1.058905247786364,14.8043363259434
163724879,1,172.35197897520715,0.3624621036486225,0.240780480429795,1.192400715156475,21.27367492055205
163827064,0,160.37172240657029,0.37569563092226815,0.21152499721085036,1.1607662879160607,19.646693641446987
164182648,1,21.26182972875182,0.3447663777378275,0.2096408209817159,1.137951105165178,14.096110833715157
164916720,0,2.366087329328238,0.38033354962972626,0.23626330021999598,1.218067578130506,22.31732427892321
164960718,0,263.67413507556813,0.3929821890398051,0.200603937035725,1.2679256868324444,24.480225687181665
165064963,0,170.3296207766341,0.3616436137423681,0.2370652663760794,0.9668475542917595,17.390502134585578
165170378,3,51.78831827823154,0.39259277505457785,0.21009207176791064,0.905776233294291,13.7956980355697
165675920,4,60.16137123564387,0.37391482472356474,0.17445640230543863,0.9571606687347346,9.93050618052856
165704886,0,163.17565980274532,0.3574491608516262,0.18409400147535215,1.3084014607592154,21.308802364063254
165718490,2,101.90896712348825,0.33784300586392735,0.23969275454987832,1.1967448543809054,21.256085124971257
166073456,0,25.81124512831063,0.36395113859905065,0.17517398897101444,1.1127478016956374,15.862732074370784
166405771,4,34.07058843012875,0.3752808141048953,0.32693256838439416,0.8965550892529894,15.48477795266382
166484126,2,152.31613929467332,0.3588970207636473,0.23671606090198472,1.0020497267358186,14.630822795063144
166538508,1,131.12180493376303,0.37205052195364613,0.22051294514908598,1.0897951826658603,12.730983638362556
166991206,4,-12.4306295669182,0.3805027815445803,0.3582681830215766,0.9005601965503748,21.60541346670986
167315243,4,72.75436024556448,0.3745369114843625,0.2469396053374093,1.040035441066729,20.55358749484384
167636925,4,135.78271238805436,0.4187136268382161,0.22345382932773564,1.208750678090133,23.40707871382544
168537867,2,172.31574859314398,0.3902795023246535,0.2690405638940862,1.0895825165679134,23.235159586831696
169123787,2,186.68421708255187,0.40234069332168454,0.21555536747974388,0.9390538735584911,14.059433700062854
169172468,1,285.35721520023094,0.3792723726067436,0.28555123703375035,1.0935136124160085,27.444390695893293
169292990,1,31.88901447811078,0.36992978879437394,0.21281013964876677,1.047026417263188,13.440642059564437
169412293,2,-23.681534783637275,0.39515867482092265,0.3769822884395534,0.8705240936974842,21.578621078075308
169491723,3,229.96270974480623,0.3694490917902536,0.3094408126093655,1.202301284990304,26.205255906610137
169582663,3,79.66151974778074,0.3640552034608696,0.17935447771364274,1.1685206330686468,12.915202630956749
169699943,1,112.10763559395753,0.3205645791514555,0.22235227760178963,1.1979853285150988,16.583598360099742
169832897,0,146.04396231814843,0.3882709980089898,0.12075149640039423,1.3879443338517796,17.13805344994967
170092813,0,177.27243081503366,0.36938951554203137,0.22010610275301873,1.2196426632707786,23.571335048112694
170253465,1,99.59166511512667,0.35651804130056736,0.24274337090314388,1.182158061105767,21.382190743457006
170762410,1,146.8623624414588,0.3697206478374828,0.2556709354095731,0.9350673811578049,16.04134536168615
171128702,0,50.80318281908626,0.3419778929040661,0.23204275941708163,1.1772355148912563,21.10020632493507
171195170,0,-4.3701811658896474,0.3898979887967828,0.23721295807918466,0.8373919278027504,13.55141327468769
172004497,0,176.3511967478966,0.38303502261387073,0.21825116169709452,1.0466263195883854,18.529338944424417
172704550,1,43.814925965105836,0.39327923156515926,0.2294761938990137,1.0312653991030813,19.790316785757078
173018796,0,193.80134997977416,0.3742881288243306,0.19929554429609797,1.162470425329439,21.302904533061678
173214636,0,266.2986743970997,0.3672194958138572,0.2183642781749064,1.1401564879582975,22.940204111660723
173616711,1,316.55324908654904,0.3943955532202078,0.1801211683586889,1.163948059887249,21.039697046702326
174572139,1,46.348312856507114,0.38192062239741303,0.20649755794016117,0.8662771007658173,11.687981134642929
174718000,3,223.38133469096988,0.36416034919957635,0.21613612101440258,0.981036701376625,15.913788772961347
175197734,0,28.599158146378194,0.3490150491377497,0.2333296818892105,1.066887745296619,14.613708327878067
175226564,2,258.176301952747,0.3637813234728962,0.17336304059468394,1.2186788101914492,16.22556365467818
175456331,2,92.38577253024121,0.34049928416918657,0.19430200025726402,1.086108837465197,14.300955276469198
175513548,2,-4.163218528023151,0.35945689410758025,0.2887493494956429,0.9850394816383571,20.865757854420263
175985223,2,45.74589543949681,0.39046895067180687,0.20629393007364522,1.0696762314057684,13.728869058052357
176911109,3,204.11034207413712,0.2565091133186046,0.12626165683324778,1.1002823980275525,18.45961756275462
177156003,3,37.94068420775076,0.343719481981657,0.22331595498661908,1.1100910973290383,13.221776802765982
177272960,3,237.19262508900678,0.44635498593125833,0.25157351455504035,1.0495062423038446,25.65403607179463
177304158,2,-5.165058962749171,0.32926661102747967,0.11053130640025338,1.3007512831068297,14.049812421916688
177634653,2,174.4398035884825,0.36474177383197354,0.23598736913316895,1.0595788192321682,16.850305838536563
177677392,2,42.9140007056506,0.34922189668636766,0.19604218925713326,0.9767234323160834,14.308526412843499
177977769,0,331.4395138989238,0.39922815143707724,0.2686754168851646,1.198066127351121,28.093765215125764
177999649,0,90.090069911493,0.4051659406696039,0.1790699224419734,1.084642647697758,15.6063905669855
178586120,1,83.33005918885597,0.3472016344391716,0.2089117772788106,1.0909536938217026,12.273754139512787
179710096,0,34.00769809165071,0.32760794551605626,0.22480661556330367,1.1943691282041144,16.81009301462778
179732838,4,171.42320257579448,0.31453479364521214,0.2607840591092993,1.2398789590533663,19.532910845818357
179923409,2,53.104288643336595,0.34252328574205115,0.25326511032731736,1.0448075718258631,17.371115147531246
179976364,1,174.40460267623692,0.35405142525778094,0.31668584355642837,1.1695493347337018,26.070399777616466
180279074,2,201.37072853964506,0.3629487869171237,0.24242396002078462,1.1593698577919156,21.3837452064319
180321996,3,-98.02243425424817,0.5789128392687504,0.36987095352665167,0.8873997592262716,20.2101032435709
180324539,0,41.24451634437913,0.345355997542827,0.08705745523632541,1.4873430568996056,16.77526117875267
180355416,4,131.21046826821708,0.3797234302750932,0.2781724538307021,1.0733170953801159,23.25652290930743
180651708,3,-42.07800690777938,0.39450679506488256,0.27345923610090533,1.0091588936414868,20.79863255591135
180714059,4,63.58438687114814,0.3408582857361685,0.2623239631293661,1.0941526741704184,18.949020377701313
180949734,1,-20.013182347533387,0.36821991407726834,0.2198418809594797,1.0783793306663347,16.356723772660956
181297795,2,142.14960878348913,0.3666892627254157,0.2576295911905761,1.0485001822398625,21.063611090729438
181346795,3,58.04659911966459,0.35399631343114624,0.21069817383386596,1.1449451896004368,14.84719075297036
181691220,3,4.6747151476882465,0.30127784001561825,0.14099190377662635,1.5017310633148617,15.099064693468327
182042962,1,94.87488983683932,0.38254865072853733,0.19919678519749662,0.9235392889132849,15.160740045886303
182803961,1,251.4921492268689,0.36908179799764684,0.2672292132458764,0.9772098255852896,17.63675759983499
182838821,1,11.671595022185258,0.40180838277162645,0.24422859293751992,0.7933050117265906,12.584869967674635
182963487,4,165.14079494104692,0.3731541655749084,0.2698268333973,1.1096473027416964,21.028010813084183
183287787,0,187.9044117134879,0.3891842314712434,0.23363913588168542,1.0589780333757823,23.31337113968132
183910750,2,34.330865708785836,0.307627276317908,0.2035691929856953,1.1949350854739524,15.665276223970425
184043122,3,-16.426623520736328,0.4062209723964221,0.3034528400293711,0.8045236308467046,14.93724507982995
184129336,1,213.84355378033575,0.36080749343102375,0.26632227736275477,0.9968963057052235,16.930746136008914
184214887,0,192.72182504099936,0.37055512483305203,0.24770169129260405,1.122965268511757,24.728210989613466
184273461,2,32.71841939902808,0.3329007120052141,0.2548900935470411,1.1545922956363137,22.086474581676462
184399060,1,37.29644784399956,0.4252318084221202,0.15081822498369046,1.241143377679834,18.26958307206982
184854748,3,224.08622621460762,0.3662162376277067,0.1437209539765685,1.061208264541351,14.734654897666774
184918589,0,26.87422622821861,0.3608297900682556,0.2775686279939398,0.9834809826954534,17.722367346972657
185502634,1,129.69747102196374,0.35488103594242787,0.2881817816143235,1.069693317990165,17.75623477418775
185789282,4,16.823121496926404,0.4077142998435624,0.1499085991788885,1.1848614269534312,12.6112147611134
185974329,1,27.84834809203477,0.39899149294083824,0.16451157980538628,0.9658806474829329,15.255631796105792
186514002,2,49.87066756024477,0.342887713053067,0.2654112458582492,1.1549049983778077,24.29677227547783
187577688,0,67.64338391226653,0.33906447719645033,0.24476659328584904,1.0275175656948348,18.02029377306594
187968183,2,-35.70429820264762,0.32630701529451944,0.14927616845155067,1.3942133051997716,18.21211251049873
188178084,3,166.64015275395818,0.36884954478260173,0.2754591134625419,1.1578428289951384,22.49001160782793
188574710,1,107.5239481901376,0.34763511253279317,0.30775591139250086,1.0985894421193065,22.49561917249395
188691845,1,212.0169240635473,0.3638600714657789,0.2373137341610446,0.9524576592141387,15.94112878337096
189225250,4,238.21032899643157,0.3679038963068858,0.24441504687735574,1.0747712568203496,17.49408067975152
189385552,0,-68.37988500109095,0.3255643998278086,0.11166845665942002,1.4599207205596838,13.584055328666183
189585434,0,161.31023018781826,0.35124824674058563,0.2572957111670053,1.143415214751656,24.097921415874442
189637201,0,28.94835413479649,0.3880485467357388,0.21902853946463932,0.9266513189594711,12.184301410689514
189875275,1,91.30250836476218,0.3644702422235166,0.17473541242687635,1.1231451869597668,13.436332937495886
189877162,3,412.4022528293155,0.3845814045490636,0.19941830218504208,1.0405428196431066,12.6206685683691
190124790,4,76.17404505128373,0.3482264495348486,0.21318006568381956,1.1143137865188193,17.23337727221112
190194752,2,34.792579051296755,0.37787401763190187,0.32416152940622683,1.0454337920119396,22.499183901388726
190344544,3,208.64662303409503,0.30300206808151353,0.21982110113656894,1.3042489746451518,16.52656645096567
190407869,2,89.6637033332877,0.27542988844818106,0.21711608728135023,1.1988784453835932,18.730473704518367
190689808,0,34.61776858849569,0.3873925380652791,0.1979392761654707,0.9422438773609707,11.613389545494567
190870051,2,142.0581938957307,0.38628472628707755,0.19696751451652436,1.047917472570382,12.671355817237568
191380298,0,14.589262014498516,0.36317421689058427,0.1736507425956209,1.125060691624447,13.082528800053275
191414295,0,202.30350231225435,0.36539425484577054,0.27215696235079584,1.0442850629608276,17.531532518938775
191656364,3,80.94246465998222,0.382734961710068,0.3148531291657728,1.0394657254725785,23.502186087759377
191836476,2,72.1120372538975,0.3316851654864832,0.2534973781195321,1.1360389458152083,18.235965552747352
192948428,3,-38.295111335711,0.33958804887258803,0.23406030888461488,1.0740167681079997,20.41162983992684
192960125,2,170.2444509545732,0.3381523398013946,0.24074275705461354,1.0564488015883098,17.20724636438671
193203313,4,14.12840740465559,0.3354824111993895,0.25318171887143864,1.134821765317699,22.698802471050968
193475796,0,187.42408804832803,0.36456968548084917,0.22061533512494433,1.1636821194836424,19.91662651491076
193587045,0,30.65268515980437,0.2982906322637184,0.2945394676528832,1.1877007557958412,18.144841021615456
194134308,0,-31.240544853754585,0.33802829226862763,0.24794037851298453,1.0811957926163336,20.484306707030893
195032699,3,148.3918307906352,0.35547676571033276,0.256871918042048,1.0264866058743298,18.349045831228803
195040498,1,151.19064254547038,0.38684878177738186,0.2618841376227652,1.0479239954146642,21.678367043920062
195313590,3,36.029699902142006,0.35510054016315906,0.20044119418151213,1.10751009922221,14.121734370684479
195349220,3,84.18517613395746,0.3712247799433883,0.18582867407073095,1.2254740252103618,18.117674725728467
195585477,1,49.854570016262905,0.3846202485785197,0.23911691730665752,1.0257801265597875,15.726126228625713
196134048,0,78.76949281678719,0.4194278090741911,0.14999255879710993,1.2174994112122333,13.421100729111913
196264517,1,-1.5243075522579517,0.34811944930429245,0.2695731581152,1.0376280510497093,17.416756862154326
197075441,4,275.59752961821914,0.38124848629874675,0.22790020925681537,1.0578479097647864,19.774916930086203
197916751,1,97.50557447241172,0.3478809224560375,0.2518965441372517,1.1913180181780558,16.68118112715123
197924325,3,46.478651050990685,0.3661560245963125,0.17450531951552647,0.9025596269628675,10.558218070815983
198466108,1,135.10546828459135,0.3545072931033819,0.24042816429351377,1.1217210617148825,21.3573545159133
199188552,3,138.77204253882616,0.3488818416477925,0.24840396569686876,1.093581038416816,16.77835827151339
199261804,0,240.11004048905681,0.36028527127088456,0.232847125329091,1.1336804222646446,21.462750734104198
199401973,2,59.36528609966216,0.36032968691327505,0.25789033692506536,1.129657367570021,20.86299498926728
199573915,3,55.88827472577579,0.34140559762850803,0.08398046957186298,1.403346927674297,14.653792707173576
199989730,0,217.06826040832678,0.3845353966628507,0.22964669942757346,1.0265085004552377,21.638450707317887
200483739,2,80.19144427588519,0.3588242489625643,0.26640681762276436,1.0827162257961793,22.53521536240378
200513526,0,97.81834489264892,0.3485267240310518,0.232858163685796,1.1251336902227482,20.869094435623204
200916875,2,352.3023169617819,0.4232422705524011,0.2792022570604612,1.097093899988478,23.39003324933638
200989241,4,45.22904615619874,0.3669921717362784,0.20816139332761424,1.1432930940085915,17.776002449705214
201251785,2,163.20372770715483,0.3531519378755669,0.22495052047560307,1.155316092184608,21.118170852516332
201564281,0,125.41793449868835,0.3472648274207386,0.2213080525226367,1.1870233717439562,20.00642346569302
201596108,0,23.66194007158802,0.3741530663715837,0.3124152391343213,0.9063086079907872,14.087469948176636
201709435,3,226.5084873844041,0.3646637770440592,0.2984471033287759,1.286006908984649,26.550472283265904
201838282,2,-11.107623485068018,0.4085650021485018,0.27104161936713383,0.8654654500235603,11.611154646813873
202074426,4,146.35709236819758,0.3636137156948467,0.2590738190536486,1.2095522013899824,20.704860726073996
202457389,2,213.96723753878638,0.37963182271008744,0.2422115468865752,1.0701208623309162,20.25892842563366
203166993,2,99.28877811156721,0.34365788187878304,0.20394439933191086,1.071008620113971,14.508768950868458
203328995,2,-23.711646965672088,0.39445526128652325,0.3735377534421247,0.8731950664384749,21.493347771765645
203569820,3,-81.61548605303611,0.383819585220295,0.17496830436180688,1.110589574179673,15.28421339290817
204188551,1,43.80689290980887,0.39079482902477825,0.14793407952633758,1.1902206520378653,15.050348453762041
204433294,1,70.28794708377116,0.33897268982880924,0.20698049699813675,1.1266544577362474,12.715092777967055
204583818,2,116.492412177342,0.3263201096292433,0.15956118364673721,1.033225681097161,13.067281525072236
204710529,2,212.59469172792902,0.3852535671479582,0.25204235584269025,1.1346811312084186,21.029453296887098
204753687,2,23.172355824289724,0.3507436039535651,0.27537819721833023,1.0950429789673222,22.85452100855946
204849258,2,35.47705472063553,0.36612696046889226,0.24658927221545307,0.976585358048141,12.59986758675925
205078323,3,-7.372415506180104,0.36956472810846663,0.25784974623887136,1.0977051581363906,17.481330807453457
205238044,3,50.72214145262543,0.3397771627153968,0.20462298452685612,0.9704294155005798,10.377513915005977
205810542,4,233.9853938469036,0.346015721788525,0.27497125335008066,1.0787628705776489,18.541301140466018
206145001,0,170.79071781824604,0.366807794243049,0.21864945350872902,1.1686217959003304,21.21938463458262
206778782,0,246.14942278609493,0.43063694914208556,0.17629508102089697,1.0438676744821913,17.91794921308586
207198573,1,21.852575866686763,0.38667409678502185,0.21224286527820982,0.915655218330013,13.780760974326203
207258565,1,157.46701110711518,0.41689100981958344,0.3063800770126466,0.8923715824931013,20.14660262215326
207627808,0,213.95870254844343,0.36543433996508007,0.1634208850047943,1.3582871173484765,20.12983457053966
207945160,0,199.93036884733382,0.38173257779864994,0.2022524548348894,1.0952727630382804,19.184463505614847
208376671,4,285.7661145571215,0.3945238365456697,0.2084077309228145,1.1248266492216044,25.991971343360774
208448147,1,74.09422039207493,0.34111953325065786,0.1899262342100106,1.1103424908963246,12.92232083657544
208451383,4,-21.781813670260874,0.33569810897525576,0.18363201823155925,1.1175058246784142,14.462961610892686
209437861,4,51.75124765238115,0.3515398876739305,0.2709626074666888,1.0296730339679316,15.942410179147485
210091509,4,24.762072596047815,0.3673470113908048,0.29363641814229724,0.9887294752883352,19.733795348042314
210562725,2,122.45112469637816,0.35303691335981535,0.2565582617516321,1.1751947222056494,23.622550164053113
210731746,3,174.53340776980116,0.3109749815326611,0.2471200774979936,1.219197613656711,16.763420652563404
210803302,3,44.25338868810127,0.3513217520527819,0.22128235101220659,0.959544966112641,15.712380323372537
210909359,3,-15.803178704900901,0.3522549832951384,0.18797460488267587,1.296321262284744,15.731183407851582
210914084,0,43.37971705516801,0.35061370840239825,0.25207561475993834,1.018070085451115,17.46789306225731
210989195,2,197.26032074357045,0.3809836998263094,0.25094349463806864,1.0627696441658867,22.259263132060585
211760119,3,82.18682536803509,0.4395435909731285,0.2623041095432179,0.8739545512887916,13.453346055759173
211825763,4,3.9342758586792854,0.3764475743855794,0.1723527239326795,1.0985657724265911,17.654941505570992
212654540,1,22.500140371931522,0.3748566696875645,0.20211783310067405,0.987973260499218,11.188971091612874
212760661,1,79.27349652073602,0.3414246677683459,0.26241823738141,1.185841149107393,19.945351794523937
213054047,4,104.63723240119374,0.38055097509891794,0.21185256159462118,1.1088235475624075,18.60408462819779
213771383,3,63.848584635753646,0.35627188765194207,0.3034323878483589,1.1807047682594067,20.40864040883477
213984999,1,127.61848927044602,0.3751984178904341,0.25610601973493025,1.0794207882584765,20.896639982847645
214162824,3,-20.547947201385725,0.40715311519877345,0.24600842191482444,0.8309138212567961,14.472844972995013
214279994,2,30.06680440005789,0.378713076032271,0.29952305604002855,0.9624864913677413,22.681583144228775
214573613,1,31.11150969744658,0.34571090130614435,0.23416086285406298,1.0070628028719795,16.277542221098894
214883571,1,274.62911601811425,0.37480319787747973,0.18118079264105919,1.225223334874781,22.532070724450048
215105340,0,219.82057392574853,0.403381504361348,0.17150257062605753,1.1606614473952424,18.887828422029735
215128069,2,38.28974954742306,0.36352781749326735,0.30535815554176426,0.9522976041523061,19.285415701162414
215274198,0,229.1820590141209,0.5013345022427314,0.31384505119493133,1.0052371094115682,25.677152041660612
215595067,1,96.80428767325283,0.3577058011464727,0.1940201178855187,1.1191609491773322,14.37307302619794
215880524,1,208.44479980752646,0.33760426848165803,0.3445767153557606,1.106695493969393,22.63454596701152
215968936,3,116.70422075497746,0.4543416178994035,0.35863766117287643,1.0022002441503421,22.673896719646226
216165703,2,143.19918109595415,0.3607006497386988,0.24801868317413206,1.147919931057992,20.94612664329865
216288111,0,226.78180838247278,0.36049128972328165,0.2280176842001588,1.1563453804973918,19.293078622489542
216414863,2,174.6149425499391,0.35968486084584933,0.22850789564445695,1.0717072056304273,16.922498191522678
216608930,0,3.007483282596695,0.3298843274184129,0.2346643834497699,1.1873491568910362,20.31636142247501
216626801,1,58.00790020068864,0.3979676084245466,0.28138377021659733,0.9215723253424486,16.89340782947974
216772383,1,30.070859700613468,0.3851397441751605,0.21272162894586202,0.9340918642688172,11.432807164185173
218059466,0,188.52283303519806,0.4152935564154763,0.20099893373781252,0.937595596649889,15.79575798547831
218216912,2,63.66157897260642,0.34142176427417475,0.24492856873884578,1.137282961620259,21.206387537854674
218350404,4,-13.977118144485303,0.3681121467611494,0.3231850979026699,0.935210769628134,21.43184419824638
219039564,2,297.4148352881141,0.38271920025423933,0.23735115844709212,1.1409032783261286,22.95592969250484
219386483,4,113.37461729045378,0.3658745043321857,0.23148750216146435,1.1131090976483793,16.43556250107711
219718402,2,144.41312929940514,0.35973436169787937,0.3014554637086001,1.0328135935316483,21.98939544503978
219873035,1,32.16901064360955,0.3838422898126891,0.18736655227712815,1.0475640367527406,14.602336833550519
220000766,4,17.501361914114455,0.38093326120070997,0.22099604769496423,0.9062834403426783,11.758518930623714
220223317,1,174.22460419909007,0.36555427122861256,0.2961087060579343,1.193966083977019,27.437800177532825
220286370,4,49.408430307627206,0.3596451424467032,0.261360313509396,1.066807988866021,20.77477787976553
221632888,0,31.21021778997774,0.3587314296453854,0.21291596029429014,1.1364833702531787,15.84033113763911
222144803,2,207.69095001165059,0.3417836673760872,0.2638266940454774,1.0560474394546657,19.261321277319215
222164121,3,40.554067861278604,0.3378402159161022,0.24398054359014718,1.163414714304495,18.498570763799833
222724508,2,53.757543269883186,0.3703017603030132,0.1943960868005024,1.025899172608223,11.793076140739082
223538531,0,103.2100229115327,0.34188213719270866,0.22837049777394686,1.1427622241227782,18.346150041504465
223648222,0,231.6781797454026,0.3428429762127265,0.29973695898379277,1.023834650157489,19.498967596436856
223739255,1,171.67966237100546,0.36032383407324636,0.20755833424084605,1.0797167897277018,12.970136226889496
223791997,2,59.7091651838929,0.3916932709684866,0.17810695666838267,1.114274430341515,16.86765439198809
224878400,3,51.964481026214784,0.37304211179373226,0.19117873186050707,0.8763381473778229,9.653392379266213
225113015,0,83.40459350026822,0.35495396249489053,0.20376428545161557,1.2484861105582208,16.932320296708472
225199973,1,160.7507104253306,0.36115977752321843,0.2233495495689483,0.9949661960341443,15.227032152117642
225304239,2,210.22052928910398,0.356107187056701,0.25681858205783176,1.1377423198704686,23.118279638027847
225689380,4,216.86525876121908,0.37145211316215515,0.24795461525551515,1.1545508299537914,19.184145471967327
225811773,4,257.93718861942466,0.3442619579100379,0.27151436997469997,1.0689966094835965,18.29987072765175
226076507,0,86.27227251249846,0.35485488636126633,0.21160896264053766,1.0358548809434138,12.699474654554127
226216876,0,262.49826002911635,0.36416374684012226,0.21319353032787886,1.0503856276633876,15.866650049553432
226520604,4,108.11390650744204,0.38524009017796335,0.16887942332018635,1.0999017557231594,12.627460248599785
226546629,0,9.486289929313116,0.34697278790742775,0.23575582732204647,1.0190330311011744,13.32652039360225
226561298,2,190.81242090692808,0.3801195570979753,0.26025860758228214,1.0719461285021132,22.231895222795657
226567495,3,164.7046342144651,0.3623923535874843,0.23506900554062254,0.9396060639038248,18.169116781787906
226643768,0,18.65750771981196,0.37924894941613047,0.15444756772674315,1.046202960749277,15.62112726707902
226759816,2,140.38045365972516,0.36090746009086766,0.2618778297939178,1.0159688887157303,17.857688976252906
227298587,0,-31.11637400591647,0.3425199395230028,0.2512378012736713,1.0554173202996315,20.53693692984948
227838325,2,196.04043148798826,0.3888327719559803,0.1564903084700437,1.1139440816682904,18.49540939915922
228251537,2,147.24491552088367,0.3586100138859625,0.27119402436949025,0.9805751045553359,17.261648315817766
228252916,4,34.31804368537705,0.4032441431287292,0.3124532377484304,0.9457473381471169,15.129605478314607
228347866,1,76.87177786902987,0.33121172929289766,0.2844132295334243,1.0861207515854236,20.958953639770396
228476998,0,160.90843057820186,0.3373667516510627,0.1934772761898319,1.1930514704737343,18.01541641221423
228510296,1,67.63545761655368,0.372590740969808,0.20803781724387782,0.9976566028941506,12.73193497105927
228992973,4,176.1463871540688,0.4092927316461024,0.23861727045402664,1.1523312917580215,16.65286583926094
229505065,4,120.65097429860415,0.3624671206004212,0.20530516113027159,1.2306630992839493,20.640161449508227
229703472,3,191.35811277210752,0.37707152060486004,0.27987598377100004,1.1619171349579853,22.274622104257986
229766352,3,223.04354800026817,0.3744368802848309,0.2029561824910744,1.2324989828492148,22.506786859342
230018905,3,158.46616383149257,0.383003251739001,0.22271930224470227,1.224587225506243,22.92998540036487
230210475,4,100.3402911096891,0.365169023968331,0.26290971152859904,1.0471997607238188,20.28704045000576
230305493,2,8.9739465611258,0.3678567238338556,0.3081789163432775,0.9521012786135343,21.074787908199486
230397925,4,-8.102200893190641,0.39940639400971495,0.3374693454103384,0.8194891038792431,19.425731313283602
230432971,3,233.69103134564168,0.367939598451643,0.1282737115441114,1.373764376643575,20.68798943300943
231066951,3,190.1550466807546,0.37756557412939457,0.20575617736172155,0.9667048258597958,13.970801080966709
231144775,0,265.63797291485156,0.38835816558743835,0.21981478747968486,0.9890521135029686,16.88096193017228
231347203,0,-11.461681915058307,0.3345052194447628,0.26804208693970955,0.9651688208447669,16.030146393824314
231567628,0,34.68699495399239,0.3499288612330717,0.1728465432610294,1.1280238731878045,12.939700293121543
231654446,0,185.51210422864062,0.369801360539496,0.2198383659926277,1.2071820998200886,24.325185535696527
232089797,4,145.94949845239583,0.35408383045249286,0.2592801115847622,0.9945846665791926,16.380829414468884
232335054,0,229.16973661585524,0.3733445574332467,0.19651651761739794,1.2468784402970323,23.990993170431118
232528549,4,242.8103359626849,0.3593852889076854,0.2634874140750293,1.2017461445831177,20.786305819217894
232607063,2,45.24334753661841,0.3646131597309549,0.29201970505410746,0.9685696756539756,19.166395214363455
232782325,0,164.3405406923667,0.37521977329804407,0.2721237015254402,1.171357228443196,21.154721321846814
232863145,3,107.65540716500793,0.3433049376085199,0.2087863833912325,1.1948558421754694,16.319825303994794
233782359,4,207.38957700840783,0.4247349827263328,0.28542195341532145,1.0994617154133097,18.349979397756556
233996434,4,193.19333781067382,0.37908772981651173,0.1997511113519076,1.2073318209446364,16.964501939107993
234298821,1,215.92925942337666,0.3611198544263112,0.275653858278232,0.9758282047655734,20.438228144567116
234298840,1,81.19656906807255,0.3768412865626795,0.2271520591474453,1.051908242012701,13.479083382290042
234377391,4,30.624190660718313,0.3777282834189113,0.37993500283916526,0.9044394577235778,21.478288578631037
234483624,1,97.95647916558029,0.2865073726282591,0.38163654959796167,1.1484197471738213,15.444948094982172
234538951,2,158.93586846555763,0.35551998036468935,0.2435306996757124,1.1616698451858487,21.27718741989651
234724783,2,271.62441601354334,0.3741500974778258,0.2521659113219312,1.039363913796753,21.50288715009784
234741357,0,26.028024651268012,0.33596254713461293,0.2529119648375619,1.1329164968880763,19.25563355935769
234747929,2,284.28942344479094,0.37261225804044595,0.22908113217034948,0.9818346623885371,17.8997343628936
235082589,1,163.00935759217867,0.35010622653249474,0.2563763377225466,1.2531108747917354,22.488269553990868
235587729,0,225.51336411361763,0.3753105335966738,0.22607571685449424,1.1439462547810189,21.29645224292667
235628108,3,231.29883663893875,0.40243713764528627,0.3130009602208016,1.1093738697077233,25.911232577132413
236163730,3,222.97015910457492,0.3764019152695296,0.2647315648136465,1.2779398294599422,24.719038450911732
236477815,0,198.00684510824613,0.36766631888919454,0.24580197214454286,1.0059093117190603,15.387201207444605
236843078,0,248.5379954138371,0.3715720834231758,0.20472567140213005,1.1269550547969283,21.004313640489446
238179937,0,181.87791072819067,0.3434953751443853,0.2306155084842711,0.9722587962859307,18.05373296569888
238223157,3,104.81062031899869,0.3776480990941927,0.1628971345730751,1.0798178262768525,16.767279925983313
238571886,1,131.9682106411,0.3496919634721404,0.27965197029033134,1.150984699476884,26.71072204640361
238619204,2,77.79284959927176,0.34097573939402476,0.25343477059407327,1.1688216670081575,23.5813796289967
238841218,4,447.21421343394127,0.39145166449855806,0.16233161024800075,1.0011039151819348,12.387819635447782
238997456,0,166.50498244108906,0.3483293331231039,0.1554893012536509,1.24246001020636,15.399075643551958
239786978,3,144.69792526788748,0.3601303966031265,0.3036153256940244,1.2417816189531252,25.536793153923476
240082161,1,16.030239811408023,0.3465502362121205,0.3992574755919991,0.8907832578448818,18.462922601702047
240111092,1,104.54402927852499,0.3845882662270482,0.22621812925771215,0.9032850068863619,12.858580180607618
240232361,1,141.26861231683495,0.4112649835616945,0.2820448935157704,1.0669263649822798,23.520121477342244
240796718,1,-6.610062560959264,0.3483449104915122,0.18040600894338055,1.0306870427165666,15.711034539576394
241359312,1,308.43791103269655,0.3807923459696349,0.16612091693968645,1.2146369428698771,21.88658056742582
241371117,3,185.4751816559344,0.4657598821247551,0.4212338594284495,1.0234414463837567,24.169813865984167
241512397,0,139.13727781660666,0.3582984705870152,0.21652137494019433,1.085517739039296,18.485909122376
241814157,1,-66.27908287472712,0.3624723332978064,0.28803698427010316,0.9646304694933241,20.5638207170472
241915001,2,49.255415999471175,0.34602699733605063,0.2610167465474473,1.0914046492656932,16.330658735607393
242653142,2,128.70271887784082,0.32861376952049337,0.2439179972825608,1.337033001867708,19.516116891431967
242836460,0,-24.5306504991149,0.3303477784689071,0.16733830696265647,1.3069590282754036,14.487415196419121
242840603,2,118.81281351999812,0.41418738391331594,0.31342046578720545,1.0085259448309924,21.15829563280522
242927288,0,41.620914980409495,0.33852341049171913,0.1959111336365601,1.1357436731444177,12.299606798414015
243127357,4,105.15763047297155,0.3681453539736863,0.22109610241593133,1.0032339884871708,12.981004560557448
243290882,0,276.6000809890397,0.37510290643686073,0.226326613679049,0.9883285850882658,15.306758750636346
243418714,0,19.156518821402457,0.3486633083066828,0.20539804553266694,1.0552734453473458,11.229335659872973
243622593,2,80.35290220148372,0.3355685536263234,0.25979762124707356,1.1250902853002565,20.023680124263873
243711331,0,49.78567754970404,0.36695774171797785,0.2376917614418581,1.0203167246647207,17.17958046278107
243853291,3,51.708622106724896,0.33896941156615606,0.23460840704905692,1.2029691338335566,14.22106056973312
243952176,3,-8.672035032680796,0.32270102390348976,0.19477329209496702,1.2929756847791174,18.685294179511434
244278527,1,-10.534737696207884,0.3634301164499986,0.29409043487316516,1.008678801898859,23.313722148565812
244304146,2,220.01277351602295,0.40076586292653843,0.24170394270803697,1.0225092355825864,19.826384586687936
244332189,2,60.824607894559065,0.36863193681996836,0.1532726364525973,1.2341133512507492,14.90836705750447
244803582,0,141.14032836776693,0.34696220770030217,0.21916710584857274,1.183357091464108,19.644491559734103
244913940,3,207.7572837815327,0.35697940929908073,0.2976660259407729,1.1938894587747833,22.168677831928605
245591935,0,128.63331440579066,0.332038024778814,0.22159067974252059,1.2406030216555881,17.842345421078125
245779778,2,119.46914379396651,0.3409115620946759,0.16927374895701952,0.9496547006185494,17.824661761985418
246955408,2,180.7405335264412,0.3699450515053273,0.23867188318038107,1.055080377935807,21.249089655146523
247237663,4,186.483199218277,0.36486978822681526,0.23691432270602356,1.1698930201252045,17.834391384898606
247440971,4,154.42024669667057,0.36823801829384173,0.23465900023643446,0.9970927717625865,14.944108816358145
247441113,1,163.4599737416943,0.37417600051888733,0.2701008771526867,1.0330960955056014,22.505864839958377
247473503,3,44.063101383900296,0.38722052381710104,0.18799784381348925,1.0804102933174426,14.265861373493605
247558689,3,-71.94758143812302,0.35257060307707416,0.26196387582054376,1.3882419977431035,18.15002945631978
247866107,2,154.98350893302796,0.34631528424590863,0.2345584973178884,1.185042495028476,17.78455940664559
247996319,1,69.1480545585463,0.35567542725588813,0.2149837764584453,1.0659359409102662,16.67791883114378
248016214,3,44.87177899741885,0.3554472943715356,0.18141570094111356,1.0433135510938663,12.38862619850126
248038345,2,92.5067468651615,0.354447342087768,0.1951759102335568,1.0248110403911017,13.316373959282084
248424742,3,264.0700520266425,0.3739755051719202,0.2781545731840375,0.9686987854597745,18.294621099105463
248434754,2,81.86962364787875,0.3445849442838197,0.23369400027695883,1.1250174454724737,18.14908642508516
248544464,1,152.90141951238482,0.3634594931278338,0.23819582322661997,1.1847247941604389,20.62630558108845
249614010,2,262.87844125389773,0.3687319819115982,0.24569736715764084,1.0933539651730946,20.14247664014299
250010482,3,139.44896891106876,0.3655408899454562,0.3517420676724796,1.2846111494440666,26.970348939849742
250039671,2,253.255076181224,0.36284828287838417,0.25130998371782215,1.1629934601684828,22.563285270074182
250587037,0,188.97081862422638,0.39951372029205123,0.21278906994623947,1.0268171094615408,18.021843411715782
251202338,4,40.619850693986706,0.34921324069099086,0.26998922003386105,1.0731463643722667,16.46593777707178
251297590,1,273.74350135039924,0.40043076895536817,0.20338854716145371,1.136772326940278,21.134901584408635
252276774,4,32.92048639160248,0.34536594008926175,0.23763512984067725,1.07033087318728,15.685464332380725
252299281,4,65.36413383063018,0.3495995200976111,0.21702448828992568,0.9269696733682783,13.334089563153702
252836035,2,296.31211904357144,0.3691461453746759,0.22993046362923275,1.1588050805431638,22.350014811640925
253276168,0,58.61510659919455,0.2967506872368859,0.2126625960417334,1.1471208680311311,14.06308010351406
253355524,1,118.66594757855302,0.33599282759421023,0.2899443912698346,1.2151854143655239,22.32828619530155
253518655,4,-13.52189934822158,0.40079297621332244,0.2871888794913551,0.8403254722785233,14.166283760327772
253610686,3,231.96621857950822,0.4297754922091056,0.23734440810769858,0.9966744448305531,19.04342484550432
253726027,0,244.11510924531137,0.3637056609094748,0.25136673154439765,1.1079080772058543,21.161018274976342
254267891,3,-23.50636690393894,0.42598347155454463,0.21124886655846775,1.091262654329257,22.033034217334624
254408923,0,80.0618429656821,0.3575854414792538,0.23077387936152413,1.0761501526234685,19.464486374425533
254419051,0,214.75880362686655,0.35523751688272726,0.2733515670973953,1.0114102350511502,17.20616188594264
254630145,2,95.03963471013844,0.3674633453749946,0.21814257350157507,1.0996355587579232,18.54832030040563
254694603,2,121.44982851899636,0.34043058373094004,0.1910660696068106,1.1161037342170301,14.536837744255678
254845509,0,-85.08471725057056,0.3434237607928694,0.10890451044258015,1.5365947487390033,11.832341477121394
255108764,4,173.9337843856704,0.3653996645809569,0.24779633460277697,1.1931723421937834,22.505917095287636
255514575,0,245.09984903413982,0.3818276267894332,0.23400839116717015,1.1043990494494738,21.84146677586496
255574677,3,128.0319878943057,0.3580726533932462,0.3129059384589024,1.2260346257139465,27.31788056929635
255628383,0,30.429507721418773,0.3718987513489042,0.19587372138961884,0.9961526433936182,12.584276510171486
255934897,3,-4.422000164246015,0.33653836168874846,0.24307174484086563,1.17923325283451,17.276621798122367
256392827,3,275.1801312917372,0.38519453184530983,0.2918662550671795,1.3294502117711973,27.050322115655746
256452381,3,224.8523731457213,0.35143860634579305,0.26323075723812506,1.0415812137618004,17.863384736823306
256964530,2,100.38791620317284,0.3287910772823852,0.20144706570516654,1.1162174793020816,14.14301204236533
257055666,0,213.88587283489466,0.36765891690928987,0.19065757859345384,1.274430324375659,23.782724942136557
257349913,3,42.47269238923124,0.374837787860907,0.24895751991168785,0.9791765944989185,12.039331374251919
257379568,2,261.0874174970321,0.37421560321392583,0.23677461481826925,1.141998865971788,22.05548970919856
257538013,0,35.79418939751737,0.4246677130833004,0.18149498772436545,1.0748662195848826,15.391721735424301
257696451,0,10.073964434433009,0.32397758373100755,0.1458128711059244,1.3784878774229523,15.560531669423934
257850952,4,34.89034462662437,0.3482577557188337,0.26959425922063035,1.0746441824155353,20.23302499939402
258103927,0,181.96368750800684,0.43638099482557174,0.23401753991129137,0.9358491423454479,19.540058933191954
258160847,4,151.4987126404277,0.3565120964887036,0.2772918093864743,1.1805086986903217,20.970773778889516
258763444,2,57.05972382328807,0.39446340221943416,0.3076768467459783,0.9678008667600403,17.027895243194564
258775514,0,-16.518987481591097,0.3944463868776956,0.3051164361437085,0.8345612667716936,10.810382358486878
258956403,0,200.6845338135457,0.34779877855101965,0.2744420583550635,1.0214945454874498,17.048541606144543
258994540,3,119.14335255128755,0.3599805231089692,0.18988149448945207,1.2454715255700473,20.165477938091183
258997794,1,187.64938949194544,0.39781067307566675,0.302228203006766,0.9441851908368075,23.45887465648323
259074348,2,85.91841422191402,0.33942229665129586,0.25359095294478073,1.133778744580895,18.768908117218196
259180745,2,101.40413622212394,0.41371132309615016,0.123592960934719,1.333237810486804,15.271325304507354
259297341,0,204.7371956960792,0.3703752519068903,0.19088076110011304,1.234570612375096,20.165590827437583
259345713,3,141.85578594098953,0.3715876255896842,0.2673524649641323,1.0059802848713535,16.145259879368837
259345728,3,143.84348649754054,0.3465469865679632,0.2334860035271191,1.4055166012558307,24.24247942583042
259439423,2,183.54787055507387,0.36235594288453987,0.2614070940604063,1.0155634015881518,17.99538443134771
259788945,4,82.11480725874158,0.35485012628437324,0.210204450499736,0.9526664973767744,14.6956788190836
259984370,3,182.39581459451017,0.3974731974623869,0.2540711137060012,0.9834639801980993,20.6927147738885
260073812,2,108.76724038867675,0.3559159244342546,0.2395537264577972,1.0964822459774017,18.712690302054558
260077968,1,-12.515195805234825,0.3619982924251491,0.24395905039885127,1.0646951228861086,19.561530556156093
260201518,4,5.632931105939889,0.342903337563043,0.18595444305993747,1.16719899712129,15.47184885456566
260366998,4,22.285656461285924,0.35652062391290634,0.2849488047567977,1.0480714144610395,22.075113935046268
260773607,3,283.1992311592173,0.37984038244312607,0.25072683109748406,1.2628724468871204,27.156163605595783
260812845,2,23.673398118066387,0.39017589142911274,0.22703724356035973,0.9319174236614902,11.778350052759443
261071879,2,110.32813738951022,0.4225263704296458,0.18284034138517702,0.8998477556794043,13.173165448852526
261334701,1,285.2457417185976,0.36976617275977947,0.28998124774309736,0.9759401067118401,20.950695012499416
262074826,4,139.46816635091423,0.3637901703971184,0.24873771277705198,1.1723778493906216,22.072265993768898
262353559,1,352.4418007984598,0.39187242227046154,0.17110890744929144,0.9209412075778087,16.277956312957265
262479772,4,87.85607718923977,0.3645400673363011,0.15712255956453963,1.1028981375515086,13.18693058297132
262850499,2,203.74155422316352,0.40987289384543985,0.18391724754684155,1.192359567286037,21.475919825637305
263068772,4,-17.751286388749236,0.37144176310570276,0.3006280043384981,0.9401665442011103,18.862515626391502
263087206,1,52.80517124391916,0.3559244575267483,0.17311868182292323,1.198164408654654,13.827360712181658
263236795,0,-14.523344177840784,0.3102996080439427,0.27091957583830145,1.0886609315126508,19.188464124506815
263279017,4,151.76166862952746,0.3591590025063693,0.23780876272004195,1.1373881173233493,16.551270300641495
263293393,3,192.87223312775387,0.3866960748229983,0.28080633645510644,1.063827619066868,21.7704071991579
264131865,0,152.49914336349428,0.38322270036857875,0.22062648019530764,1.1035877988504095,21.395584339657347
264402592,1,206.27569680469065,0.3162196405193269,0.3032566092153712,1.2104442072839268,22.991313750080977
264552260,1,206.21403749929544,0.3647905571264235,0.22080495204488967,1.1082212631056363,18.82300380228249
264939963,2,66.36514426760965,0.3464559192653154,0.21185306307357196,1.0717607164036151,13.161197768893134
265038627,0,-49.28566476774061,0.38519885948872,0.32204418430687065,0.9080133482206446,22.348227498201595
265862660,0,149.77689281558725,0.3663348797763618,0.210168135648172,1.2792075706533663,22.693546083784625
265889946,1,130.69980242169063,0.35887253572011046,0.24860669386386636,1.1582562664391938,21.24233609919677
265939765,4,-3.3307055326433357,0.36219227166968176,0.3498653869308952,0.9660290808137306,14.700063186450842
266241866,3,40.93028617325011,0.3715224800211661,0.2789024498114781,0.9566818908661733,13.736918694407198
266415058,4,-35.87479229158012,0.3263706211781229,0.09775171070956548,1.4699384481770967,14.754536551195077
266479070,4,35.65247212945225,0.357739726318868,0.2622303463632952,1.0912694608554425,16.820390383058232
266620737,1,138.67435095877437,0.3526561144467773,0.24030460086433186,1.159502087317501,18.88470430835264
266988735,2,28.596739880759372,0.36090517342274875,0.2809390720661596,1.0652489110032008,23.51022317633621
267049794,2,-26.064791915279585,0.3189352741539957,0.15820895313917255,1.2608292202685545,15.3363944281375
267912832,3,55.814989392344316,0.3591834151120949,0.28786264053527366,1.1174390875237434,21.119739574786767
268323392,2,140.0747302367845,0.3630674686676557,0.27538332108735253,0.9592824588435687,17.601400779816128
268434909,4,76.26667414962793,0.37258115511735307,0.15292945654426626,1.5397877496583807,19.792258230368617
268436916,4,9.543309096633834,0.36560376559199903,0.17077568319791572,1.2333229234456955,18.50159487864149
268533943,4,12.716937951506935,0.3636198360581772,0.10646946054272566,1.3087900646941908,19.60053061556549
268805413,4,78.59964459739234,0.3810578073016228,0.24696976857778655,1.074671467792432,16.8790393191614
269136469,0,205.73657244250603,0.33662238230734487,0.24182361278362569,1.123846305440487,17.67620738031284
269301575,0,156.43547891320082,0.3406138433728381,0.24377345872060033,1.1304722825089777,19.43234156470479
269388015,1,76.19956514054323,0.35639387627922414,0.2044678206576127,1.1631349616499875,20.861325988875045
269527017,4,126.27790245597686,0.35936563029892327,0.2248202203658446,1.1823382928791615,17.94429440429081
270193915,3,5.661817175358308,0.35187718855131195,0.23249410744893584,1.1015256888464429,13.96835443625547
270468068,4,172.72306415690394,0.3645999660364425,0.2505642968555603,1.2652851894111956,21.923805265001473
270662526,1,269.48939839985644,0.4309514300909331,0.2848079742878914,1.1555860558479412,23.669334351849827
270794936,1,221.5320055146878,0.34690175777513854,0.270346538297608,1.0391639316814767,18.006174503410346
271080458,2,73.0522257087164,0.3405754030571986,0.22471258833314273,1.2823983681510636,15.406887046591544
271082869,4,13.516324158370182,0.3303252525325584,0.21724197012932006,1.0717073107838069,14.499023534770663
271540328,2,93.39604301953239,0.3729073386224611,0.2554309496956884,1.0179980947661036,21.13626625427146
271698010,2,137.83493662826686,0.37367910211010724,0.24062098690258157,1.1592416539652382,21.935398396260453
271737793,3,238.59090270307178,0.3603947962414661,0.19287551014175564,1.1513698418831544,13.96795257830539
272150874,3,26.687535348384472,0.40334273711677765,0.36273931911493335,0.8399863017684487,13.125221224877459
272832139,0,28.63275213396583,0.34376454879861196,0.19087204701894153,1.0841212362165422,11.333051027466341
273139332,1,36.96603733146465,0.39909114646618704,0.3878498981796779,0.9149390652682308,15.391960857095755
273204422,2,101.26982334350612,0.4042863780801445,0.18373796831970168,0.924737266286707,12.646059638981184
273571217,4,236.54981247817136,0.3302529578396443,0.29889628925065403,1.2867346716348085,17.516441455606866
273593115,3,223.46193953780556,0.39639770745910385,0.23315174570110914,1.0692008496198722,20.19829412982227
273667291,3,79.2054348876784,0.3582469211578061,0.20339002925226882,1.097108880682694,13.900061896211415
274064100,3,197.69800735724897,0.33701710141880176,0.23121613708943736,1.0835464633941154,16.922067058608153
274098381,0,173.21461377762273,0.37305085636522717,0.1925897725296802,1.234319576471435,22.309609944718787
274614510,4,24.91475692748547,0.36431540948459495,0.17993329977700717,0.9737332692890366,15.3540683726749
275666084,4,48.18101548761183,0.3636141112745189,0.19999332286874755,1.004054142172178,10.527318700837704
276378650,0,17.10975137330024,0.3746428416438198,0.24275814072828328,0.9489340750288945,10.95519624924485
277002638,4,94.27845894191312,0.34067385053021104,0.293476685324318,1.0648879230352006,21.532321888172998
277986602,4,44.25281375598956,0.3759719812011821,0.2945964654815171,0.9931757146396499,23.61260263126374
278061089,4,215.05521564816053,0.3936479699421229,0.25823678243500087,1.0589406320821857,19.488200455939047
278123349,4,42.39101741005942,0.3722374003074299,0.19451113651491708,0.9421408517819834,11.942843739807852
278169291,4,72.34842284734404,0.3425567225419945,0.26964252362035995,1.0909781741035618,19.78152836186014
278692232,1,218.65841411476146,0.3732826519595968,0.2913665119066678,1.0264599968075312,25.090973822243896
278844630,0,7.315614651478782,0.3238127969154548,0.21902622820296658,1.239975250225716,19.269304045040833
278926278,4,212.61513936783814,0.37198777339702843,0.2578235777912018,1.046527658722134,21.19948054106452
279552323,2,186.68418317243695,0.3619652659501633,0.25418246750214,1.0909426857561568,21.967954965168396
279624532,4,-28.094724523282594,0.38380155314207604,0.29455610493319206,0.9466918289258156,17.67258626814413
279990409,4,48.53299635516213,0.36487536624910666,0.34392544701351413,0.9340729474779573,21.017918564193458
280111011,0,172.39562142373686,0.3652529971676101,0.25243925391380784,0.9712887623811409,17.432354332447133
280819340,2,194.8227802999897,0.37488889834425065,0.2698413697714608,0.9981585682551162,18.626384194519375
280901586,2,221.24620647149783,0.3842324922959174,0.25799097145183636,1.1016589768352556,21.81940318830414
281000054,1,138.2162392695666,0.36468922191273523,0.2063992199260937,1.186949182126035,18.514426317619105
281136178,1,124.31465620054112,0.33290610597741743,0.2261459712654846,1.2005907973250727,19.294039230182825
281150361,0,93.37333972334096,0.4149251516686148,0.21660399994222235,0.9577911378200517,15.20098337111802
281517661,0,274.57632762521166,0.3967109578580104,0.32145355283860155,0.9806598748604837,18.416748222890842
281814625,4,210.39363281744033,0.3533720539605801,0.2755065436959103,1.180214455291491,19.68535495316059
281920156,1,13.725577351615001,0.354900723059351,0.23370852529667005,1.0682750727518322,12.671509234419261
281967969,0,146.15608036127952,0.3504072492573237,0.2477338134051424,0.9797999535401551,17.65907498005032
282298315,2,70.75033250677495,0.428564848703323,0.1845330215503932,1.0224939263267472,15.228995357798723
282747611,1,183.63321139348653,0.3743187439625454,0.1600248849272771,0.9795887146900422,11.80498358791925
283523819,1,65.25810853736175,0.38690194997976224,0.29105465568121786,0.9414084701418775,19.4998640457578
283582804,2,6.528871290013356,0.40390584280123526,0.21054045893687978,0.9672059992137001,14.625254025569227
284421147,0,267.384610402208,0.3748534063069573,0.21154865640973003,1.1031263056756728,21.889293989530188
284595179,1,7.488549656018137,0.34624041244711395,0.2326181507789582,1.124130991656319,17.26064156923667
285133703,4,321.2055869834497,0.377309695576832,0.2517512838631434,1.0448211733463535,16.749551855066752
285241910,0,64.13448237433147,0.3645593249482747,0.18834224097952912,1.0702914205510616,11.685881622186162
285299858,1,128.72882833032958,0.290306484276484,0.2965525738468733,1.2482096821645714,15.867134404739351
285419416,3,15.235627123661061,0.35232964402009115,0.2635803855641759,1.1592090621839337,17.044252405420394
285781116,1,182.91127187626807,0.36175445814568047,0.2129701079383979,0.966579129670454,15.994596943964634
286143083,2,175.3056576804202,0.3678111375900218,0.22733408815615372,0.9599267882678025,15.005929235901114
286285970,2,-70.63733206887402,0.33093150979290586,0.12258636014247012,1.3902103734840754,13.407052096172325
286520814,3,-18.539560918226343,0.3581129074168546,0.2635917554499787,0.9990919496814226,18.55497273240267
286659449,4,58.319187799045295,0.3509631019819286,0.17279239241250774,1.0266043678243888,11.998710380154469
286702486,1,154.8764892747963,0.35139044500302163,0.2680177143447308,1.0421790879644026,16.807754829739203
286760389,3,207.5974504637274,0.399537258753527,0.26943404828174544,1.054605732083326,21.32102299012875
286863590,3,192.0519064301456,0.3932842717699157,0.22991562715587638,1.1827560406482993,20.069573227034134
286904793,2,141.6306280389282,0.3497541265343704,0.2589635399876558,1.037820678138684,18.105338274454986
286907970,4,4.5701715451956915,0.3827526311173662,0.19909285717276,1.0999315152081863,18.6858677853097
286918876,4,34.952554626727846,0.37439556698581283,0.32230771681132714,0.899578519575542,15.496860425851576
287377564,0,271.5394416680135,0.4037279461316839,0.14558378551201995,1.544116511095564,25.138278572045646
287416791,3,94.81042950577095,0.3272757302901765,0.19697007842148306,1.3632388325019993,21.349574242508282
287463310,4,69.12802972465859,0.3505834798279184,0.17832191613807252,1.0380431172410143,13.509387241206838
287576128,2,57.409961054063324,0.35269167846396743,0.24932772401444278,1.129574742352395,20.03452739248246
287781923,3,2.1928087965503806,0.39814148571576224,0.35241640773835603,0.9191717579686429,17.838336695031018
288191338,4,91.52014201590846,0.34777743912997056,0.2652951467981198,1.203272897408703,18.855796761990504
288320875,4,293.6484205198891,0.4084606413632432,0.1852045149215833,1.0991955557737867,18.523069405085028
288350972,3,97.71419171913821,0.3587563362916782,0.18928199093452025,1.2827094227202362,16.727157542146454
288433754,4,74.66114463244733,0.3476110915537461,0.19082219204339007,1.0993578993796058,12.49906402792644
288686571,2,169.58223388465746,0.369027295104502,0.19132193662867397,1.0741440631432322,17.390431037585582
288758624,4,-32.87423069932066,0.36417607166969695,0.20362901413670925,1.039318226072117,15.179766050935342
288986880,3,7.163095810545585,0.3562584203802811,0.20763250881550538,1.0183617633577906,10.409627054001719
289030100,4,314.512298280825,0.3711335097177663,0.24958935142626076,1.0191547229632003,17.483360926652733
289287510,1,221.19951089256847,0.3390873938724976,0.28360202204541796,1.0588393636481717,19.043729780962714
289478370,3,131.90185906266748,0.36038171409673986,0.24347878381637678,1.2749081499582007,24.669688069456015
289637508,0,23.40610235989105,0.3681724156894691,0.18195030106834928,0.949101819036428,10.078915878112326
289857593,3,-14.403751883802101,0.38399791377020953,0.3196146061785735,0.977847943466788,20.482593662481516
289881295,4,-30.9408546757179,0.4100481169806497,0.3660921278281024,0.9030932709243307,29.05064353251143
289972048,1,182.30160386998585,0.36786323743531313,0.20765308639508914,1.1375805677808233,15.279392176684784
290244345,4,185.32904647660274,0.3213627831521195,0.25448604592111995,1.2889593686092329,16.431247807954204
290253227,0,152.31492548205853,0.38174311769851843,0.22526958626296448,1.031614735890901,18.927555446580136
290300802,1,-31.441423634917356,0.30461761782325153,0.18606318688036097,1.4828124756052392,15.980846104285927
290418374,0,215.03811570452316,0.3514573195873527,0.23813281419721027,1.197188162309107,20.679301360567337
291057839,1,46.404989425221814,0.3680127424024308,0.21556603247562894,1.054297406803565,10.735052143169234
291499422,3,-29.20265209866355,0.3280284022022246,0.203354281978957,1.1399835271607799,13.620785720379716
291719291,3,80.38951901866494,0.4004126114161856,0.22827077744803045,0.9827498604993464,14.065417568417136
291812607,3,117.51829362826224,0.35449919966370963,0.21125804895244865,1.1813859100506647,16.516851263496818
292223018,3,-0.4705520000751875,0.3414050551472275,0.14225723766719875,1.2447932720371255,16.51169701144212
292271271,4,152.03391017616292,0.3625916745518678,0.2618253510078702,1.1667440770689268,19.531678579633674
292300264,2,166.01793492506707,0.35909820811734117,0.27422482232835027,1.1156802229027156,22.73843331509893
292368159,1,129.30781178015107,0.31577652068739404,0.20135640848861563,1.1273892293495082,14.077407206927907
292543407,1,205.51802404149606,0.3861851076203185,0.16440437179114992,0.9612386974684466,11.310921894811653
293023790,1,33.12862439213901,0.3784067721244232,0.28449034174525833,0.9363150797593438,17.694504777896235
293350949,3,315.84276430031707,0.433548407785749,0.11035327671050876,1.5545699400659276,25.524175291116446
293363115,4,13.464480334693349,0.40969390787663174,0.2189837753542454,0.8150466935831308,13.47585096072505
293508970,0,212.63391980128517,0.35356285067125776,0.28451883129888184,1.004541203204028,17.72456680288207
293562405,3,45.8518421320069,0.35785408820694387,0.1601678815062892,0.9951048351919957,12.716256190456967
293886642,4,56.28694161769539,0.5850081090307622,0.2983333046132842,1.174909827085442,22.09579959905681
294224638,0,67.34663373418273,0.3702883740928344,0.2015556562904596,0.8721627539213868,13.758007622368064
294498348,4,43.00047352299326,0.35993113041253566,0.26825081748394713,1.0532345710585806,19.837976812667595
294894075,2,534.4814251938186,0.4348969491470085,0.2541767416119532,0.9893649406538085,23.300293338886473
295260492,0,-43.40514540672079,0.3660661463669541,0.23286846545798146,0.9470051902907798,13.702039865134626
295275980,3,1.538402205164843,0.36643398153951434,0.27969428181150124,1.010997755073743,13.285635130399747
295305734,1,62.519842461828546,0.3569347419973459,0.18216621720860204,1.0200669773158242,11.596144762497456
295343824,0,116.30694785446134,0.39105526030774684,0.2283304879603959,0.9831809916939185,15.702729499821414
295492872,1,189.28372712315226,0.38647676932675507,0.1721829779331563,1.0654114787067372,18.65745197984918
295884244,3,218.23521231936735,0.4036062195792343,0.2668676265540374,1.0099935829015263,21.0915146829837
296205481,0,-22.24289271139888,0.36880252655537754,0.3027981001362624,0.9398457701847698,20.83775008136129
296253043,4,116.44664855726526,0.34707539729989323,0.30309206618404666,1.0325589714338808,22.666735087579177
296446712,1,29.05285790730234,0.3278661549062772,0.22676088673146083,0.9614923421738377,16.342361830061684
296474292,3,17.399076179148253,0.3100457771705792,0.1138036253120577,1.5639340563733852,20.101459609005968
296559312,3,186.38201959001714,0.3632699235554409,0.30991479497401847,1.2662904222417666,29.735447400862142
296620653,3,135.50069776983148,0.3463123929724159,0.3174525581297516,1.0624604289250097,21.304054359377
296709911,2,145.4944957356042,0.35591214887717243,0.2577023989612989,1.0413327020032481,18.243884206189442
296780712,1,31.404689834651947,0.3350365440534827,0.25178853701171966,1.0908789992257368,17.367489283231116
296827731,2,61.71790883350012,0.3548192837613242,0.23523035561312527,1.1178009487588298,18.08580112954607
296831504,0,58.271611528223595,0.3758204938475397,0.24540926978610905,0.9820601607695324,16.866368059967694
297020286,3,29.924985191318342,0.38733836048807213,0.23810983805572594,0.9268823159300713,14.108572396981293
297297701,1,198.82044110415652,0.3660829954903657,0.17194130287977433,1.143422640796615,16.72986729816845
297474668,3,233.13291761339045,0.3622678415278715,0.24139575507250183,1.3474348396585454,26.91649096783464
297502549,2,67.03172217830205,0.3336538334556715,0.3005469896905159,0.9641929966582239,18.190868283753005
297731512,0,231.41209747847734,0.3623830235020312,0.21918588224689153,1.228601639206838,23.26759315832679
298003696,1,187.432226592304,0.35832271708462526,0.25210686184704884,1.0462371343747996,17.93318183660362
298173145,2,80.49440402446118,0.3328791450765821,0.2731694243761563,1.1313054671541984,18.91646205349181
298248052,0,239.78502901548438,0.38960047466224335,0.24746245683937823,1.007165246822404,23.937433965983686
298750870,0,361.0341007704907,0.4249734463154173,0.3025957710401008,0.9521712531975622,19.11277962359232
299097300,0,83.34778569903217,0.3037995272008223,0.18177206843678922,1.0825976051787602,20.54392156708867
299152684,3,15.546414130504758,0.369254344270653,0.36184261563388614,0.9314059766029028,20.921232343569276
299349220,0,62.13745165007205,0.2908761893551461,0.223480378217789,1.1868041942783323,17.7304673978873
299618473,0,284.52239675595854,0.35524460916854,0.269560920965609,1.1933999644607836,23.257731193281508
299922696,3,209.74473712494273,0.39138875002353213,0.26149398015507247,1.1108940244469518,20.443648673431326
300005769,0,216.89259061533573,0.359427872764716,0.1851670307346393,1.0885604098003065,15.084016817196153
300892142,4,25.660189839064444,0.338010904127555,0.2119181983918109,1.1896380699563789,20.961953978776457
300941372,2,119.8113663690842,0.3405626475545206,0.2411713974615657,1.1642891782849207,15.538028148716805
301268217,0,-43.19974141684749,0.3906604337060098,0.34030051751603035,0.8855545367082589,22.344592833393705
301459957,3,213.35855227144543,0.39242641065110956,0.23622480735136542,1.0631686176896638,19.783433677683217
301935252,4,62.97614402792716,0.356022953283074,0.29248966307799934,1.0630296484936033,21.067137496814148
302206099,2,125.25211036048931,0.35924745735886565,0.27344695078169373,0.9911824844916782,16.73337804519853
302309984,1,201.6353674573944,0.3614916940135918,0.2756037170867286,1.1845429282906434,25.910267875589888
302979803,3,-24.71479818859501,0.34280130285611277,0.2517893315105489,1.1270757353640346,16.364194845564946
303176560,0,172.21048955438278,0.35108266452849307,0.24088497766450911,0.9993272865781103,17.697498638676645
303191070,2,155.9826772506995,0.37493158042545344,0.2199039268899387,1.098749233419859,18.479456903250966
303219921,1,176.70613897165327,0.3519919971628622,0.3178937861404031,1.0832947075971584,19.781950846847234
303267980,3,-0.7845193705705498,0.34671988335018433,0.27570992094464897,0.9894483829617396,18.115923186660613
303343344,4,41.291050911454285,0.42369088965215357,0.18810927408727846,1.0011550928104824,15.916756663034153
303682893,3,106.49860500856067,0.3864740973946671,0.18548217750158075,1.0265199774375164,16.76957309248109
303795473,0,67.34399368994386,0.34462929890061383,0.24707193625470247,0.9977377586156172,18.177345566412054
304139587,0,132.75302617899382,0.37039480450944234,0.19686124437810357,1.0653011405811619,18.302758362706506
305079648,1,143.64549642854047,0.36014548121902423,0.24679203515553494,1.1281341389050992,24.360333381596508
305318799,1,104.86406211248044,0.4123210855938067,0.3192609884957028,0.8708885774480004,18.082040691925986
305819221,2,254.25911399139585,0.39451692871886596,0.166169278323697,1.2398297736644532,19.734821987520952
307030577,0,236.6528384475805,0.3686681314116645,0.23075468391688855,0.9959512510785702,15.17303183134408
307396008,0,6.205467829714053,0.3566951885278378,0.20631355502119542,0.966515488085988,12.742753976603462
307817942,0,173.45984528419564,0.35186997991105645,0.22748064120776795,1.1766333094863097,19.449668550824708
308504449,1,-37.481859120093844,0.40974805066324155,0.3100398336737914,0.9275379225738278,21.993841963692226
308535213,3,122.19214536046374,0.3657260731897241,0.18666594290515626,1.1400933853724382,11.04061238062003
308745808,3,3.773128822492481,0.35729487781219793,0.23520003883659055,1.0472439574147239,17.03949924971947
308992648,0,-45.39128718139217,0.3207925365221999,0.12722607953300713,1.4502214859871843,14.826428260461288
309072874,1,155.2773835820428,0.38611193465364796,0.1811761845678007,0.9854965091208876,17.500723031472294
309419979,4,275.38254469587275,0.39547906506705804,0.2935608358886961,1.1759861869501362,25.718017586262725
309733373,3,20.25869748397605,0.3581140280232177,0.2696617569713194,1.0892879903828623,19.976673841253074
310196546,3,51.57603234520045,0.3511088385825126,0.320020339866103,1.0922640274137638,20.854563659315595
310395295,2,263.9905573822918,0.387573550165817,0.2576337837663026,1.109977865308265,21.95121731747211
310494439,0,45.91414637358722,0.3709121136689911,0.18880546675086102,1.1161584382417509,15.280098829770942
310611274,3,0.4158541019764499,0.33959962006785027,0.2166258789454588,1.117663806201709,17.032916209869118
310843241,1,41.30467862584693,0.34556922005071217,0.21187799998467743,1.121161720581938,10.307819660602515
310898724,0,337.82022794301105,0.3919917788245583,0.2776035103463474,0.9535792425644605,18.900923718552026
311037297,3,-16.933383734023792,0.32913527613856297,0.09764675466011144,1.5010059364809885,13.109879363849803
311737289,0,116.75523920203788,0.38492428824491165,0.23822536096668925,1.0039936435258077,20.025242737386915
311750318,3,135.2852581988937,0.3552318301960147,0.2286108837116021,1.1521810074969852,18.035025101802063
312401249,3,186.74454095769048,0.3913262516593396,0.21879393292057636,1.1209554985503025,21.640972382608744
312938401,4,172.59386872710718,0.37266670936175106,0.24391306657647105,1.2487313705837721,20.65664328877415
313210022,1,-28.880184861316508,0.41971814158426035,0.31585432971742566,0.8456392474869443,19.84939143336628
313256095,1,252.92287726601663,0.3697654426973227,0.2772528110220906,0.9786540426891412,19.015607851254963
313737003,2,97.2250932937924,0.3602942646223877,0.2525618760268113,1.2221557122953948,23.60787004025478
313765532,1,-5.111013980086341,0.34853076052557885,0.15556101407399275,1.1012594235049062,16.34981606375978
313831314,2,41.799843188339295,0.3943545546656611,0.2084618163139756,0.8741563713190269,12.822422252675727
313842947,1,379.5341173884892,0.447795676787577,0.26073061945331755,0.9052103520000337,23.494226878520568
313907766,4,92.81538993672316,0.36751912878222137,0.3165898027780802,1.0756696651417652,25.064992966925658
313933456,2,212.68270882217405,0.3643445004292761,0.2455916776598252,1.1922778104881864,22.602306910011606
314234289,4,235.43598558636654,0.33153759126756377,0.2642473968501152,1.2028194863868304,18.777034554542404
314354319,2,49.40188734978784,0.3581993010418278,0.2556967674584886,1.1138176146811642,19.943356463854407
314797178,1,203.1298059351043,0.3432232485838645,0.2074893645809963,1.227795498340301,21.545413111459872
314863833,0,122.46740067341318,0.3951539261370425,0.18905894552539254,0.7574750772758111,15.87392539087716
314916411,0,141.00530473533036,0.29741408377971024,0.21341032563167223,1.2583384605164336,17.362459659091346
315380987,0,351.3050610299019,0.43998082341552247,0.2319560975154428,1.1931238579977965,27.210287931273257
315519001,4,40.251612012284134,0.35482946978554486,0.1749663963078661,1.2751925887232989,19.722515759338222
315538569,0,274.8358870431084,0.3970156681815142,0.25068532514379344,1.0037747303085034,23.5559196469214
315696598,4,15.884186625383379,0.346733107050653,0.2291659722098214,1.0784318314004568,17.25785202916896
316809152,2,377.2579098995522,0.43531644114737855,0.2719716256755352,1.0316678345001857,22.246332990001623
317007708,2,56.45532010827229,0.3548562415529907,0.27205008776281747,1.0775343381363587,22.463184754585992
317020980,4,61.70868160122982,0.47333988409709193,0.23652811373367866,0.9458672271102339,12.431409935547808
317112247,2,60.17429327497466,0.3910599813254787,0.25755252478902685,0.9418981363322452,14.892432807983342
317286954,1,3.013913615967965,0.40874872151689,0.1988679028985518,0.9135774779041186,14.165706663912491
317794773,1,27.877584983768315,0.34308302218847236,0.2549196856071596,1.0884911523673755,17.615617957886847
317893081,1,222.27572925329036,0.3414965034571509,0.2630970114400655,1.0527974717890587,17.674096042892963
318193611,2,171.33321657784433,0.3740936962842908,0.23828315142533632,1.1534299381485202,22.184286359506164
318514421,1,-25.924864708319532,0.36592504862766734,0.23845144689612116,1.0072339048917012,14.722544436997342
318909763,3,171.42352658905514,0.36112002242590874,0.23984262787104332,1.1999826051172526,19.609308654403346
318923469,4,95.08952165649288,0.31753622366052686,0.2654592568761778,1.2061448982761953,18.214981372388845
318933021,1,40.836083733523786,0.3676954418589645,0.281601423254278,1.0205615127543755,21.419588713072926
319236312,0,205.82869453412923,0.37376265431021394,0.14664798616816083,1.1342031715029786,15.405407146727189
319319228,0,36.066676155323535,0.3415650946399714,0.2781288044252352,1.028034984549096,19.7163324371643
320070845,0,195.9106631334809,0.3679111085842761,0.2615784783958839,0.9464409664529019,17.748435909255818
321187243,3,43.9860376982734,0.35393586849769826,0.2922752960181225,1.133196676843204,22.366507970911155
321215899,2,75.47014915082516,0.34964636180893427,0.2548589085162636,1.0935327164023854,18.56736465357674
321268777,4,52.35243411895216,0.35109284862530227,0.27711948935022424,0.9940106274324657,16.29946907276187
321308254,0,103.65312622696858,0.4004985716886881,0.27948654572490156,0.9042372975372648,17.490513391779196
321519190,1,-24.971529669677352,0.37127211391861137,0.31387466466753794,0.935193126905103,20.29773864137466
321552204,3,-43.034614860436335,0.3998221831363404,0.38557113888167655,0.8685883847893088,19.56811702245623
321955140,4,15.262125448979432,0.3501499611429505,0.24140647799145834,1.000943084993323,14.962555975084829
322065979,0,210.9365982088019,0.3849649125857493,0.19436283818195674,1.07197332807455,12.557262244037359
322351570,3,8.91361874334217,0.350033922357507,0.2242049628741061,1.1623358802193067,19.399741190402867
322605911,3,-28.27582998877793,0.34616406607152467,0.261273537301666,1.125573266857329,16.793563773688174
323040540,3,72.32107674453017,0.37043095378438895,0.3483750759893134,0.8737892071986126,21.180865427301818
323411656,1,66.39223018952842,0.34771534569480883,0.25728738984012156,0.9814422611330136,14.837584425264687
323702728,2,88.02470286030143,0.3609136056795086,0.2774705124107927,0.9437744691673648,15.327931865216563
324341393,3,201.76072147917466,0.378427122208314,0.28945977916462684,1.1547854509538626,22.923159907983994
324348126,2,92.06085513451195,0.4417441890371466,0.17989426920935975,0.8505257918502419,11.6069237135669
324392817,0,2.6613251533025846,0.38610067256146713,0.30932340088706767,0.8797554174052116,13.875682866827379
324827592,2,134.5520170201275,0.38070981865668596,0.2585419178096569,1.0744899090807012,21.092539553592573
324904007,2,148.8740964723466,0.36995755557311416,0.2319215937800149,1.051172390464658,20.67308324920545
324919224,2,4.778125967630814,0.34883492001306315,0.23422682914228982,1.235106304212817,20.51831488646159
325038822,2,127.60990099583866,0.3705481149544365,0.27593657452405795,1.0314359395617358,19.415606319732323
325850735,1,174.0550064840149,0.35476173039931247,0.2715960617116427,1.0166874545699618,18.852121163490207
325853121,0,163.1505284227179,0.42950878305360196,0.13430428717248177,1.666343778601516,25.79749399684742
326740697,2,65.39757000399419,0.34853178903262555,0.14965402369089004,1.1029379084869575,14.192253051947556
327326654,0,168.99346249639171,0.3940885874180308,0.20578919013196662,1.0786880925784406,19.5841011202504
327432808,3,173.59836081190042,0.3744708470894959,0.2208305718897436,1.188589957105514,19.222541172340833
327552819,3,70.6880067794495,0.36747729328543915,0.22289615408505478,1.0171833235080803,10.190673014784908
327962548,3,-75.21381490839178,0.36066158227582334,0.1282874851350828,1.430010911055351,16.994459635845605
328019914,2,73.88835758494069,0.36247244284353863,0.16556641165391234,1.244295080717621,16.954521436642015
328180933,4,178.71604711049608,0.3702040503553034,0.23005359347745855,1.068027136354186,18.57699179392762
328387168,1,213.55177843851482,0.3627740939090687,0.21402227925721162,1.0053384347513452,15.702021863728499
328610666,0,165.9608111307,0.3211773579670124,0.17781451173231272,1.388413440681226,17.058775398781673
328753275,0,21.50780863262048,0.33587277839450735,0.2613398132990667,1.0294983174234393,18.060664395867686
328792977,0,170.7553418829903,0.39616038043204155,0.20334090291641674,1.1107751384429418,20.4475139487619
329116469,2,202.59789490588568,0.37988800842093595,0.25630717410890247,1.0938792606567873,21.23698742549275
329479579,3,181.33925235565778,0.3738174683777244,0.22713222999620988,1.0390715304071156,15.338700907057987
329844440,1,191.45672793853365,0.3827578241521483,0.23954504219743092,1.089817838763067,23.51914830003711
330131370,4,39.03277743567808,0.3966044129099913,0.3111781134202353,0.9938062393419413,20.38541859944924
330131913,0,-16.563260004281958,0.34042903191196705,0.20649006982313384,1.3339488231471095,20.994318450467937
330440675,0,224.38726524372458,0.36153600635385336,0.26665120193943437,1.036964500926395,18.57945737892044
330874137,1,181.29807212866288,0.35952199998363427,0.26211260908595674,1.0561404186021155,19.397835252380922
330921769,2,-16.869603081476683,0.40489281931723453,0.37465606795730866,0.8535978044247537,16.467971329964687
331019668,2,-2.9983179147693875,0.3333324557420987,0.2554246719527674,1.0729013007275483,20.851542665280164
331170381,1,-116.564215116638,0.32930048193973,0.14117517184886816,1.4872904135479332,12.738640446671551
331790904,4,102.18479088038113,0.363151022463874,0.22052599627448238,1.1139955916476647,19.385139360138833
333349586,0,22.68852321222245,0.35201372096411154,0.3132427124575137,0.9607457684729409,20.297030257303987
333365529,3,269.64664597250976,0.36451013095772755,0.2698452460275538,1.0147124859230825,18.73460323608896
333446735,3,158.21881038034002,0.36153203043825116,0.29412677094494405,1.2298447430347563,24.950991283543498
333695147,2,145.89292941269264,0.3500372198122877,0.25753126340823373,0.9630998419308536,17.029193940244696
334420972,2,200.57385440344524,0.36115695073147713,0.23792484448212084,1.1627841978608877,20.69907947587174
334571792,0,138.01641958247546,0.36198395523327387,0.1904328240124136,1.1976276072646734,17.153509827495167
334621145,0,-25.089327258049337,0.3715712315964762,0.23740776256104906,1.0267804780382304,21.017865274015374
334995050,4,268.01430272813536,0.35754155442343166,0.2695286639521514,1.0223785428841483,19.23645651092689
335146594,3,119.98598856451122,0.3546096997969784,0.22142360506007955,1.1582192595319185,10.072689957749272
335695120,3,171.8023172539802,0.3376256819568796,0.279983543237704,1.314553027650457,19.37230332560685
335867964,2,64.14556108757483,0.4420904933156154,0.2822442405725577,0.9936052878166575,19.980873821494384
336148935,4,87.40542999325409,0.3773202004632553,0.25025763411924135,1.067728348317017,18.835078170577383
336321161,3,169.7871092244167,0.3828634567472235,0.28137069332935605,1.0721344327330598,20.672241475582652
336593955,0,-13.781915863411498,0.3197263755351438,0.19296229689699032,1.3590188539766084,15.570166364268585
336780982,0,102.89632450424415,0.4027493074269387,0.27966507767525933,0.9899134288364052,19.903723593042937
337489231,1,299.80107072232363,0.4040997961094934,0.1749128611070842,1.0905202306700867,22.75154514359658
337825369,3,49.55735999094496,0.3566638312464742,0.19639690484743144,1.074719945918432,13.50476824408871
338101273,1,290.77827442182047,0.3733203809204786,0.2235047204865369,1.256686729810318,22.68664918090092
338143659,0,244.92615187694366,0.35968461655657546,0.22176426642578578,1.2321524099399621,24.360642727398847
338510207,4,114.06138294949085,0.3789142312763332,0.1218830317732553,0.9420310083997496,9.00394581467874
339460948,1,201.38328912693018,0.36076555257135295,0.22697454015626048,1.1906541328206854,21.28762270302855
339625856,4,83.4891021278883,0.39273376133179855,0.19848995674616118,0.9331378179523611,11.581362249553738
340997850,2,182.2639047463689,0.3528515686452172,0.2404769647104847,1.1887658134819659,18.286668641151458
341123684,1,36.96917668640829,0.34340298083494003,0.2559594977435734,1.157038549700145,19.443923553341733
341439882,4,81.50346815121338,0.3342837672843497,0.2785256809688807,1.1241619914778929,20.466041902757564
341816925,1,139.76956043832027,0.3341614553916611,0.24410025647471054,1.193840690853802,18.966344163402624
341876947,1,324.9039068555049,0.3818005674873048,0.2280697255673566,1.265501961580984,26.512793510657442
342399286,2,64.40221657424932,0.3426163749165495,0.2675934080271272,1.1159166569012302,21.71263591653029
342537511,2,98.24807498965536,0.3454999180936971,0.2164679887547391,1.1206455159271445,15.39450861399371
343006911,0,-31.444686356719117,0.39598986640311584,0.2414691906966465,0.9633080058544602,15.167653909430234
343110199,1,32.01625728258075,0.33807916708995417,0.2341470386342876,1.1213669477971022,22.35476950632016
343123949,1,-37.75711987204315,0.35702537679441265,0.251186535103154,0.9514904818846676,18.631506592312927
343155685,0,60.25613574154316,0.4060844122838445,0.256953940179427,0.9443787354064873,14.711567877325434
343326237,3,247.95881083067366,0.3993596482958204,0.2538946769418882,1.0190832385457704,18.32195922789739
343355330,4,117.54984720638544,0.3904487064766042,0.3101305021245393,0.902985998157991,25.577197131076964
343928203,2,287.9110101525003,0.44410152783986856,0.2497816961341725,1.0757160998983977,20.845744214165087
344065840,2,301.5100377886657,0.3757790603260095,0.19989854954147712,1.1490992630189265,20.700611615248775
344567495,0,13.383337149437352,0.41855228170736236,0.3278278355434888,0.9220713877278169,14.860249714799878
344756877,2,41.92042755693819,0.40540925672348166,0.2657071218688808,0.9238579062124107,11.921027328681363
344924762,3,244.12837015830002,0.33908031769102415,0.2734297323216404,1.0829813565115602,18.75306009226164
345530183,0,95.13618734534224,0.3541547152685141,0.1842130887124852,0.9061837176287159,10.772973780203287
346660576,2,146.7487868027566,0.3914897422674284,0.2493419484367352,0.9430458739283513,24.741248694462673
346744541,0,152.33647981584443,0.33661975964848406,0.2075407568862513,1.2077950568285407,15.6373668250605
346973737,3,-68.8959556999798,0.32056417275232585,0.08323024662921624,1.605051128057256,13.670130803774128
347210288,4,50.1048859474376,0.36272251416399415,0.1728300415379102,0.8914510568210132,12.515611163905952
347336274,2,66.72137341568845,0.39286592027455697,0.14219882904683012,1.3404378519886158,19.66295991503464
347361170,4,257.1767694003525,0.3889792802073014,0.2641335941164295,1.0861344669781066,22.18795335322956
347389709,3,0.7083206106417919,0.31468506317175576,0.23881046272437279,1.1131286664419053,18.610720257982656
348198056,2,213.44427574673574,0.36396259032589506,0.2472023371237644,1.1525073719521886,22.035821496730208
348809308,2,45.9232555134796,0.380876381498648,0.39685814829250826,0.9091082976782481,21.56139537434474
348992789,3,35.104100495088865,0.3510656887173251,0.2428796753179302,1.171496026331124,21.502789937036795
349443030,0,159.1478005276067,0.39026110881438236,0.25827715765855,1.1075370065029955,23.218611696734733
349759369,3,150.98825027754202,0.3825274504492171,0.2924522279374923,1.0678343902421712,23.668392098804752
350457801,4,265.6005236644159,0.35257408907559956,0.26940868884637303,1.0435625717296018,18.68994157471871
350689430,4,43.57091088196164,0.33247935874043555,0.2562321185559859,1.1309289053232132,18.219305186820833
350799877,4,233.20231398498117,0.4014313676604131,0.12745963566047483,0.9534445605165527,12.501762679709065
351260510,3,57.955764993940846,0.33965635109099324,0.28789569181500385,1.2189479881003817,16.757412651042088
351343100,2,98.18172264394613,0.37304132966535003,0.24937966171812942,1.0945979541198019,21.877017200296446
351687879,4,17.03281332793881,0.37453595546380947,0.24384770440462675,0.9643499707425361,11.36179507396092
351780192,3,-42.591902894974396,0.33641565311858507,0.23549634187771246,1.0921963012356073,20.26969875107763
351892249,1,66.06891620203419,0.3473747329496544,0.2327459572051721,1.150581473840217,19.537246724147824
351941026,2,269.75222500564337,0.36308645581155774,0.18788853233366454,1.2060936170856205,21.230831568046632
351987442,1,233.97646127355574,0.35626695860652646,0.2464161148130116,1.2222758735998125,20.48856713326895
352084468,0,292.5295621638699,0.423814908260864,0.25958105443462753,1.1377936455461288,25.832868821240787
352515684,4,213.0875574755513,0.3856429272325191,0.24225806573450553,1.0394661549273763,15.845495903889889
353134698,4,170.7520282414141,0.3806226347708807,0.25026160747911697,1.088847238808525,20.840314293685026
353348926,4,-83.9372004597281,0.327303306455741,0.11029413155813528,1.5790239812609603,13.489814411785181
354177724,4,145.46986543412353,0.3532353212144609,0.24616775003976862,1.1407679069509797,19.395335135015635
354467864,4,204.20069007362582,0.4793409576951551,0.08884137482929955,1.3103938833560014,12.774606113630291
354485735,2,53.757326245147794,0.3510652685090815,0.25872946011173587,1.1074090348479002,23.25851663377835
354498686,1,133.4627282622118,0.35789085793960074,0.21943507787246594,1.2028970469710818,21.346588400653253
354785060,0,199.7176792559246,0.3750576127242194,0.2319497129153491,1.0054553207192733,17.911926449119022
354906741,0,175.22910890411993,0.36278922436385835,0.21232641157923712,1.1630814169910138,20.63701514503167
355069751,2,85.20651968141668,0.3522757334435058,0.21324488249291448,1.0270617001988591,13.6831255048117
355158617,4,25.325223865967246,0.3682005086617107,0.2579785676285204,0.9761513968844007,11.73518735448383
355564083,2,145.8440818921733,0.3807571251678477,0.25204109293606963,1.0346788070125266,20.557378312018386
355968898,2,105.47010820362823,0.39390228559495205,0.1825013793887143,0.9491705879283425,12.365234926848235
356782883,4,151.48724319740884,0.3596338350612755,0.28780056792900716,1.2225081405901297,25.629325674093415
356916100,4,82.35480171410228,0.37906179514216665,0.16594703014656342,0.9165556960298028,12.395059757374364
356993441,1,159.12187326055863,0.3528913358319618,0.20014069924595645,1.210938550983134,22.680382508860284
357011061,1,177.4732232043953,0.34570486249625554,0.26857422302300965,1.1309114943233751,20.518958990849203
357282616,4,192.46457360725654,0.37304697351496474,0.2743403277418913,1.1462746399615926,21.855676794789062
357513605,1,31.964781094901895,0.3504455353439824,0.3255060365109494,0.9728930930470929,20.781959338388816
357543937,1,151.5850240102655,0.3731967586198439,0.21460202300910355,1.1740101351460575,21.69555984297743
358009894,1,209.76451603488556,0.3359310671183002,0.23767903619391453,1.1345500811659743,17.906203608675483
358172536,1,38.63016585821862,0.3621389597536957,0.25512120328973126,1.0276629518209874,15.559251237301732
358272082,1,156.7484945420307,0.31882051961080327,0.23077821257014547,1.2040692752036763,14.861112160764002
359188290,3,270.192880111121,0.39806466202057567,0.28275862285677617,1.094222083874725,23.169285584416183
359434805,0,231.93022999637333,0.3604205325727664,0.2066035142502371,0.9427141650500955,14.952345625623176
359677253,0,186.9756290267089,0.3386550934048889,0.25448312694692404,1.1903982687048378,21.097489309341036
359720037,4,128.65674258735197,0.3485236864432465,0.2574606577179659,1.056473981370122,15.174080214028843
359727146,0,193.98811256138538,0.3719960508282079,0.2235609444270432,1.039686844919678,20.678602620443055
359769379,2,17.144100441608288,0.3609409327529198,0.26078470350980054,1.0305319503863786,19.635972533476806
360768817,2,57.301723358301004,0.3593518355566055,0.18135610502795896,1.0685023695941425,12.554686189384565
360823125,1,96.71986227364316,0.36098586909969765,0.14391550431567796,1.1771139675697624,13.821499257627224
360959263,2,76.08415621038178,0.340145582954098,0.27305472462824526,1.1332642371985393,23.545334239441857
361088502,1,55.92714761555249,0.3528456709517783,0.19681785656073864,1.0506498500859045,12.456820695920058
361254383,2,187.84249844137634,0.3614039548109883,0.2579054285922909,1.023764124540396,17.730735768186666
361271652,3,157.4128554520905,0.3115840315256932,0.19764304646686348,1.199330102321305,15.106952447141113
361586466,4,-51.373209606728665,0.4467074403568372,0.15061260460094616,1.2399506204548107,19.436933048213795
362892396,2,89.23777787829367,0.34304743740381816,0.312816956961512,1.0301791302323609,21.519255970060453
363282083,3,230.20075595527226,0.3645948669249563,0.3474788209507629,1.2245875038925886,29.08976631179248
363316865,2,174.33374631310852,0.40939619480494965,0.21892203839758034,0.985684748306872,17.150288525903964
363884489,3,76.75394911575498,0.36399958217707695,0.18716288659336267,1.0285638377899557,13.745863146407522
363982437,1,31.435186425533047,0.39491919051732455,0.385838182141375,0.8973911951022799,14.954582373090524
364021169,2,116.73026620080792,0.371865276800343,0.17238387591363877,1.163646207445233,14.839744484802793
364113470,2,346.28978230837,0.4038977789570967,0.26587990328091843,1.047322846749134,22.63252459851781
364555377,1,28.440558382905593,0.33580065620204436,0.21829172132935507,1.0757713053317732,14.110142444876468
364982310,3,127.22612316544544,0.3565165093269296,0.20268471996111137,1.034622111892844,15.702764077198577
365169812,1,233.0738175838565,0.3634473124042838,0.29484967984493815,1.1519314246096548,22.186489565352737
366601299,0,111.66194618315293,0.34785554550046016,0.21481426353429958,1.140283541853486,19.775731981337263
366883952,4,21.847313437881553,0.36123334554690273,0.2801653617354796,1.0676019319196843,21.856396732913268
366967975,4,215.74842943129818,0.35117332182980854,0.28100075060205487,1.0561861206438616,18.94376427130306
367099874,0,30.492421652371704,0.3582451593130818,0.1790529263398079,1.1744670678239555,12.416489879425466
367205774,0,208.2394921918276,0.35761980296805773,0.1935995960699802,1.1635131822297906,16.100978340819914
367282123,1,38.101349432302186,0.3487725919594254,0.22802334736525406,1.0776920663323915,16.33180907518794
367646881,3,239.93264200364843,0.4045802168988438,0.3340605726106238,1.1868065445785918,27.17033697920234
367702294,4,110.70380784691214,0.36818065509802744,0.27839649050821896,1.0765963765583155,20.106904676139663
367735151,1,147.90354995389677,0.34910124291201894,0.27190191986990525,1.2060365120581755,26.197013312482603
367931242,4,74.52535225079853,0.3278796263494078,0.24323366356645493,1.1750566943552976,21.227946001549014
367944221,0,160.90753631664148,0.33184578961690525,0.2078314865358505,1.3854025953272129,23.222671465304945
368322688,2,248.76676050061246,0.36681645813531377,0.21100214227881442,1.1868201592620722,22.598108848118542
368356823,4,101.36813377915539,0.37084759764042663,0.1717215303973239,1.1349100611482743,12.059867728576627
368542881,2,31.061584748860895,0.37044507774278285,0.2188534989569139,1.0098577963723236,17.682741641486544
368592179,4,230.94471346947236,0.3332526816722932,0.2791152024524325,1.1808188395499035,21.770383660275876
368595823,2,69.22577443282557,0.3581863689520783,0.3105914639848626,1.0660712418613005,22.119854605856865
368968267,4,117.66449634117151,0.3589831112979636,0.2411347033910936,1.171726088593546,19.63395416155031
369213312,1,85.47294099333634,0.3422958604237877,0.2785149633692926,1.1676798276432625,21.48533934607304
369610662,1,32.559405259531914,0.3497629953902598,0.21829069641165263,1.2015652739730212,17.91948431142234
369639389,3,-65.42692727686315,0.33284313221342987,0.07630936951376491,1.7411906810646025,13.836186084975342
369676731,2,153.87874790855656,0.37588647187730256,0.2571663238640664,1.058758887719428,20.663779541766523
369827633,1,136.1113215657046,0.3513502424290802,0.2325503737014482,1.1828120553576642,20.456258957415013
370323439,2,167.1936596469982,0.368839063034418,0.2556793503172871,1.0611286262316324,20.461718772157223
370727281,1,96.98806236240581,0.3697338661798491,0.30475093922553037,0.908223947921401,16.44737918772979
370833911,1,-40.371107723037426,0.5238566441801049,0.13520732756450926,1.3730022689404877,21.139311464733524
370860168,1,-0.699085895507082,0.3383887978095995,0.26395772056011185,1.0559396961595866,19.179146419964717
370933065,2,248.53949491052532,0.43161694737755935,0.17668788843330985,1.0313005824628854,17.227992924405697
371139580,3,206.87552127766998,0.37024304922276796,0.25408095675187464,1.0030874744833393,17.05480958728235
371520322,4,75.454865678598,0.3791970720504182,0.25298590162270784,1.004082519841494,19.321993810501578
371572748,0,80.62261482821707,0.33499496515834365,0.22619136322683975,1.0449038499478318,16.81010420884259
371620331,4,133.17574519680323,0.36341731016950146,0.2633045323498854,1.1483033033471486,20.000671387860404
371754917,3,198.63376922882773,0.33356940684727043,0.29774905720448536,1.2565730162625126,22.454451550146324
371907376,3,54.95819875643983,0.37995125205483105,0.10376250665867193,1.6589248712500417,23.61463584956673
372375740,0,269.2319969750641,0.37134851026460275,0.21254817297230028,1.2764982656631059,21.922590283174102
372416932,4,229.36282977014886,0.3644282220905545,0.2196041392735409,1.0295177047218647,14.99414912024573
372715194,4,47.955774391959466,0.3528074994001424,0.21395231215512298,1.058841737944443,12.251091665738597
372897734,0,64.81947357866784,0.3516206875874562,0.2373910215305547,0.9859876329656077,14.673371419799647
373230047,4,187.27541580998374,0.3582129093894077,0.28305297356253434,0.9822689900437224,18.74098881531993
373313460,2,68.26873604191081,0.3431904908593616,0.20005336262849155,1.0197402142201701,15.285539518649669
373751734,4,145.8486644154068,0.3487614599199847,0.247301741053866,1.182696775355046,18.66720324991683
373797398,1,-14.59445785630109,0.3457457881128224,0.13892690804996388,1.0671189241773327,14.218945251324547
373831673,4,54.05008316119758,0.32077400707825465,0.28159791470802414,1.094030609395896,21.05691688686252
373885914,2,39.50893347261526,0.35413238066992037,0.20536987307217403,1.1059571533691204,15.682891926815147
374709833,4,-11.869536002431758,0.3756938847663196,0.34195796673645024,0.9139717445173825,21.49651194263849
374925730,0,39.491711082437206,0.374015126876398,0.19097288882327523,1.2465361891765345,20.629908062430513
375189153,4,123.08266284097834,0.353482399318242,0.2646038719353668,1.1764036619900895,20.060083304900047
375346790,0,148.64798622741273,0.36599411461139825,0.2062582409073791,1.1558035393179638,21.806125119515464
375374780,4,80.34110400012253,0.359267185478127,0.3441705896535529,0.9509584327830387,20.674640067604525
375389813,0,144.85206289358922,0.3758504403481179,0.22263647619676072,1.1684026679812665,21.482887053540267
375630257,4,-3.0612496532685753,0.3677353514534961,0.18993163965255408,1.1892149448255185,18.24106461901042
376977834,2,44.72985005763748,0.36720564931806077,0.35201481719607736,0.9338028614750826,20.94856748061166
377086807,0,174.79162431297328,0.35717425281829196,0.23584337937176195,1.1163008350549986,21.230861330563847
377154393,1,49.71169638990968,0.3683800609989748,0.20107350956859513,1.0120726037161032,12.102658974635167
377318088,0,124.02561527736437,0.3546835769358009,0.19272820877500593,1.2622410448561225,17.38187609377516
377845835,0,272.51373963803417,0.36363981363073056,0.19769844686360752,1.2482150413288269,22.93125150381833
377905218,0,18.024594100461712,0.33155668088904267,0.25279178606285674,1.115811793992939,16.931489229909147
378178373,2,285.9710938631139,0.39990677847660294,0.1547514144845905,1.30912460448949,22.764237327916103
378689716,0,176.47461799413264,0.36705784456701157,0.17010151399220463,1.0753508014565483,12.688315266192628
378754763,2,149.54524546652806,0.35625117005941787,0.15626133707816078,1.0867272418732925,12.067946402111296
378853299,4,75.38103740772422,0.3395515329933007,0.2647745053701053,0.9720720526346205,17.783834706786664
378871007,3,175.17483233056652,0.36037420890299837,0.2693740290582974,1.188817050766991,22.818728761963687
378915192,1,127.62775894139831,0.39527735284076665,0.15571219349150534,1.0421512967790159,15.230634874161394
379560437,4,62.27242818215503,0.34221712589810804,0.27923146274805066,1.030694923973313,18.27410629083905
379965710,0,78.9591748993749,0.38158660461926935,0.19061098376635333,1.0818713351877411,15.383889240063576
380076712,1,236.6864500711039,0.37500890876929455,0.21113276312292723,0.9550732307040344,15.37631970788026
380209354,3,29.45626239456233,0.29468482854733624,0.11416427985146227,1.510094659095996,18.6729894321276
380408256,2,146.0954982660951,0.36984447687657823,0.26495581751621383,1.036218533180368,21.899435463661174
380596855,0,-17.15135533837143,0.3804221969323681,0.25376174652088596,0.9663157039696978,21.59437092980972
380971589,4,54.73730824503256,0.36704332728609196,0.19077021417313617,1.0077768984592805,12.490564293328287
381746717,4,7.106532909930394,0.34210813781050137,0.23400526196967414,1.2013088064906583,20.727674393237706
381822281,3,7.484399398035777,0.36277842942976835,0.18298218532265362,1.1049437685959689,12.982968808610025
382336764,1,271.8425164074876,0.38953691561714676,0.20036662464050195,1.2108819548181273,21.82506178119197
382786072,1,26.795701274524163,0.3763904703631886,0.37356926281021496,0.9140329183515853,22.15486840243362
382859238,0,-12.87301076999276,0.4034914052327907,0.3160867355624428,0.8514445791215299,19.89154732773633
382866074,4,50.734951468560496,0.35025429299176886,0.2903005105806608,1.078687594521773,22.071087304374853
382983445,1,29.38237805656543,0.3592524138917258,0.2817508665315136,1.0550928385743668,24.620771902683607
383068073,0,20.883035423650625,0.3657455307998058,0.337819648798657,0.9315350820832747,20.516534436861324
383183030,3,176.91785869189846,0.35687015843760705,0.2242918672929541,1.3349133002168383,26.60159857487149
383211120,0,26.265793019083418,0.44358491561755564,0.31759717109329444,0.9254046738361148,18.085921584877575
383339614,4,158.50334899907264,0.3348268602301101,0.24793535665080457,1.2035529453928007,19.03989191649394
383541557,4,103.83835536318668,0.35397199349342073,0.2852586732416609,1.1135536913700006,22.96744989350954
384321860,3,-10.684503673384654,0.3741869633318312,0.35046692143299035,0.9458552544926133,21.569495707719618
384392762,1,33.61705789721527,0.39134769689949095,0.1619904661476284,1.1248306330955065,14.584072283392523
384493304,0,5.238955195630737,0.37189345811033253,0.3181559654525761,0.9432647511973519,20.816901754583387
384566125,4,93.14936830827409,0.3668264819693601,0.10510583987151578,1.4456216851929917,13.367238528086501
384803806,3,16.018464282509782,0.38670039206985574,0.14068779570062065,1.2037432218659738,13.39557361114793
384892683,2,417.3380380306546,0.4224467825468788,0.2667164866071871,1.0615191017833463,23.434264163155714
386257654,3,136.48002260571468,0.35990385807216996,0.258075038544099,1.034452892142759,19.463853030270137
386866912,4,62.06654763573395,0.3400508496183735,0.24740157875382845,1.1201270106408505,16.659483270519242
387403474,0,205.83449408336628,0.3594789483294566,0.16148455786638738,1.1286185970622014,13.68771348138387
387542061,2,43.08082490693269,0.38071465283981615,0.33930701197256025,0.9031630690356054,14.652961930490456
387982325,2,115.31889500389111,0.3709470903606976,0.24127640734437786,1.0905444750014925,23.001731188471027
388271536,2,45.1028647125938,0.3420179598755929,0.1777776751722452,1.1402899590977507,11.60097678421765
388880540,2,39.39009886594542,0.38872382580028914,0.2784934239631252,0.9377825249124594,12.333938890791394
389198623,3,130.185157560133,0.374930756459716,0.18309186154471424,1.0923430543376398,16.902348204232318
389422500,3,168.60549722484006,0.35519050077281655,0.2893819290133321,1.0128833527886714,19.245551977109326
389523248,1,79.45140759065667,0.321574280098575,0.2459493526882708,1.087630502772786,15.280449728789941
390128853,0,157.9337681294284,0.36207971049677296,0.2579673831997536,0.9855643061253194,17.977995257714003
390205045,3,217.16047657393392,0.3630049397064915,0.21673637197349563,0.9795749436106331,13.11204574111794
390452260,2,142.10466092618378,0.3668633030662464,0.257540678015878,1.0480562943955538,21.02713113073311
390786079,3,279.06543991853846,0.38033187743815966,0.14013525048141923,1.0625864248451433,9.105636416932747
390859311,0,169.65648511342522,0.35577081503544356,0.18691135657679164,1.218213377140869,16.021879880789477
391030269,0,147.03906502035292,0.35613060388217455,0.19983214221445048,1.1714254045096637,17.95306739973975
391108347,0,31.173592518718564,0.3359401828769502,0.23743740293033855,1.169658029170291,21.596513032643266
391439612,0,25.230343339420003,0.388410324969536,0.25801020726069607,1.0250432270072967,20.80009218994791
391755316,4,116.1585309720138,0.3947543543846707,0.17748412932335925,0.9304979621243182,12.632554508442986
391808404,1,-30.212946559428786,0.39306606736744565,0.20860201956559576,1.0720666279207856,19.212532081128995
391913299,4,124.0854949663722,0.37413159017201936,0.23563360137932537,1.0892218907215867,15.918699240263473
392174026,4,81.7149006198405,0.3425674899851573,0.2540312918021956,1.2196412107669612,23.21358725061802
392422616,1,134.01078642772507,0.3614256567054531,0.24391212728667735,1.1574477346837815,21.076665769762783
392652504,1,77.00767863190795,0.40263793027779154,0.23802721344749503,0.9149037058885047,14.987283342309624
392657358,3,221.64544410354546,0.345144628989784,0.28052016074036934,1.1904830538526288,13.186152373639505
392908557,2,66.58677738761119,0.37548745590979793,0.26907404563560633,1.037850616238992,22.137746093789453
393047512,3,39.28358607823369,0.3605252873315384,0.28130419037480925,1.077341745024047,22.874560261815375
393084491,4,275.24510550280036,0.3789124954360955,0.247210324304739,0.9931683010886925,17.283296679512535
393235817,1,-19.755293572310023,0.4079979540676584,0.23297340780706371,0.8261581510591105,12.887229930666331
393266857,2,206.91282816899272,0.3677959909908298,0.25512021045141764,1.1257351451767759,24.209288788474097
393468444,1,-55.4877744955939,0.36552251131804586,0.2521583402992485,1.0164608186652775,14.774870602421432
393692859,2,80.57873508921614,0.3754768866805585,0.19562441332546318,1.1725344569909648,16.758549423738387
393870517,2,96.64818050892936,0.3890184106835706,0.20944663196701824,0.9784261371509496,12.690743787485323
394096295,3,11.044869957574292,0.3949641293877423,0.21259322776188883,0.8713970333303054,12.866900735833545
394475074,3,244.48820558860365,0.38435802397203567,0.18245490770270323,0.9484719904465666,13.26343360449579
394508821,4,94.52852596242995,0.3723796781472129,0.18462890019759612,1.0011046082831485,12.83419466665157
394549340,4,142.0174045515347,0.3966022496518057,0.2583075286032511,1.0469642773930803,18.896658552408958
395181216,2,144.79393310775492,0.36829881808299764,0.26155048279245563,1.04777805090887,21.661020090913663
395216039,0,190.58321167028527,0.3734748501939055,0.19573199003474617,1.2261729163854784,23.367552797752126
395903864,2,190.33837784663808,0.34536514540651203,0.2436220356511414,1.0710102584729293,17.36799508497532
396309311,4,166.15264246925375,0.3747848531468548,0.24695861744912692,1.1347459979495704,16.62545734316715
396421326,0,93.81457478829272,0.35606139900891537,0.20261976324680295,1.2669480671428848,18.37163028560941
396650322,1,223.7972875367319,0.3570791276427922,0.2849643621262349,1.0561387524533326,18.30052391196544
396757724,2,534.4137134763782,0.4350103449383493,0.2541531698077132,0.98935339156607,23.291933429303796
397033633,2,89.23631126582407,0.3369774423715915,0.1899105742645068,1.0465963375081382,13.916651124380111
397580304,4,74.958041437341,0.3593130875488946,0.19598100638317795,0.9839682463848098,13.49588812233224
398123321,2,384.83342956912276,0.3736565957741101,0.2475779220744012,1.2287241171785086,24.654761376624805
398381683,3,163.37409300103172,0.39399141698372997,0.24624485254403,1.0620899140980748,19.51072603825904
398390180,3,57.536745401396615,0.3873731210193543,0.2913391909912752,0.8855586946270765,11.584464201576901
398441562,1,109.44500752718729,0.3955366425950938,0.21417880501324066,1.1290419078925173,19.067118257083347
398923440,4,212.0642566812551,0.36740014238568786,0.2742326638894025,1.1592203317918959,21.775381928369185
400083990,2,61.963462148555,0.34541908603399984,0.21728950683582227,0.9964317468659125,17.386017013683052
400248641,2,35.57333910089416,0.37905230427854447,0.20950247812588732,1.0163858443560165,12.423927564961971
400445600,4,314.3407063541822,0.3921388269503568,0.2099654862601511,1.1069718794159238,21.70706426511483
400718320,3,51.80632808962458,0.36819942182787435,0.2142568960387945,1.0281146657710105,11.898264664104833
400901906,4,193.15703678086516,0.355658544591167,0.2867070446341013,1.0996147065394593,22.06422780089843
400957282,0,283.9373524318986,0.39432348557226876,0.20139547128101523,1.2341228435974607,25.976201206039043
401075968,3,-27.92632405890599,0.3659663058955695,0.32176207984625127,0.9567460676184226,21.13810636391724
401205052,4,39.13703451095031,0.38107864261816415,0.20110008712420985,0.9555825233314911,11.265365780276914
401382872,0,99.35262402702338,0.35507118047706887,0.21770663833753315,1.0371435415495933,16.015245373713434
401549184,4,-145.87278807262837,0.3391653547713375,0.2394635773526269,1.7704705385622566,20.157364525364358
401691844,4,64.69630164988548,0.3464301375080632,0.12603879646363905,1.3345146829387027,16.555176156809274
401918606,3,9.58686030349675,0.3785778215954464,0.3857635527443863,0.9097525820617567,21.63632651264927
402031428,4,277.8496170361527,0.33976039906025157,0.2663984380476895,1.0897213534937265,18.318664600765768
402151358,3,299.85770870923375,0.36997915946467036,0.19297400199440343,1.053385743071525,15.363596232233123
402476752,4,-29.558167215544103,0.34382316366639787,0.2715420294357085,1.029897252210588,21.287386660304467
402492102,0,34.78833583023053,0.35137420064894886,0.2734242599208837,1.0250927487939498,22.022043557129628
402626556,4,293.9907243482096,0.3841733387188524,0.2703602603096883,0.9557372888844824,18.211108914513407
403135402,3,15.471201202717168,0.3798466687927084,0.1977544470570961,0.9393903579838003,7.921207659168678
403160938,0,74.17620461477443,0.35006372214953324,0.17433099271469574,1.0562404785885997,11.511836181561069
404125467,3,29.843284588938786,0.35436953185852943,0.2262960235434138,1.1543864711230836,17.363325299883034
404307501,1,0.13945163862028664,0.3587566962187069,0.33916414930758393,0.9352377162201503,21.403947973443834
404342250,4,-9.941504836337373,0.399557207996516,0.20073422186159884,0.9176074113209592,15.602337709338979
404367957,4,60.91999158015513,0.3863947554030014,0.2162802937929294,0.9488412235240647,12.449646414707136
404981014,4,-28.497853606541014,0.3562827204662207,0.27364225288765875,0.9920955344931863,18.516876541987955
404993408,3,164.70904396238546,0.3571076052760431,0.3510006747761378,1.2616471989832583,27.813429435517754
405636435,2,79.36483944644321,0.3294420722443598,0.23859515090057812,1.190563370795372,15.689930017971639
406335515,1,60.2595728552407,0.367256151207908,0.28011108474419477,1.0772732547113426,19.68085782188357
406786412,1,95.85681955148472,0.359286367060839,0.23870018820268643,1.0500651729127375,18.31878982741146
406938063,2,128.95501691475013,0.3445324988199627,0.25299786443653244,1.1292687273384516,19.989824301164205
407026307,3,122.24071940195043,0.35338863702853596,0.20213991571357992,1.217274746969757,16.4191126285186
407061099,0,174.44969419973296,0.33686908421789,0.2590987119525177,1.0926501397546227,16.358660614553745
407729292,1,41.821897245737325,0.3415999318967894,0.2587582082652295,1.051081060851203,17.737558180103424
407820973,2,123.1307003541133,0.3127558489202981,0.19143656680969492,1.1149475183371347,16.8235473725302
407930180,2,74.48854457716814,0.3362199214828246,0.25640583668190353,1.1354326276617228,20.198311141891573
408163304,0,82.1272164789884,0.36479224132903937,0.23654485509775244,1.0560382130154329,19.921842189809986
408357369,4,210.49442155902673,0.3705269286333831,0.2375207865639336,1.1540941727616771,17.783521896462158
408389877,1,118.08453706440532,0.3364244524523646,0.22518051231112676,1.2351742277608382,20.16986412648745
408594368,3,63.66339860812421,0.34703798428848964,0.3207580598048525,1.1747549038892222,23.295958521606373
409036126,0,89.16304944602417,0.3719288384770238,0.22330622673296638,1.011636299488605,17.576110231705606
409348345,1,-38.33770267811221,0.32423885362948873,0.1680531491228174,1.3184813671756068,14.402380025912507
410114761,1,51.81062227871643,0.39371682327993146,0.2132649921757198,0.7653808165364123,14.358292691083015
410273784,1,191.48798958230017,0.36057472723184175,0.2956861803547675,1.1560362510122024,27.305690539188085
410419753,2,-72.29470928087967,0.3526180434479105,0.12005445712263516,1.5478697813744413,15.435547593991792
410618641,2,161.65773844058606,0.39481816654247603,0.25421373246795,0.9981845895136524,20.355505299125472
410876568,4,201.79244999056877,0.3757182449725094,0.2640497302341193,1.2198188201463493,22.463662866404157
410915024,3,137.34291339290905,0.37769242868229314,0.19514514168098668,1.0103402195746403,14.624123696309951
410978773,1,145.565251548279,0.35707107150887923,0.27068278161498566,1.009827150869466,18.2528810940579
411320818,0,33.25209310130854,0.3681264118973155,0.25437732360817183,1.1230471524598065,21.807412039617788
411535293,2,131.9028401584189,0.35165294311201356,0.2491822282083177,1.1649885516461218,21.36692287321368
411815101,2,268.8852247518219,0.3967653106093239,0.26728592772409365,1.1790336747810224,25.914690286242777
411845496,2,33.488029802845034,0.3664712469935643,0.25808769451331914,0.9946324124254395,14.691174182980616
412332648,0,41.24038367238875,0.4080665870381761,0.3376322700257479,0.9820095190241808,19.509051787376094
413205726,4,199.72479251053295,0.358817747655301,0.25515076116388186,0.9795606652471991,17.025305457475312
413548295,1,157.5535346312867,0.3522085484291853,0.26370734993186923,0.9808398095022617,18.526263637864577
414071257,4,185.32556520137334,0.37062759559136804,0.275364756639527,1.1557070105127,23.941592030361946
414579766,2,200.96898862635348,0.4036683412574858,0.21215423954610077,1.10134708879685,21.038858404095706
414690406,4,273.9206679303873,0.338381491189514,0.34246792858761776,1.087516686267037,22.04783497723779
414711304,4,187.83502109695573,0.37199762145546234,0.2356675531098335,0.9571751405126095,15.506647956745544
414802450,3,19.68388684255352,0.36852136273383357,0.23415017088850093,1.4312561679778077,22.570667173930186
414910324,3,-23.517110653417703,0.4009413950443663,0.39008763816482783,0.7914621784867252,15.122271129150553
415110926,0,241.61380705734166,0.36147292236151124,0.2090655857471144,1.1794387843494003,24.212567312326573
415720254,1,240.3272312283082,0.37191978724767094,0.23882256986660194,0.9863900783773426,15.696078491892488
416197163,3,41.15595168235783,0.36457162868737863,0.29772406454319367,0.9543530520663984,16.52957118020976
416481975,0,219.83093683912455,0.3684721763377855,0.20035082785483932,1.2067907150276571,22.061911545866494
416508716,3,-52.76592630529561,0.36987998971365954,0.21592844409100012,1.2375903907250987,20.646360975907612
416714038,1,8.135520585748353,0.34398683950995096,0.21541902844843974,1.0956188663358257,13.127546290706874
416985872,3,132.00452935269573,0.41878649063906925,0.1817113740272996,1.1022162174772938,16.245786751561017
417097500,2,83.13954897350767,0.38396733918880804,0.18944953842978024,0.9609993068345238,12.302594661986877
417759199,0,242.67826763409585,0.37346069607665205,0.183634034374757,1.3027398744487821,23.0043218100748
417837947,2,283.5875654505523,0.3840279453059595,0.2579237648191369,1.123188069974709,23.486507887346125
418211347,4,2.4304296672867025,0.3288911414531364,0.11957575018831393,1.6933102300094052,21.45192768145381
418914987,3,293.6398438756347,0.38443538319361453,0.2920775168612553,1.3312774701475618,31.50832600004707
418998358,1,188.79473961426243,0.3622314758655549,0.2593834246273622,1.1744785962377164,24.148469624023683
419242334,4,59.52357314221771,0.32581441609645656,0.19832652117474422,1.2206129913092731,15.430632396955014
419308262,2,90.90024754180504,0.3635158422903139,0.21521933531961507,0.9736561736683849,13.683170354709828
419514472,2,124.3226273289456,0.3657272575373423,0.20871021292209987,1.1047863265503186,18.348617911153777
419730462,1,30.767288661273042,0.35903444549695596,0.30874180109419896,1.0355724025224922,20.30516635435285
420554258,4,109.71842577537507,0.3578983132063515,0.24026421338646695,1.1733079210320438,18.80004550707581
420766140,4,81.34902376984562,0.34131918184912624,0.22558551144791197,1.0229033871982052,13.657551902396829
421125375,2,72.30510788411534,0.33355953058119947,0.2515005234163879,1.1482064737728412,17.632004567445346
421588558,3,301.9496797597932,0.3742469974921942,0.28342377785937106,1.2908407746924988,29.126825191017634
421601596,0,268.27270418799026,0.365924498828046,0.24176407697337562,0.9651812188391701,18.843416964082824
422376704,2,218.23272307234032,0.3800574083089961,0.21415990114996927,1.1443302239110198,20.341157788857355
423361710,0,85.72897820310658,0.38144222671155237,0.20320715166096817,0.9097483779141412,15.7173675940845
423638166,1,236.08294205960607,0.37581106226123145,0.24412146199493137,1.0393087720227632,17.32482505637582
424246919,1,279.19319729292425,0.3709455869037301,0.2823023777218924,0.9822581759551224,20.35284330446104
424737952,0,229.93379106285238,0.38534480400516224,0.21983821503184278,1.2300114865697338,23.282985894688103
425753328,1,141.68712592393842,0.3595250290408467,0.22341228318599643,1.0613878439988487,13.227498480995777
425876006,2,229.78124675239417,0.38909219539526685,0.25381670486125835,1.1147049337779409,21.32755636263103
426452864,3,118.17071249236548,0.4378064407249359,0.3700707987221646,1.0258661175081336,23.223878927340593
426568984,4,56.596629520748465,0.37446217963686346,0.3307619388423,0.955148782346597,21.353455214535146
426591461,3,219.35233509632639,0.3821210745922846,0.3050514681284456,1.1513381058397485,26.81244446106517
427022128,0,126.77461476665064,0.41551131234113564,0.25954854223161267,0.9144722790623208,21.56594868021313
427272579,1,-4.024955456389819,0.3808769753010116,0.23887462432795892,0.9294922445713589,10.828354834654931
427458054,3,55.168323244846306,0.4051185669757597,0.2264245370196382,0.8551036285915976,21.137225826128137
427930827,2,172.98106504756197,0.3732381883948392,0.25104503353441127,1.109646800412545,19.99988265688902
428473296,3,139.67572015356598,0.359895581755198,0.2645017326954645,1.1109382617771928,23.68792552103487
428642513,2,83.24609964105352,0.34685086297360246,0.2092394403630423,1.0535999460378038,14.163784091612134
428683484,2,211.93817833934014,0.3673052984333513,0.24752617233510038,1.0942548298278156,19.423414101997675
428785387,0,204.820125304898,0.3709135456962635,0.21962057382709937,1.1814093666465788,20.849576147404658
428829541,4,258.2567153310025,0.39472804114014315,0.2360109982271721,1.2204380841472753,19.313239586147894
428976415,3,51.93759492677291,0.35240279901174604,0.2252606232044453,1.064460165041661,16.15321842838583
429074783,2,-53.68771379926663,0.3316450721538211,0.14246620136205956,1.3201342334443633,13.625970577490913
429504710,1,23.291917346079018,0.31827865883159256,0.2724471071287612,1.071219924608601,14.735575292035389
429609044,0,403.3368282619585,0.4093383580307575,0.2430503877940483,1.0590978286999404,26.448224483225427
429737042,3,306.25434205095087,0.4467289085410729,0.16560849798740163,1.1561436457369267,20.98898554097235
429776664,2,43.99465502943667,0.35396096033892027,0.22145454611422946,1.0287884499658133,12.429069703282085
429914397,2,174.825673567999,0.36655723156372055,0.19029902507634147,0.9754075379881303,16.91602058480738
430188200,2,160.17497797426745,0.346671004111175,0.2651069502471759,1.1161546934475781,21.013027091340547
430475615,1,227.67254421275211,0.3657161237499589,0.2770905468086352,1.1356648228577577,23.140875046092866
430498669,4,35.17640450644281,0.4036080589815737,0.3569491561479186,0.9080830995778295,14.915290083910381
431067883,3,20.85983298419606,0.3586929442243505,0.3052778194786767,0.9757482307663029,16.37289399732679
431258453,3,102.24687639603829,0.34309815487220924,0.261502386449911,1.2516175305199,20.015658565763058
431336110,0,-12.909017948702868,0.4032869954878096,0.3150470165811822,0.8515102117979213,19.767734613158446
431834567,0,13.988476056795008,0.3650688471936136,0.17963743088242654,1.1066684883384086,13.11044274937749
431972606,1,152.08293823536587,0.33707395532496065,0.26095929644090327,1.2627008040372378,21.849402136124528
432187357,2,26.18185139393455,0.3473396506092519,0.2904547550504519,1.0171771426363074,20.37600838826891
432686237,3,198.45556864279035,0.36674133695819233,0.3001098987443933,1.294037937477592,28.76693636338026
432789142,1,-29.712193064783776,0.2962861450666168,0.29303304972498384,1.1548258159604272,15.841908933579356
432947505,4,160.6623608354077,0.35901876057166904,0.28005129978226057,1.1906118332945683,22.076247977114782
433053026,4,89.08388510864211,0.3540856604991354,0.2202834739621296,1.0582587608627598,13.409548287081112
433063842,1,263.56471014001806,0.3729124681750276,0.18938150262037068,1.2258314703649393,22.78912551569281
433310037,3,209.19913772277465,0.39768926845190433,0.23446244435496816,1.1208752623857376,20.348984503429143
433650150,0,217.82358265420504,0.3910777499657649,0.22977795462452638,1.0689543157959076,22.70543738031428
433804845,2,128.89049613912215,0.46969396045261586,0.1293405131808876,0.9258469993266507,13.799415719240791
433899559,0,233.41616393707199,0.44631101902292764,0.28830232501278896,1.0328186760084748,26.372111561744223
434366510,4,4.122355311873335,0.3458865648074632,0.2437396466992035,1.046127081314304,20.871055372542727
434463983,0,19.192696961881452,0.3286329787694196,0.2837696519648532,1.0118980993824114,19.405293024925324
434558166,1,50.719673352308334,0.3371230169260217,0.2165343985184568,1.0887458262943033,13.816982338721072
434569704,1,126.8578585226039,0.3697797420937115,0.21795723578640114,1.0283154518283413,19.358263744227163
434774652,0,101.75227958020673,0.3450067217244598,0.1753268393685289,1.117405013174147,14.130757285836575
435176754,2,159.19748500204258,0.3513842475069012,0.2536921734388185,1.1704859711262934,22.68329524033991
435414001,0,142.4605806280495,0.37050520339943926,0.23307211676239722,1.0077490209070554,17.540378298039858
436053156,4,19.242530132113544,0.3584081870547392,0.26441742209018626,1.0734943538221806,17.06926347015796
436095263,4,88.22514170319357,0.36671728071795534,0.19652928717766355,1.180570709315372,13.230092547792022
436303110,0,177.8354802499802,0.3672283956562209,0.20671454851032572,1.0386405743424514,18.287676300356146
436672073,3,243.28479874400233,0.3404390855073364,0.22996447535641448,1.1047999907480057,16.555659794355485
438056577,1,42.43747462603111,0.3521575984935005,0.233800251374636,1.0574940322541952,21.073046391205107
438250982,3,122.29830001949271,0.3878019768137091,0.2376804837274007,1.0617642281723656,20.96700123558195
439011698,2,206.88203100263684,0.3708160437055404,0.24788980649670933,1.1351737490407585,21.603980491902348
439136445,3,125.49180271553817,0.3958743034369549,0.09677722465892641,1.3862684473420914,18.34656620608593
439339917,1,106.25108650554822,0.34154324851387796,0.2709454106916324,0.9732020137810873,15.10991187448465
439415309,4,205.98316769880827,0.3865983476558432,0.2424831727810516,1.035111272786444,17.80941050864899
439660621,1,262.402146327779,0.38172821057602463,0.2012170791749872,1.1203850043342376,24.830814366029372
440187772,2,338.4119743104985,0.39604450907485794,0.21471182345098871,0.9746485805107998,19.74003878281435
440221059,2,75.14097349241682,0.37766850255038453,0.2716223570767361,1.071660293056978,20.60111838409548
440284269,0,30.39761020061478,0.3658016295444956,0.2494367356492553,1.040819016845189,21.67903070339659
440459365,2,73.69366266021893,0.3563987574104318,0.18309901248784216,1.1693955760937258,12.508461265808725
440694575,2,52.469125063091326,0.34213259088005316,0.19638827383288449,1.0964809209657853,16.27395523226124
440852775,1,233.52816666383035,0.3502622071843157,0.2699759358987835,1.0581850476268004,17.088665930110903
440867054,0,62.140571702354364,0.3736425328619505,0.2522625074651477,1.1207952282798082,24.711635259687302
440998252,0,43.381078173866506,0.3421209084264937,0.2276151524726855,1.1368243331631183,15.478657251421495
441045416,1,94.71200364713081,0.34634917069367843,0.260650898636632,1.1242185394000386,16.582306285643867
441295392,0,180.3559170051607,0.40179826754897585,0.23255248891848865,1.0054970678248971,17.903992376623933
441800426,0,55.697578258494865,0.33755824874230844,0.2268116246533097,1.2172260463255626,22.126948551896618
441855685,2,18.860874610879918,0.34833108751747366,0.26446443446349693,1.0617964768502544,18.608947055554776
441924430,0,22.900081825775914,0.3935206241285073,0.355937072057959,0.9092652246349537,17.76149817593442
442093631,1,44.942099486110486,0.36083850397459755,0.253446857910672,1.036030311338526,17.72742351055553
442452634,2,16.543009744818633,0.3939623879459402,0.12412203318798345,1.2343733042054565,14.404491962723876
442573599,0,47.97453158412709,0.4455886556501429,0.33946326818062766,0.95660034405638,19.32777267278239
442588281,0,71.04002603483852,0.35575569264830326,0.2520097737341453,1.1353403146000025,22.278865932050998
442933041,1,76.88374830857339,0.3902797875111068,0.25149148395118576,0.9928955240681493,21.20003619945129
443073633,4,352.4193995338081,0.42049017471017475,0.27675217058273627,1.0156192048982975,22.070496285403124
443095393,1,153.62517273256438,0.3873075558331473,0.32712994424308794,1.0798203906827109,24.116107928879114
443473345,3,251.7727884441445,0.38115156839173786,0.14432906335655687,1.3741726998160804,20.116939219627586
444454370,0,43.45670903024408,0.3329137563690786,0.19352501103113584,1.1990002451610595,15.879623384414394
444535836,4,124.98137655773128,0.3630477609044886,0.23330618104893228,1.0752916091366664,18.205753467815843
445398297,2,88.28343958027816,0.3576598866995198,0.19617524396143765,1.0925562902743993,13.35575969124965
445451403,4,260.9132389280985,0.3430777711890179,0.28159098879077643,1.0760714269630618,18.49087366055234
445559767,4,40.9993744017118,0.3917394755327809,0.2984969813191508,0.9254158457281902,14.88586107833175
445698643,2,119.93662863803411,0.37697420521150415,0.25364322978705667,1.0664550654965883,22.246627717903603
445846164,3,155.23792100770157,0.3705363966272265,0.22437067839245614,1.1498719667511526,23.343030206894262
445938720,0,256.655431162685,0.3829479625214411,0.22281775146896876,1.1901703545291458,21.99982207333533
446207313,0,213.81944761222675,0.36820424056420964,0.2948141798426468,0.9787372572460905,17.8911595222488
446600296,3,11.296212226163902,0.3546520385483282,0.21925118944782102,1.1899246804398094,19.209127010919467
447303285,0,17.35984871483396,0.34978826952036995,0.2128254827286736,1.0491580497078457,12.495407435416606
447418869,3,122.31691784158386,0.3824085879322348,0.2225523828717925,1.0278603641940314,17.991509740166016
447438744,4,331.2323067213672,0.39450225804526784,0.12737478848546446,0.950593063162182,9.15766153366128
447444897,3,70.76815060718442,0.3559924776261195,0.2522982777087946,1.2023465749689146,21.466828816114305
447477268,3,227.05563019834432,0.37309404177060657,0.2536154867867581,1.203700141578982,21.167989548909173
447614903,1,31.037180852457396,0.3851872192943444,0.29811448893149006,0.9184042756657855,19.84254642531771
447641645,3,252.16907779059002,0.4343379127857664,0.21378731802009174,1.0875455093483262,18.903364502102356
447643667,3,-3.31072364399958,0.35393551466776046,0.2753700655953315,1.06701126271505,16.878936866029072
447646076,2,136.42422159207345,0.37303824342531344,0.16564426235525648,1.3426745432195175,18.983437158506984
447692460,3,27.830455150677807,0.3901843946352963,0.28273042703479345,0.9089368839702356,16.69826290916851
447769500,0,36.20190033906591,0.3598762148638223,0.327519245671369,0.9638787491938493,20.276951705544334
448340777,2,31.925065132755293,0.3791899525562138,0.37341746693780703,0.9081793660544883,20.624616945006412
449447335,0,172.26610473289446,0.36943283822980144,0.23239178075184133,0.9840630742615071,16.304528743098796
450028530,3,116.25714247093069,0.4107576390220348,0.19482970509333708,0.9152772286880831,12.123235181741052
450668833,3,61.34961389645113,0.3627922035858716,0.278125451114755,1.0426645107280927,20.148302418045425
450754739,1,-3.262388992841906,0.36990976340932935,0.3052302221127047,0.9765976216947964,21.429640509637622
450878191,1,342.5970738876698,0.3976260585319116,0.2678550431388897,0.9663199994567022,26.51493974343476
453918545,1,237.63601260758693,0.3907456515965005,0.2749762091952077,1.1106238055725748,27.457684232347596
454048621,0,175.16964051035546,0.3497729850084845,0.3055297511562157,1.0027933739825488,20.584423618264267
454723677,2,121.8262833551097,0.3520183564422104,0.25791366858975195,1.1746632851140584,23.608857295155182
454925520,0,127.1447634349374,0.3481530721750351,0.22588640161910256,1.1918356804705763,22.01376481337861
454931454,4,225.13832169155984,0.3741633551760874,0.24792377817831476,0.9619704424143725,16.420750210180664
455272434,0,72.29884384101437,0.3557391317399435,0.21526926454562492,1.1660713702122554,16.485500949636528
455575558,1,223.23796792465086,0.3626556842719249,0.27982024609231576,0.9913052924950164,18.209058898163114
455581331,1,68.38885004075999,0.4006906992693028,0.3474651768253908,0.8855797694086459,16.735362207020028
455634892,4,74.83790670575986,0.3613539122994918,0.1982935714918379,1.016288863498868,15.656477893416431
455687362,4,43.12031221676446,0.34733525520031866,0.18857920761980712,1.0804701982030056,12.399342273030236
455760856,4,89.66834058587284,0.3542383132553943,0.2843743206854521,1.1065192843233285,19.73019230887188
455774790,2,207.87911045723033,0.3750920702856415,0.22442620820301262,1.1502954083029406,20.33096070487622
455931063,2,90.04329739828829,0.3957547054882233,0.18942248761212183,0.913873719862553,12.956280534343454
456072913,4,182.10904807099723,0.36284788631551257,0.240379807883077,1.1720768504483152,18.204022128245448
456108334,3,27.969923450814434,0.39792838098606714,0.3642805092042166,0.8405105380556308,13.207478130009534
456414718,2,203.75868561321306,0.404975139369514,0.24145142292384825,0.9579960337140085,17.4076402359965
457126750,2,70.47051641162099,0.35960304814525745,0.24332807808128742,1.139747008729546,21.705375247307934
457390290,0,24.097465177845052,0.3430307130847449,0.199360285650656,1.04743730593913,10.947966168480992
457518738,4,76.9931493175203,0.34831347357361875,0.2644864615623874,1.1395649288999916,19.49403223379088
457660714,0,174.46169440081877,0.35462460473153956,0.2369584850456903,1.1122405605305625,21.304780185942768
458141446,0,35.38205317633555,0.3485878334156553,0.2143114938456323,1.0756163710177895,12.167317437423332
458250694,0,96.71641163317533,0.33440296799499736,0.21029808685627577,1.216905843424235,17.029667054377526
458811601,1,30.42020527206266,0.36438153612510366,0.344593454776811,0.9415391878887183,21.350695187036308
459396662,2,184.57690011992997,0.3547782895656831,0.25734422345937097,1.135679643847607,22.8384619593218
459959706,0,177.03693097838243,0.3817621310795424,0.2067984254457598,1.106562285287192,18.392776848381814
459974276,0,1.546246742050542,0.39420107691109507,0.23020381760158795,0.8798390189673386,10.739545367184608
460632304,3,126.04302788702287,0.33189600858187046,0.262457685082549,1.2446837096109593,18.826396916475403
461284204,2,43.598737482874135,0.44181010531577836,0.1988902844951646,1.256305057631827,27.108483146082598
461293601,0,118.5068411561449,0.36280907255296235,0.1977762437232899,1.0748309754652503,14.791142160585283
461562711,2,44.4167037105443,0.3656440311317497,0.2024539340623774,1.0293627261154106,12.88928202938143
461922685,2,137.19674148374918,0.3731383279577105,0.18058589252833973,1.1523529901933038,19.55717599817005
462593659,4,-31.81592302957617,0.38921309352590944,0.2385336396683511,0.8855811826415472,15.970577618734053
462771322,0,160.02784595934565,0.346508931992929,0.21915309772884004,1.1024282854815757,15.951711916572187
462814038,4,-31.480012323795876,0.3119373311613115,0.22700226207619068,1.199254735242886,20.615288703500134
462826166,1,77.39712352700704,0.36907001268803263,0.28146569332181565,1.0545773506537002,22.665037217560084
462869039,1,23.39144017401928,0.3310618067555016,0.20322713479252677,0.9950816627894802,13.573125240713168
463127063,3,77.07051055387169,0.3385381076511507,0.2967943257982197,1.2198972507408095,23.802670403000107
463296831,3,6.646787824866848,0.34153206531574987,0.22291942237817447,1.2445437682748224,20.3284836552045
463338969,0,18.159864312372633,0.4061769935747776,0.32458142906909915,0.932766136555772,13.033218145625769
463490376,0,131.03154966120167,0.3430988592207181,0.21856019664325269,1.2022465687989148,17.127479062962006
463727468,4,-36.9758588213916,0.32201275151962944,0.12025564216540846,1.4992657187964837,14.457731455752397
463770035,1,128.6718549738576,0.4129467420994254,0.2167208605250558,0.8196528891185085,12.84280536969435
464374325,4,-41.65392917866305,0.35435477679568284,0.2817931050071859,0.9848713679589811,21.227879030560715
465735962,2,47.180707003341055,0.3908505831211503,0.24323784581132665,0.9108200873478294,19.65753196307801
466297996,2,286.942496578702,0.3937812777355339,0.15190093791839737,1.2380967659034456,19.833447470645254
466352320,2,44.77300746087589,0.3433436734210373,0.26100195455297914,1.105375204686041,17.745935565804604
466488035,4,205.24738917875771,0.38158766948118966,0.19970890210613543,1.1186022669314417,12.231673706727378
466577746,3,-4.444643551673579,0.375535565709661,0.20489349678581414,1.1254649397705718,16.88710276792044
467415058,2,168.92072892715473,0.3436686940272934,0.244321407651421,1.0839010816231098,16.670435391738305
467619338,4,25.205359289108827,0.39077072315860606,0.21065120297384005,0.8423957743775042,14.403259904805761
467841477,0,97.00774035054938,0.3679036882701677,0.21962633896742045,1.0796022431247259,24.396030819009766
467957331,3,158.2976246022626,0.3623914637964737,0.2881636255296056,1.315388221485748,28.47916156740716
468123146,0,96.74967191654099,0.35142359405749385,0.13453013491782667,1.169948983085738,13.053094925118518
468202587,0,71.04304087987843,0.34062330214250003,0.23569294694957854,1.2071905557663172,21.45991486635295
468435322,4,60.96498932726555,0.40323140084019043,0.2953117131274709,0.9908363346379659,17.33218891928093
468647784,2,62.015402271553576,0.35886318954916574,0.28210906407810465,0.9911114741087773,16.455801895106422
469117883,1,-1.0465650017271741,0.35813895457289596,0.2760305425765626,1.0382638851614332,23.211844902159854
469170848,2,77.35646541708846,0.32478813700599046,0.19639632218694153,1.1028700195471741,13.927503964014617
469302506,0,205.35106680455573,0.35579501192972823,0.22701701460952434,1.1704533175192968,20.416970326359184
469358545,2,180.63784691648866,0.3288296969645622,0.2742828531551341,1.0839130156804395,20.780846690145168
469373885,0,65.86327079547013,0.38045351835827124,0.22265509122320595,0.9617375915096813,14.03359730571459
469522235,0,204.08907963020272,0.3538773431181969,0.27607824421976235,1.0704863119445585,18.86073068298519
469762118,1,7.692297749030658,0.4060521902039144,0.3193063336672979,0.7958764523127443,12.127205761117299
470248513,4,53.638309126811805,0.38945229754435107,0.21597227400551333,1.0616986572804608,12.486974648355515
470644305,1,45.46143189436104,0.37839253941643186,0.236604787228339,0.8278707756958961,17.59799953028729
470882237,3,61.05608169870502,0.3388944987265056,0.17991440087963584,0.8992152238996368,13.3025242902319
471167389,1,255.4762280805574,0.3994678973029515,0.16341085605272127,1.0952276828115264,21.300717999661437
471229336,0,28.904226272063937,0.3607257131476028,0.26661402654475913,1.0089533367527088,21.899902235562642
471232533,2,116.65725263690221,0.38612643614604425,0.20135331094248102,1.0406011881575659,18.53645931306104
471408495,0,134.4085344680772,0.35902968991203926,0.1737065564416908,1.3418295668459053,18.35927505106606
471856670,1,62.47390631228554,0.38947854747471977,0.15080313516632998,1.376331463414384,19.714916296987205
471964961,3,271.36905342159577,0.3964958826611004,0.25293317618936223,1.2049532977139972,24.460581536789185
472043812,0,238.8024854278409,0.3639277133648099,0.21920142339942292,1.1743325323982172,25.559077675073347
472240930,3,218.36809272336836,0.36415494872888,0.22045626654719414,1.0482906944242143,13.999897503854658
472323951,4,96.68370386647237,0.3401559647760027,0.23791082421548435,1.0350806754385575,15.745312886311781
472677846,1,55.30946304218204,0.3610236099065448,0.1718094427553125,1.1281546704422176,17.63817995690077
472726378,1,86.89859231301375,0.4065036390657026,0.35319856104430997,0.8578525764769416,17.528764682244102
472812489,3,50.332139337684595,0.33782063442834215,0.1799437738631725,1.1492746714473796,13.107805967557592
473402909,1,238.12757227703983,0.38709168198054605,0.20755962688111457,1.0296593022011773,24.13605533305831
473547925,1,150.0182055938392,0.2979021102353472,0.26766466535172834,1.2163195768285704,21.545915537453542
473567594,3,102.12737890883203,0.3538895506809303,0.24171692531778838,1.2066544122774818,23.153380804374734
473657934,4,272.8060516044227,0.3697097353925034,0.24811846745367563,0.9856267934480397,21.141401625737792
474558626,1,141.78245415157585,0.33954399529047097,0.2575192358921731,1.0652198275186933,16.359770924874613
475124319,4,80.74094431361263,0.3597070787964904,0.16273262219628137,1.0572131036271493,13.511666487175248
475611696,1,205.82130815301585,0.3528635215053336,0.274385333322677,1.0580576709931275,17.574346734404767
475921569,3,134.14592632786287,0.3833072864158981,0.18629847097208097,0.9483681523396332,14.292293666253691
476061574,1,28.843708277107382,0.3742559493777347,0.21550080011463082,0.9365280779276938,10.33486328582711
476584063,2,274.149308913117,0.362808943402205,0.24608164663171786,1.1138677860669675,21.678959493023136
476711294,2,105.05869203904878,0.35927866396956365,0.18172906917979292,1.024144926612031,13.071215780421657
476733840,2,33.444292536641754,0.3337685307923312,0.22472864758216207,1.0957028168467768,16.957557927959193
477018729,3,-28.548606304835133,0.3461897156992495,0.20354690404711165,1.2563038688636934,18.591659687724125
477055088,1,31.59967939118303,0.43124429745339804,0.33715810141573044,0.9741689508854032,17.51873814350789
477209068,3,112.0286685972521,0.3933685771860961,0.2786037043603293,1.0486246579939205,19.01067090599358
477797468,1,35.48450582355457,0.42320778747887583,0.18605814612416743,1.1867323535786047,11.445598274645803
477893372,4,42.086088759666644,0.3921771707016975,0.17991893888089577,0.8383437643068423,11.81129430176881
478096853,0,17.336985865970732,0.32339549677860246,0.20112029579780816,1.3318207653669438,14.789992611464674
478367903,2,298.9399766160398,0.38577697302067193,0.23926386932098592,1.1808858619652656,15.667148776859953
478448217,4,86.21416899298889,0.35366313168911956,0.28390141316137796,1.1084764880964006,19.794509013666996
478818056,1,224.5766389967747,0.3848644860595494,0.23783176380505416,1.1174770810343553,22.568849399417246
478981386,3,164.11983482585924,0.36194292914592385,0.3105470081382068,1.2418790715732548,25.3227800866809
479722574,0,251.71421521268377,0.3837138666890425,0.2161149364517179,1.2360403780444709,21.572524797711935
479745021,3,235.79544323048563,0.3705463894975452,0.34045249044676196,1.2188781131276196,26.566897332927628
479794111,0,78.45329902521806,0.3628716688274937,0.2664732243795454,1.0795791131389971,20.627104257121673
479814581,4,125.66190601044426,0.381412732548774,0.21586137359285612,1.0962535165899707,18.789722068752567
479850250,1,158.86279733430615,0.3597872320251696,0.24246695411434432,0.9952381821505255,17.76814049536334
479918416,3,100.50838505955632,0.3633472775608536,0.31356528239414366,1.0763315766709318,11.03763275094138
480111697,0,60.874852958622576,0.3245411580080933,0.17842712100865,1.2872626852120868,12.418122576385176
480125029,0,24.288258511930565,0.34276693881153353,0.25910573683456134,1.0970289573706282,19.3059105094634
480361178,4,119.7126379734528,0.3244675680609429,0.24687387208643974,1.1437629464440668,18.93218331315163
480471385,0,252.20457301858715,0.39346093535078674,0.18641530984859808,1.3097372360150112,22.380004142635336
480495862,2,42.86026334656211,0.40897829836289074,0.1922794553042932,0.7970200053613874,11.586457674339306
481255154,3,184.7857710200717,0.3830645051782036,0.25082130031416405,1.1619639038640572,20.455573549819498
481310813,4,23.887612494738917,0.3644100790709446,0.25902029658328124,1.0007987400854794,13.784301473895397
481600989,2,142.60981312588683,0.36692807662708077,0.2560571272938751,1.049685736383726,20.69455632185995
482356088,1,139.6066239595751,0.36921074352411565,0.183443659489022,1.1812186529226776,19.07593747161792
482559838,4,15.802577251417802,0.34841004386141455,0.22108205767387612,1.0561584667827753,14.711627680900982
482933364,1,202.2249792065682,0.357373871932655,0.24628378955439456,1.0091104997261695,16.00001536255454
483443678,0,193.80243492946136,0.3708637503347937,0.2598118620876584,0.9516404898031591,17.613066757191227
483503968,3,275.4581859424263,0.3923354494069106,0.32857187668753907,1.0413293698142791,28.525073507075103
483514243,3,-38.95399448937937,0.4097201609602729,0.38583013577795033,0.8130309087804957,19.39836687330002
483787501,4,173.84007466843528,0.3757958143518141,0.1706494573513486,1.0881400562346468,14.933487636182761
484741548,1,207.7643116470744,0.3829318212010394,0.13424519215594638,1.1013686311828037,12.37832291473376
484824618,3,185.3202324680227,0.35818817930260893,0.3353157151115976,1.3442795740184748,27.663650063552495
484906065,2,66.1799204379806,0.3427814614188832,0.2567741187813587,1.0990602530384888,17.141742113173486
484910075,4,283.87773628062916,0.35744616782166727,0.2757544339290391,1.1928305643344943,20.26067313477549
484914577,4,301.4430863493717,0.41097482887437453,0.18774023120847566,1.0936877962715028,19.056940218702547
485094036,0,-20.335367048608035,0.3452522699517355,0.22038588254016617,1.2743712648762187,18.689273731784116
485407995,3,-24.40403122606004,0.32582729831631674,0.20655835557077667,1.198204795115537,16.573975755210302
485725497,2,264.1551163878983,0.3914329690757478,0.22224498117367683,1.0594966953702887,20.78719559715279
486162047,1,123.61510931960926,0.3680717064627256,0.21303504282987817,1.0767482591638913,19.21992921165539
487578819,3,71.26299447893248,0.34949855940507807,0.21340747120954678,1.1687945304344889,20.100393109265013
487601527,1,181.27994169433498,0.37198713375434994,0.27702623389887415,1.1749588349736821,24.052314572793478
488191156,3,36.45476619448617,0.34730604828355577,0.2855863384139036,1.149172642851693,22.070616015210707
488617798,3,333.42882564395086,0.38154540806266873,0.377301741792507,1.1793143502568317,27.06500198392318
489644096,3,-19.770000853866904,0.35377239732772603,0.25570615640353145,1.102216878644865,15.054500448145166
489823970,4,184.09834450451203,0.38607994027728204,0.22676350681979546,1.0889222604348416,15.669516935553712
489861944,1,362.4754430096819,0.4024977863654174,0.200868974936652,1.1387762984084193,24.056784525791528
490110901,1,43.92048347744408,0.34713632192861615,0.24053566977726798,1.1428710133154432,13.870922957236239
491061236,1,308.7110217222265,0.37456085048603155,0.2376984961089192,1.230982303210274,21.407528304763957
491271299,3,230.19664019054656,0.4119154749017445,0.24586826094553732,0.9787432589657229,16.291473275276818
491291994,3,6.24840718887728,0.3815490246045388,0.3983962099092486,0.9004377836353485,21.962585366338914
492004375,1,201.201074634529,0.36375837473077793,0.23584719050812172,1.1831559696239005,21.827840961498268
492439302,1,241.45697690987592,0.38969602535877645,0.2204719944135502,0.9426481509533738,15.730541092251901
492508713,3,209.93057459260586,0.3668551951070959,0.2088892956056339,1.1117895759218126,15.350223130786881
492534708,4,270.60804689720936,0.34610904369991624,0.2725299519173057,1.0651547845493703,18.768436316782296
492635161,3,30.22096613544751,0.35557913036311584,0.2296039115732295,1.0809350080811564,12.113532842070866
492640026,1,236.78725238404223,0.3471845341300881,0.2931378455318572,1.1634669924846928,23.299519330286003
493007317,0,205.98739965928388,0.37178330688603745,0.21912483162324786,1.1797602259147262,20.4755373526309
493762918,2,-12.46632040499857,0.38877462371573274,0.1821575209534469,0.9264694324862828,13.339598963671516
494086930,3,199.05224094360005,0.3860969129422812,0.19091615810146162,1.29796729115008,21.956291269507055
494165732,0,258.363852119241,0.4073098890480922,0.19313472014110267,1.0756268088264154,20.738671606301544
494602606,1,32.217974028276785,0.34541683530748235,0.31954698109870905,0.9843640447631812,20.611829705203384
494975376,3,208.9033772660415,0.3922880987892432,0.21277987593535472,1.2300976396306473,24.715420934651807
495203055,2,181.8706220157344,0.40195570482160137,0.21180767335341794,1.0977298249893672,20.741379058363627
495342241,0,77.27179703516127,0.36908320210934176,0.20956058095535776,0.9885199793204074,13.956287017849526
495385866,4,154.22719121996084,0.36155916101495245,0.257566620232949,1.1654545578739806,19.88213664521394
496258709,0,130.2770690732626,0.3524699346226675,0.16678463485897388,1.1355053707066596,13.926517040070177
496344217,4,117.7689604811414,0.3755542857031044,0.22529311717283207,1.1073839851148286,15.367211708174167
496407382,2,119.96458413676102,0.33120643703924224,0.17703353955382267,1.2695477608940002,19.641384606898075
496740168,1,364.9544517886665,0.39089152369122776,0.1925403638817346,1.1966746600682885,22.58958703230605
496873266,0,95.16841199491556,0.3543751046016361,0.20990264768292202,1.2014942208018509,17.626654875565418
497236966,0,92.51464807408213,0.38543086626904993,0.18418154831952332,0.9159529738770409,13.164948348676806
497317849,3,81.36425370784919,0.3591958052454441,0.1820602035651531,1.2215570771294026,16.89397382362855
497633362,1,170.43796834739283,0.3476010575761259,0.2219148432672414,1.1828377087595596,22.921602143459015
498302991,2,209.5517404389198,0.3669124695121122,0.24612731328160758,1.2128168513666786,23.413824309582928
498538377,2,279.7541219089683,0.3931480741451091,0.2148083501866806,1.1453315029595965,22.89510041638713
498645722,2,91.4129523718501,0.3737238118052986,0.21509766282879422,1.0116192717393284,12.192689568768866
499146119,1,16.187847301089178,0.36781065900844806,0.2275914513722747,1.0053939157426954,14.119370699703714
499802239,0,191.09311829691643,0.36143985473565965,0.21926776545885565,1.110995554572564,19.401961294918156
499947957,1,142.2961311042294,0.3724697098644075,0.23080335685720957,1.1217026018442402,18.721153315521846
500257329,1,264.70791019991566,0.37985940249055117,0.23506816651767942,1.1384618282529495,22.338567360254665
500559499,4,-0.5557150453981308,0.3185904142656566,0.228050323489526,1.1825552774262387,21.13849508484566
501088576,0,9.094636243135312,0.3733360427491173,0.2392482113816199,0.9322889742814564,10.962096860772892
501489325,2,75.0498994013132,0.3353154442953196,0.2608019788415722,1.1421690404366962,21.28686664076821
502239610,2,150.55633658059992,0.34427482332376974,0.24854774606262287,1.025572942214347,15.613613041318509
502600207,0,99.44711821318995,0.35152366891537684,0.22680241604542895,0.9308992428218935,14.78891216243547
503030513,4,16.386266751036473,0.3688155543660268,0.2739390076773695,1.0222439671940458,20.68307227312281
503126715,1,-46.36252706127868,0.3298276993508174,0.11509551081572852,1.4488114391017162,12.475976233044008
503535995,1,239.4816895031091,0.3891353900407136,0.193726185550654,1.0230472172030258,22.93778462937693
503739413,3,70.6356577264855,0.42292278173755415,0.19911093756233386,1.1542381781965765,18.56689840350004
503770614,0,124.9910462494868,0.3639039123773614,0.211968728218749,1.0283557943957826,13.985837257338206
503797851,4,129.87758310321664,0.3682176045073481,0.26137160998854325,1.1172369277277685,24.950057356808642
504470036,1,48.648516904657484,0.3721926748539948,0.22807549918027142,1.0489033206437273,15.824145102804998
504498894,4,23.394940871285797,0.35946170861993815,0.28967573122166546,1.0336615419299187,22.011786726603255
504683650,0,161.47916671729598,0.39286719512250085,0.20117981599142531,1.0094257962327107,18.095608864891787
504741555,1,108.27564068002306,0.33226964595140485,0.2763594275797758,1.221108511579536,22.26711583057201
505042674,0,124.03080330950503,0.3376985251626881,0.1604591072820749,1.102419119367988,11.36797587206448
505139445,4,25.90983221518178,0.36168389291183045,0.21596023335866174,0.9359307000002859,16.60442356954035
505192232,3,54.84684259929568,0.39342979932830174,0.2137050234833382,1.0823330556095174,16.90424173134318
505306090,1,205.18661764115342,0.36327947832854784,0.19866525584591294,1.1851758885161068,20.569766819459264
505372159,0,208.29938141456162,0.367062063057359,0.21540146975441404,1.0073830906597896,15.168785768927442
505451918,0,230.28619587216377,0.42296780019742847,0.1996456431785294,1.0966571269538505,21.680455823681722
505548035,3,140.02764142263976,0.3558993351551052,0.3026216625388599,1.2171260886611712,23.978555972052053
505708528,1,-112.08622867257233,0.3200498394905306,0.13670950536140325,1.5687933342208669,13.138696051902311
506323355,1,15.181987424692437,0.33821038528681124,0.2595935239674905,1.0814653203115392,18.07451317639308
506576027,4,2.6705729503988493,0.3783846935854942,0.34639025905512816,0.9045246302119745,18.74278140544004
506639284,3,293.7952006311572,0.3821277060781945,0.2394073797270466,1.2005261892554586,24.497276969008723
506748374,3,-1.2846783248499207,0.3440863036506075,0.2734948445705872,1.0719384400461378,19.58822343001662
506781855,0,279.78841277166725,0.45785637894076203,0.28807697699969764,1.1407057941527556,26.0617703368288
506857730,2,128.78850129551367,0.3821086993072668,0.17353189013960496,1.0545871423615647,12.39745247509766
506874673,1,229.6502718744121,0.37938328155412726,0.2858748811649125,1.0470963249872538,19.908639199497213
506900433,1,335.01632313279185,0.4339803749860871,0.1837801732332341,1.1366231228759887,19.179399817422393
507068449,3,150.52717772528428,0.3675795191121333,0.2912837789806211,0.9793822187009326,17.75908180388661
507545745,4,58.33311289996299,0.38649185429340227,0.27422645869623197,0.9451714236790678,14.292890739430423
507783555,4,73.81335058173408,0.3781787627458799,0.16178085916504223,0.9875764339734526,14.734250759793829
507898117,3,301.21220955303454,0.3896855031166495,0.24260317581778054,1.255353370883857,24.698878268029084
508336740,1,1.2697843004190617,0.38518396735748767,0.229397261714584,0.9283185353176238,11.309612310536844
508339615,2,114.04882895128534,0.3650219079318715,0.2578404276982469,0.9259024080894515,14.992766487227637
508597876,4,154.6253442797036,0.3715866713104289,0.2648070846437042,1.1155433831657895,20.48430210080858
509167762,2,167.32397621857456,0.34409742950929484,0.23176602348415803,1.0991629235332052,16.005754713105404
509179600,0,223.66205857098225,0.4351952090652311,0.19424568220176192,1.0379354111859638,19.269403549172456
509220897,1,198.7690506551631,0.37048020104434476,0.22723310066118346,1.1662491435904707,20.482914294724935
509241405,3,188.45190181235722,0.36088916404001165,0.25033032117809434,1.1261262291355545,15.605730879083291
509577164,4,56.39203989330186,0.35887414327283207,0.17944437020839088,1.0020769218115206,12.223208852852297
509659753,2,172.39244649103404,0.37082115823185136,0.23368960150898352,1.196953633238316,18.36543564795386
509959736,1,51.05693966203634,0.36789853232452885,0.21704818516543437,1.0823072014894155,13.65823456569554
509992676,4,209.26503962438358,0.3537496166579063,0.31011919023957996,1.001242237127965,22.464136128054797
510587206,1,-18.190509800841966,0.32735711885829577,0.246842031668682,1.1245058839480744,17.928811686160294
510665412,3,17.983300964237202,0.3532585319347594,0.23441506693904737,1.1178294286782335,11.716000229240127
510669742,2,175.7117719985344,0.36097908542055746,0.2370695570271834,1.1490975798960623,22.129889840205625
510815019,1,15.498831439078032,0.33709240344165664,0.253971168893978,1.0323413036601394,13.728807396004484
510908370,1,147.48502975150979,0.41408043081714746,0.18631058416555918,0.8450002485740933,12.029800652170229
511605655,0,198.48038290627142,0.3450079076535348,0.2969954903072746,1.0261656960648207,18.61657352561721
512074662,0,170.7278696418196,0.3646942763321354,0.1388215960563926,1.6416246695405032,24.674929843933846
512260776,4,119.94336304820727,0.35602593735817606,0.18239604877944102,1.1218969016175415,14.614125735221071
512380282,3,52.951576372448606,0.3779476617779697,0.17681887706503374,0.8837226409821035,10.88118047076086
512910152,0,91.23302495425372,0.3641229209629992,0.2282765194797832,1.0479701296446502,18.96277216996437
513101692,2,277.21042924169177,0.48763896454735256,0.2623046066109097,1.0604440249593992,23.515019051157115
513259550,1,242.75279182984895,0.3941345137729254,0.3013645137830044,1.0552497342514235,25.536689574110426
513674501,1,57.04890311116596,0.32779516335218783,0.23753839801440754,1.2038781000581418,22.472593862988305
513989706,0,209.49834945071933,0.3740170419189678,0.25532909361696343,1.0577409300940932,17.996444982119066
514517104,0,197.31605435467264,0.3579526540270225,0.24466187074823378,0.9624518980709165,17.932376206569703
514560887,2,129.36042590247433,0.36913478800237753,0.2552442248045684,1.1794635336172024,23.31681592992838
515010874,0,37.64450862225528,0.33491307156055505,0.23151266322356975,1.1314175813259408,17.32291340038006
515242470,1,12.374836910695223,0.3717264531959435,0.19916392833711494,0.9263105174881526,14.375972897965763
515253113,4,229.71243262906196,0.3863980247141626,0.22145417099800424,1.0249765582098052,16.668692199978892
515420444,1,4.847521142694191,0.35564980048419353,0.20782129729463333,1.0935512197742512,11.818233981271923
515584536,4,155.4828509588915,0.3628251250013608,0.2810948225093995,1.183503053855628,19.935449458540127
516007514,1,340.2060198093751,0.3738049603148977,0.19909672186022556,1.2315604832847482,25.75841726461553
516038607,1,11.020403111018211,0.3454255732425118,0.12438657638287343,1.381740223143794,16.789586805444664
516307046,0,-19.18607655721928,0.3231795287037239,0.24317874350282168,1.1066227155747903,14.639343079787391
516348325,4,179.4744733318533,0.37574505105609945,0.24103805134513795,1.1105653635532242,19.266348732507915
516368509,4,143.6059466750424,0.3639601737052204,0.19067372824202358,1.1738878625058793,18.155033408397035
516575920,4,102.31075092427693,0.4123209267477754,0.3118417690110547,0.9716604031542363,22.062832013883988
516647275,0,-32.46949695399523,0.35275903618479554,0.11576347096689238,1.4597514364799125,17.675323175543223
517724366,2,-5.232343412741841,0.3596435296109245,0.2893118807474057,0.9816926242767217,20.824028506347428
517814653,3,-81.25196246992633,0.3693523314733276,0.25605232064476,1.0798877708462011,16.689320973747307
518335451,0,-7.677936319542141,0.35757878540753435,0.15793182593165184,1.2467451105042522,15.433476847657433
518421541,0,18.34694251571102,0.3825637125439623,0.23837346130502268,0.9739930270411483,15.301811322291952
518799909,0,-14.84889483853054,0.36124838765092754,0.2376730370989824,0.9266583876020215,17.641291795126946
519498812,3,56.822132388025295,0.35109849666374177,0.1984243026980051,1.1088476847161215,12.683995235550778
519962205,1,-71.7339363289453,0.32019419179177816,0.2212541526510034,1.1537716286389599,19.245235371337742
520233682,0,-1.0242292077946757,0.4034822904183893,0.3469179355789092,0.8008483009964285,14.56832601364692
520243279,2,173.24814789456946,0.36979992718540844,0.24660072132017713,1.1108202145851114,20.54529307518316
520514597,1,302.7868874662017,0.3875429518366357,0.19147484970291073,1.1596261228380063,24.2132334268384
520557915,1,43.85141107340044,0.3411371231929756,0.2335406118666437,1.1162478334878567,18.72800583265456
520586980,3,181.61808873438736,0.34733095547696397,0.16500826304411204,1.0843430485230918,13.648740411056162
520661031,1,260.684154120721,0.37586055821435516,0.19552115988970817,1.2055947798718591,22.75400593873515
520740305,3,84.40346617263242,0.37266390888490386,0.24396775497108827,1.1319453998160223,20.34520009823807
521246166,2,142.67887446590046,0.31704968995376165,0.24234157676898416,1.2465001507253504,19.33744046870731
521384312,2,193.10056694828745,0.3552296873539885,0.18281426985527954,1.21883338891152,20.9210017860817
521718706,2,153.9196333340964,0.37210898219750316,0.2531148552094306,1.0603449803410658,24.43531834649768
522844869,2,36.49545007345772,0.3735721925322154,0.22174348951669554,0.9446224586963625,12.544863783123814
522894499,4,276.45578690693605,0.34745002825900895,0.2728981374291765,1.0623603232834902,18.29773212075877
523250559,3,-32.648188591949776,0.3657231680025139,0.22243028639415244,1.0241011393770385,14.864047991983142
523651487,4,147.24812088070522,0.346906619547336,0.291339934022156,1.1980486513965856,22.190331381405706
523668736,2,42.96149521258525,0.3527066973288564,0.2102738197496462,1.0492208990314267,12.866454266946842
523674609,0,195.0329322610747,0.35598084629921234,0.22513494485943925,1.2506106175015912,19.306552311112366
523947346,4,135.4949151060071,0.3503087547611557,0.22695086828715919,1.124054508149159,18.078005330977174
524444446,1,24.49212044122433,0.35367208498074015,0.24125922381543463,0.9881781439059031,14.544606448531995
525351897,3,214.98410562075276,0.4244581359042839,0.23315888341084898,1.1837447471540785,19.938294155344266
525571828,4,207.89040180433136,0.40027898955753743,0.23104943588609034,1.0857427858314255,16.406843108928655
525996171,0,61.854713761584904,0.347096262471622,0.26148243284993694,1.0874379407427825,20.469679323281973
526128388,1,201.66756563141723,0.3567348768700587,0.26787919090306894,1.18389360630782,22.86686610813973
526195593,1,239.30327389400105,0.35631015250608705,0.2711278352255936,1.1941582993635929,24.05012192022327
526647748,4,349.6534293024547,0.3734744437998281,0.3505518806333663,0.9944101542216837,22.531063585210397
527877967,2,137.86226139885656,0.3592126741876838,0.23907598520466802,0.9515003410815456,16.446352617016
527882654,0,-40.34012966308693,0.3248881909515331,0.10787192826256575,1.3712249793265219,14.198052759254171
527894949,0,218.1705429887224,0.3415986374435982,0.2509967305646908,1.124668877428496,17.939398434258617
528293396,2,42.16218633013531,0.38202498448603667,0.3438352599842868,0.9002148107555185,14.684566901559865
528559472,1,59.362884706537486,0.388907877307792,0.19621587020171588,0.9243467627964539,16.14597161553303
528637709,4,165.91102385017078,0.3350914964887376,0.2829533903933798,1.1456313016602795,20.7078509807015
528781081,4,173.51418071740434,0.30103224546277796,0.23406570633838178,1.1739184291467502,11.961632450574854
528835439,3,187.26555935592052,0.3678950697798675,0.18786200310718415,0.9431539499865907,13.511615193617878
528964340,3,126.24069149683613,0.37850220544272556,0.26947355526491834,1.1481179761811378,20.521452293132413
530057519,1,257.73556115688893,0.39368017976046676,0.246097771047804,1.2447586208082684,26.953056302146997
530220535,1,130.82006082093935,0.37181852310977476,0.2148769767887289,1.0525977455095588,18.63812796618279
530546443,4,150.94505722812755,0.3568443642232046,0.21203128509014477,1.177505710466859,20.617259882922376
530898286,2,210.8004600741935,0.36891393135878464,0.27071029902598587,1.0197116570863611,19.786894947813526
531021171,4,264.2069782491585,0.39803838442436906,0.2920694353933548,1.1388277324115268,24.980191511084897
531044594,0,122.51464530070173,0.3220147385457388,0.2760247051965551,0.9676685056943707,20.292973805538164
531093523,1,3.012944109294196,0.36209795165411085,0.2443506609063075,1.0629939144539466,15.980170286712918
531126908,4,58.505283960682064,0.35281205619883665,0.28721034045737226,1.0770519984853257,24.399423007205677
531544469,3,191.24738801068833,0.34664971374429426,0.2597593585322349,0.9936208641530235,16.8064375328563
531780740,4,64.15906582103267,0.355393677177935,0.10483765549517887,1.3115673124843568,15.034939195897547
531904856,4,339.6053042514165,0.37862677962209934,0.32795583581776405,0.9841185262459662,19.512878427989506
531967957,2,140.5429577123685,0.3680612843815772,0.25992635812180365,1.1221809447600135,22.49297010121708
532718186,3,160.8263878657727,0.31104140071508296,0.2368347585487511,1.1714075342714956,15.340603705776138
532722806,0,-8.805383157228391,0.30086308798796135,0.23306184622347764,1.2991734139716793,21.817173947730716
533889632,4,191.9048130217613,0.2967289806278417,0.2685887473205683,1.4332449680451669,18.07988372767604
533973730,4,59.44834394924881,0.3225236014510453,0.15913607508730984,1.090397767637773,11.369523526010507
534049242,3,48.25547545755788,0.33658199665738875,0.11304754058534638,1.2656475237747444,13.761445804321546
534118680,2,55.71418741895178,0.3925327748702493,0.1471715987838285,1.097714990230931,15.487093150125173
534605075,3,-1.2920212232809973,0.3708427527154045,0.2846248082990712,1.0196588501630879,19.146703133384378
535310373,0,112.20089000868543,0.33700741872419515,0.23075398116840698,1.2597184313036898,22.776173761883463
535364463,1,183.25555886527658,0.3380265850434886,0.25705541465925663,1.2393978532162875,21.11025267438214
535689766,1,270.14890036822726,0.3823992406388273,0.18243859111622707,1.1803376569186121,22.371150778174705
535937381,0,-7.696498822372419,0.4161883094482163,0.21691750384816888,0.9463215096969032,13.849653415195952
536002998,0,5.801090642658949,0.37959233679209636,0.17381693480319665,1.0497566836315972,13.42726915607143
536465827,1,94.38112651828862,0.4118021024448518,0.1865138640169906,0.8409682919378921,10.954103869142827
536792438,0,279.7093495290065,0.37882745105452387,0.2223802306754295,1.0262246523422611,15.843777366497738
537109947,0,26.785792965531954,0.35248547351813103,0.22212276445395812,0.9885686835888216,13.38690917468376
537336269,2,44.26775353082814,0.345805693398302,0.21744273593826163,1.0595321215254678,13.090826885876865
537664135,1,-4.236400245241057,0.34988967702112944,0.26555992924305677,1.0828029733161508,23.18571110487597
538207206,3,173.30572726732896,0.33226393607804655,0.15324902238207316,1.0818267752416306,11.644960114602636
538524881,4,193.38712448459717,0.4558396068745622,0.2176732899986477,0.9354586147260904,14.320326800015618
538540896,0,169.57916436571668,0.3551891974386543,0.15224810032356917,0.9829535833060257,11.158637974354974
538764320,3,162.43161628602874,0.35787814429590714,0.35594730515408185,1.2405816346101324,27.671702057125774
538774618,3,100.61762487177049,0.35348808062827014,0.10354213988033184,1.363168087571907,17.335633856627744
539017358,1,258.81826927657,0.42001258489885557,0.2620044559299341,1.0437862691853559,24.906415825196717
539302432,4,186.70725616268965,0.39018511870037154,0.20736388668307607,1.1253181457165022,16.80449453993992
539590566,3,-4.311863369216212,0.3529886544525921,0.206596302347763,1.026970467441817,12.043292999593689
540095012,0,39.06423761794981,0.34590324827651137,0.22271508512135513,1.126174861633182,16.276754617809534
540297296,4,26.901439169192287,0.3806211283406845,0.2516169599179761,0.9224636118151287,11.551542858922488
540769722,3,234.4841980049221,0.34795868629973276,0.22224293352533453,1.0618497536774982,18.409350086886782
541086746,4,200.5272458632303,0.2921487280278632,0.2895358035798159,1.2324618987226583,15.806738955824486
541170005,1,144.87623568626788,0.37909189362111195,0.2461103810510929,0.9374389808616322,15.397458052804778
541335135,0,154.92262506935404,0.35569790458168327,0.1774643659999825,1.3141468137869752,19.246565139762097
541484216,3,25.932793628937617,0.2606261289444108,0.24150821270576248,1.176505414629916,19.001085918381328
541941802,0,30.745602881198167,0.33376204319585456,0.24759494965449036,1.1298010091994843,20.323843303971945
541986160,3,-5.371238492726931,0.3822513431259341,0.2318043655187368,0.9029178840910197,11.150796161606692
542632051,1,109.44357305302711,0.3617939034553188,0.2803044480436081,0.946675704196363,17.534358199023377
543084242,2,78.61841847470342,0.41501237719825845,0.33072880437258356,0.98023260360074,20.454655888199902
543416509,2,92.95517168139438,0.3441023560196756,0.1776769797744453,1.0357011967191554,13.497950303991267
543539170,4,161.474222690305,0.3991960380859168,0.1478272230634486,0.9919885934722852,8.565491777115897
543597205,0,179.1330340477158,0.322825466174649,0.2491354771356002,1.105719085414731,17.570568404374946
543958331,4,104.263233923741,0.3496631268665215,0.2479156398906397,1.1502758167609555,18.150894601320218
544070601,1,-36.25571677496251,0.3585248496174272,0.22137728880578691,1.0748491669130527,18.230731480292317
544223047,0,13.998668008402134,0.3826468386481008,0.22490694982706733,0.8987461844240414,12.22057674747407
544292910,2,244.9967695660369,0.375735761534628,0.2526435234749662,0.9932343360425293,18.103721449556026
544581036,1,59.734446490439744,0.38700455183426336,0.29990009027646336,0.9338113650357545,19.03627885808808
544904323,1,-25.440335611072356,0.3712243860855002,0.22633423972333752,1.0525493390388343,16.50906880562793
545195322,0,25.379665293643455,0.32532152800240305,0.214960385765796,1.0829661985536223,18.45858777543567
545255610,0,203.89943042487823,0.35113195582532014,0.22463969457952482,1.010202145409182,16.493494379110132
545546596,3,-4.992728448124083,0.3926350990267902,0.3456898450276244,0.917850231887047,18.35860962659583
545845623,2,114.56873544198315,0.3506112801794732,0.24074655915272358,1.1675779645504483,19.780816254477852
546152235,0,256.61985796384977,0.40444724615293043,0.21083648589295884,1.293733267753107,24.797928559434983
546427927,4,161.38737199117986,0.36899003291450033,0.27146622480255933,1.1129988770085228,19.409192548677627
546647857,1,47.32157884187133,0.369268821221022,0.27007544215677565,1.029386115509995,20.302064966072344
547172331,2,202.27397870629898,0.36263778929638374,0.25287737792740567,1.0470707543363136,19.07065210326354
547602790,4,214.8379530141399,0.383611034644753,0.22990784109901458,1.1112574909159274,15.228169332727719
547840653,2,37.67625453060149,0.36242465497574033,0.2374776738637252,0.9917094228107198,12.527272037367531
548011241,4,51.41488722796064,0.3763536497276534,0.27082448565393985,1.0182279918064254,17.65397405383587
548292823,1,105.7650165851945,0.3307811960185128,0.24391465577757918,1.1663382869581573,17.37855651276536
549125416,0,124.59234039034212,0.35584431934945815,0.2306432592409768,1.1046723565318246,19.626371580965227
549389508,4,82.61881567439164,0.3660831319391743,0.1938280401289141,1.0975776469784404,11.9745464104392
549579953,0,214.05903080497353,0.34501340914626805,0.20874968208524192,1.1996245978782962,16.40197579955052
549581828,4,189.84510164949825,0.3816921688080611,0.22887312245855884,1.0355029188393927,16.954840048578532
549614488,1,211.76421918115105,0.3640454792504727,0.2794450045211468,1.1699786192899575,26.355323374166908
550069426,2,212.74277041769213,0.36376727157909045,0.24560550006576223,1.193137563971671,22.63271959807489
550478997,3,217.21940684159728,0.37056975031502754,0.21245554523818636,1.011443390716141,16.46719584616139
550776469,4,377.04006504594804,0.42186538585180317,0.28824371946199673,1.0290502869140707,23.673986006771408
550796562,0,178.6025857070068,0.3936868243852084,0.22368960986570288,1.0482088697436878,20.048030289129997
551339545,2,40.92901787355667,0.3726298477262541,0.27981660494276533,0.9693453669984526,19.87184483342924
551390778,0,103.84858813243542,0.35582777993830217,0.21331551184764716,0.98111421371841,19.238827587926963
551461476,4,145.73344908808807,0.3620207462303161,0.1697897862456954,1.222580486319355,14.940544285505986
551862261,0,56.24368275196295,0.35011789689448497,0.2411117467911965,1.0769454409724744,18.704354135732284
552032340,1,34.11079401022154,0.3431565233322568,0.21759899595031199,1.1033492324899743,16.610448541077112
552315395,2,39.04214717691469,0.3255955612218895,0.15672836636803622,1.2462502965078284,15.668363624100541
552340314,1,82.4565699498466,0.3287141610588853,0.2780792651750213,1.088705653595871,18.66460035489719
552823663,0,-22.82759511192107,0.39298719430541784,0.28000848222771074,0.8678058689159114,10.401629888994314
553001434,4,97.21954039092303,0.34547745953785824,0.2818927846301203,1.1343619672365401,22.253655241299306
553487456,0,176.92225508417056,0.384639582860956,0.24408182345292884,0.9406163760891689,16.053361329632736
553498968,2,139.6167910900624,0.36472026763315935,0.23840508612981992,1.0952870317826315,20.556856827488605
553763789,4,51.79062553418162,0.3675577271307326,0.32611876640960424,0.8986442279128055,18.812598381694915
553989373,4,39.25524257022743,0.3420033105057759,0.2617660573863416,1.1224015670355012,16.715117709892372
554199455,4,191.4837081344372,0.3826642131727168,0.1474101033339326,1.2266016665461534,15.573109267918012
554208834,0,183.04650674855912,0.3274497977536033,0.23806055083112726,1.1820731253944823,18.836709556410348
554219011,4,104.87019717183816,0.35774650830773636,0.25736820610015926,1.0403811713576232,17.141399526166992
554452518,1,237.01071377942145,0.3721529312015256,0.24964006240488304,0.9882944756921878,16.504228074534147
554573258,3,145.52957365920952,0.35487867140495616,0.3355001477655855,1.2658835779967226,26.421470848131605
555027003,4,-5.836498971385851,0.3696733767358466,0.24874305122583967,0.9104346209142251,14.973595863459968
555056741,4,81.50630720234147,0.3383241194889548,0.2505194404893855,1.1867222721109225,19.605511582820153
555131075,2,121.7019892199403,0.3691598756917715,0.23753735155285016,1.120704353605142,19.201129928323944
555208717,1,224.68548755557697,0.41148720334180455,0.17605840540328552,0.9871258472555827,15.604417081407584
555363148,4,195.9549079172019,0.3698710900292704,0.27231857211912286,1.1905494717321947,19.33415657911385
555506282,1,194.74337534847132,0.40535683028325264,0.21472680606330868,0.982767654941058,19.057330234165327
555542733,4,134.99834484254333,0.3593054786371392,0.16779535785424937,1.006895846181867,12.024983098863771
555601753,3,48.71761703961452,0.39582178185990213,0.20140020981520204,0.9562904318165139,15.618887157370574
555803922,4,42.946947298647935,0.36905730806337034,0.21428795523338015,0.9690478327030901,12.785213201993557
556338128,1,95.87123684120489,0.34550812470381925,0.2441523406830193,1.134289729991342,15.189283576536573
556552879,1,-26.68764881622279,0.3465842332551794,0.2258066937590248,1.0473648394093622,15.809145775490657
556865522,3,240.5372050806611,0.3767358490108489,0.3720686954627739,0.9933769471479504,27.862568954133483
557037726,3,82.4009954660867,0.360263325381517,0.2370522905298796,1.0198075476197532,14.931757215477374
558140001,1,9.003268630475304,0.35944025668040697,0.28278945971897124,1.0518300432149297,21.850303226221875
558319108,4,309.8335937879169,0.3888966088533484,0.2589466253201934,1.2271431277424747,25.011238145076707
558482820,0,97.03580438245858,0.33932238094159695,0.2243962937387735,1.0938814295732795,15.743260987635951
558675719,2,354.7322615396241,0.37084198990390765,0.23500545923561364,1.2382132415867608,25.534119122103128
558794697,1,278.4065910210369,0.41993667946284563,0.2838837202702937,1.0378322424316355,26.33694550510273
559219019,0,22.515306063069758,0.3536859418686514,0.20445394719479915,1.0007385418890842,13.840294775216464
559323860,1,102.88773800958923,0.36585753408377625,0.21628840474852917,1.0508516436240796,17.205163295081903
559874694,2,128.25563435889953,0.36747261535589154,0.2245480305302122,1.1622581503435747,21.692076277515298
559980070,0,165.1909045308446,0.3834580553383969,0.23204856099621285,1.0419380713189574,19.519057204211133
560279885,2,208.87582368258285,0.3921715655672879,0.2373940678400484,1.074447177456069,21.791235223713606
560554259,4,166.84021373938015,0.35687567215175275,0.11657948853679859,1.0706678695255374,7.102097549985048
561158280,4,124.03506015325523,0.32679130860183636,0.2636129955567616,1.132021583773447,18.24154346157675
561427423,0,68.2570741957952,0.3809345532257383,0.1893928395483933,0.9803960987814899,11.595900035959666
562022603,0,331.8358295810303,0.4044604490189168,0.25560730132972986,0.9952997014288102,28.12846009461971
562176358,4,-61.18148903015762,0.4551407558503087,0.16780173452080627,1.1713633948697806,24.03757373460749
563610141,3,49.82980891662625,0.33429984745914976,0.20226211629394245,1.1409381139400683,12.37256830448806
563697228,2,54.061405027515626,0.36505342043261085,0.194386914673605,1.1222235689512714,12.932397545734284
563771441,0,242.07166897624995,0.36721480908754,0.16775355323210198,1.0575926537557334,15.648955670490077
563896548,1,188.393139611682,0.3681535300552735,0.17958987698271953,1.1046355698751928,13.446363162509769
564164424,1,148.0201479708057,0.3472346451959307,0.2703018096991954,1.2121487568292566,25.904742281889924
564537590,4,60.53224352146982,0.3410354949619606,0.17167113865589423,1.0813129917320905,11.760907562539675
564783421,0,190.95043097441658,0.38141284899115746,0.18208255312703717,1.0705526630460689,15.041522748585539
564916558,4,28.306217844297763,0.3622147102396688,0.25422009203844215,1.002775912192255,11.66163535040242
565093443,3,183.21073601019782,0.37701596234974183,0.2122323490012359,1.110862314502266,22.271894662297512
565283885,2,201.23221928430786,0.378904747404487,0.2530509165482858,0.9659531514900028,16.362902095182122
565371765,4,221.9789803008253,0.38818143569717156,0.14777070114845497,1.0775247461537192,15.540050713819415
565873116,0,64.9628513236959,0.3916891985156621,0.17837742367714196,0.8637649175498493,12.786663215086044
566342268,1,163.61026706197947,0.36798742351615027,0.26877086524779026,1.0560060996818472,23.773490537029254
566400652,0,63.939608971876766,0.38547965954732283,0.1459859866874297,1.0548557017850302,14.304098734730438
566589613,0,190.15201978732443,0.38218046756076013,0.21579227339056153,1.0942295354456093,18.87344952220951
567353481,0,243.89022876468948,0.3708189765857687,0.19922950155546296,1.2119130696108187,22.203210176774526
567577514,4,-16.244424817696967,0.3421014404329411,0.12969823143707448,1.375424534636723,15.341280541505183
567731832,1,192.5292727263488,0.3243593806232529,0.2321328130349613,1.2997104468313818,27.864071497329043
567984921,2,171.41527227388923,0.35342864892023984,0.2495790645060615,1.159965898152592,21.176572105577637
567993142,2,124.54770402111566,0.3281188452600137,0.22427568418233912,1.3027659811752805,16.839585424494125
568593240,0,218.03410234623982,0.36079729346187933,0.20975934425366838,1.171615465113567,23.409894569761285
569949305,2,74.40178215717458,0.35956849982591693,0.2211803589194178,1.083469978350344,20.67223416541978
570358353,3,348.5163104530205,0.40862064877310666,0.3583960787935595,1.1719156589489221,24.9323680682458
571029938,2,74.80003441514826,0.3740034360884609,0.2993880695166985,0.93625182314806,15.798127715960694
571882834,3,-7.3070977854684145,0.4424558460884605,0.25685082322692215,0.9816066386972562,22.82624830037569
571931187,1,95.2977818877731,0.36880842657138657,0.20970205102556466,0.9945432339174665,17.466449796562127
572496153,1,165.63326474954948,0.37566626771061107,0.22233419686364048,1.148723003883514,21.749087325335843
572616024,0,-8.916126930755695,0.33715769134433116,0.21466520537581346,1.1127668936367316,14.278311409819292
573332233,3,216.50450652646754,0.3853818565431262,0.2211414573199114,0.9700866283886521,16.49390175067506
573587884,3,62.927465131701446,0.3295887174627462,0.2975279536991864,1.0641898866983126,15.985045644532029
573601315,0,114.80800766842145,0.3509858751599207,0.2223343047607726,1.0901885840795473,18.822637184595596
573843297,2,155.29472918559458,0.35666757671613236,0.2303324532281447,1.0055530171623293,15.856197748345766
574000870,1,43.438473778492,0.38327965033278577,0.20785953564901993,0.8698321862260266,10.256659041566461
574282474,0,219.71758918634794,0.34445166213150336,0.19317944617779662,1.3573859975474538,21.02739942822703
574709027,4,73.44383392260063,0.33861503933453796,0.2655012738842082,1.1186321229242326,20.86744591531925
574749285,3,224.21957431914564,0.36908335682258625,0.21933043564331692,1.2880566328494938,24.14762452562121
574869526,4,120.85299826503129,0.36908621067560926,0.1690827264539424,0.9927024871741346,11.051238323208601
575252558,1,108.69281709339795,0.3398891182772454,0.21379269769186482,1.2445375960342737,22.180662516056564
575704525,2,45.14068466374631,0.37764362259730433,0.214910372706692,1.0049043926413184,12.279841556525568
575774487,2,199.21710392411018,0.35833743963994447,0.2596643247309347,1.139834960851982,24.07039004682673
575975970,2,37.86690397861519,0.3593677346677088,0.21836519290126005,1.023781114680904,12.205294340138309
576074717,2,94.32601880743329,0.3475629032794546,0.18913058494117602,0.9118512149689022,14.631658228879822
576198194,3,39.59515481311781,0.388495839929761,0.20309867509441454,0.7648802146827631,11.356725976714282
576207142,1,175.4775167999278,0.3554070933263905,0.30263313474008563,1.1503301939200692,24.34729706540636
576510280,4,205.41697516614192,0.36241674459770434,0.25980562258902345,1.1560071847522966,19.829488797992394
576593207,4,70.14840573010034,0.3329162391984065,0.2626548143302548,1.0984096755051291,19.455822773554814
576673479,1,-34.11657614504469,0.3276550896381268,0.21080994920214674,1.0972041584169485,15.987306305904287
577459185,0,169.75912135383538,0.34045660386724474,0.2627910012766843,1.0107309599722278,20.579603748688605
578229955,1,74.69502763498156,0.34382384955656187,0.2711107036856332,1.1399875004175708,20.37418166408141
578399710,4,205.0737266051383,0.37290122137786175,0.20189996760344103,1.2918732713931427,21.69688132634412
578503320,0,182.3408160192813,0.3674828119279131,0.21395070798073662,1.1439834642475286,20.232634776522467
578621214,3,178.30513866190745,0.36239257570922656,0.3247841605248093,1.279505091486742,26.048455543801794
579082920,0,118.65379265968812,0.34435002335204556,0.227918885571966,1.1383793354310978,19.597740649092593
579371916,2,154.11382978012907,0.3553028759722708,0.24272769173870054,0.9660558286993051,17.134265481941668
579657278,3,218.52568107859602,0.33849803358527486,0.2613606886308173,1.2378535180191927,18.5255160413459
579662449,3,239.15366671494817,0.36025221320887674,0.3264786378689615,1.1829165825740156,23.239727547932194
579955066,0,184.06639890725322,0.3849976904472083,0.23268424384769512,1.0669347319509555,23.91760721495711
580099798,4,102.95914975960757,0.4127491437056254,0.19557868159178265,1.278363798752748,13.572068737704345
580261809,1,35.65057506195988,0.38738629903596633,0.20667197783982358,1.0084515158435257,16.166839360370737
580635980,0,64.04574006537027,0.34453798594470364,0.2705125048761916,1.1019412840862335,22.506581137269773
580687337,3,52.86903390910244,0.34057498402299335,0.2725283362101809,1.1846950363441557,16.61822930235073
581074933,1,186.93608320082203,0.3551520804042921,0.23673603483602085,1.025411731366725,17.07357922436288
581609876,0,268.1428916017786,0.40293404723046383,0.2637389770943685,1.1895935004473648,27.581506889516973
581660606,1,26.000066059532074,0.3410606333560087,0.21943873404326725,1.0644263351803374,13.0023802342062
582946121,0,42.93948721254007,0.3535793085721827,0.19559762973061356,1.0483459815905425,11.422845214244948
583194891,1,14.614377541258136,0.3676078333769886,0.20693434595457513,1.0264255255997092,14.575548926773246
583338677,4,72.33623838404105,0.3130782021262899,0.20717535705326745,1.0281369549829762,13.742420608271676
584085881,0,132.3826605207696,0.35342179856010847,0.2081235592158812,1.1951549861912132,18.650314547449405
584252027,4,-13.92084831289597,0.36690810342346075,0.31353454356455496,0.9557817943171681,21.604850352316586
584265872,2,49.4732749236839,0.3454919743646224,0.1820035373178147,1.1801204528899882,19.498328474693835
584442637,3,90.55631478533029,0.2666217920190769,0.17946668443264926,1.1993475884636422,14.333377350201692
584754403,0,-34.428679372802605,0.35717541993731367,0.12347830626414116,1.3051449635610537,13.976604103124707
584859367,3,144.68115820363565,0.38551378381761414,0.28169961522351483,1.0857169895338328,21.63553180345333
585087137,3,-0.5818914536287423,0.3399135011277331,0.23796618697593588,1.1553870264477,17.31750846041554
585151885,3,87.78987028480893,0.3394782033681722,0.28377376053507336,1.3299794242143081,20.874935764650495
585470216,2,37.6781602790591,0.3274352793953471,0.24014090445603486,1.2595210040695717,22.425086298265924
586106490,1,-7.73970931327456,0.3978810784738413,0.329294235101369,0.9141641121409355,19.788002349494924
586189423,0,-10.659647653556164,0.41054776921804914,0.21856918141272821,1.0027563461867588,14.604128567606082
587160342,4,137.32906507941362,0.39629772919266176,0.2354064902375757,1.082236746501691,15.131290217238979
587553432,3,214.8802092871739,0.37516892312908207,0.24855247356905658,1.223511627662323,28.5528872693208
588836303,0,251.85278630182484,0.37470062120112985,0.22907307967810278,1.202695130321509,20.57247400125747
589424672,1,204.97362955596435,0.3513618304156235,0.2604502233336496,1.066276549325743,16.965063196664723
589547196,0,225.7113904456179,0.3633646444959421,0.20105187412342443,0.9473817400173912,14.573237095343236
589661282,3,223.5263485831882,0.3365053955186249,0.31717670726964187,1.086334659238279,20.71110010623355
589948553,0,194.39597473834485,0.37051728124509464,0.16386859304854418,0.879378244217721,15.393722044870286
590016095,0,180.05666815507,0.3778129827811001,0.22572811403055845,1.040557708288102,21.868749150353736
590232504,3,6.480506921087027,0.36090279692494814,0.24270505234355852,1.0441549085768418,10.7248209066532
590474607,3,159.6234687660171,0.3468324812516099,0.2641271263892751,1.1119709620251605,17.332827208650745
590866562,2,72.8050430126404,0.36133627983269,0.25744894269974317,1.1223960174226026,21.177795031371303
590983717,4,108.80193720236636,0.34486686421389023,0.2253558603566262,1.0502803104824763,14.272910921731961
591078724,4,206.6709201505451,0.38648556339903334,0.24347721203985448,1.0920631494795465,18.241355663763734
591131573,1,136.35881617413975,0.32138603981194563,0.3331982250537494,1.097949914270334,18.454588200945608
591186983,4,16.84959989513979,0.3650514153404686,0.15417211345845427,1.30183876837914,18.255371156862687
591253647,2,50.938422476321335,0.37018302499371203,0.26559833530662996,0.9653064540551435,14.640091681152594
592007373,1,214.94372621071167,0.4055523080159679,0.21379459608824242,1.0330257866716435,20.04069204186006
592083344,4,-64.73644046731675,0.3593245083309207,0.23870267223827116,1.1157048494283002,17.950615349403005
592184260,1,42.763261844835995,0.3764243428042417,0.3217933573183091,1.0467252939291856,25.841340490410225
592652494,0,45.006582672509026,0.3561517329463369,0.22325067056133974,1.1203779801830915,18.369726439891025
592669794,3,287.7524829672324,0.37873974878023564,0.2741016700169986,1.200499185779929,25.40764443268486
592686193,3,254.31683883377863,0.3785558337163651,0.20937213470959753,1.2532738422808791,24.717800293984457
593164560,1,19.878290943011166,0.3642348497299438,0.21068026330943362,1.0968579873565936,17.702600389776876
593363809,4,35.10464364715972,0.3365213508343104,0.20945466704205157,1.3477095753623738,20.024449995347176
593654363,3,64.33381392074801,0.3361786896448796,0.3222678055333522,1.094787129860267,19.41680333193667
594032602,2,20.028874608635917,0.39399642353530656,0.21000731434489364,1.0485469157576879,15.211803500419848
594346248,4,197.0656676631726,0.3815600608985953,0.2607136418216457,1.0996073456291002,21.138730041396272
594528040,1,176.05507896615615,0.3420937770298049,0.24493227736402776,1.2037644493168231,23.45686112970207
594735990,0,19.52019395655553,0.3606750236368134,0.23136077585175227,1.0178483315643747,11.637864245069387
594803927,0,2.52088663560896,0.3058820186565794,0.19882151702032705,1.236407501538055,16.28540802225615
595568506,2,49.54719219215181,0.365029572662337,0.2882826198785249,1.1360915344519333,20.33691961276969
595580163,2,122.49794608753197,0.29399494443023,0.18105374591829812,1.0363920201743175,15.785119991935094
595611477,3,45.28420067167311,0.368276954486978,0.2701684235868733,1.0751518971320257,19.597612654263607
595928255,0,77.94215292576243,0.3048312998275698,0.33239381626667897,1.0438310513166407,18.632199543887108
595965977,4,98.88132962911202,0.38596262190109754,0.26326195738353125,0.9333487137368768,15.75861248745041
596712589,2,287.76042211423425,0.3754361811196231,0.20197949857435377,1.2136304443103343,22.161449125664518
597209826,0,93.478150794715,0.34538317896556936,0.23806664652351187,1.0785033169409302,19.501920381542764
597331938,2,259.23752578069303,0.38253722593247813,0.23725946661026362,1.0900829233198908,21.660087993030835
597719463,3,49.93715955274271,0.36322407388958566,0.22744583544366445,1.1949307976990398,18.83130159672969
598302444,4,-42.528751643192834,0.3933125026789828,0.1824784524586951,1.1807746214471513,19.230398426943765
598348393,4,243.91646263604542,0.33653695071712986,0.26334974706864506,1.1502070330455632,19.08883403569633
598697113,0,70.25905294817355,0.3755207637095776,0.2829660616789458,0.9417732098148864,15.103961452978663
598835608,1,111.77137836260425,0.3637199995066757,0.15844426171425535,1.331528987110136,12.27979417374106
599456393,2,48.63966596000849,0.36996021625623604,0.35106382710553097,0.9270969418728511,19.760266922582307
599659861,2,24.75180759224581,0.37145318352935486,0.24026858511807747,1.0718822593610855,18.679679941320217
599773122,2,172.21532717886706,0.4029986191021206,0.1508586011498235,0.9505207009051112,16.655151779132172
599869327,4,172.4155213147032,0.36656435580986024,0.1483507205950554,1.0322045378973652,11.204906604407762
600169729,4,64.72817667178165,0.35414857380423226,0.2898566142101491,1.072290708990278,21.141858144641358
600653180,1,207.35049058417763,0.364765672263151,0.22591896686786977,1.1774570179070003,21.935310973775092
601022774,2,52.33369484618743,0.3480945522725216,0.19129230648478185,1.155776551626904,19.644891534646703
601302526,3,41.73342487612321,0.312821959898049,0.36593732271724355,0.9587301053550503,18.4252932778727
601597696,3,113.33552077848586,0.3457437074118425,0.2450119746791594,1.2631430732134008,21.367156918565428
601947802,0,11.325417733641132,0.340636899123889,0.23217533161674445,1.0462161731652593,13.429406283698395
602240929,4,64.19270412824486,0.37263935199623627,0.3087556820977799,1.022753326398706,18.871372539593914
602268285,3,63.000192565206625,0.3339761600068884,0.2729081723435235,1.1609323258610456,21.9353040592545
602457926,2,239.0260121741868,0.36765115250442587,0.2400387106944478,1.1517373969585027,22.592880631422517
602531963,0,-22.31261881129697,0.34279588300498565,0.2631293662115526,1.0391388847400982,20.468336017505067
603228174,2,217.14112934548618,0.36655336446372117,0.2533379950229667,1.1590298669733468,23.697007123502527
603751130,1,115.15913476616277,0.3554665609498972,0.20892921980963053,1.2052759371777846,21.592113061456455
603788368,4,165.49013896908792,0.35590996578466844,0.27029092611760425,1.1814602301490718,19.57406786667689
604020908,2,199.90003329220932,0.36158850264281195,0.2502527415741276,1.1526420038757623,22.30047879558592
604200639,2,62.62556392408007,0.3775540606823308,0.17551459466973368,1.1991558383560639,13.660810591212224
604209273,4,313.85438902863854,0.36835801282974945,0.25457610628896776,0.9896380256983981,21.02713237695434
604265550,1,-1.0832677543771183,0.34011680650594983,0.231018532785087,1.072692800132689,19.311151750304248
604677160,0,242.01280552412925,0.39438009845841554,0.24469244160856832,1.1029762621766754,22.249600108538537
604776418,0,12.989737129275213,0.3465851109173802,0.19908896747578111,1.3895750762943773,20.805816165119513
605651145,2,294.52601903538994,0.37373657716816844,0.25331872633222813,1.1503955541133608,22.571947707541124
605771725,3,169.99778159059508,0.372481922933151,0.32048247053619916,1.1329955949059003,20.556038037339796
605793172,0,238.96538569178614,0.3626685623504916,0.20999605076443964,1.2469327102956789,24.567703086095655
605814238,2,62.57279300326635,0.3409076915211999,0.26025274255831504,1.1004702355012876,18.223356602815972
606001217,2,41.02248093225528,0.37963560812736147,0.3816378117524052,0.9081152462355873,21.48202275463222
606308469,3,55.81856730145245,0.3536436693018154,0.22226227794660772,1.0773795707687643,12.351612882603341
606742148,2,26.727546527016898,0.31224884502847006,0.3406989116613914,0.9979482629485121,20.24847087795843
607683819,2,31.399682158500482,0.3103291517356216,0.3225196758811926,1.049098272787432,18.90652877605432
607770016,2,152.99497571190355,0.3681532643965445,0.2598369603200681,1.1312752515176736,22.65399237832719
607998522,4,18.688489708891183,0.3765698900626291,0.2599125462927155,1.2131808757673899,21.650678599608902
608351613,1,78.47106651492315,0.34161721647644494,0.21027707312492766,1.1206495341042302,17.96332111589901
608511939,3,95.42365088897503,0.34336096792667553,0.2322666536775669,1.1352222332934159,13.008678445807934
608604797,0,161.8772972243338,0.3464924723005704,0.25282407052330813,1.0192883486533897,17.948507484707953
609443471,0,162.361500406557,0.35393114434923306,0.22285086133353949,1.1030060974635152,18.05791227742722
609699139,4,251.11768104203213,0.38774774604502443,0.2615965700100569,1.1048785909222583,21.660413948941155
610205689,4,68.39439950084628,0.3737124414529186,0.18328518115629583,0.982238750213234,11.708745534029076
610301577,0,-36.07813166999557,0.33504861143036924,0.2464600297268468,1.1076097325952172,20.377025498320673
610345428,1,96.64391346214549,0.3647245000750092,0.22161223563952856,0.9563217800111689,16.85665195482258
610467941,3,254.9990401999351,0.387829403415372,0.3335510458395028,1.196348984739595,29.75524201751466
611038154,0,97.68917094727591,0.2924710095774868,0.21326826632750817,1.186557749689225,13.641507908663726
611092350,2,192.60976550921183,0.3660017951940545,0.2126892035798285,0.900034215253302,15.749326708950472
611474327,1,57.15426276499935,0.3736729730077722,0.14170029749301283,1.1856367681900235,13.764910253398671
611875813,0,175.57852845792831,0.45998010203336337,0.22021255873688853,0.9243446499596265,12.01382568078639
612139638,4,66.78855129815443,0.3502764820892393,0.266139444912791,1.0703817240054452,18.817577953720658
612238315,2,24.423340655238974,0.37207397044914753,0.24063949437100327,1.0682177159161248,18.68165222255465
612321381,2,121.64592054045215,0.37321941100410844,0.24958114616146587,1.050116481545244,20.018083079834177
613718745,1,-56.40583795810457,0.4693966594609544,0.21532267266306857,1.2214575036325392,12.189060954320825
614253049,4,27.58080550067386,0.34595524302116853,0.2744836473416657,1.1033591814601658,18.825379655288696
614398604,4,59.4084937011068,0.3508897989315699,0.32263488267404394,0.9701769559943624,20.97689213676211
615042961,1,259.61567862282226,0.36643653459677766,0.286345231853746,1.1312374600238866,25.70772794300615
615903439,0,39.98001734711388,0.376598000235163,0.26683510991567616,1.1602013745552238,26.00973078159154
616073908,2,149.33306648656176,0.3439454158285392,0.19610330109445454,1.1925383006097654,15.27839180988502
616177559,4,28.038172593175815,0.42387482591307785,0.18966762422292413,1.2954814334839955,23.983769242608883
616276017,4,337.61269478273914,0.3927780714887803,0.21626953383793251,1.1868195870307099,15.37195660269508
616326539,4,57.94555249365994,0.3703362531253853,0.17954817590968558,1.0796361342398408,13.794187507951317
616797364,2,186.80055590476474,0.344599322236241,0.2183262140375956,1.087282368023919,14.716272158115771
616888672,1,55.169778235398674,0.4274355826759341,0.1797530741687536,0.906453043339622,11.99355280118765
617569770,3,115.51053874082783,0.3913657206499411,0.25751986673313093,1.0321320982733952,19.299859754529326
617741611,3,230.8474120806159,0.36810362514331113,0.28337483089471166,1.1940243891566982,22.187066343110434
617827761,2,212.798315185905,0.35061758890946954,0.25288437876463643,1.1578519495518405,20.939797793388326
618105578,2,82.20213097507641,0.37797851773746777,0.23809612619254647,1.1489578806983334,18.813172459533025
618173505,3,44.245988997462135,0.3966064479964462,0.15246859363411008,0.9562796530451926,13.84521053770139
618916633,1,141.9628351551654,0.33454475924095817,0.280268500204509,1.1405516284224153,17.44511730768027
619288860,4,203.109239110712,0.3684675661557853,0.23426884335729475,1.1697375373440584,18.71463991711144
619459444,3,81.81893546634049,0.34750907885767623,0.23028202869942074,1.2207081205691477,17.411635208323965
619582212,0,42.21734141300622,0.3473313648492958,0.25321848550581927,1.1096724549783512,20.444430426283056
620886467,1,17.741874165176824,0.36315228249503434,0.2835905207921502,0.979398059665027,16.084188373008487
621166590,4,238.46834455126057,0.36627060671914596,0.26509296761882617,1.1499931542937984,20.022296878073394
621229234,3,210.98975595446552,0.3830173023519107,0.2867890318278624,1.099230871902959,17.36299675385628
621730557,2,338.4363082089537,0.422396348562151,0.17536413218900143,1.3329839454233074,25.32393411380442
622020530,3,0.5332402553299147,0.3742683985525827,0.2461755988752398,0.9301931951875826,12.541896727964293
622295554,2,20.948191387731384,0.4070060735536022,0.3368243623109306,0.9592059819484264,21.238867221222968
622583757,2,59.67150121926894,0.36248610638024426,0.277244856148789,0.9464661586440352,17.87685952199452
622739506,0,92.1969222020456,0.36652259985368973,0.2075252703919351,1.1408702391851735,17.19089774485143
622744419,4,35.434562418251446,0.3802899692760036,0.24720943478654703,0.9318183681904428,16.11518601580325
622964705,2,-2.7484546241101953,0.38019383571564314,0.3325490381064854,0.9180568531580932,21.32986014311249
623331916,3,12.140892758877925,0.35462321053669066,0.24444632452878082,1.1443433183211071,16.79383370991173
623402372,1,21.52440115525667,0.3573333403041207,0.27405367103587436,1.0142604466035008,16.098963178706907
623537081,2,119.26488282583031,0.35272305717983155,0.2194553408528941,1.131699085132111,17.585550937246133
624096781,0,298.82213884063975,0.3722354969846199,0.20063663305952323,1.0434820536062321,14.609661826525407
624193573,2,69.62593413476262,0.35909058977459624,0.1907276855506658,1.1027004001546998,14.106986709907787
624503496,0,38.14068570375372,0.3613005367322817,0.24304127288596505,1.0283247163160645,16.048061007121536
624653441,2,138.10440674736358,0.3727065878063502,0.2894744130835739,0.983005363868402,24.77519310307541
624903152,2,265.65180034739655,0.3736014629597943,0.25364081033088776,1.1229609826797595,21.79341476162013
625017301,2,15.512481352883768,0.3429307250025049,0.2539488210814585,1.0138383550878196,16.44014398781475
625314216,2,174.49438530943212,0.3653565240734257,0.256129527362487,1.1781266864239657,23.581736756756946
625438419,0,82.1117362195877,0.30534717539234163,0.19790546615519053,1.152930631586804,16.800347621436696
625535971,1,179.92061419430468,0.34988402956683645,0.27928819752121,1.2153981172112058,23.36583737698984
626242594,1,235.3139188135165,0.3753379273855532,0.24488554895917464,1.0401494013851518,17.43130127549831
626677373,4,245.22815278800877,0.3469255445673343,0.26123839995056974,1.0006288030733248,18.429639155970744
626841881,4,320.4234000880359,0.37234062959239883,0.23275551570266695,1.0646204473807148,16.450990244891802
627271746,4,272.0883912454174,0.4098900839919355,0.16971653495844066,1.3674481153061988,22.020054853200214
627600990,0,-49.46414885446576,0.378431020223955,0.30724703940123255,0.9157817161926322,21.37397757027619
627652902,0,177.10062738820068,0.3633360469449009,0.211550025467883,1.0162042487105152,19.682965661427154
628380881,2,146.13950342220613,0.35410992811678765,0.25776140037998235,1.1809813165183407,22.51600846317331
628657458,4,193.85830020412436,0.417910503280288,0.31506131580438557,1.0058095876912936,24.271530185127702
628680153,3,14.530107545016492,0.3473716676538333,0.14409578784063198,1.2450945904580157,13.07190471472786
629088925,3,98.84620741748296,0.34211671060604704,0.2538591992679346,1.2175100182301377,17.38126817788324
630629376,0,80.31479158787107,0.3483399814047081,0.21828052356976355,1.1029043783759727,18.445317379281757
630773371,1,146.9747427745727,0.3857682279178414,0.0942543528945246,1.3695789590993623,13.873540487440227
630928117,4,48.95542127993383,0.345159451861752,0.14758998963335773,1.103969680801439,13.255572218381564
631598953,4,64.87555173495585,0.33739260655770825,0.24738831903837039,1.1558376469313472,22.622533677210935
631618960,2,78.79440349352686,0.3458135976866094,0.24110223058106336,1.1538286234005877,13.916180618305965
631651015,1,113.2582718359958,0.34005887359306436,0.2646914994368878,1.1521005783813287,19.323582151668333
633021524,3,-87.6490902379254,0.4053694715228855,0.3092550399664885,0.9271383226234178,15.851571453591436
633348725,4,4.39811372298314,0.38427137618417573,0.20264861504994053,1.085423073156347,14.533426810505127
633555318,2,64.39213509708834,0.3578520197079887,0.3011551541465482,1.0759413787315462,22.859046112566823
633682320,4,131.04151641646945,0.36057308949106953,0.24202052686744516,1.169638678300048,18.747445655729212
633891368,2,42.454416918355655,0.3603595408849329,0.24828477385319353,1.0926024866253528,19.831913102701858
634005101,3,24.269383261877422,0.33012186528327975,0.19123824658614627,1.1691566936710536,17.074399831219978
634098628,2,232.50973598185186,0.3747621070341453,0.23789058145091166,1.1357582850776025,21.022973740176234
634363683,2,269.40387317725674,0.4365877533254632,0.2955219377599423,1.0385721477336447,23.850965959513726
634587841,0,55.58098890756192,0.3531956712650116,0.22523395170940438,1.1142036778127111,17.848424017918816
634645972,4,47.96444846155991,0.38541760470228975,0.31322090802373415,0.9004819024335173,14.57307419366911
635174783,1,213.9919476589743,0.3820328826623248,0.2465187958820398,1.077089934267213,21.577047927259247
635384570,3,-0.030766503687672753,0.35959249642054175,0.2465029191890531,1.1216718214159942,19.536653955582768
635778401,0,226.05541812825345,0.36049972737576413,0.20871516932648015,1.209153293191506,23.252062774583393
636010546,0,188.498089606877,0.37163597714352686,0.1835543218747693,1.2840057586104057,19.47183033214003
636356107,1,-79.68108146310709,0.31741784499675013,0.13473541110430448,1.8345700534889473,20.719481300787702
636526191,2,43.14308726890807,0.34818075903313644,0.23238074595740899,1.045782028341987,14.564622674001953
636697748,0,80.298128568925,0.3540212964561393,0.21707726200297997,1.1646896652954015,16.65461236733496
636769312,4,65.25773816527742,0.35673166370542125,0.26465386446531874,1.1087911297271555,18.450410068468475
636957306,2,168.9972301463783,0.37332880624671744,0.2572842397428207,1.0151481559290734,17.505036734412325
637091082,1,152.88583485748603,0.3408948530196719,0.275250981788854,1.0628583922040016,18.285803649523668
637512395,0,235.67180721404657,0.42354342365723124,0.21078774638160344,1.0506615111668551,21.22436868597546
637669265,3,-70.33567158162396,0.5762707050566731,0.24142635860360398,1.0635717298177614,14.4076058381333
638093915,2,136.1027197926679,0.3575923399037151,0.2781538733237461,0.972665351468241,17.810571372561846
638503428,3,-49.68496906204555,0.37048912186130867,0.32422412524819205,0.9305353711544859,21.119841827369978
638750992,0,25.61287687277259,0.3588907284039573,0.2028583541646137,1.2075318985332162,15.238030003122834
638889974,0,167.59085269167085,0.3575266555840919,0.25820257554782433,0.9826628513178783,18.74160019060089
639451609,1,82.84369825161804,0.36045540150671135,0.15391861455491673,1.1726418479244054,13.396645652917497
639553637,0,179.84146016529593,0.34506222033887746,0.2723271732385773,1.0430321460687597,19.926909161312512
639559230,3,136.64720550338734,0.35611119843725453,0.2809509378059015,1.2364287541012213,20.804400025449365
639745269,0,179.32507671780476,0.3463377210963142,0.23658828755668587,0.9742009760176275,17.80111146173437
639748056,0,216.0478685152313,0.35442183862693055,0.19641682623835632,1.293626742649251,21.25539904942203
639770063,2,41.51835532452056,0.37065077030775284,0.21088347721816647,1.0488757424581097,12.019612697611066
639796745,4,146.15011826134196,0.3479412117311289,0.3051440935576947,1.222692786262853,24.26296682809067
639845225,3,231.91912781686747,0.41329123524868006,0.2696615167342676,1.0119870053028535,24.14577391280693
639994792,3,23.078176719855847,0.3260909581284228,0.1982646785235691,1.167487610936467,18.592833738109597
640271931,1,304.06957777201956,0.40639488783896943,0.27894272724024205,0.9624143505624284,27.129899329615263
640368237,0,227.02253570398057,0.41224169871553645,0.23267720595179076,1.0192499872293614,20.99094664240775
640431640,1,165.57880089844735,0.3874089467667466,0.11657376124631327,1.1936148880235091,14.940495058177738
640690307,4,218.98538125902468,0.37959319951547227,0.17025076029378444,1.2307077385114897,17.2721210353632
641501724,1,77.51150058219903,0.3569642200239957,0.28484051745314515,1.0094870691862106,16.85207885431415
642211921,0,58.425924251008226,0.33107335209078925,0.24694755237623608,0.9435124509659774,16.716534548544832
642330071,1,120.54056128040969,0.3674508290911716,0.23775074527759693,1.0724884192153192,21.486027997353496
642473337,2,291.08850999542585,0.35901376902020354,0.21323723013500123,1.1632030984928878,21.454325017545035
642535209,4,42.04650057778261,0.3494889898162656,0.2786489288049949,1.0886203841492266,23.447571605716686
642639550,1,44.58107366759157,0.39189149339718676,0.22322069118234852,1.0632864205369688,14.631287356561423
642668949,2,147.38605281012593,0.353476531804432,0.25857494285123256,1.1511238807689386,21.89160372430738
642673445,1,55.47637647687471,0.3367267334086231,0.2668121312348864,1.1151207323220327,17.401779311184004
643189465,2,215.5061599374091,0.3724452712102361,0.260725299071393,1.030323404301279,19.697561750725523
643385335,1,-73.09850048407071,0.329279829596001,0.1351199256116256,1.4626152613780312,14.117984659299433
643400948,4,58.2837862065171,0.4259940408598961,0.170343323771183,1.02624568794626,17.434508102101407
643664826,4,-8.857210547036445,0.3477580954148395,0.2495843679809684,1.012751016087481,19.426038542692417
644108438,1,-12.539044350352924,0.3246834300764194,0.2224147029322465,1.1386407849740763,16.27417323636524
644505079,2,142.84938130566113,0.37713645556412084,0.2487152029319167,1.1041039097566963,21.81640242369152
644711726,0,39.097575162884105,0.3283184997582328,0.11891297102844517,1.3707463595575684,16.478866995361216
644898772,2,159.68997516484043,0.3554646073202458,0.2738400839803634,1.0687442468836221,20.115542744177958
645076897,3,84.9669033392103,0.33803125278550156,0.22041531413775942,1.2127868284938368,15.649241207561099
645165602,1,60.25887705283197,0.3880952054761083,0.29425219879697684,0.8737068548908808,11.66212913280767
645691711,2,50.141334706397615,0.34644127419133414,0.2766470598350343,1.0745313425520604,22.04556033175221
646292703,2,96.38762323965872,0.4344773280677639,0.3221692085913638,1.0123432249612936,19.262937545076586
646573750,2,133.97142159678586,0.3784391303232103,0.2572631813769426,1.0272318388526427,21.932496245709558
646596041,0,196.18464251903856,0.3596818631230584,0.20226439114798753,1.040500576975619,12.978351014648226
646682941,3,171.92067889702514,0.3616945361828035,0.23857806273903678,1.1977827614155074,19.579890904097173
647076607,1,86.78287476645139,0.3315675610323432,0.22361452730265202,1.3290291997372492,16.638028007719825
647273188,0,25.830991212617874,0.3789222438702955,0.25089272704288307,0.9425756824150826,11.092217860895293
647435977,1,56.76537846899735,0.33437129920916264,0.24897906079778545,1.0809055736609015,18.337752312808494
647484326,3,76.66948573948893,0.35899056997176054,0.28014541496322487,1.1921654469343674,18.92162294587912
648079347,1,146.7268458538443,0.35277072635517964,0.19914610180019016,1.090736098316896,15.159354824654837
648145091,4,149.57309507221544,0.36064640911477724,0.2614370130192804,1.1674574449131305,20.367093662776202
648159856,3,303.25805196777225,0.39960443949620805,0.1903322325846905,0.9564141484484424,15.147887520469471
648267860,4,20.837187134974002,0.3314389083139108,0.26147333121648453,1.1027050079689915,20.345525935040616
648602021,0,293.9920217386089,0.3996113713402084,0.20980318014228563,1.1023655347634205,20.457055565783428
648833303,2,155.2148912110644,0.34207319308458894,0.25640086800055917,1.1539953958086429,21.572251278258
649508995,4,-5.987578551416632,0.3180943303159209,0.2156741032207289,1.2699723609435347,20.605753429995424
649600195,1,79.48919526744154,0.3543858043927276,0.2809566012846836,1.0947038773703484,19.28602553558376
650082699,1,104.78210911977096,0.41025286779260256,0.25372361239498104,0.905983295170067,16.495474718080743
650711958,3,-5.717871405014378,0.40212000517516444,0.2154695379359996,1.0099263830475544,15.620723995225461
651742804,1,-0.8324359324934534,0.3213497613237093,0.25216780118205057,1.098226450890286,16.037988801073535
651985897,3,137.26876949492032,0.3652782674983949,0.20665574233298606,1.1475625606232411,20.933257883122266
652006110,4,271.0807367773382,0.3357760351177047,0.2784214037157734,1.0980274345724483,17.99141212215365
652579546,3,177.008164984159,0.36393330035369725,0.3071739571427334,1.2699267916845878,25.60555457239314
652611709,2,191.98521579493155,0.3642168772775344,0.25176754789716677,1.0484432873153837,21.779841121022812
652803633,3,145.4150371384137,0.35730103114954326,0.2768925465568786,1.0154026578714281,17.700252660947832
652821562,1,-69.42668192273874,0.3583114098913345,0.27610356187825774,0.9872573090943321,20.525474418368226
654743416,0,204.85241077740835,0.348469276336825,0.228794325383184,1.182618269677906,17.49327573703319
655941482,3,95.77876880770134,0.3594435079359094,0.2474893832405645,1.1388983423870809,23.571558902503778
656702107,0,159.4301899171034,0.37616736466623435,0.18392786132321948,1.2096791473475959,21.194908276605606
657146499,1,87.68008394255071,0.35759099268279354,0.28807404085922333,1.0688642194352265,19.881726641923137
657445738,0,17.763568356624077,0.34775114791318434,0.2405851018735608,1.0819332270988575,19.390037383145355
658598412,1,59.73106311000679,0.3750655386259922,0.19879473621423188,0.9695300554770189,19.60633357496896
658967063,3,116.84262670675145,0.3499349716854749,0.21142397267624363,1.22365617977231,15.845122123563304
659061902,1,13.544220246068178,0.37951525438285066,0.19660583110548216,0.9488156651413565,14.923565350123038
659538579,3,259.3653855104882,0.36053269950365,0.27907848217655384,1.024466660648898,19.05865889098439
659864655,0,84.44992279753791,0.3548077734477554,0.2065944878364071,1.1542505519434212,20.23758842387509
660205165,0,164.43546392681864,0.36243067071062773,0.2578926784333902,0.9889743470804936,17.984946450508954
660253930,4,198.03742228929485,0.4504905741849159,0.3077624278655742,0.948131233451599,21.393177940060962
660384405,1,191.02401138842356,0.35841879663835574,0.28448454920246513,1.004359760774882,19.547975976631164
660515467,0,231.83447825488747,0.4207643511417527,0.21103442150972446,1.0812259416980528,22.571966960561305
661619581,0,56.99855129160835,0.41840515126184513,0.33280812033260476,0.9694131494849342,16.25033347230998
661822184,1,32.068656809948905,0.37504122807266915,0.19820257175783518,1.0324986048548896,12.94783069723131
661865874,3,101.94767082374233,0.3971093976923645,0.2445352763011705,0.8269995700435606,14.059186518514823
662156764,1,96.96908567076446,0.36325483433323735,0.29184750389143554,0.9384716052205441,17.417762533314487
662815164,3,113.76900902121434,0.3822462504090411,0.23743566615578582,1.1048538759050386,18.569492864121724
663037039,2,336.9515606099017,0.3774296403001653,0.24558441594675645,1.1680844233825118,23.287292996986963
663206655,3,146.78503223286202,0.3933607007751963,0.2358953329119874,1.088064899973179,19.592642807855253
663317313,4,92.57741759755055,0.42076593081370167,0.33398918586238907,0.946250011995766,15.608105515944697
663564627,3,118.44793864496053,0.358154707164368,0.32191855958460885,1.3029879540958715,26.385349725757663
663877510,2,45.58243512161321,0.41197780098124975,0.3273163450627997,0.924506526257031,14.416718156381794
663963917,3,136.64905292050852,0.3840068803598365,0.1980909657806938,1.1460973784877082,15.523461655958679
664013994,3,164.3839520005455,0.33852689637135347,0.2521334083587271,1.0778188383235052,17.103821157717533
664173456,0,65.74672418497941,0.3355086444254629,0.17533429370797787,1.1554460113414866,12.753777652385441
664256549,1,175.09150145224615,0.36479212342628564,0.2582360725277728,0.9585987265960436,18.290344051383872
664408041,1,305.5758877600206,0.37288406681500574,0.2664252775354476,1.1799176463756877,22.26824628905777
664447199,3,93.58216604798656,0.4152770992542118,0.16134533134470222,1.0594931349652765,15.76522451135668
664683374,0,216.84727259567356,0.34340678875048747,0.27499126410172986,1.0378266193269907,17.68222558367364
664875746,4,25.107107090068766,0.3659367924294985,0.25834948197857954,0.9852553580948833,11.781071410933063
664999383,3,10.130628992134262,0.37771503033025916,0.3119819867575769,0.9546702493834581,20.752161140969463
665327981,0,50.64131818893338,0.41938482899810625,0.22574959991468954,0.7871262986453622,11.688829155685122
665803754,3,3.756919658166936,0.3500952296970933,0.3247341752022259,1.0074427875383094,20.670612056827906
666199912,1,85.11590532133192,0.3901591482000416,0.19689827068422092,0.7896778499042171,20.725802857406993
666249832,4,-12.48462168683325,0.3849549867055987,0.2440451372541701,0.9528955519744194,16.733783291706928
666714004,2,166.87230705209822,0.40434549979023804,0.24575212031364013,1.020967915819693,20.847603395656417
666813875,1,132.95195982957958,0.34818374744922287,0.22663399975648393,1.1762360393952018,16.892003425951508
666970760,3,259.73176874831,0.36957139263009553,0.2833075645202002,1.2002361976790077,21.191047241520224
667460496,0,79.56666946264433,0.34723465609523757,0.2228091753347214,1.1240615687278763,18.033046333134866
667477556,0,194.4349474462,0.35530956834405325,0.26138535074997965,0.9820159053693122,18.684889883785218
667584010,4,178.24813265995704,0.3686822171938198,0.26868990188255293,1.1716901175178944,23.246447124118
667591489,1,115.60418284758772,0.3459022075041006,0.2660611924233325,1.1955982397985117,22.98658657681878
667840086,2,24.311321981664847,0.3614386671680653,0.305523141448634,0.9679395766754474,21.794457173538106
668141599,0,101.33439970113534,0.33099467949069994,0.21452663899188004,1.2634313183809147,21.407330249594686
668621779,0,165.31302383745597,0.34662869470660446,0.22141960733715615,1.0333463055829621,17.28371436962808
668704885,4,295.5123392789702,0.39863494473857614,0.2668001218233395,1.0018341038907224,22.288461180100914
668824734,2,55.976946726308995,0.31837549134455123,0.1910690342265896,1.027155337337352,14.537440850028636
668903098,4,185.67052204613267,0.3755901085608336,0.20770077294338468,1.0285448450472832,13.363769430892665
669620499,1,20.430949318762202,0.3633586422825063,0.24297810004328382,1.081722409713422,18.12245294444633
669636470,1,199.64493068443943,0.363698069114908,0.22815397704761928,1.164435174792795,22.14594433377863
669639800,1,60.096379160439234,0.3538681251774395,0.27525536270357154,0.9964727942663445,15.094449578000598
670004959,4,74.93718937520937,0.3563808643498903,0.19638949349939716,1.1072661315881875,15.832666704182609
670279906,2,242.16690265706194,0.3779941595872029,0.238810835016448,1.0057498574860197,19.099880586873777
670455816,1,-58.62633800521729,0.3539247892558148,0.23591038925932503,1.0878738750979164,19.368157167380815
670472475,4,218.99469917041944,0.3659498182095333,0.2383601836209161,1.156634695780323,18.424711067892257
670589484,4,273.50457142043786,0.3421180835644662,0.28696962129484843,1.0775142180340163,19.19575349755986
670939419,2,81.20898000729456,0.33811865917893336,0.25633429850692546,1.138879340987487,21.275588980670072
671093250,0,220.46759846648519,0.3981811372928519,0.22477442968284758,1.052341436827946,21.456192859029525
671188865,3,55.6687026865217,0.3370724205996377,0.20205356917855224,1.108663749637796,12.952311576861248
671342841,3,42.25317380146709,0.3544715096456557,0.2771963556712198,1.1002039539750876,20.34965417837826
671423635,1,44.403053775493234,0.35708488214951273,0.20533541484486334,1.0481199750633032,11.321879150395382
671507896,3,-79.68664894978605,0.3688690528093551,0.23797462463505614,0.9633183908081562,13.476993687496678
671591388,0,109.92069070379031,0.271177441646108,0.18377716602104852,1.589961876939562,15.151649775460168
671751803,2,225.5099015509848,0.3743329619059932,0.20240754900056473,1.2062317943105467,22.385241760197637
672322123,3,48.212797783555644,0.3701300009923306,0.3169950293338482,1.0499937141942521,23.48805403903101
672610446,1,236.68358771806706,0.400648429355039,0.2617195937110957,1.0835617321825244,26.33671176779263
673060988,1,243.08229219326154,0.401052550514101,0.20334481914232844,1.0627188324083288,19.998029521614797
673094713,4,256.4234550887188,0.34234503726115006,0.2747605795399809,1.0795304406914565,18.102030196368833
673172746,2,187.2591156065896,0.3613083297744326,0.1972918300069671,1.1623013564656102,19.765033268898854
673214221,1,83.71773819679926,0.3685313363894871,0.1503250746084473,1.0480607430332909,14.314572618732594
673225351,4,337.2717627580406,0.4195349426996603,0.13702464621294716,1.1310038304417656,17.574253603163537
673445970,2,35.26989782868653,0.3916159096963065,0.2964545354350006,0.9227855152228213,12.55910989362225
673499218,3,78.26555725137393,0.34110469091258416,0.2762885759274331,1.2511041165019057,23.55390576223126
673704172,1,28.11810837754922,0.33686995902694455,0.21851420419029843,1.0193457134087676,13.359721165189093
673883343,2,16.12977430257459,0.405799286470723,0.20194247828621115,0.8276338974048745,12.756571459392498
673984159,1,36.96147339528608,0.3595562944920452,0.22676563272240485,0.9781805842530837,14.263359299578726
674610445,2,182.6971742844983,0.365611057305765,0.26040065514495947,1.0143635050888178,17.523823966738885
674648279,4,39.83933325769782,0.3658685135026619,0.24030133201608023,1.0521500475144,12.816206817286298
674773828,1,206.22388425755355,0.3822285464205699,0.28075447615583515,1.0692565842501975,18.59373112055774
674973559,2,130.15009074824553,0.3371102107506959,0.16403326442164032,1.126302536637636,12.360478051938745
675621867,1,60.434677632034216,0.35584685416903905,0.2669664678856908,1.0905254935844961,22.515176650412833
676068988,0,21.62850764145952,0.36273656338033927,0.3321594106064918,0.9381040517056822,20.455237127778023
676116191,2,62.369701934094344,0.32812263157366883,0.23276169959900833,1.1837048420849319,19.330326327723558
676718973,2,183.50523875861646,0.35046190365183627,0.24915153984500085,1.0375954977861286,17.518344061328833
676741869,0,124.36337984135105,0.36707382146800205,0.2083976571514165,1.3186391343140276,20.989582883003788
677190542,2,273.8867496754377,0.35992235432216907,0.24971933008609185,1.1577708552597983,21.130948337779184
677732142,2,158.84104900226285,0.3549151454424833,0.2562481606497957,1.1603085927110812,22.822158882067
677771115,1,39.838665820000706,0.34236094829974106,0.25340502355545474,1.0888889123307863,17.059031670856438
677895437,0,159.4794203310922,0.4711766769856502,0.23292474780303904,0.945090418064486,18.56020512605381
678137113,2,218.15106751565128,0.3767814689385727,0.21103981007416506,1.10770894406507,21.870475243727316
678912517,1,34.068049977890134,0.3551909702697776,0.21646813583121954,1.022573543886669,12.045513479007104
678917308,0,55.913792292524356,0.32902976699100134,0.19761640748531417,0.9713480128412809,17.787247772195656
679096847,4,51.64802913598313,0.4200810956090155,0.3258790305397805,0.9381080950102283,16.18002666393963
679122345,4,71.56993076262913,0.35468843058552946,0.11551695369794202,1.4574539932709787,18.27476804791717
679270138,0,276.11232706238565,0.4081477640625054,0.23446351711155888,0.9060150693964637,15.260997629704118
679274532,4,60.10955329505425,0.36553275489749193,0.31288120852817985,0.9119386330012521,18.932791912007787
679404420,0,258.3992149035914,0.39395315324280195,0.25044766276494856,1.0017650021000977,23.329581468324136
679533117,3,186.44654890125216,0.3750439159683647,0.2285811583803894,1.0509859266280719,15.9712065785939
679561961,2,22.719316689171265,0.39742037514137285,0.21476806560600156,0.8141581890593836,17.802998146906578
679722974,2,211.35309321678523,0.389142062867156,0.2526955073336088,1.1209236430276728,21.311613198844434
679930104,4,197.1943971973996,0.32529985722399013,0.28578649779700277,1.1958683479935752,19.664763885671018
680389374,1,136.90616534667728,0.3562714556859627,0.22731604327556754,1.182816463158677,20.76177109740179
680463465,3,227.69119513952458,0.3776414702163659,0.27168648552131713,1.2337865370970662,23.52067155346311
680864768,3,146.50477938964892,0.37674459912958025,0.2775991184272084,0.9413363220378715,15.608588984480729
680937306,1,317.9438778020469,0.4115323162877509,0.2862073168724616,0.9457807619098925,27.371606645096982
680984529,1,35.09473775956423,0.35372824363126076,0.23194428496734737,1.0318715554905846,11.636444788342041
681027587,2,191.41222301935142,0.36501213446493025,0.21591100144898898,0.9393821989031662,14.523972787762936
681043697,4,145.27153627839527,0.29156817931335605,0.2549104097313937,1.220417799969981,16.477879079253082
681148438,0,248.7044858749291,0.35719640479106735,0.21055203933533928,1.2348093277008534,22.61017157189788
681382026,2,114.60469033681593,0.3564704347302239,0.1755064981539835,1.0859524234249818,11.201253877865106
681607778,2,47.169638741836366,0.35263713636477917,0.25306638447873914,1.0641774869139804,17.374197742315136
682136136,1,23.420498993098462,0.37963039453355946,0.19230537377969942,0.942679446340566,13.703834093542943
682392464,3,12.463365597710649,0.3600385207911277,0.1942778271992796,0.9587341528315291,12.054226873614521
682727526,0,148.20686541095077,0.348871596505512,0.16112127334022391,1.0614455759268495,13.089530297714767
682848245,0,179.82062255584884,0.35828365990932964,0.21863408674193194,1.2044185743777411,19.833875562248853
683188751,2,53.07419002534773,0.3473846399753383,0.2619162855680816,1.0688399521145706,17.238932817413897
683707675,0,147.4940731928112,0.37462895310660455,0.22350329042106043,1.0577590311039886,20.210840607693417
684755734,1,97.92017625199223,0.3541355087972729,0.23346928408479783,1.1267187939998327,19.979538879759644
684934727,0,140.05697322782365,0.3512634613865588,0.23046037285280546,0.986201362374079,16.365651539901254
685115474,4,212.95965620011492,0.39926718485634205,0.24092970695764682,1.0048791409856068,16.82444313939123
685261613,3,43.87378622867268,0.37538824205139437,0.29015586869159526,0.8558574553177944,18.25007301286929
685427135,0,7.505421667666823,0.34665225743337774,0.21146954775288204,1.0994725937065277,14.662433013530462
685579898,0,162.71265587986494,0.39396438194890815,0.22501955355876482,1.0091973411737392,18.491806124176478
686272948,2,239.97206368787266,0.3627916306981485,0.24505295701403093,1.172235434099133,21.052926229284814
686526509,1,-25.687724694971592,0.7108156009995709,0.3758305503654648,0.864692945897356,19.237522313162064
686833175,3,53.218990835920785,0.39757912040985127,0.33724721033108196,0.894168027255274,14.438752875649842
687447085,2,266.3017623017859,0.3852451841921575,0.25877722212973425,1.108113932075097,22.321456290794647
687545221,4,54.01143971199662,0.3800784689188428,0.22576965778928063,1.0096098682265002,17.535569486047912
687772920,1,-9.172349984635844,0.35584884253625904,0.25359938946235666,1.104992231501959,17.46260227837526
687864744,4,131.30935136750784,0.37669032771755223,0.26249243841078035,1.014175330308357,21.74303549911282
688101886,0,197.30111492625238,0.363380659912756,0.2297391290723055,1.1698377015121282,22.646594506477676
688122210,3,150.47788208868334,0.3584869699937944,0.2489860320457888,1.2538638125439316,21.927041202841224
688609690,4,191.42817597083328,0.3798575069239643,0.2773874138372099,1.0647848088761436,20.23132337819968
688616302,1,62.53793002681372,0.33938024544034207,0.3115831217580535,1.047039636258426,19.078260918781048
688656899,0,26.392186369917155,0.35993837850712773,0.21789636481092517,1.2090157849721719,18.36611692751641
688760840,0,72.6360330528942,0.35426707398692203,0.18575209227049888,1.1641374028228675,12.93719527660794
689174669,4,134.50649500710904,0.40821223651926036,0.29157851244662153,0.921820988548612,21.790855575215435
689311182,1,62.5008678312133,0.3423621837900525,0.2479014991034883,1.0762687697540976,17.5396372217058
689497002,0,39.38538930081687,0.3412118973733486,0.20100280666277764,1.1188018710805805,12.232285066961685
689573357,0,48.939581179995834,0.4397378333554962,0.18864938891587563,0.9537376222721665,12.478256239929223
689602556,4,72.85559547040522,0.4142365790993237,0.32418487348210234,0.9323195812624832,19.582922826558807
689672575,3,220.94651242103652,0.3940601486664822,0.2989892703073384,1.0850593278909169,24.631685605512214
690246774,0,77.54350131410212,0.33605037754351125,0.22203075906108719,1.1747438679387816,13.931338291647668
690444653,2,352.5131836203014,0.42327520359304693,0.27934491199560224,1.0967953694996118,23.402758363289617
690772081,3,-45.3668503582945,0.3316038372055405,0.23087883626077094,1.1112550654385607,20.23161602150504
691002570,3,274.2058709845262,0.39963458545916175,0.28993502143915156,1.0257628753219714,24.62315943545202
691154706,3,23.977932331521018,0.37448898848071566,0.21219128981977814,0.9565502597974331,9.257058187902954
691219107,4,-38.289412555633874,0.4340735380314736,0.2418858184467943,1.002817138554325,25.68263179032077
691290005,0,108.03834902464807,0.4155300686514311,0.1626509954127365,1.1403934361234176,14.799120180738507
691340990,1,326.93884200620096,0.4524351464821922,0.4434196271401593,1.1044438834247405,29.71668761617311
691396928,3,116.47266890053965,0.333826807259986,0.21013456169447706,1.1995091221407148,19.717662749917885
691744465,0,51.51107303727543,0.370651786561977,0.24590105707767262,1.01135120858275,17.020155841396214
691831381,0,82.09543896019525,0.35266324106189784,0.18485931018841892,1.0297331928908022,12.652447896347729
691986630,3,183.0979065963621,0.3676314047515953,0.2861824546264046,1.2427772329201061,25.012277667316127
692037059,3,109.91234120604828,0.40322718860402823,0.1666009012326943,0.8600544339637736,12.694882486632114
692373242,0,131.96686177246187,0.35171157059929087,0.1742453615108299,1.3318971991934005,22.025999399162366
692434994,2,168.8349431184704,0.3534523339973489,0.17444301840211224,1.032331701131177,13.359600903953268
692810892,0,265.4369744782536,0.3603875316778182,0.20548916338023338,1.0460865345911943,15.828885122098466
693011985,4,256.33512905362284,0.3336235827556017,0.3165094031940297,1.1391835653106195,19.06759474484919
695348815,2,64.25727117910334,0.4055796659366307,0.30281829513995934,0.8886386139956547,19.344830951920517
695374943,1,42.10265846412151,0.3365048084614283,0.19218064210659286,1.0819564992096191,13.091140612428458
695536292,0,28.341952740530083,0.3641586434935173,0.21664683896910464,1.0979675178554407,17.531679702133466
695925726,2,64.31460640138314,0.3967408250639161,0.21450629074977717,0.8552720729883571,18.626496876406286
695940452,4,-57.82521617040405,0.44880798498986285,0.1835205390962229,1.1196700463785783,24.50095549019799
696483165,1,53.68662758539056,0.36724496209037366,0.2658280168853563,1.0277380475268456,19.09168743428911
696705390,0,202.0891688576827,0.388283835422512,0.15845574314407018,1.4431627857797582,25.183706077736574
696713776,0,127.59233805817512,0.3724227761453412,0.19064156633916257,1.2218812263951149,20.005796036863067
698037323,3,77.74942966447377,0.3707149405613353,0.17262753062362823,0.8419971037423402,11.046328988769504
698053626,0,-60.011937657192405,0.32438545017826903,0.10199938715134496,1.4400699573845757,13.63363160384505
698200988,0,252.93803845985758,0.3606052661062738,0.24339285795129642,1.2094972288950416,21.06622842798954
698615321,4,47.16426958515095,0.3742916712777577,0.2521688563895704,0.9567498373769856,16.24980150428103
699007218,3,75.59973768621094,0.4438936301284681,0.2684539585200092,0.89197616976182,14.550334417660634
699175207,3,203.78194948279312,0.3632212619413456,0.23636593060351013,1.2607997735479046,20.856076255818536
699184717,0,164.85451752418803,0.38577488064679266,0.22646860010559278,1.0132212609098241,19.594813845621054
699462327,4,184.55467627352567,0.34996356853724764,0.16970989036471748,1.4045003937576044,19.903690978751865
699667055,1,178.67365713446296,0.36683150304749584,0.3030745740960516,1.0533402836682046,27.12321924836027
699908244,0,81.71529313808611,0.34512574457603856,0.22406305301158336,1.1529691127483521,18.78570760814562
699928185,2,135.71489659053296,0.37310502560806236,0.17837829964764823,1.2130533480346615,19.866235253313732
700020481,3,234.99380451004907,0.39879987368576825,0.23559231124131608,1.076717942120423,20.957386313923315
700619853,2,56.69404731719698,0.3590812297634252,0.1652563145655504,1.1318440396123999,13.546501015141443
700771684,0,271.67640834670806,0.38812177337753795,0.2664389146370117,1.1145358379505024,27.34301649244491
700931497,4,12.771033603770832,0.3099506960282649,0.10330483345993421,1.685133320186005,21.112710696259363
700994258,3,148.98699308685394,0.37269734320594017,0.19714388192057797,1.204509706471325,17.611462848870516
701170718,2,25.97002847017474,0.3713520825008203,0.1889402873889009,1.0573290658935066,12.140645301268265
701980913,4,75.45707544716835,0.3983669030928693,0.19806121433617294,1.1584386715445525,20.441380673454184
702351726,1,75.73450367135256,0.3653797008569358,0.1997966568186742,1.1242471283974087,12.77248620990069
702495781,3,121.12485607572317,0.35623585698420024,0.20871113580799922,1.0156009907435686,15.549203081524427
702860275,2,313.6075391009246,0.38327582959506673,0.19414193754569511,1.1772654646843654,22.52091075203822
703506417,3,79.22909719413303,0.3456253073949263,0.2576626596327859,1.2283548193127525,22.13043748503215
703616126,2,169.6281481802376,0.37907289684094936,0.24615466778549785,1.1224357140544103,22.047275213571304
704321363,0,328.662437226823,0.4364835078246498,0.327748627981299,1.0765438248154169,28.45140296500443
704562669,3,-7.32078136689411,0.34877090248720544,0.2831900672474523,1.0417353136534864,19.73021783069844
704596053,4,-20.024882652152343,0.3695010368036056,0.21864860918634418,0.9682424841864152,16.672981970825163
704720758,1,221.11598822238716,0.37048390356662403,0.2331927807594113,1.0202952198639776,17.03992030080014
704923125,2,104.55482588045348,0.33897752849741114,0.2530990942953439,1.1513392130621822,19.464911122026795
705117177,1,-53.43104852823021,0.3494765739878999,0.24803131750535026,1.0479590330249164,19.622271128214962
705738216,4,256.45391948236215,0.38967851852455265,0.2654618309864276,1.0168508435618187,22.458853233261223
705844179,3,216.1323104391143,0.3923471649161032,0.28326579530478924,1.1475170096574314,24.39897303088913
705855235,4,165.1248250762398,0.3613280317066014,0.2766018446875643,1.0678078707145064,21.88446873884151
707258420,4,21.471969848740486,0.35676622175493705,0.23124175936457314,1.0189452791818603,12.526696257698193
707285446,0,138.0331705481007,0.34603566388604323,0.2184035253762162,1.1828722783751628,19.863111534521824
707686102,0,266.6143881806254,0.37158823767609744,0.22380671379045464,1.0154281637823634,15.651904240490408
707792324,1,74.31246326938869,0.3566051135332417,0.19963961454739146,1.04051233972056,11.696564973521768
707895073,1,267.4662160443486,0.38128990547089503,0.2275851828782529,1.15462966881535,23.359399770888317
708266844,4,176.15781453707095,0.37090359985898924,0.26677793008597633,1.188476853446879,23.456342572817448
708515334,0,205.2216487455031,0.3892748242708271,0.21687496674285642,1.0381324124371376,19.675862448431115
708745541,4,109.99171720473541,0.3802475947117291,0.1534028624128696,0.971068172294006,11.306276124661881
708888125,1,140.21314931327194,0.3104259245309834,0.15949404786838953,0.9802519719357682,12.252334408726053
709065178,3,206.10010051305102,0.3427238480048209,0.3183292632108845,1.0953424410232842,20.02752224954314
709226489,4,162.35330292268043,0.4227342759477012,0.24280702974326512,1.311187949237728,28.34790355810292
709267633,3,202.6952806922297,0.4042093683496188,0.2496793334883058,1.2618047830540517,22.753449759190644
709856096,0,196.57643428972204,0.37161684239287324,0.20497804660126828,1.1529811360468958,20.86835064223932
709886400,2,192.62530312386087,0.3472540480094807,0.24544402728684359,1.142453004750562,18.410181639174674
710418627,1,25.264553448880832,0.3525705497228779,0.2654335493183944,1.0485695222808156,16.2680882158965
711711106,0,179.3283973213929,0.391140149182595,0.22467655243599727,1.0452187926560463,20.5635139306052
712008066,0,72.8470163143408,0.35227604775893523,0.17632812581616386,1.15593952810946,12.971978327818517
712061261,3,-33.06670039533955,0.38036049680315087,0.19721319297933054,1.1505938399446107,13.89815830278407
712113333,2,172.37630527633968,0.41026096948194063,0.24852020024978475,1.000976245745119,21.323062458552798
712239619,3,66.31104466670622,0.3557119930700683,0.3462165727716562,0.977930665534424,19.74093236498119
712424232,3,47.311789402594904,0.38119356374548224,0.26371014493644407,1.0841978091468139,15.436723385670687
712525184,1,35.67505015901,0.367673865941257,0.25385021305554695,1.019250791413953,12.013228239992007
712532019,4,263.8208025880211,0.3393689383013641,0.2730796955941191,1.087142095768007,17.866423050509965
713020314,2,6.629007859325085,0.4138506458136651,0.2843270625601684,0.8495463217766502,19.940935126497106
713163686,0,28.31859673271812,0.3611715078280615,0.21940224028496302,1.1450447680768152,17.58102656500887
713393124,4,99.6979301110845,0.3648069008720938,0.20179954314298448,0.9512837977423827,11.40375351431275
714476191,2,194.8849646687008,0.37380457663641536,0.25896167639769546,1.086813967464705,20.346776561809126
714511257,0,293.4580029271111,0.4082073901400483,0.25329137353721926,1.0999567957212337,24.196342610864747
714806677,3,342.63771558896906,0.3947479053906842,0.22917189328292953,1.1520169857419482,25.049186081600183
714836323,1,294.6609969587571,0.3982427963418445,0.25065637208315117,1.1465238285397121,23.107923546520944
715482561,3,166.38042528288358,0.35601670150176096,0.3474291185740405,1.3132067860811099,25.0958535248104
716027443,3,16.70993948217155,0.3580002703941828,0.22777153282272766,1.1950174454491282,17.88835847330577
716481605,3,237.56837570044127,0.34027829718549185,0.24681590135482323,1.0693368935471699,18.339528393898206
716683288,0,152.78546487367552,0.36626421622825467,0.21292863579468002,1.2496085383269446,23.020634959653627
717229286,2,29.596952629970005,0.3483732801746102,0.22772750497368313,1.1186671034808673,17.88011420388753
717633419,2,102.04941095088073,0.41871471070331895,0.16527789100408624,1.0273556558165358,15.933865131753
717936443,2,119.12566993560887,0.33958117123278925,0.2353117194424205,1.19235673820718,20.097440378152932
718095822,4,-28.44908987024189,0.37286871929590387,0.31304187909124104,0.9351061815323185,19.4182581881269
718575580,3,112.2403799267663,0.332910740681736,0.24509315478292248,1.0926947345883755,17.275755697550323
719137941,0,64.60874675987456,0.3636079847812466,0.2131303922809677,1.1229582989623266,15.680364978837911
719507082,0,185.3192593533284,0.4171294462809725,0.28629708167328904,0.9944046758546591,19.973878704643226
719751111,2,185.73632764063822,0.37639002918390246,0.2408311565045846,0.9808551643375041,15.08571525467464
720344171,1,204.2538137200313,0.34498766388037255,0.33428550859274386,1.146785669551087,27.871937740821267
720567395,4,-5.8715834960957665,0.3541918607749835,0.2854411128869805,1.0689375028648977,18.52030461945146
720781054,1,189.71660196006624,0.3657650660138876,0.25307950604239715,1.1721048367113927,23.4747535023441
720835147,2,113.37709331211603,0.342914672610238,0.2115332212692939,1.143603992206241,17.86926442853178
721329227,4,184.36315436973302,0.37507461285800775,0.2889175509265905,1.1143688485848655,22.980574532941237
721426023,1,44.26372181637686,0.37368686832512094,0.2323061187760659,1.0329137403698936,17.60291395280229
721715227,2,220.83011579757886,0.39298456706622714,0.2114221764587638,1.128626651776883,20.30969266032745
721925849,0,206.4190649748355,0.36668602825869656,0.2161724629218651,1.0772783443086646,15.19064572104351
722303181,2,96.01159397548743,0.37988229847349686,0.2393402430637398,1.209947699861209,22.970043760446053
722323887,4,44.52862393327378,0.34603851101568567,0.20861542270355385,1.1062844633867879,16.58348552605802
722337542,1,-71.85539506979009,0.4049809463956556,0.24372703769626303,0.8538589500783492,12.007617998434409
722624089,3,45.58141100007101,0.36331043360587156,0.19022374153208554,1.0765010095605627,12.524380807479607
722656060,2,85.88880136632116,0.41191870795535057,0.22411139126872096,0.8475106742002089,16.925968208640857
722657419,2,75.29706853334326,0.36256255692925354,0.23088154469186617,1.013905053307704,14.375338553943116
722671179,0,59.879418196059284,0.3278574277316232,0.26680114243768066,1.1129104795674176,20.46831943348313
722858579,3,278.39298008642425,0.37703588810446836,0.30450879398277364,0.9479510164993727,18.919932069613218
722954203,4,134.46695212062764,0.3631922168312432,0.2832343522162755,1.1696106033141735,20.214979387551338
722996762,0,284.11833519063066,0.3592018556427885,0.2855008832602989,1.1902145996071658,25.25518431788708
723086841,0,147.44183122150883,0.3834685746367784,0.2182478613820033,1.0263649888443915,18.176706805167107
723328836,2,391.15723194926215,0.3756342203829863,0.1986550092727769,0.9770028072104904,18.853507282201967
723637794,1,136.85400324951493,0.3527429997764429,0.23682375454043494,1.249180086004384,24.99600984828782
723638059,3,101.35675541543554,0.31980607602747263,0.2864310038802245,0.8990781708218362,14.51788776570566
723903020,0,195.3339762097388,0.38849948820506847,0.21904320608572697,1.1141085979641994,21.770369968219008
725291191,0,229.82841285868727,0.3814724490929124,0.2109534232402927,0.966528091492171,15.155087643207736
726324276,3,45.26354167080972,0.3694308462930509,0.19285207368269963,1.1579640488495293,13.495154382042339
726632865,3,49.98074256135588,0.323995533768892,0.3796345930465765,0.9497718458910671,18.288250842642327
726852979,2,7.103715557867247,0.35539919480777743,0.2872804713672438,0.9947923443491148,20.774611161451446
726901134,0,167.5809632108856,0.37836829765335134,0.20963989262843374,1.0108495290190276,19.710099056118864
727287922,0,182.5754741979934,0.36514887501325766,0.16200967235399658,1.1692175767680058,20.669364214622608
727715310,2,220.67803571425708,0.3714852417020728,0.244672035480227,1.1666420228990146,22.017378438621886
727880096,0,211.48767374447323,0.3522303876981129,0.28100767864930604,1.0093536812147281,17.596384474924115
727931995,0,23.44297092289827,0.4153428351722678,0.3285667729690915,0.9318089672088248,14.542339542272346
727964996,3,259.3907348795942,0.39009688823181654,0.2883604837777741,1.0487854913553423,23.30738855906854
728252718,4,126.25009107877229,0.3625405920011145,0.24189777067768103,1.0437678700638087,19.678422060642824
728371459,1,172.45430479863282,0.3671080320267871,0.30120531891411967,1.1741688159825245,27.43399484674597
728455428,1,209.01724403376264,0.3985611772812241,0.13092734695862857,1.1287594824504121,13.162158799691573
729133742,3,15.128182947437196,0.3403816781213149,0.24703519640898208,1.133345944121921,18.54368627240191
729574569,0,-4.703865661507152,0.32692306968379137,0.09863616826268479,1.322445862575766,15.080073413179868
729669366,0,160.61885421895897,0.3564938636315987,0.19061245693539247,1.2420580389656228,22.31433252136575
730173328,2,38.065868186803364,0.3651480872377988,0.21807600066337934,1.0971234262608511,13.49922560109455
730265166,3,267.72664172797295,0.41157333613105745,0.2682990483303902,1.0519042013883977,20.120133685692206
730340221,1,63.37684678974206,0.353633652281769,0.23909533454100268,1.2110822100337488,22.639174293420616
730399756,4,1.8641077191843323,0.38520248786592015,0.23204117365053506,0.8969270038549282,11.643674847524037
730567526,3,95.7469016975403,0.39564124165553627,0.24220122452916698,1.0511750727508054,17.307320023620502
730591910,0,293.1341881859209,0.3926716368511749,0.2008550108487862,1.1565949134887348,22.15602310635607
731184698,4,64.40110180489687,0.33670228295765753,0.16059042661410108,1.06632037900198,13.831035782850229
731417662,4,29.320045428675996,0.355553003760153,0.2840723694483518,0.9840485348126755,16.323227623832874
731595810,2,125.95173198264999,0.3616418265601211,0.1941490066119912,1.1004328039231215,12.420051809479673
732208665,1,270.24889805657915,0.4029585751127703,0.15014609531235662,1.1834303464213562,19.71405807693388
732280868,0,216.40596766653738,0.36950955458434703,0.26260293016638225,0.9471309435887699,18.54277020559112
732578696,3,124.67647373223969,0.36825912389232524,0.2527085612191557,1.2503006239117274,24.11193307601921
732613388,0,244.58146664904314,0.34004979436583566,0.23335246915941854,1.1609102041571462,17.619314511055677
732957114,2,80.85153518159645,0.3387636107397094,0.25189515631666964,1.130372775362338,15.098693450195883
733015366,2,165.91638091295232,0.388399194223419,0.24156862841762847,1.0718297781577346,20.406862053901982
733146174,2,298.4476153116786,0.3820516079003051,0.20490740844055033,1.215403667964459,23.050230364023975
734539627,3,106.26016459335632,0.34945637626935194,0.23163544150109455,1.364713688563044,24.911655297568906
734958593,3,61.85357458795278,0.3653761079963963,0.18570455159395383,1.006799702030461,13.556385136171254
735019484,2,227.8730838946039,0.3751515801287399,0.24531901826094657,1.1206934670232118,21.095041676480662
735028416,2,40.46474431737049,0.37504958630465596,0.20487199354217975,0.993334215507709,11.653538079115302
735082604,4,147.2079179755,0.3812378374858716,0.24352202821695434,1.1297615035433877,20.906181655905026
735143665,0,22.494909008950188,0.3484637336411178,0.2651486105131618,1.0630875489230318,19.383789076480177
735307697,1,75.13562884650997,0.34439466012011594,0.2546251830097078,0.9955693523620832,15.89695523060261
735659533,2,40.786995530315416,0.3664976624474236,0.25409134223411856,1.0362952853735319,13.473654473462688
736152348,3,214.31922253733816,0.3509466644991919,0.2491857371030215,1.0681523248480682,17.154646983021284
736727472,0,93.65743831956081,0.35396433065756383,0.2158871548466626,1.1415042369660773,15.070614854468205
736792055,1,152.0185748637377,0.36755066186900986,0.23914195883152453,1.1723969681313287,21.95388052927816
736908890,1,38.16075315074208,0.32423336061148467,0.22048065077651988,1.1628741608796518,14.691318388433034
737341727,0,200.03480018631734,0.4213864658875906,0.12378492323496829,1.40726062176937,19.95131973600251
737356509,3,349.6957977558718,0.4121241076383195,0.30368775983445073,0.9834287393140994,24.291249139766972
737362009,3,79.57473123170215,0.2989222471978636,0.34303375215102144,1.2416251136294212,14.830415369004758
738034100,2,73.2536806148443,0.34250810642495,0.26157922194502425,1.1230123626910238,19.20926920983633
738593262,0,191.80274772233145,0.3555254271414793,0.21460177581842105,1.1712746178122675,17.547303232800076
738625870,2,169.60335310421974,0.3579865987768619,0.2541976551582957,1.0280189763278744,17.449580113948276
738887961,4,118.76283058758962,0.3686194192479548,0.17556621021350963,0.989460842378854,11.903672966843924
739506612,2,203.91515366540347,0.3635414189555836,0.2396459788432211,1.1583238327429384,21.145773875532935
739562740,1,315.6070237635146,0.4201561053500923,0.16761562013887715,1.127661887104569,18.087551813572876
739643942,3,-20.049645686381908,0.3729716783367707,0.21012639363471494,1.152314406753999,15.205446718113137
739659224,0,50.0444216114722,0.35686567926812607,0.2087920864491745,0.9040500610872777,16.981040559955016
739937375,0,53.14608235272319,0.35413255702572094,0.20844973341667328,1.2626268474028013,18.507875212232463
740224734,1,277.6077834746837,0.3777728638070936,0.19550410677352983,1.0315188079911182,15.180614543684893
741750852,2,45.52024736189062,0.3687218268104148,0.27623476898508526,0.9710049194279707,16.069852042514317
742319182,0,186.532535574452,0.38227354866168095,0.27214554398935636,0.9406140226275721,16.8262848244461
742571113,4,107.52442243167476,0.3748402709367947,0.20579033436001698,1.1085238470881977,16.076283824406975
742772976,1,115.78158937832102,0.42574592331805805,0.27248368776665277,1.0171229386983422,19.017835182141038
743402006,2,43.87594249918048,0.3395984176046462,0.2999843273319217,1.0085168913310114,17.239978850752216
744301389,3,109.08166496369961,0.3622285811839164,0.13049153729776633,1.0509436597511839,15.814965492382203
744751157,0,64.05549146164986,0.3350363616070836,0.21997498029744567,1.1413453576638917,16.087025373963105
745130197,0,-8.346133817811022,0.3235643716457402,0.2530194762455401,1.107920901507117,20.48814397330678
745501666,0,29.752748983799904,0.35677458128425366,0.22937496480915395,0.9876580198816916,13.290637545336875
745635632,0,210.36487575181036,0.34270904146746106,0.2682903614713192,1.0367435769445335,17.321145267241196
745676028,2,134.59890114499387,0.36401110829607786,0.24917286343464762,1.0673062422156907,19.413795609559468
745925185,3,225.68381107180164,0.4184437572254401,0.37818518418829333,0.8692967823437222,23.344216972626867
746006701,1,63.681423576826866,0.3760438714568803,0.24112442550341687,0.919061747672682,15.373408913808227
746033942,4,154.51255225642467,0.36173613559701395,0.2801257460246768,1.1856728993264,19.446044451171737
746099992,0,253.9040645104448,0.39712350173852706,0.20005338825862715,1.0576014647856415,20.867458974659836
746373374,2,87.79030936406147,0.35707587919156003,0.27092093954232205,1.064225634971234,22.19073805913745
746810021,2,49.3087532192038,0.3569826125336091,0.2709955205998305,1.0281140101002335,16.568862281380692
746817611,2,52.870681861762414,0.31291833771028044,0.25082195459190404,1.1815314291114993,21.076815346451493
746903081,0,5.871776758643904,0.3285313579042983,0.24865778255386434,1.1046317118371596,17.816839333538997
747034836,1,-37.72042371467671,0.3755137408157971,0.15720224534914407,1.055176855669475,16.438976215382233
747510254,0,212.2896159496383,0.3335261364644728,0.2768399298739908,1.0582077082352228,18.403426278068743
747579493,2,0.49396952481072276,0.43593945467775813,0.16881362284316376,1.0296501462028167,13.965169242747177
748222139,0,98.13720420833596,0.3520481702331642,0.2320508202024425,1.0074327032818027,17.913897598326436
748600767,2,72.27441923012715,0.39909040479206465,0.25399550581602864,0.9295562887720118,19.296491676004376
748602077,4,5.149978581733208,0.37270947296358636,0.2041084322909234,1.0699195483239199,17.77888359743095
748679100,3,148.19652572781573,0.3648041944983317,0.31092099316468713,1.1571327176247845,23.57299520692391
749003022,2,48.696041526036524,0.36932610799321264,0.1980069508809101,1.152020913633309,20.073424511274155
749288648,0,358.3947666804972,0.42525971741238133,0.3429877444208596,0.9609661061538434,24.984082547277108
749314033,1,45.44341357985257,0.3365958311041752,0.24868590999647217,1.074286378879716,13.380818688001625
749316999,1,210.01938417026815,0.36846953138152216,0.24108945660945838,0.9840744335034743,15.003904085683978
749375446,0,316.0135545862018,0.36057002591926546,0.1820414865879917,1.1043360840295589,17.779007033494914
749548087,0,226.44940610012196,0.3673442364737823,0.21337650521030344,1.1779787958678525,20.30026082477734
749662533,0,162.37497350903638,0.35550876143425114,0.22890067725616764,0.9615745172654215,15.694949520530157
749826349,2,216.73096615965244,0.3674662234865506,0.25864077185883394,1.1903001053116233,22.464906322104184
750049504,4,197.33369997275094,0.45639417555608486,0.26613734436380754,1.0137070680576286,21.659771585545066
750380744,4,0.9719824108562563,0.35635607847031553,0.2746048133836981,1.08692923473448,18.52009003324312
750442059,3,86.84666529325546,0.3508632823444216,0.31138196535833335,1.155363641994664,21.059067236319535
750805819,3,-0.8847141884707526,0.3536561820150693,0.27430400833924934,1.0676050085929156,16.791226335265613
750893336,0,27.736524513255837,0.3503112821567958,0.25113445755460456,1.068110703035447,21.718009235756895
751017152,0,156.88662071950102,0.3600761518468426,0.239341825287682,1.0723393450282956,21.03969482209122
751223406,0,168.10909699226187,0.38375306684012994,0.23910841388645765,1.0114005445698033,20.520739592023848
751286665,4,77.33849117320185,0.3785076085199526,0.20718767098582863,0.9644441162596212,14.79939051013055
751321800,0,157.9929932314448,0.3688609649124117,0.17472699929237903,1.2459426048730162,19.39393241709766
751554332,2,164.78733007317516,0.33435995585367545,0.2554233204152531,1.061308577133603,18.510743467900745
751973346,4,137.33468818010948,0.39659334889110953,0.230078173115691,1.1017587581169592,20.314251878734378
752114706,1,212.96828051714095,0.3513328227176718,0.25061443023326724,1.2425959949504661,19.238073070351867
752379788,0,119.56088621590186,0.37656782353536095,0.23762400087160146,1.0330129480699723,22.02337967649703
753005996,4,60.20310771376613,0.36733776204460367,0.225147857780374,1.0746047195135155,17.512321274836168
753199362,1,8.45915114685036,0.33283932632211716,0.16985256387049275,1.3631655028382585,15.436783809113807
753570442,1,24.433468585102858,0.3728232123360748,0.15317357780902396,1.1925741356795294,14.383979766124696
754272312,3,94.82151526126741,0.37403089564036035,0.19382330403582465,0.9756830905363103,10.171083433104945
754288361,3,189.0384183300775,0.3587252044733205,0.24426186251248655,1.032984047486866,16.882620608055326
754541700,3,0.8122035813481432,0.36922273625979307,0.2513217354475237,1.1097842546791015,17.81555357444716
754551833,4,19.99093959872141,0.3450768031871187,0.23671288434534468,1.0462584810216295,19.101801851397095
754749806,0,-20.669820872185568,0.3243822327634371,0.2454163402166653,1.1368314348367086,20.579142712878753
755483998,4,42.96608784163796,0.37590994890042695,0.18277718053198536,0.89707377461702,11.772553259313128
756378273,3,102.51545844049394,0.4258639100712971,0.38659380131829707,0.9614753166075284,20.652406593664207
756437706,1,71.83810251644721,0.36984107611486916,0.31566122332350505,1.0516665358363535,26.240972310237623
756521912,4,82.97619963639653,0.3346491276354021,0.25841319170962596,0.9868144125077322,17.856132260543518
756721321,3,1.1004006522542085,0.3223822083504207,0.21313006147790078,1.1707754928719543,13.611742724439095
756782287,0,213.85173308473708,0.3373691235092128,0.2478310718429131,1.1521743694115054,20.462401978055595
757100562,1,194.20172450087352,0.3803412419570601,0.2561612510355245,1.0552892545953059,22.716784910447437
757588646,0,-9.471857886903038,0.3688265825981916,0.22299649684664313,1.0613176632246222,16.672084049046276
757729082,0,158.05239587068274,0.3726608782786587,0.23179470742249117,1.019362866679529,18.77443683043678
758693518,2,50.01542305874729,0.3560281638940104,0.2668804102811577,1.1109546137363742,21.17489678081155
758756190,1,111.36358703764282,0.3637764086774264,0.2111880870447123,1.0611355238376619,19.170373625223036
759011226,4,160.33814928504523,0.3772552067667178,0.2654123287631899,1.0835496118020784,20.76441746787583
759255806,2,107.59563405020072,0.3587751720987821,0.18407181982539017,1.0672465898346046,12.779619292755788
759347222,4,302.0269570306008,0.388034691775973,0.25764141210140973,1.0078965922135115,18.400336139563848
759929518,3,61.43219644841476,0.35733524398337874,0.28239837405105916,0.9505928289733692,16.912656774567477
760236787,0,300.28771517993476,0.3758220998678052,0.2401227350170397,1.0406942008029576,19.684541143511183
760704855,0,31.23110800304604,0.36501534401235064,0.23181064419638997,0.9943213199608917,15.085053594967588
760704971,2,103.2550494806745,0.44946998277413974,0.1835022007777839,1.0032400851658894,20.738621486055766
760753809,2,89.2331847532299,0.40863754089050564,0.23735170963091384,0.903444929445891,21.269027524145237
761202167,1,122.61667408360707,0.4290597399878092,0.33855758732652286,0.9800738537987841,19.073884624541602
761297738,0,173.07493143698383,0.34790181644015655,0.22812365086286365,0.9899556197966283,17.324712628560054
761520590,2,215.19402411174008,0.36629381340217926,0.2457725355202409,1.0479527733866243,18.30673604557023
761786133,3,206.88957901952529,0.3668590067118463,0.29331977998695064,1.2738606517360462,26.0201713137121
761886758,1,8.18008491632439,0.36844760088006956,0.2097711126305381,1.0322727270919796,13.666967767084458
762219171,2,172.5522106063931,0.3695815938545379,0.23707538994335503,1.0977520636978497,20.790489418242615
762368408,2,172.27694185764776,0.342182149996853,0.2157504597961381,1.173544080031613,16.21861676063597
762944097,2,167.7569202196009,0.38952632709133167,0.22856675458479817,1.010413996856693,18.886881734966448
763114241,1,199.28426101122926,0.3495106447391876,0.2850877632993161,1.17745488453131,21.36298605596411
763411577,4,279.2892602297268,0.35205411333485376,0.33825949477489115,1.013391597337447,19.202708434694607
763411836,3,319.23498293238407,0.37480333769151125,0.28973031277798944,1.2726747085043628,20.355827479412334
763726764,4,119.18246822740765,0.32304863119095545,0.14219386148532914,0.9445836782365026,11.923146455966274
763991123,4,228.427906777123,0.3520441728145781,0.25116272691739017,1.0322588717684655,18.306879660145814
764245724,2,54.98890431733744,0.3654415892927433,0.27056149946149244,1.0476270891124009,23.78293562832397
764326592,4,167.3370784229609,0.3768447860965709,0.10537463512179177,1.0106069579299064,8.29290087962971
764363021,1,137.3341662690884,0.38167886554927427,0.2321070197234946,1.1124576359216152,20.619410330440513
764478101,3,-7.370491252542109,0.3610544465236825,0.2590307716054058,1.1376501972062878,18.441395013343207
764504672,3,33.01428086699967,0.36370741601691314,0.3469837084027515,0.9642364219804292,21.11934486921945
764566036,1,195.71118703438515,0.33983810867299435,0.26746486995005836,1.1955661862695455,23.697203703272717
764633726,2,15.873746153025834,0.33632664461345313,0.2703833346424193,1.0708090089045017,20.680549503675124
765055507,3,66.78921501430985,0.37292267810655555,0.2805909772846467,0.9563981194846334,17.54716875569431
765135916,3,153.430732814128,0.3706871292674182,0.2707404640428305,1.077941084727546,15.389741370070409
765310183,3,184.5853813842713,0.3662789355102548,0.24753885338813678,1.2046320050728054,19.773106166778888
765454454,0,46.251358599551324,0.3812651166239344,0.2109812260524415,1.131412230297468,14.980367094689619
765521185,1,20.880727867273976,0.37983338962813423,0.3908365137731281,0.903428022398029,22.503557503193964
765731942,0,24.745870563638135,0.318961985128975,0.2323973246565293,1.1437893573412308,17.350171037036112
765785607,3,171.3964934980159,0.3710719532298241,0.2140520005265921,1.2640532051731157,23.065140533706415
765893959,4,244.23677878178313,0.3795053363418737,0.22967984043907294,0.9815771445275572,14.805269586242868
765976138,1,177.76753113507834,0.37133273718184834,0.2701195906896284,1.140126169837439,23.080111537195155
766108648,1,174.3337759267836,0.3635233108530586,0.27015673111106725,1.0849456053885582,22.89040531205847
766443404,1,95.15646227509339,0.3458632140961032,0.12384533329939748,1.5712791929425525,16.753535487673467
766636095,2,26.585368197247092,0.362740675916017,0.2686327534194259,1.0846036600799778,18.471363585919892
766749407,0,21.03047679841626,0.35949848839197307,0.16105576677065261,1.164079945328865,13.150787252344687
767346074,0,28.494411185667474,0.36297808491263256,0.2706168474090724,0.9972834827231108,21.876417049296737
768384141,1,17.197367559825665,0.3663692790188512,0.29233693589770554,0.9240627329147797,15.83005365979634
768467775,1,110.64447359940202,0.35515620192275293,0.24515232638346138,1.1688172166166506,22.055153226146082
769383218,1,9.86484348985087,0.3543263411566154,0.21751296235721052,1.1341166268299603,17.505284595296907
769839159,0,46.52767555852597,0.33399475042674087,0.22329088599389085,1.2585523034691048,20.74327229038727
770392100,2,91.47279355162132,0.3327970760110032,0.16051631564289537,1.0408664143003956,12.004699967198224
770474874,2,8.3374130122384,0.37001670708787837,0.3126646589851404,0.9464700531038539,21.177240118346024
770593247,2,226.70140804039232,0.40480874952909923,0.2158254074176445,1.1075021169139594,20.058542145078054
771410628,0,86.42323586408962,0.3530926333758747,0.18710554420165554,1.2020409836062325,13.95218026121716
771609530,1,16.021751681549887,0.3993221024263687,0.2556013295705954,0.8692553284918565,11.909396447247621
771639833,0,62.49312117162403,0.34123269591800287,0.19904365841812469,1.3179795044461187,14.44348495150875
771772442,2,144.1159240973284,0.3940724707128327,0.250523131353216,0.9639105811755043,18.695286591585457
772440851,3,91.907033101038,0.36438139945437287,0.19278603518645304,1.0545443696430399,13.144158085404488
772566639,4,96.22645567440227,0.35860044837055216,0.24525403802468135,1.1251671637065292,21.033660094992904
772591088,3,175.71731150200912,0.34460184864907717,0.2823530039491714,1.284215005674184,23.661965020634106
773428035,2,113.8827524680369,0.3898736890994674,0.16702165467184787,0.9532545221700738,12.803322881772447
773706830,3,200.453184450726,0.3359180552091457,0.23501865986246137,1.0821711478507927,17.067514205843274
774116157,1,101.67946146303554,0.4119645834604706,0.24822806384446214,1.0557441749222531,19.227705346137885
774594190,4,257.79655286508216,0.34888075663067125,0.3092727761701132,1.0981060971734953,20.69803805664114
775478514,4,139.559601591861,0.3647563855224031,0.28989723196855366,1.1688932347844827,24.600809791841865
776515253,2,50.72284231183016,0.37465079981070615,0.23756831684590266,0.9259438863247166,13.51584680619818
777120719,0,239.10095837451894,0.39180544643652,0.18798507817347176,1.2679142250615798,24.032918130688923
777245562,4,255.26729640778595,0.33429513136807665,0.2909687370089365,1.107567235811691,18.248760701749
777333329,0,215.69785717068447,0.3996723194957835,0.19134181615946855,1.1540287980566808,21.873713853720982
777956854,0,229.08384805334407,0.35584548646847985,0.2488919175257475,1.0109402116103452,17.6801525809315
778024152,1,174.6796853555319,0.34452394084353,0.2626865035054202,1.256014504893431,22.953923426078006
778266959,3,71.98192035939866,0.37694576492429893,0.24566741476230847,0.9526473397784235,12.430782607412247
778508668,2,74.49559957657394,0.34153896430679204,0.24545500547723453,1.1509002223891858,22.31970909476324
779018837,2,61.280180115260855,0.3581771263668279,0.27056739525543017,1.0164921743000452,13.775630787551751
779245999,0,134.4271002586338,0.41241230410757823,0.22869307494362215,0.9547217160455573,21.342135695356163
779535649,2,53.03100888502888,0.3669970302929806,0.3433742455547572,0.9455627334938931,21.932273389072897
779877733,4,87.10102223999137,0.36210135812758515,0.30349211359452877,1.0833771524279114,25.984302049017515
780149366,2,158.42906145224725,0.3510569769841502,0.2450259329528687,1.0375378955919357,16.922388991770713
780388384,0,288.7183903553516,0.44857281865538884,0.23907462990389902,1.108972122611457,20.98030025312484
780433305,1,182.21565413547842,0.36522457443083794,0.2750521802058005,1.0791333731856243,24.132987257805645
780752652,0,315.64404044909577,0.37357351743279954,0.21521143615390786,1.0307893892955355,16.71856512383085
781281190,2,136.26093082476436,0.3526916318521516,0.25829338407448965,1.1152704003908447,21.31998146555098
781306630,4,195.5543283180334,0.39068398522817666,0.2264857895948831,1.1574295161772952,16.546551357378547
781325985,0,229.15523116730986,0.37132906335663596,0.17743096722770269,1.4249927410107,24.402113285455574
781403971,2,118.02758072624486,0.3797945678650568,0.20198623050879774,1.0640166860109805,13.02242967694901
781605401,1,30.682789889134497,0.3617296763861804,0.3402781456092821,0.9472220731709264,21.217189132098287
782092877,4,139.09324659732619,0.3222691918210342,0.2733580143155197,1.4383536679435447,16.89177971254774
782678603,4,-17.689192862538192,0.3789911473167745,0.3572516244844498,0.9091392629995604,19.920586921962094
783040210,4,141.01369725425465,0.37452218475535104,0.2666945210100308,1.150935543835273,22.646090722344752
783055378,0,256.1482796507141,0.36093264388758517,0.2178923591445802,1.247025131145474,21.128824818791248
783150586,3,187.51285935558315,0.39301828554770285,0.2112639481067213,1.0842903639071746,15.030531224086369
783176072,1,60.511829258359285,0.3577056914616084,0.24517594546317936,1.1371856728880707,18.916820251652478
783233627,0,-12.608592092587855,0.37617424287572615,0.2379029555799761,0.9622957624094874,14.638029901650336
783252697,4,30.314603054628165,0.35344967654905785,0.29346481615085274,1.0153676179311302,20.912433955754214
783421229,1,222.53355207567876,0.37970459766047543,0.19268008261000458,1.2534520033277317,22.633508348111544
783528107,0,10.977208063120301,0.36401546808563656,0.24262099025240164,1.0662818982195172,17.16001532470056
783741919,3,359.83848523021334,0.37254065566005745,0.24163576790308017,1.1347476367714953,16.493890260504603
783812275,1,95.1591762342516,0.39618313571501346,0.2838690793614783,0.8834468344984671,18.76643814447919
784293016,2,126.5219254782448,0.38793121159248894,0.14118019853388963,1.1083953358935419,14.977943874467243
784363756,1,179.97056687149615,0.3868447716987431,0.25921872454419587,1.0835529694741106,22.791571019605485
784935951,1,108.26020277018203,0.3390963652169182,0.2896685964627542,1.1269589838926317,24.864991894248895
785079844,3,162.04651834529028,0.35788412376104717,0.350210508419674,1.1990192491680758,28.166403233538176
785209471,1,51.25734724395861,0.33030622721190345,0.24054121623164187,1.0914458424360054,13.22446344571335
785463469,1,122.9858186961084,0.3692424161255304,0.3170601359294085,1.0616856791132954,23.628360419835467
785739315,3,61.341826682509904,0.35576955259426946,0.200332767192121,0.9374785528042996,10.061888800164166
786535870,3,193.81505059600525,0.38646773367195336,0.2954730246824734,1.0662934783210438,19.07278961519743
786832504,3,383.7170564131531,0.38160711356960514,0.2716911794863798,1.2713286757247748,30.913280602106028
787172285,0,291.1190749668746,0.37453827297463055,0.20216839049986024,0.9745151837852031,14.171213730951846
787518160,1,8.722731651729944,0.3305054570444566,0.2495174603430975,1.0841159250038859,14.401659426892234
787533936,4,206.44949033948404,0.39476648782070395,0.1948837374664878,1.1035632076465753,18.7446038534591
788080561,4,102.99703248869855,0.3560467840143772,0.255951324857387,1.1451936126304967,17.59645197437226
788688131,4,79.2834045829274,0.3723123615649704,0.2951343721361252,1.0211136331690078,18.30996883650395
789071222,1,135.41092883966448,0.35303887952402097,0.21219058095404358,1.0641997213146581,12.341429009457144
789164013,3,78.80208660384214,0.36617214950463134,0.17353060839445056,1.1945046230021186,11.250258785733973
789200912,3,40.07762132422568,0.3886696547572261,0.12708024590224326,1.2704620764298635,14.176259898424169
789216614,3,46.95115888137835,0.32817953887795337,0.38357594347325,0.9430089367992187,18.431492009601044
789218686,0,99.68572823894455,0.3497384981193252,0.18311385994869608,0.9875415297259689,12.008631565115678
789469220,1,80.41568420461714,0.35685967806361485,0.1615934146522637,1.0587710647714754,10.295337105235822
790220540,2,181.2505280905525,0.36605691792408324,0.2517143211992757,1.1913701775308838,22.819021060622838
790422297,3,32.34221523962384,0.3529912173288981,0.1873577882442091,1.1104694939693847,12.105575683794967
790707240,0,151.5656855298813,0.3423194207719053,0.26070876208063243,1.1254705572837334,21.408066027367965
790828475,3,143.1307977378072,0.35009188091841936,0.20587339168860835,1.2406855423136522,19.878203279105396
791518570,4,250.20743757265873,0.3670893689764214,0.26444769986942707,1.1457691147471907,20.090786433531047
791544306,2,56.2599639363099,0.39791319111356727,0.31885114620017424,0.896661210175096,17.683508686172846
791643770,0,97.51323813617887,0.3412803247644045,0.24035071183000656,1.2084280967092855,23.720246850691332
791644318,1,96.47088949729466,0.3560297234072335,0.25539937886705516,1.187189724642915,22.275322849955593
791901717,3,-36.11612125952257,0.3223297754481926,0.16117251014821926,1.288648725808432,15.142049056909954
792165329,2,39.67756847403323,0.3764297200414625,0.19297319238647298,0.988223773839549,12.009308085302743
792850218,1,-2.7870405302198265,0.37722981492143287,0.20462221274591819,1.219188826082365,19.682916676227205
793023871,2,79.40331555831912,0.3901385571573953,0.181340634421856,1.0587515195805066,14.028255499452648
793067604,2,93.51173839731499,0.36158827137649496,0.1988441348905185,1.1454046113708152,15.750527418723172
793720253,1,148.25970845319634,0.3425539550518334,0.2726450095425902,1.1479194264964405,17.65364157074081
793830629,4,33.14909875936364,0.35672664634208096,0.2765470241100764,1.0330584824599023,16.164641649010704
794214898,0,41.5654050091402,0.34511976477052125,0.2564344079873951,1.0005623543219622,17.02719700251017
794405907,1,149.35825844383248,0.3582136131113685,0.23742917802452312,1.0981685323849755,20.976203780924866
794427257,0,-22.176428036015082,0.32867615590320576,0.11153632953379553,1.3071236219475013,14.525798085991518
794510468,2,169.78725443936753,0.3720718012069493,0.22046384135637315,0.9649820992689274,14.89951783831893
794641374,1,189.1680590412161,0.35048406193319737,0.31220214500764454,1.2066685730922322,26.602851185562272
794995355,3,103.58323045900306,0.3660592088576211,0.273144829863278,1.2731659908078767,20.952669449942334
795727494,4,128.31149132247566,0.3779797229303247,0.22388152682177548,1.0618287409728235,15.539569290079577
795837749,4,198.6825582379444,0.3777930110695832,0.2158543539011002,1.1235708024628415,19.881810719737555
796117252,3,180.88436013192478,0.36011210350840767,0.2944869610260484,1.1916531116634625,23.65399196817429
796744400,2,64.98211005821244,0.35440723082748443,0.24641634230486148,1.0890560572226657,18.069687201861633
796832411,3,332.47669425357674,0.40262793109359823,0.3359552688523695,1.0236212622141236,28.099685807120476
796983808,4,182.30077703948757,0.3871064690906443,0.15795378752222294,1.0072943135790398,9.503607428904967
797241563,1,-95.31466017487145,0.33554240362779403,0.23632606234650771,1.0695746688024979,19.917094155186373
797481672,1,238.79535792148042,0.39925388019573316,0.16230396656823157,1.0403743579176499,16.949125302096714
798215988,3,182.73827160914573,0.35814302642961643,0.3381131260992873,1.345219754304375,27.742719390099644
798268482,2,167.00850363759898,0.38109611497675555,0.18773540490591076,1.0468534345256453,16.62211739166669
798438482,4,88.04519196592213,0.3516605399101092,0.20117462446186263,1.0783814806679775,17.284481856721072
798454930,4,171.59091203935614,0.35463695986949684,0.19939196570262635,1.2971029744806395,21.96275447561245
798498386,1,69.13186313756597,0.361840201436539,0.22026258398578255,1.019119771732743,13.300399400447136
798869032,4,308.9076522261521,0.35782049958821943,0.2747875075598256,1.00899968253546,18.391242316490334
799217349,4,38.413084561753635,0.3330025217978791,0.1332510957008594,1.6684805721271063,22.852765424598637
799283066,3,-0.48471664491037814,0.352236048611982,0.24638153007606564,1.0689248034594245,16.16382726634552
799636548,4,49.48510895347973,0.3523208622593384,0.2929446945015408,0.9889710309314482,18.385029362096773
799690401,3,191.28744990240142,0.3645471609559693,0.27679434031939243,1.105112923099254,17.37151179798773
800089698,2,109.32002273577406,0.34155935518345537,0.2574362753383015,1.138257552428101,21.870679714691452
800130991,2,163.6135246637476,0.3598558186442154,0.24808696173896058,0.977816796314714,16.937110483332223
800215811,2,70.65792574815559,0.33194871586423286,0.25711873877339914,1.1442722277944544,19.417211444657863
800676373,1,107.42187381189518,0.3530310155579902,0.23518672705042462,1.1395506256279706,15.999033037819629
800838483,2,78.36700379628736,0.34156454702263395,0.24872219574219862,1.1197748579561673,15.17427221424008
800998431,0,147.08836776432082,0.3508901301971651,0.2101659805528285,1.1883085599620604,16.933467012725334
801063364,0,40.57867285815887,0.34886872304594047,0.20698615299013756,1.1039299591355474,15.12537239270078
801330021,1,83.18140314769846,0.3494872441314988,0.17941796123554382,1.032552106743585,12.546052917684198
801675840,1,233.1036546463881,0.38102903011216965,0.2672948174437718,1.1279508449077755,25.72428506395848
801689933,2,-4.612683537030719,0.3675483960841435,0.3034465002116456,0.9558676286098263,20.928833525435493
801852409,3,153.99156589093016,0.3838880543560173,0.26518826479172114,0.9493938929289591,14.389054146663236
802299717,1,178.38856281482254,0.36652693894594457,0.27424528873007153,1.0638014412307277,23.739140982518418
802360891,4,-7.786970774089241,0.36619192823388036,0.3325936604242213,0.9285662188540609,20.954509037243994
802506538,2,43.101232014081965,0.38244910091636564,0.2148449798299787,1.103610020629427,13.829875485768568
802993859,3,46.199123143609924,0.3739397018420868,0.2452176990091906,0.9614703730749995,11.372440026548702
803106454,3,70.88878059783387,0.3399933275959051,0.20043613318762032,1.054910195399965,10.100269545685233
803775586,0,64.4064891240942,0.3978296365138938,0.19972397100373118,0.8200127947699037,12.791948819277774
804037111,0,55.108013310738166,0.3595544393433869,0.12843484856566853,1.3027751515994546,14.837895282429718
804149832,4,235.82517662716367,0.39211224678768214,0.1649781412108571,1.2140426023650739,21.142509995594125
804322446,0,50.9163233451044,0.3672519790964457,0.23292812880406707,1.1015819641758386,16.121121846665485
805227128,0,19.21740751293926,0.3561162706215562,0.21505268006637604,0.9930581015132378,11.295063666817144
806311584,2,87.79602152291707,0.34225113906980525,0.25296980222331766,1.1251641188867514,18.947314883412492
806397458,2,21.609418282291912,0.371545320747153,0.26456851656480335,0.972027725438925,17.523248300189316
806790733,4,206.9387195123386,0.3713317631715254,0.2483217036056401,1.1424970102372551,18.610877997823266
806978622,1,3.880197507759007,0.4530023558722816,0.19973240881135337,1.2040268721579317,14.391638212779323
807387712,0,167.45361641941764,0.378566407821909,0.22168415049611423,1.0356819345470873,19.268470421538126
807551839,4,90.9350184314892,0.3851728407613984,0.22688942722939306,0.940626412469734,13.92245229806013
807875474,0,139.5668324118577,0.36172435231331207,0.22645659351764647,1.0627872967698373,20.704554127171377
808029389,0,223.9099005322571,0.41001162537298286,0.1989177519179482,1.1146365495913264,22.815372861735536
808269149,3,12.688817300858588,0.37456243166555087,0.19504370292050316,1.1513934351259496,16.635583929981525
808476294,2,194.24862779847984,0.38689168563242815,0.22591089674501647,1.159816332989989,22.31845831188999
808488658,4,234.8326637651009,0.35919150982201636,0.25372442678086615,0.9819874747029411,17.183426123451707
808582678,4,242.60178298750964,0.3455133905584967,0.2554178068497622,1.003871920160345,16.735048589936362
808879247,4,162.62292704212206,0.37295239726273843,0.23958593701018494,1.1186954320173796,17.488095705763953
810134797,0,77.29963585781721,0.37456660897635913,0.2370486893202307,1.0348082346381076,18.28777290228393
810221803,3,9.521522538476347,0.34565648963622353,0.26866139253705923,1.0191702234043243,17.28887508808576
810464372,2,180.8139896173464,0.3852301877367953,0.24692254042952438,1.0393276639857043,19.545487724718868
810570947,2,137.73899134915726,0.36301761105595837,0.1852664652729341,1.0480036968060475,14.04641747962798
810716859,1,150.90103045663582,0.3769753583209662,0.23783374738588461,1.1017142468602312,21.308944679192603
810767754,1,3.863214652759268,0.32735702058065735,0.2571651947707218,1.0483731547456876,15.543231357187747
811102498,4,115.70972956368462,0.3624433038256224,0.19261107207142686,1.0341952430246757,12.502392486044851
811196388,3,188.80168836255137,0.3793299910168212,0.20194388227928933,1.0033842430273925,14.694699038519348
811299446,4,100.11764135593177,0.32999475204043,0.2796162718009519,1.006947175152135,15.391194856221032
812075542,4,261.92389583429383,0.35442367831345895,0.3041237840402403,1.0745542810467055,21.86119464613325
812088904,1,223.45789424807674,0.3807324475039812,0.24115138435453992,1.206991523856851,24.753487728912017
812162763,4,-6.12738604696851,0.36452481462152925,0.2874787230998122,1.058461716690333,18.8858126008541
812270433,4,161.00540233171367,0.3769321293903797,0.2472587307058667,1.095191834678829,24.103592060596945
812457901,2,113.70771354141928,0.34351000230753903,0.19739818707936294,1.0539434821577252,13.485872031425933
812618019,2,89.6179831731154,0.36465342696154535,0.221259180881574,0.8598949579432951,18.260486050622763
812811097,4,260.7820246174996,0.3571867582739464,0.25048286575191975,1.0766123003393662,17.81084173447808
813149599,0,156.78497079698838,0.37651171583350296,0.21084423174288908,1.0825775966263071,17.681898463840934
813214787,3,249.5878518896998,0.36012010945410033,0.22633907936170228,1.01125916420211,17.850663296917737
814144401,2,37.97129965835887,0.3703113016072564,0.20587652873292195,0.9854788483281636,15.507190083048298
814145084,1,178.28644804046868,0.35975399049145595,0.2632353834427001,0.9684629753375886,19.363116250930176
814315691,3,-2.5854871470018708,0.3411326912925245,0.1904487208618207,1.089952246302341,11.275365768458293
814898102,4,22.578665950019598,0.374743950993797,0.296182969403793,0.9568581958556697,19.908426664761883
814967191,1,245.44292882407703,0.4011317622906603,0.16452606386663765,1.0296747162813196,16.929819924611884
815036763,4,-36.99397698243692,0.32433340418391915,0.24824011174569977,1.09854868177894,21.785944369406916
815051873,2,63.117762459889754,0.3593060932304173,0.2663544618488246,1.1645358632179008,24.464892536465534
815588093,1,72.46915243182038,0.3369513258917176,0.2899107285374864,1.071013683599204,20.93145591974826
815998527,3,-19.909415702513584,0.3586519051677352,0.2032256110139986,1.2137063907910113,15.394986848118222
816208987,2,105.95789164247739,0.38684338324189355,0.17154280686078213,1.165129719099966,13.607960139828506
816499147,0,55.98538582097497,0.39303391131209264,0.2925569803503255,1.060878036598336,24.77609680015621
816523902,4,63.18283342082348,0.3379528590256574,0.19603857321412,1.1410220031200098,13.45555093798879
816594704,4,-25.043872092578752,0.3261146309739858,0.1286416124300489,1.4319477282291053,14.571321228050408
816699374,4,55.28816828391428,0.3820347224863223,0.1883657232537333,1.1232252432538923,13.046617153976133
816729790,1,218.90015763598893,0.36296107018732193,0.28899420061454795,1.0634460622740567,17.380946722512974
816767607,2,41.70332143727634,0.378377102545676,0.3772036609865155,0.9119103122775544,21.395689207873644
816771422,0,-7.3775367652377355,0.367437573413821,0.29044985670040246,0.9525842526767644,20.12003949438286
817102906,0,38.15802517239114,0.3317394680298914,0.2407708643249623,1.208878838280517,14.81038667424168
817179455,4,3.0193863751521093,0.37984913040446555,0.2807877083158054,0.8948344347827756,14.358638391008839
817222485,0,-6.62539046298933,0.4048520205857153,0.32137310635686644,0.8203301735173151,13.57380419190611
817646682,1,56.0742323304173,0.3478628604300638,0.20947127417360972,1.0679191516356363,11.597774370285627
817764960,0,122.07221925688879,0.3488722109672533,0.23039818221495834,1.1833000303425851,21.88364878846279
818720899,4,43.285174540733294,0.35237092947439486,0.22772405786208783,1.116167402367448,16.63098669642977
818853032,0,86.230154272482,0.3523025394797231,0.21160175296167114,1.0207705298649077,14.885158086548353
819286039,4,444.28352323559875,0.4211535831914446,0.3375944995482405,1.1012885196504283,25.969485834039723
819429551,2,282.27765840394574,0.37219649139981803,0.2142074420924178,1.1736670554340742,23.300644338089214
819812613,0,200.58330472000262,0.3641307092207843,0.2649208386685021,0.9968024547849005,18.750226507811675
819863073,2,226.28736553741356,0.35255854077586063,0.24327316839978536,1.2156847673883435,22.378640746619794
819957053,2,127.36050905577663,0.33449989528136903,0.23641516269701637,1.0491856787902152,16.24442951361186
820067576,3,86.30741659623635,0.36276547551579347,0.219807695909077,1.235818513832375,13.741076083114235
820073046,2,199.35550466707966,0.35281724173200185,0.2546567029853546,1.157000808643863,22.70593803176607
820293105,3,-21.828738440553607,0.3437722017730239,0.2872108026732517,1.0936991612231113,20.32391911048608
820510299,2,168.70908233599243,0.3344832871328365,0.2386003336338921,1.2117873710573452,19.420799993649666
820601696,2,282.7854827207032,0.40543552068893957,0.26197517126491904,1.1804243998114758,25.49476152578594
820692130,2,142.63810772576278,0.33341812825959366,0.22564415855874695,1.1857353328594062,15.125431510891453
821219964,4,75.37836336127708,0.31238519189913766,0.2219171759340135,1.1843208080066863,13.245070330279084
821229257,3,-23.590940523902972,0.3399651342178169,0.28010276754792446,1.108780741499562,20.238986684394334
821537914,2,109.83789292407188,0.35255005832176073,0.1929238159483851,1.0374893088484036,13.79578232035086
821542361,3,128.8268449569556,0.400570042265746,0.23037464275220051,1.162636485275186,21.81666934067819
821655324,0,93.942572549573,0.3683367569978665,0.23153857382036258,1.0725269365619623,20.287758130638938
821914285,2,272.2289384139613,0.39261265138772206,0.17441197551522075,1.1203979804799513,19.801672292819596
822072702,3,96.71515664633813,0.3456898418026428,0.2830776977011107,1.2673877516197953,24.40801894076347
822079361,2,113.91466019065588,0.28475006444429873,0.19101345563268252,1.334909223113207,15.54238102632965
822137197,1,25.87594941943877,0.34882605850463666,0.27228805829036706,1.0678492262803665,20.26897775687061
822757140,0,125.86072219239705,0.34599898786496597,0.21450874233054928,1.2275262641545304,18.987862965954157
822972602,1,79.51214025872082,0.3230163359663057,0.2652536613881401,1.1010450985884515,16.976323409661486
823244753,1,171.85745802346497,0.30200176192166445,0.2788508794702006,1.2255596853544792,19.06803682286743
823634116,4,218.7750423508321,0.3778856299220641,0.20279493007543364,1.2215101625766236,18.376976519322614
824512000,0,27.861721131707313,0.3503231145760414,0.2370306781369252,1.0626864860358933,15.023085047596382
825127348,0,373.1138122297485,0.43255315972662733,0.3508563671135983,1.0685109401465864,28.36802071390745
825973293,2,188.44799745310354,0.387198665673196,0.20813290405748566,1.0724301606172895,17.394672208309302
826258963,0,68.93679517483278,0.360602271724931,0.22581047354982675,1.031065256283483,15.329175096688404
826441672,1,159.01620362840097,0.352050460073012,0.20793501718704244,1.0567681776223834,13.703568135435422
827035363,2,63.7321459217218,0.3390851247032054,0.2591815040914581,1.1070910589182839,18.224914788562412
827086896,4,260.2516801606158,0.39087682050523403,0.21193393643355685,1.1972013132291621,23.704016914107363
827590818,3,205.57507325307515,0.3755949787115706,0.3102047397411687,1.1837452169310367,26.514818449899174
828069066,0,129.8028342772564,0.37217146756317,0.15751857859122062,1.0618258622898558,16.003175729847865
828078901,3,184.475725652651,0.381053776577954,0.26289436330432925,1.164338382800268,22.705168526506533
828636202,1,211.56535819320837,0.35836391208721885,0.23849689753418166,1.1247247577151747,19.061280285482965
828717601,1,150.41072389104698,0.3493418704447949,0.3387636796170322,1.037313691089265,23.605750157889815
828807298,3,265.33848260876084,0.36656366075505803,0.21742703214309278,1.3313016897596348,26.876450339706317
828904716,0,22.54182486360625,0.3393737055156146,0.2632985008530484,0.9730859678462535,16.613599942884246
829968625,4,59.75385820448966,0.36330188268159597,0.18083377619008134,1.1345514733911928,13.782643383843451
829981361,4,98.30339021908581,0.35174176327672824,0.25902140178284205,1.0944925481947279,20.591757051532714
830475899,4,25.13289958647114,0.3269607510329168,0.2677877750381346,1.144025868686781,17.20247860224658
831848484,1,-67.68674061220918,0.3519746529146405,0.23774305569056028,0.9793934380856648,17.928408243548528
831990105,1,162.90575887903844,0.32155807832789984,0.24333889270868986,1.1662682381844591,17.21634008898026
832112945,3,61.930060329344656,0.3348898167163731,0.2777991905132703,1.234608159598006,24.359152802111144
832174357,2,16.069407516022352,0.38096514294532274,0.3301894362195813,0.932085252497726,22.13649809662416
832267594,2,139.19452877523088,0.41792663397651353,0.18809291985683874,1.0642620727906877,13.089734888357235
832293069,1,-5.976974702986126,0.3410093517332943,0.17621134800375848,1.1941112945735906,18.289706734933205
832907527,3,259.28582296770645,0.33441731552104564,0.23236610380912143,1.1746019827897187,17.98133189949359
832948495,2,177.63936535216467,0.3573828637142333,0.28643773270902423,1.0679321401016442,21.613486998880635
833018953,1,71.07597134160996,0.3381741173283219,0.24936980053083485,1.0447390814913255,16.152902022347643
833673959,2,-0.5374201840427162,0.4289369400725185,0.19306315307799732,0.896914958852437,13.946201078688727
834012774,1,88.23958327610698,0.4211521948442919,0.19029827663172838,0.9382658887394675,11.78473800483512
834236236,0,254.83393872236365,0.36497473557048665,0.22362824690940072,1.012737224050318,17.145006853947542
834328037,1,86.04108014827112,0.37045560355541673,0.28169870389942286,1.0835549089065564,24.308746792696255
834450099,3,211.8498037905385,0.37549634535631315,0.21864163330692055,1.240475813000486,19.97290400573059
834642680,3,130.99815472218268,0.33950221511972317,0.2081800037180173,1.321811325244418,21.47031917890288
835449661,1,39.61734129647389,0.34315491228097006,0.22894222529738356,1.1232550205454082,18.92684474245665
835465429,2,26.01852671651055,0.3699373314233305,0.21956149725156843,1.0054195546957987,12.970503802036632
836337726,2,218.04335542666996,0.3695627006065534,0.2257084223113206,1.2542395614828896,23.11536411607875
836390884,3,104.19436138784262,0.37081304360636663,0.28517432920072017,0.9388273868464907,15.668403368145178
836759737,2,-32.4516942372325,0.34564040072832136,0.13340728655134992,1.1781054146158523,13.749127562037062
836965269,4,100.84685184039178,0.3331032389120518,0.26781017441905164,1.215594798146608,16.60926145606897
837296086,0,123.87675689255272,0.3481002248824166,0.19364569637037143,1.2559343953664006,21.645285535558912
837351512,3,216.72755959400422,0.37380186943282656,0.19640775822357287,1.0034097262524875,15.128362575137444
837417544,0,174.95733229519993,0.3375533545455819,0.19514169692685712,1.2451694968673404,19.500910967407524
837604570,4,-10.064734214532777,0.37732403152371957,0.28131140679278693,0.9635906323023212,19.197281831321977
838168073,4,112.1113802777431,0.3249471135529367,0.2162852611625918,1.1438094807331536,17.616223135585308
838352971,1,196.2483464939228,0.3461379720487331,0.28176009619937226,1.0873156270996231,18.70660453325618
838510907,0,168.88238995023193,0.3732245555631792,0.22530082733712867,1.126064504928691,20.113174262101616
838925791,0,67.48930461805097,0.3658449511126196,0.22814232575306845,1.063419056697784,17.46181888782247
839165953,1,70.57570919558535,0.30886236240302006,0.2406573050631205,1.187980889662336,14.033751303114721
839183601,3,-27.586973912123426,0.3334952990359305,0.2097359390236816,1.1280806317757288,17.24073564476736
839463211,0,141.15777633137307,0.361474738427372,0.21094717658712314,1.184582592593013,19.218909071979006
839630987,4,77.88301632648951,0.357629408874215,0.28904085636704546,1.0821433094393276,19.28579403800602
839752989,2,7.764162519785003,0.37167829170838007,0.3162579922092377,0.9427933965459396,21.27695007757847
839878795,2,174.88722042654987,0.3845573282476723,0.23712151814280422,1.0647922564929115,19.808287234937232
840186031,3,208.0305545238719,0.38734377834598904,0.32516527792242833,1.1148977594711724,25.305185225082752
840194928,0,71.49608627972074,0.3749066839915098,0.2766014716975599,0.9474006255144857,15.11261997083204
840303746,4,93.41902235503528,0.3322490799065728,0.2542882098411914,1.267596848654366,17.669516624990912
840698807,3,13.920773922526308,0.36753671351391226,0.22241623252662057,0.9316577292049045,13.029256910630714
841055334,3,328.63625815258354,0.38885207452013115,0.26821225335286575,1.1680653322003103,27.969643832745625
841072650,4,51.31299521978201,0.4064696134204293,0.2896716801629116,0.9185115706277627,16.91374141805042
841081788,3,19.02559165527454,0.29948389615028875,0.2626523558388956,1.105984837833453,16.814707111184855
841226784,1,98.0299188839133,0.35001954916533184,0.18442618508089992,1.0681937223763367,12.222091913655877
841328550,1,306.75412196584386,0.3702263262123983,0.25334792766183717,1.2319610466096034,27.271750571085136
841576889,3,229.54553422866508,0.38356373053148457,0.23284583851651533,1.0737895265537767,20.089327578420722
842024022,0,91.19161110960236,0.342483897669437,0.15827925436985332,1.3819916119551798,20.141139898294206
842148313,1,243.141623363583,0.3738892557655475,0.22271678322763222,0.9612727675663764,16.794662673268775
842167683,4,253.1464621250821,0.37789065251909354,0.22342049918825324,1.0494738477397993,17.279358715639166
842432665,2,30.52917559879795,0.3642068243637934,0.26647656378140944,0.9520901995468085,19.703007252642287
842879180,3,87.1539645903803,0.3526933012149052,0.14834750318386097,0.9963231908589092,12.500018997078016
843120215,2,121.91235739977071,0.34974038142698705,0.2434959429871483,1.0985505353940712,20.40486107987558
843575922,2,56.04272895821141,0.33758368461208316,0.26236647699489823,1.1406893247611887,21.55165821074751
843758383,3,332.3003043367612,0.4327057535300178,0.2124091581327792,1.1342055837581906,22.488756497104475
843894109,0,180.76091886021754,0.361277172406785,0.2506434881841904,1.0266502366476862,18.274347860125452
844100895,0,16.234545474711524,0.35242165548585164,0.20949602700039482,1.2536406538898186,16.699595697638333
844147775,0,20.23828598953081,0.3786592193120658,0.33397842559837465,0.8918627964611786,13.928842119945763
844156595,2,137.00474580417378,0.36734207627651727,0.1909248381172674,1.0820447403483933,12.060127198443313
844411055,3,221.8531565934682,0.38271370061680476,0.23634727486178553,1.078159539712734,20.645448384847608
844805086,2,382.9866575833549,0.41699716209915094,0.19538154996075313,1.1409544524234254,21.480344644158173
845322563,1,-4.6708579501938345,0.34547044400427773,0.31955529401959903,0.9644612319734309,20.968691147031446
845810761,0,194.2458045507296,0.3862311319254553,0.19378738087534533,1.2493238272780494,21.46109012070756
845873232,2,221.8441503096244,0.36027602774944434,0.22813589205083656,1.145319112310426,21.290913160148346
845994024,1,209.55421882536245,0.35181716475404456,0.2725379908271379,1.2145870113000021,21.168444526753543
846108255,1,103.70261207874158,0.355466860170207,0.31295586786345875,1.1360342406606552,24.978037196709842
846390932,4,201.81458003013125,0.34841471056758117,0.27184173812242723,1.0276597197035593,18.460158672475494
846455978,1,226.40470648536507,0.31052412495125,0.2506876591157591,1.1465916557816997,14.889374988196067
846469607,2,217.1690441520752,0.3742986914647855,0.22608334236302682,1.1350428593797233,22.117180883358543
846662171,1,107.94129772970423,0.3518576428563651,0.26100774611255745,1.0997817434777144,19.74647875252119
846740244,2,130.42234827878738,0.3342546597617162,0.1932532312270036,1.2360779316500838,16.253815956577146
846811981,4,210.8840267292192,0.3577239990829457,0.2685585331740295,1.0639866545745988,18.794565047866758
847044135,0,84.85589453186057,0.3225681876398456,0.1904045474957328,1.1844006906559785,12.663214796190047
847356042,4,29.961687160552486,0.351222958137791,0.28405447459291744,1.10999199338077,22.451006465798972
848025633,0,148.57158604307514,0.3753487789136268,0.18667019412009273,1.0701952424204717,15.018014621089288
848202218,3,37.068830273836404,0.3603685024172207,0.24420542815971186,1.0232785120753825,14.320270211433025
848295596,2,154.42424636297247,0.36473539720111087,0.24936846479338204,1.071807852796594,19.1828219770516
848393860,3,217.36253656879506,0.37672864026921743,0.20106256464676134,1.0174630387135681,15.858052240858575
848462258,1,30.418602618173367,0.3620253157045359,0.1678632878509098,1.162057941919273,13.95399472636819
849184713,3,91.90540116023564,0.42724561684765366,0.09810695275659068,1.5751154091487634,22.484858183595314
850250800,2,184.03218838017983,0.3884254402612554,0.1849297133630575,1.0783959090344255,10.771678210748888
850843223,2,301.1072398797891,0.36663430005543246,0.21420121318010238,1.1755190635626935,22.756035089403863
851867509,1,35.70199189208727,0.35761622371149776,0.2052597115568366,1.0339693778578942,12.941062145312214
852036166,2,142.1593409864666,0.3899535978866588,0.24388888487687016,0.9851682064049903,20.161607768116994
852138859,1,86.76604854943464,0.35733414758472193,0.2770072310052196,1.0774460934046635,19.163088994430005
852180145,4,80.09845005755123,0.37155355601455786,0.186835923436924,1.032403686054979,12.721640154214331
852184111,1,139.77957867394923,0.425484634666764,0.21916732555944113,0.9513023921998419,17.686073578218732
852432684,4,166.13497726223457,0.34534505766951795,0.28815662705733314,1.093403133461602,21.35630873672821
852454383,2,203.6161342721793,0.35618072078169666,0.2385779518248206,1.0187810647216902,17.791176438044197
852757055,3,207.86293065140723,0.3610666032335961,0.24352722895252793,0.9554070075468363,16.081575493710336
852866777,0,202.0202975666291,0.3950045169879249,0.22342681316686014,1.0563362355734305,21.48231269358051
853471397,0,16.952598054970906,0.39842772096877627,0.30068531025136014,0.9220122291352568,20.4563507448511
854050780,0,12.205121241842278,0.35024943111866197,0.20630897414220442,1.2851628359400429,16.553191977889856
854325702,3,-52.891216597724565,0.3634842140935761,0.26516971048341836,1.2279343341367706,18.699256690278
854626537,0,214.6748877001503,0.3686634629355776,0.22214835230700386,0.9442277752961311,15.723644991888161
855265813,3,268.75932451369283,0.39814767208882657,0.23573795361933572,1.1535641526562797,24.207486790514714
856310175,4,127.90441183303217,0.3743337169918967,0.10473055964828251,0.9428761181151692,9.786753512238485
857493941,4,40.51677129918243,0.3429460217872594,0.24938078888223109,1.063278392868451,14.11916032202635
857690226,4,16.947412081697323,0.3767437567056118,0.23419680845937482,0.9021869314194054,14.922302783522536
858163366,4,67.18729643351706,0.3488974608219032,0.2765703297546333,0.9395514870613492,16.61717250870384
858271129,4,128.31805592046868,0.3533314928695991,0.279654837237263,1.095748728343948,21.053580894507927
858364876,1,165.95659852289418,0.3642042603762489,0.2149309864360987,0.9222113771489118,14.296548905382434
858663171,4,-35.38050297517651,0.31441683675895027,0.232536656717638,1.1721574081109087,22.229878308087244
859360973,0,198.48861537298893,0.3447697329671546,0.29663765598600156,1.0262759206451517,18.58577879348233
859487043,3,-14.33934283841947,0.3419032668255516,0.22518905391740554,1.2379621234922957,18.433518915405294
859606185,1,118.56176848046523,0.3485024267314334,0.24742232033064526,1.0342279835433255,16.16145678059152
859644583,2,2.746170844371761,0.378298939012435,0.29521565614793854,0.9344819209757577,19.806486831883824
859659419,0,-27.640589735251936,0.41803060189757074,0.2224903253347706,0.9652645974417775,13.33405948997487
859939433,4,399.22922157963126,0.3642318754442123,0.2330043343034268,1.0093216346293334,15.924456024560701
860122882,1,203.1396460980789,0.3518375714036775,0.25470722408863267,0.9980083674539911,18.481266748151977
860336451,0,28.642214210328845,0.3547532144402861,0.23844719784014484,1.1755405435914656,15.808581027640468
860722279,4,-69.32665068506199,0.3743617852668556,0.12286156608694687,1.517409669730104,17.72790542066141
860898971,4,49.10319106018794,0.3388151494395261,0.2581890579085113,1.1545382137570142,22.20742740044348
861130931,0,-46.885282627039444,0.39622975370006364,0.32847950722431296,0.8661162073557935,14.300994758624539
861281692,4,412.71368882069976,0.40486259171857764,0.2516695754548857,1.1691550164808957,25.212894487940794
861558907,2,40.0609630151617,0.36389269725263007,0.25398144862183747,1.0928809986954724,20.049805050637833
861681123,3,106.44043475426996,0.3208879540955781,0.22025449411666545,1.2514496461543168,19.214548781957248
862321368,4,33.53316494889367,0.3838553170862417,0.26575837210422326,0.940775617859507,11.557201907433669
862498467,4,241.68901591713347,0.3778298850265518,0.2105986195881904,1.0489207222641905,15.102506923605855
862699408,2,138.0805001163562,0.3756220842796301,0.2306259051002205,1.0473082179046653,18.729068314853432
862879139,0,206.85717423398387,0.3491564129583538,0.2612880220373608,1.0266759265390115,16.662073916129998
863587457,2,59.62027999070634,0.31161920186366976,0.23833899490855578,1.178081832990191,15.12648701563683
863625275,3,248.9674538087912,0.405279544818308,0.19674049721755515,0.964314665942708,14.615019507761243
864305544,2,3.233099748325344,0.3286924753642839,0.1157933780767669,1.2780140837676888,14.2969994318831
864842890,1,6.650414434183958,0.36576357517721203,0.27341121394894696,1.022371223616273,19.395790050917554
865092427,1,178.13002110653315,0.37055557999300603,0.20986878539459292,1.118548044446478,18.410957828018514
865332656,4,5.578693096696355,0.37663053718032014,0.3253061754656058,0.9052498685111433,18.324728405187475
865769090,0,76.25944609872488,0.3268704122831395,0.1449183711942228,1.049525796662309,18.187391890501203
865858202,1,186.68302217311702,0.3538926515905755,0.2889532390619388,1.1912310434484676,22.817325812933273
865879594,3,62.82452758422348,0.3863428777800546,0.13562086528432404,1.2655543165463863,13.695855805349826
865948061,4,351.69231773105923,0.40322356426295664,0.31196540668119577,1.1879914018473774,27.644104325896166
866279797,0,175.35300358294677,0.3660266336106951,0.22827751113597386,1.0484908887628268,17.46330986049471
866677131,3,17.257723713991098,0.3775709693839248,0.26492237375938504,1.0041343506860025,18.58861250776382
866841862,1,180.44907447491238,0.3671045272663182,0.26987134291203596,1.048537424673839,17.446032323715485
866951127,0,2.9097326035053186,0.40980605119613045,0.23490909869045898,0.7822676638852046,11.618596375582094
867336767,4,212.59211636176695,0.3629558738962084,0.2529802644351298,0.9764786711621198,17.494428789367774
867393548,3,51.26646470047111,0.36619867088412544,0.36298132858234244,0.956516744691287,20.001885460688193
867402833,1,71.5063663519298,0.36767539793717785,0.19827673361290574,1.0441458399607904,13.176279154574594
867714785,3,70.6920156411953,0.3831462755376308,0.27128234006763025,0.8419125090915509,15.216420460045297
867758699,3,73.83993757919093,0.3868943534697481,0.2610565298381007,1.059601009674222,15.542305005703652
869392310,0,227.80305508441268,0.35286504427092097,0.22341153489431628,0.9889704359989189,15.888852945423139
869406421,4,205.29096335607173,0.39637405731535424,0.21704884822788179,1.0324278524764139,14.347836528687942
869708404,2,125.81949948958155,0.36181427504021274,0.20809276931318535,1.177415835597276,19.752606504267945
870443283,0,358.10715638159655,0.41771960185052853,0.26327044166784247,1.1128114029630716,22.13942637000212
870679146,3,103.72288583935449,0.355189793112941,0.34339021054992075,1.2750468559549286,26.395733925917966
871001883,0,151.27250582258634,0.32384489940642847,0.2213869841909782,1.1654320048873588,15.811067456229484
871245251,2,36.4513397959905,0.3595451392387566,0.2112149152878977,1.1749211252124043,16.61576106771163
871482212,4,17.15557681056447,0.36166717825322015,0.1948900498305248,0.9746904755139744,12.003104514124171
871802155,4,44.15762870278359,0.3520679756328725,0.2326087827107945,1.0443795889122807,11.808390551334522
872295488,1,60.655148066348424,0.378252290206588,0.20986478307744355,0.8687429657021083,11.856943173508284
873004206,3,303.40500347650107,0.3678559216921549,0.34227591636313237,1.2431255986334138,30.638072807551417
873238288,1,230.4765289906717,0.3266926848044926,0.2224014114533349,1.1261619300510575,16.270050783302082
873401341,3,260.2189523534055,0.39963773602352165,0.27367584183473403,1.129135324545004,19.289461249603495
873453731,1,179.8953938302196,0.3694103493563836,0.24027617224336376,1.0975406499462792,24.515313232727106
873632495,1,97.52122755337679,0.4447631166792957,0.19927589586363703,0.9758005480181174,13.966368877865595
873980403,4,51.562919074472724,0.3612363139209373,0.2057121746470764,1.097867108856239,12.74333317350719
874837683,4,132.68932110352483,0.3628029830070928,0.2518901210414263,1.147501376469377,21.174087374668197
875422792,2,168.71726823773025,0.37102406887815925,0.2558174947760812,1.1832223946120268,23.743116718768896
875480288,2,67.36331562790305,0.3598008507640172,0.19689449068709475,1.0723534979519376,14.384406033347185
875491202,4,199.6136246509763,0.35699392038004446,0.25356539593206245,1.1239174846712254,17.335672666378457
875508039,1,274.15599676131353,0.367314290026705,0.2789081748036085,0.9832525031349331,19.326127048549324
876188876,2,155.27314200644665,0.3750789042404318,0.2480084233956641,1.029273019247861,22.682354228191617
876238099,4,54.63054374568709,0.40625736290115566,0.28168670041237853,0.9268374050910773,17.407078110762026
877528478,0,-21.00002695335135,0.38336401761190797,0.3482257765308396,0.8964125909977534,21.427915996025252
877661391,2,63.10765724564834,0.3888972952584236,0.24022914871832798,1.0335102900112727,17.24164010769311
878287974,1,191.21312454736056,0.35561664494341355,0.2830956667278502,1.0321501241068036,20.184419462135644
878623302,0,121.70878741348375,0.41243649562756196,0.20705049351778387,0.8154461874339917,13.656594393419937
878851923,4,138.99006043478718,0.37327038138724344,0.26125295609860355,1.1438577346151253,19.890737673431893
879566898,1,70.38455479640662,0.34072921658987704,0.24139060258013117,0.9841888754450747,14.008474360596136
879855559,3,92.08466576499471,0.3595831342716478,0.2999081636840727,0.9596598265789481,18.025315742200647
880146863,0,164.0874120671614,0.38009233846331253,0.24830242411960274,0.9921984728272789,18.5297739985999
880265803,3,-1.7416484752544648,0.3463163363940319,0.19223702945981522,1.1964865075943538,13.486818412383041
880356503,0,-17.521487568026558,0.307118903270298,0.2269941570644681,1.323717920955488,20.949681173422313
880710416,1,288.887696836264,0.3663431372767187,0.2609659584059691,1.1909847707902708,23.758145791844264
881168754,4,232.84687448990275,0.3299882029507292,0.2923518895705665,1.111368141454005,16.912248941671624
881173814,0,197.33069788772366,0.3629564117004996,0.1436344549239318,1.1199398895001633,13.661660535721364
881250244,2,304.06247926558746,0.4055668082465103,0.19949096248356007,1.1475697519744257,13.844305174421452
881286368,3,201.39237389909744,0.37055986415877484,0.1404799959893917,1.323676618155259,18.967574091200728
881699959,1,297.0959492439948,0.3810901939024179,0.21210783034271194,0.9492003207123559,16.61089268633816
882038181,2,92.33856965029473,0.406273195973312,0.14584302101890478,1.0813651794919714,15.284633049280057
882891483,3,210.79700988172715,0.3716230055406977,0.20215157521849525,1.2472538245515867,18.604789343253344
884131140,4,85.17467023917956,0.33562438722976434,0.24064758501012118,1.2020877820674776,19.20740282192851
884364741,4,151.58037701595362,0.376028520745165,0.22368152990925105,1.0145694965299596,16.42286773167655
884656805,1,96.0564806297564,0.333307545560917,0.2426087510728368,1.124667086046721,19.909793687052236
884758912,1,276.74398600477025,0.3815243616944662,0.22497829794142296,1.147714481380541,24.821361111735392
884792716,2,156.26594200453923,0.35880339376050485,0.23679471429821486,0.9748010676373645,16.36425755973724
884979712,3,84.34698799207024,0.3710785755874432,0.3408732309421289,1.0364775264382007,21.435301642699034
885328080,0,42.577991839940395,0.30075325877386455,0.20191916986057265,1.075643357377433,14.402795086284716
885496474,2,58.47828905108177,0.372396098433679,0.18812514538086225,1.0925664874921774,12.64873893289542
886026826,0,39.2007999063064,0.429268652121678,0.38188286874141053,0.9520030715287494,18.86302646442202
886271093,4,62.96192127150658,0.3616006737650788,0.18570510468047513,1.0441221237449458,13.487001072185096
886386910,4,29.931869844089334,0.36152989771430233,0.27163182120657214,1.095470689476027,20.02297719169619
886529018,2,62.44180501141488,0.3545608893675102,0.28564009480079977,1.0460696991072667,22.268123354792564
886858918,1,46.54702874821291,0.3697389011538598,0.22360336137865894,1.048281274133572,15.793996949137439
887026171,3,8.014851984240963,0.41401011335890747,0.19404005124258383,1.0627547963868313,16.043576407280618
887350173,2,277.5139247700833,0.3783034110576114,0.21622321765184999,1.0059670676251184,16.021305823318226
887653372,4,274.1571099320288,0.34236628603913494,0.245797276429898,1.114595869939393,17.132838122450448
887685066,2,127.193522085943,0.35655409218306533,0.21277290860254128,1.1325735390823137,18.76395067133571
887804615,4,60.647077073252255,0.3434639127751569,0.25622896974196446,1.1391883731519505,21.3598872198696
888408662,1,210.85471639661694,0.36636246857594207,0.2785061204118071,1.1301535200455817,24.896129745206707
889509807,2,282.6096248648107,0.3679824175253363,0.1901764000542559,1.2118419114003702,20.221504946351875
889670641,2,142.62302450665345,0.36709896237881806,0.25606856736828165,1.049431325200577,20.682176635693533
889893408,3,190.36249859466386,0.3576438445443868,0.2560372771340396,1.1881208587139205,19.267674032093687
890037112,0,86.99130812292898,0.3387337086791015,0.23044782228547897,1.1343305557085663,14.750040320616293
890273694,2,150.87366065384927,0.38074382018357156,0.16902198103037402,1.0796341144844823,14.092107825846636
890286804,2,286.40763911834296,0.37351646989915316,0.21680859895136778,1.1641432300459196,23.2074891496825
890297179,3,-41.660764577275785,0.42587907172759865,0.29157849912650147,0.9718156772820098,16.98579008700131
890414662,3,215.65840952927,0.3553706184677235,0.24779475923434371,1.3053961003807613,24.446854259944615
890512503,0,89.00349773134084,0.38878964133874794,0.1794815144193147,0.8526700141883548,10.742392290950482
890572584,1,57.475637739146045,0.3889652187998892,0.2416312824627625,0.9335152357402997,16.2704310501496
890993359,1,35.169811871588365,0.34741090263050534,0.21368803709840867,1.0778461718714072,16.8752085400894
892241258,4,166.84124906286843,0.3182314250588736,0.2578888502074454,1.1235874017982397,16.896403501198147
893298020,1,21.79716889004486,0.3735749831824451,0.2512664584019318,0.979301412016116,12.952682384761506
893952822,2,108.993846427029,0.37948221491613343,0.19313239889016348,1.0143214471609705,13.791717693868993
894220698,0,205.4213057897605,0.36623738771794095,0.23488248013964025,1.2122657089933824,20.445656261904574
895111852,0,-12.85379072189751,0.36216093006765143,0.23087783928689828,1.0730605943012415,14.212741503884256
895255248,0,110.95547955046244,0.33255283981486616,0.16292434895543578,1.2902590629705997,12.821768549122933
895257711,4,84.60583601392511,0.36854142386815963,0.3191055638496297,1.0635481934827045,24.98659282138304
895302963,0,-52.60920100775253,0.3654872208470795,0.2352088209178502,1.0369970488873912,15.243679764796267
895368318,2,200.86961842563858,0.37528521172281826,0.2007991089879853,1.0776290675141573,16.200953596291907
895465907,3,22.825711969977405,0.34945069934184914,0.2978854237630039,1.0604738552627644,18.80824046037879
896186812,1,182.5496854586521,0.35438332814723117,0.24533859909127628,1.0316650632365298,16.8113441890264
896500717,2,50.96424841983228,0.3396528637910596,0.2589850726124291,1.1247117975225593,17.688985248733346
896516520,1,159.48378284706587,0.34599501142904376,0.26628658372488,1.1270097705759032,22.824644848984565
896836306,2,57.69185244824942,0.3533792708724169,0.26838591939067974,1.0865941408753026,22.419118754677786
897111350,4,23.957328590132605,0.3674588950169386,0.2931818314778518,0.9879486183584588,19.676547710107833
897856664,0,131.41050943603912,0.38575582337564435,0.18766570241354585,0.9962147830375343,12.710333595718195
897919146,3,31.266089755451887,0.35591627291598377,0.29476516353996546,1.0567948927090565,20.341592648294625
898827717,4,-30.706509204140247,0.356223487316884,0.274826840607468,0.9858730831808119,18.517238324847657
899188513,1,21.540256216778758,0.35868564411857246,0.20625842489902274,1.0658103185813965,13.25527499283288
899991188,2,41.02248093225528,0.37963560812736147,0.3816378117524052,0.9081152462355873,21.48202331177381
900206396,2,405.66780416618707,0.3885336119436989,0.18055782496382572,1.0332690036053518,20.692187634383057
900377151,0,196.78225910856492,0.3663172811800614,0.24722971369990443,1.005516469431991,15.317350689047228
900477091,4,106.46917948122496,0.3582431705801241,0.179731609564792,1.1224589891550476,14.561028624286362
901091575,4,66.51235934533389,0.3522353472676091,0.2867727457338109,1.081847223619549,21.20634395118193
901146079,3,198.3875048517828,0.36546700621192085,0.3090496906731882,1.2112698143005702,26.14511019543675
901361482,4,26.488202740379293,0.37488995696482413,0.2674335806828858,0.9828129845688471,11.949966662504913
901629107,1,-102.1603533936593,0.32494098066753824,0.22557922693152313,1.1013429601497042,19.67437379598915
902068777,4,48.21330140351742,0.3577086443112352,0.3329334938833587,1.0525074201509992,23.06081526447891
902689817,0,193.72140562645836,0.37253941907731847,0.1932808189476497,1.1910724982924072,21.077335300281568
902705671,1,20.562920941498106,0.3573231650586295,0.2735374113354961,1.015306862971782,16.13096286773131
902763521,1,303.3879816039404,0.39811904724550673,0.2640456119855658,1.0719119846300462,28.257992044284897
903431099,0,64.75746048472791,0.36042006232143375,0.13502198597730802,1.14673655188125,14.145280190247288
903930104,2,37.5090437540095,0.375392801653945,0.3117423411559222,1.001757693727903,24.039887658967196
904061966,3,-11.491206922493404,0.36115479338952317,0.24728351076435132,1.1259842347001183,13.176419305213741
904517028,4,166.59551503291948,0.41541382420395606,0.19649456917545993,0.9997014577762339,15.778726247125466
904673850,1,27.360119040746852,0.35270867192383326,0.27157484267008014,0.9809895987021353,15.759670877580655
904679252,2,142.9043631659666,0.3782087908642393,0.24408843883900574,1.1461450063754404,19.344142882054832
904704494,4,6.298113505631704,0.3571269171443858,0.2324040649216006,0.9416875986819064,16.08336000693512
904791008,1,-51.04643144662674,0.3829184343827216,0.3594809333712428,0.9014929448597205,21.723828950734415
905076848,2,130.4733490916031,0.36749536797258864,0.16466553112944976,1.0962909071377542,13.18091779552951
906179701,2,331.50027905029015,0.40171083143990227,0.26264143611462526,1.0646426376136213,22.422019233803905
906210584,0,35.526785464609475,0.35788986606909073,0.1891168572058185,1.1656787797868655,13.483221987685123
906778852,0,84.87908286562997,0.333023918789834,0.2464482886216602,1.1690703078763647,20.91846037012383
906799787,1,225.55713341284948,0.4066381109543742,0.1903256979127383,0.9924873517767955,16.090830772313957
907119862,1,78.7971950396489,0.3437396747592628,0.2518559747035525,1.004204244739542,16.223455806888616
907128555,4,94.05263709449153,0.3198902812181544,0.26856633387347506,1.231803101632248,18.808542172170334
907537660,1,89.8639467776432,0.325068359016666,0.18803365200934186,0.852622367950965,15.575977312647312
907618399,4,152.83759944627442,0.37764999702419183,0.19629306651226114,1.3757756825225478,18.561412528251907
907710212,1,157.17780133057386,0.3956398288505519,0.22897493071873798,1.0176772108601218,20.098272518253296
908333095,2,313.6266372776386,0.36637484703557044,0.23682687828229712,1.2661237339157778,21.812401032780308
908476662,3,187.14326234692845,0.3750612353787339,0.28406185547692453,1.1828400959255438,24.83092079035319
908638014,3,69.3433243062078,0.37758556943300325,0.33075212402768717,1.0872995637115035,23.138721068740264
908754108,1,-47.39620584345755,0.3252491968911736,0.1857577559964968,1.2282366663280877,15.89895367095108
908812975,3,206.45440371414543,0.4090321173469322,0.2607975235992748,1.049749834706089,18.816722391627074
908837792,1,90.88013486799319,0.351172372188261,0.3361035287066271,1.0084013704953014,22.517737384634927
909382922,2,139.46264588074294,0.35995625366161227,0.23061303522554819,1.201021884445593,20.024657907757213
909509106,3,-13.73542117928612,0.42063465133545314,0.19411856604972197,1.05659725580278,15.258080837966485
909673553,4,23.35291967920425,0.39563662179005876,0.2164350002972697,1.0567179398372215,17.61314477225132
909955996,1,121.27630802362499,0.3608950131779445,0.19499766221510667,1.06059477480939,13.560370993029245
910389413,1,203.6133457398272,0.3391533697571123,0.23195604583037616,1.0154214966527266,16.602355198987816
911111741,3,81.15797104528244,0.3540812847778729,0.2816178492082753,1.0235106775880944,18.055497870301785
911981082,0,41.5873275682745,0.3789841916458463,0.2080674174205199,0.9709913003186027,12.119555177844022
912214142,4,125.53290146841564,0.4184007254981658,0.23331899868456601,0.8924290050867845,15.513631007743086
912864989,0,39.14213700549155,0.3722241285466891,0.1525436815404634,1.045692135716367,12.997389471832054
912967034,1,36.91474581172366,0.37331675649382273,0.36515320112558375,0.934187971962104,22.036926084880005
913368014,0,40.27455159765469,0.313881092353337,0.18917858455022224,1.1232935309868337,16.14137314865365
913582816,2,10.562662572473684,0.3823195989498936,0.3083579012489592,0.9270940322189635,19.820499221484564
913768396,3,25.032129341943403,0.3342051288365945,0.25434806832189905,1.22415322119335,20.312990269623487
914204004,2,47.31339050093773,0.3974084532730933,0.269588709515667,0.9362166476707544,17.341592980659513
914466551,3,94.47015230970968,0.3566748738702324,0.183857358225256,1.0655384771524512,12.447985677376797
914573947,1,254.3797753900727,0.38241732372429493,0.19626678075756326,1.0396818218536952,23.96869778068144
915211571,3,305.73741269170154,0.40814228808446085,0.283761465736621,1.171043648519417,27.868410596529785
915222222,3,98.05577346562593,0.38616490740688303,0.16843149689041148,0.9978720737640745,11.945151976859261
915365516,4,331.8391098178622,0.37144413353075095,0.25662650399562703,1.0125952086893109,17.173791579409134
915411038,3,28.593354903777367,0.35423110524100754,0.3088474324299547,1.1496246378821748,21.79513272146817
915653393,0,176.43554665448778,0.38797343371430826,0.2197029151269626,0.9960047964587778,18.646188166391077
915714545,4,230.63076456318774,0.35948102791118647,0.23664024661130065,0.9864742555402055,15.721380943166386
915798099,4,155.29323793278041,0.37561806780060164,0.24389924555359965,1.096786169259474,16.65155118480836
915909655,0,195.3340551151706,0.3641278039632655,0.13047615071058963,0.9663946822184512,12.286253067549868
916135247,1,171.69772685249842,0.3453994103312005,0.3348771484210818,1.1412083202485326,28.237351073788354
916461490,0,83.9380007946696,0.35955447158919257,0.2331339378065985,1.0891224990072272,21.322200595386263
916566560,4,223.77583598095157,0.357181306514406,0.22579331575806114,0.9836016449191138,16.22450896877077
917149837,3,116.42846451835587,0.3552337375741067,0.29953413061018197,1.2915570279616038,24.05342446578946
917240080,1,313.486152068878,0.4084425585939143,0.2039732965140507,1.1169960400786052,23.84159492658668
917545259,3,-45.50774848578712,0.3503033721140494,0.17870210065290446,1.2987034142446072,21.620145703613765
917692864,4,42.62998301270362,0.3501110818107525,0.1346777757099196,1.7047420835076252,24.605621657351076
917837982,2,182.15587390230752,0.39516997101521273,0.24107011743432386,1.0466497945646391,20.7957666633987
917938501,3,-0.36312786816004916,0.3169517690407206,0.14476352939548487,1.254685539439751,15.184172352937777
918157319,1,191.24492700437366,0.39295267603221323,0.17529485523630856,1.073865857031874,19.7620271986797
918244660,2,74.87823283562281,0.34251910322796153,0.2600679357735164,1.1627019038961657,21.893310806144186
918773447,0,268.3870644604749,0.3901295136814613,0.19526174198414287,1.3040588699362807,23.371865749057243
919063854,1,8.331703888592045,0.38379502177852903,0.21765652925933424,0.8469359960981556,12.395377000527654
919712594,4,58.375842641556844,0.34747958813537805,0.2653592811937247,1.083420054515701,16.864967249529624
919768604,1,162.19528196453442,0.3615731065072684,0.2512140611745622,0.9621012534369742,16.751406901243893
920265814,1,193.35652573041617,0.36097921780952663,0.2545270143504454,1.1684288364537954,22.817069684899543
920561799,1,95.24132378782417,0.3953312563704773,0.21578573805298285,1.0524093472786622,19.735392340690172
920814890,1,207.50607991710933,0.3571837898177843,0.2619361217731452,1.1704962185473091,23.830312732452693
921026823,1,92.07053737186487,0.3845306439416984,0.20230920335431773,1.0059466242370658,15.705551679391649
922945428,0,177.46702476075075,0.3657644006422087,0.23717548076293954,1.0286447045156324,22.234819875387434
922969981,3,262.2202295884023,0.3718924209574795,0.3325826769765951,1.1842635549075202,26.932982773068822
922972840,2,14.416364016701436,0.33824546841666014,0.2034931991851875,1.1314799389540793,11.271755689155412
923029677,4,-55.72526953907675,0.37884394283093004,0.2381240192202186,1.0901121134299334,22.72161948676409
923105283,4,151.37805215863767,0.3863469578644768,0.23066580169381315,1.1149630293405992,15.331266983525712
923146158,1,38.824680554338066,0.3712162202667229,0.3780095957118317,0.9402123604433944,20.918182589556746
923568845,3,101.30123936169235,0.39960210960865716,0.27849310989887055,0.9858822367464743,17.00490535974283
924221537,1,320.00849172847063,0.435841184851256,0.3392667059802683,0.973466730882623,24.935793546831043
924258388,0,69.64999178331031,0.3362805910987594,0.1989938569757305,1.0961145756070634,15.70568573993189
924456640,1,61.61120695707406,0.4004898618953785,0.19967817200544266,0.8970479243749915,15.501329575430727
924584081,3,332.20101819419006,0.40216337238060856,0.21428495572644787,1.2461431674272596,23.51649615134763
924846340,4,314.11140808461005,0.3714556807935984,0.24920111424526728,1.019023472404237,17.409493600834754
925076863,3,-43.819536627392864,0.3990190813298692,0.3343115562665689,0.8002436669709971,15.702258311021126
925163617,3,215.5711900605537,0.35778321007181724,0.16737706977693834,1.263330427224034,15.507380185572668
925500331,4,188.06246872579254,0.37585004234975183,0.25450994435453217,1.0686591744736846,16.624066509215382
925984041,0,4.032458266189039,0.3554152020205462,0.2817588517068046,0.9863372716846355,20.34216477860736
925989264,2,167.920550088059,0.37794870768848254,0.2566807018194377,1.0985717355799351,21.409175377241077
926324198,1,102.26428668521278,0.4250832968708185,0.35229569238077796,0.9953285448261672,22.403536502388537
926346453,0,144.91273459518857,0.3266363937228228,0.24132297216258036,1.2339476469615374,20.94371700633299
926490158,4,197.95849181485528,0.4120244208112967,0.27018386912014697,0.9073917004100724,18.996756740068555
926565348,3,184.01590252897068,0.3698068734085703,0.29906450988266997,1.2223226395799838,24.73559330307546
926565511,2,30.986263601635955,0.37564948306352725,0.20741218037323833,0.9792994462642575,12.331045654505967
926851553,4,-0.8352265041530416,0.3812877738586991,0.1967778914366904,1.0715585309055384,16.000935463087362
926945718,1,83.05467147769937,0.404374597936069,0.360169440091669,0.8491086364798595,18.27605836012087
927050868,3,18.95768821873682,0.3495870429703516,0.2514800836962844,1.0812975366997999,20.434811772075523
927902684,3,59.786511931707274,0.3370793407134084,0.19605549062657765,1.0376019288883453,10.377149408388105
928008419,0,110.74810950024687,0.45462502675501865,0.26210459039592104,0.9442263136726131,16.47098771923861
928940604,3,228.0088974328798,0.3550622109048633,0.2542919275921877,1.0446119406602654,17.63070606979258
929171141,1,246.70439550760784,0.36593252211558114,0.2141493906864611,0.9761429294715517,16.0166417036098
929535825,0,226.29170044377003,0.3544719065102441,0.25374991366798094,1.086522452439379,17.552908010314002
930553513,0,145.29075079257078,0.3702581797026251,0.25135171094629705,0.9289481364516488,17.28425556154396
930567238,1,202.31879711428525,0.39671186940966496,0.23211067319002757,1.0936740475572788,22.286418818802794
930831236,4,221.94846414100755,0.3187975636825634,0.27887571843414505,1.190079882499712,18.33249397032641
931370343,2,139.65657782787935,0.3878685832396353,0.19545579388640946,1.0048834274659606,12.877089542789808
931521712,2,179.92233670998968,0.35302373297250844,0.22518067718026766,1.019402774944241,15.55267386902185
931723898,0,200.10406600452995,0.3714150839696913,0.2256148960446326,1.0537153381616104,15.878557170004019
931906273,4,165.34965851326865,0.36636431210730325,0.2718780208192818,1.2362084529470059,25.938199220673177
932177649,3,203.3267699573017,0.3775117832852431,0.25946636542382706,1.1540355129369317,21.355516548069403
932213408,2,1.6695518242592726,0.3931268747327173,0.31449615185264324,0.9218257144095097,22.96103979518343
932596908,1,238.68062636980056,0.38646745927547344,0.22473637409535333,1.1227215443888077,21.858443619549778
933005938,1,21.741062813352485,0.3399961987841255,0.23987010742160794,1.0778363512907503,17.247750861014524
933916766,3,-11.545827663780017,0.42169630458863894,0.28270533560938044,0.8731532683902321,25.40275644132369
934242824,0,82.93811609452558,0.33465493672046787,0.22253864319703703,1.2132267471008842,19.877770704312788
934350191,0,32.298086978165074,0.3315782497501656,0.19536568108733976,1.4228252441688274,19.80742487646022
934378848,1,36.71233656126064,0.3387304617744934,0.24926834449536656,1.1406426054353231,17.977462359688833
934720972,0,244.60918875741453,0.3600994028641611,0.2783114045084696,1.041172952696071,19.150422036585226
934750353,2,154.9902434818479,0.35593046283888813,0.23357035583236804,1.0114420268154731,16.208929217461744
935609923,1,115.11154649810425,0.374534136517962,0.17859292682349379,1.0057418201707988,13.489736997816726
935627680,1,102.00050832182835,0.37651428702540285,0.2115027340750934,1.0411678502560058,13.600513737693202
935941337,2,44.01738158844539,0.37929058477744687,0.3346293449834532,0.906186673922209,14.623712971926729
935965318,2,37.65944189563205,0.33548444439742087,0.3919507072166323,0.9035072855668973,19.028173399749942
935976337,1,247.82759866794848,0.3689319696795492,0.17805144576440354,1.2077102422588226,21.29818784789113
936348759,2,-6.94146067806814,0.32419177109216823,0.13565910256896113,1.3169355121576332,14.629298455668396
936419032,4,96.11397060836069,0.3489166231024768,0.2482230407663017,1.1235510534649653,20.51726382601993
936563267,1,177.8091473739321,0.36730732843805286,0.2936145918153247,1.170382338600338,28.56114605879268
937218293,3,-8.713159272756528,0.3605270860395021,0.20569720717339982,0.9855767830377874,11.031440376886602
937233675,0,166.08472553588476,0.3738513190793339,0.181632778482197,1.032780037949487,14.658829305563522
937312139,3,11.863706694900344,0.3690100029645965,0.2630622809956544,0.9921168661525869,15.796517245559146
937429768,4,232.68787468518644,0.3619913878509796,0.24653249938573216,1.2087605745226537,23.690056811596648
937600317,0,13.098067711680045,0.36742340015062036,0.22535963437117562,1.0359431398821746,17.590918381293637
938001500,2,182.79096966232296,0.383841974917372,0.22696441505335238,0.9161979692935178,14.618161891678344
938126554,2,51.51446377123135,0.41296201664354215,0.20728861887378575,0.821564681695496,15.238489746947392
938471508,0,134.53550645874412,0.3413265383782242,0.20593431029618375,1.2569018414956539,20.456090099306323
938632884,2,174.16830564451453,0.36217886280344075,0.23060869799751416,0.9449711337126883,16.393668681325487
938927224,3,251.0004678659423,0.3844421190028476,0.3321340049200024,1.110216484279041,27.060406445546114
939175685,0,21.79731266188422,0.37838476899002865,0.21819329426379516,0.9166011006852854,12.558284096189052
939569581,0,88.34975800958563,0.33268940796759433,0.22580989052886424,1.177611887076028,14.288472992860905
940363363,4,213.27256978291126,0.41082650263448695,0.2685272901871722,1.0120050373924976,19.651226816569718
940574386,4,57.4664889033062,0.34333982549432696,0.26014335784354015,1.120021694350089,17.864805422096786
940977758,3,372.41888135494514,0.4322547638039292,0.2540961317256484,0.9443445866380706,23.477304802446703
941025862,3,134.08600052619929,0.3721956958128395,0.2616481209188005,1.2224070254410138,22.567227672530148
941113349,2,309.2041343480329,0.3793500982060696,0.2565449952119036,0.9903850087923644,18.84438353149714
941524634,4,59.7805598443302,0.34536007835740384,0.18590996715033878,1.1015216473143832,12.553553019234611
941929262,2,150.653522969915,0.35625257558494133,0.2633125331875453,1.153374699488562,23.71356815731426
942234134,4,88.86421292097175,0.3562394212835281,0.19309849588936878,1.2472472390961173,21.567019557210187
942714544,4,270.95449201948315,0.38048307234348966,0.2372639221103711,0.9838613571819979,16.136893615238353
942731516,0,162.15269033221114,0.34171613041084153,0.25888544438103256,1.0895431245277791,19.993047899199993
942798505,2,47.71461837149425,0.3367476819747941,0.2583455267998284,1.1405271182715417,17.36071951221539
943239154,2,75.21930924885673,0.34311485960265364,0.2754696348684448,1.0986861252652327,21.653593950638587
943356153,4,80.89203845287997,0.3299226422711995,0.21836928439843428,1.0870417803341044,14.893036740682096
943955993,0,121.59728417517539,0.3847322125205976,0.1905091216753353,1.1740992506785324,17.895307186135273
944555071,0,45.952507564345936,0.3664888584248573,0.23396210867272813,1.1166978846707822,19.53384296536955
945028672,4,371.2182857726906,0.42812181463305216,0.2859530654369933,1.0484736325008566,22.26237095733472
945057179,2,253.8473909402765,0.405283300840537,0.23622310189164167,1.0374128162858942,18.985023897759998
945096755,3,270.2472001877767,0.36864634403106034,0.27834620494167855,1.2945111246686376,27.91996285226439
945247998,0,141.52426904798656,0.3621156385943021,0.16733050905728317,1.0107336107131841,11.706664165677047
945652954,2,43.08768831418928,0.3551281273783442,0.10800595337068819,1.4214098848509307,16.240703629217716
945771244,0,39.47914210469718,0.37230037733705257,0.23165280168188418,0.9380677093039713,13.39281944370179
945861213,0,128.65993512584322,0.3461917425426327,0.22292801010295552,1.2007630787324386,20.949580010888496
946366980,0,36.42067879962881,0.2907053582424647,0.2329534980242519,1.1642881399737037,14.193721565524923
946712155,0,194.9032248821055,0.3579278731253685,0.19700493822318033,1.2009682510371213,21.531723128540005
946893976,3,140.37604491553162,0.35041464337054856,0.24057249205819803,1.2349661122410924,18.9930495540889
947147165,0,209.9176792171,0.34520563714244223,0.20091086633921057,1.3351890726353544,17.673496307326666
947769028,2,201.57380943578258,0.38710246964189643,0.2556331669325645,1.048368388347927,21.92348392332306
948546936,4,112.44021681225095,0.37449327647328223,0.25808377726816634,1.1006922069504548,19.346599230648046
948650769,0,149.48641561933132,0.3305670857761057,0.22469115659055325,1.3184511216346015,22.716054471158433
948765285,3,72.88806676483027,0.3712953572795998,0.16964757684675827,1.1828965039588346,13.158777290869965
948991314,1,54.986188626388774,0.32967102724561187,0.12590581270448245,1.3889768803220812,19.48724714604932
949058568,0,128.35548509270657,0.36531335907652396,0.2449214230915866,0.9621140462720529,17.25214481816828
949058569,0,1.0864910927791414,0.38325346645005093,0.22708630300703536,0.8978741732269793,14.199289098089585
949132343,3,-41.847951695060004,0.3462019406540036,0.21747089942875636,1.0513729445455606,16.061627200167056
949159115,1,235.20274871492398,0.3709218581189273,0.21612858519365696,0.9619779606309398,15.621241184433453
949343034,2,201.01554043209381,0.36371640397001836,0.24432502245405763,1.1529003632354173,21.332143866496658
949719355,0,178.97173819421712,0.3835968197887776,0.09618466922629693,1.6800720073036137,21.482134691745053
949756192,2,184.4451796695966,0.3510515556714168,0.18961299921636657,1.2989703600608795,19.12383795388543
949789711,1,85.34551352092852,0.3664742990955555,0.22239122717875073,1.0359607474229393,17.259800756605685
950036559,2,88.08800456729861,0.38142127004017273,0.2556335565740404,1.165661299436056,24.35126406599054
950252228,0,170.18201501555222,0.3916130894571232,0.10790783610720203,1.7383275972934102,23.664755054887493
950647553,4,41.623855646769655,0.4061594266204894,0.21217736433973158,0.891640484014768,12.9828777949093
950692936,2,40.45601585379418,0.3429923207243617,0.21561234008710298,1.2469443877281257,19.772399795023624
950984280,3,144.78814136075874,0.3800186144939666,0.22758515157931933,1.1864099658300442,22.65239718686535
951030953,0,208.02927497061467,0.4108957516213224,0.23177990285447933,1.0045986359247505,19.611853098960363
951186365,1,65.85423312898689,0.3559071720696138,0.23923332253753238,1.1541824356933692,18.873257460482684
951464832,4,40.199509357735224,0.3488519207479691,0.26962747013252375,1.073880446291986,16.45347296755825
951628759,4,-8.665753350961793,0.36873258709056594,0.3041009620042185,0.943802921652767,20.981332871377834
951639938,3,181.87639305954218,0.32759750514817965,0.15751846188112584,1.080400567194491,11.886098725927226
951662507,2,178.28994447064534,0.37433046638108414,0.26318192804046797,1.0797636164644329,19.297175845878918
951933381,4,42.2976829975888,0.37870368955656997,0.22502657786929597,0.9266443106022926,11.1872731431889
951940704,1,298.6620256910279,0.42656501829539506,0.21256849163806824,1.1267329694878905,20.94931088349837
952029062,2,186.41467236120235,0.37855043665026833,0.24093611421222916,1.1155762721602887,20.594940240985697
952776097,2,170.49323590357847,0.3744283476088022,0.2419167438114413,1.0780986498404885,21.257078508429164
952804603,4,159.04853740647002,0.41432363279566575,0.15422064042680678,1.0303201185251725,16.070602556875198
952898097,1,172.52234174316771,0.3430630788477062,0.23235497408797173,1.1521398959663645,18.565057751016173
953208758,4,265.21256207026113,0.36765868161451565,0.2706341903841056,0.9647825163471724,21.53130839388342
953356077,4,114.4489627681093,0.38763567705906626,0.172767346581006,1.3872751265492607,22.063793605657633
953833723,2,158.7580912971615,0.36068479813579246,0.26846188375904173,1.002408891054409,18.281105582358855
954090484,2,133.85631371174398,0.447285903676381,0.1827884337825486,0.78350205779423,14.179427931078617
954258008,3,-33.375810361686234,0.3278277189028756,0.1194947342978093,1.4872661435923542,13.852849282492782
954755494,1,7.9417841330813275,0.3547064580024954,0.24048911579772306,1.0862323306602661,17.633714372824407
954781354,1,264.7637062982838,0.35574297031784397,0.2803339624283164,1.0591315082915105,19.267475367170668
954804864,0,46.7043448203198,0.345390857050185,0.15516749450453318,1.2684350915306364,15.63740856151571
954903716,1,73.58559542657858,0.35146847569296213,0.2849344204671282,1.1150064733041745,20.960826814942457
955200653,1,-0.4555088854679781,0.31905319893957274,0.23762010477815834,1.1582456348231505,19.546148675136788
955951687,0,223.2256589295228,0.3358464550684824,0.28200850961181406,1.0494914774117954,18.712132318421165
956184132,4,132.13993640061392,0.36511215055859386,0.21900772804290883,1.1727003256971222,16.32856992049784
956462664,1,247.63517467669695,0.392525845718847,0.3443000795212252,1.0829510049053706,25.21426806886054
956860993,3,13.041977976355454,0.3648749383171797,0.21093790371858326,1.0691424667834422,13.929994882979626
957017762,2,196.96716780022473,0.3926329848959967,0.16630414176714453,1.0581834387554945,13.484770005357653
957944731,1,190.44006498777202,0.3602528201434447,0.2174728932131549,1.1273129832075859,18.879119188094723
958448882,2,64.30344997357972,0.3627437720162454,0.2590119033579063,1.0660529692348866,21.381360640419647
958708723,1,79.11770273401599,0.34128408511651454,0.18608868272230983,1.0347629186820613,10.517805874081596
958992897,2,45.101403186641434,0.34886471751271336,0.2252994492669004,1.0827657257233931,17.720030849644743
959078750,1,11.082728540046418,0.40689013693824805,0.31900394778958924,0.7986823526503802,14.487496450392616
959788863,2,36.403418021608054,0.3751525401528698,0.2018741796540105,0.9119157734740819,12.106110322568378
960238804,0,5.403354662780103,0.33503874421383556,0.14346223469604746,1.6613970500577975,16.29411995448018
960557401,0,187.12320848598017,0.364226020656597,0.22091341240033424,1.1643003779740073,19.97549039517515
960896880,2,59.94145964402029,0.3611654591806282,0.2862660764076518,0.9814455465404668,16.56479281473125
961207214,2,40.75818210568142,0.35529206292737936,0.2739099665971391,1.0780682730539022,22.34341045521353
961272139,1,176.02844061611964,0.35872209810259165,0.23916979251345694,1.0358413400934978,16.110680763192473
961432489,3,142.74647150295482,0.3339118133811536,0.2243272969194974,1.1184524747189806,13.737634462489677
961504352,4,80.26588127792542,0.43702739032320836,0.1470403638444975,1.0633525283780259,17.44803645102194
961636865,4,88.93831215541475,0.36442827006603845,0.08519319279684692,1.526953901553055,18.555687624935565
961938708,2,141.84591996744268,0.3498002883669011,0.20222832328641724,1.0235956622948905,13.672289379424946
961980503,0,26.92165496818135,0.3481271877502539,0.17501743743149703,1.0390549900274917,13.133779785047425
962173929,3,167.20628420970104,0.3810601107423928,0.25645934427179284,1.093316275602941,20.217209268297943
962326024,2,88.24777461692779,0.40953215788620057,0.27869636931115416,0.8772797370464593,19.681265637740616
962879741,4,245.02217518001066,0.4037700905088052,0.1806508033697009,1.3821143826458182,22.856550959712184
962995886,3,-17.263446684428573,0.3388350083514647,0.24901009712513042,1.1951708711238833,17.402342938598885
963631367,0,197.58333992943284,0.3599358006341081,0.28324510227880145,0.9677346833829212,19.864670985384645
963881444,1,44.084884109125134,0.33340914708945574,0.22636470060196626,1.1366303693008541,18.814738212042577
963896306,3,-50.41872439025312,0.3589054177979404,0.2532462744697074,1.1205910125276661,17.871093283572407
963961682,3,223.31978530029926,0.3831654936324818,0.19094471961762324,1.077624977032042,16.023521887608144
965296987,0,230.82654026911064,0.391225598776175,0.1433756144387631,0.8916216863850243,12.025863469509822
965501269,2,-24.928518221027844,0.38009625567196587,0.13964627001192856,1.240131070562708,14.887045248792107
965594112,2,77.78694415276122,0.3705207990857887,0.14713454638789042,1.1443094892697778,13.938335910839434
965608760,0,72.67944747901426,0.33744734108515545,0.2654606113181894,1.144154928375937,22.81150767902272
966245387,0,221.81071357563098,0.34364346400690426,0.2248034636062252,1.2747203369064672,21.17633693603967
966864975,0,356.75576935301734,0.43410495687847556,0.34297306478591116,1.0956925049785133,27.9024165588122
966953045,1,12.61510968370331,0.38403113029489594,0.35249790675048176,0.9243722487019108,13.27724711915505
967532674,3,10.164082943403017,0.38351166276088755,0.22892624022023444,0.9300619708238943,13.672892418230026
967548475,3,129.0229618142786,0.36571817026331305,0.2408452999156513,1.0013986154437438,16.571639839980364
967673328,4,259.34082843869305,0.3572344851576674,0.2621611766115094,1.0381437441317916,17.962938011249836
967943450,4,267.097135532934,0.3403060983832131,0.26177470841963113,1.0914798741011384,18.007080403434642
967962139,2,69.05228689396483,0.3436437423637273,0.248728741718994,1.1389103355159758,22.318058284227185
967963503,1,128.89285632849317,0.3578690482011837,0.1675559747962781,0.990568742058559,11.615064377850464
968134863,0,106.39170444573655,0.3704154274935991,0.26177093257449324,0.9374162876494911,15.298331718089175
968431878,1,210.7535711289369,0.3427627107954811,0.31423572775977837,1.183865378750133,26.116454765549435
968537124,2,153.14473295235442,0.36377134451059384,0.23301825961412329,1.0744589235049937,21.769887786488027
968666725,0,161.5502342095346,0.36664579960076593,0.17590649234385247,1.0571135302634205,12.303357551375463
968949443,4,510.1785243479078,0.4768345509352399,0.3730868702063218,1.2805723175165622,29.830890147860348
969077485,3,97.10683580177596,0.35083530804531204,0.20736094485212048,1.0402504139350643,13.511724598583854
969180408,2,99.59046008462597,0.36215963274026775,0.17731659117582543,1.1649552831112102,14.985852917216878
969338627,0,68.1716492026958,0.3700964445942918,0.16494522454449245,1.1561300841789626,17.04195864773669
970030032,1,-96.20516854293982,0.32337495106886766,0.12459477259415452,1.5249576120971926,13.566119401735104
970285384,2,45.74407107531498,0.34107735315253346,0.1737389693662969,1.2334173441352765,19.94933849312393
970455714,3,-16.302428983851215,0.34331985932117814,0.23285163890666666,1.1479160242865039,20.139001141616124
970503486,0,187.30425042378607,0.3323133000560461,0.23850898504830811,1.2248795364694653,19.32180574168941
971170976,3,382.17776040574313,0.3931414496630441,0.24508757327541839,1.1224430559883682,26.169040478744947
972068859,2,37.91684001382293,0.36737133325838006,0.28554865179938593,1.043429747753108,22.52061602413624
972337368,3,-6.139022375720145,0.37259946793349774,0.24658906018793644,1.0136718973370233,12.471791456244297
972362080,0,-29.491474448917728,0.35336614767383073,0.2458916936048487,1.0214702181265227,14.731515691712149
972393663,3,146.9219749500988,0.35240598087310293,0.21897700423127062,1.0616117942489671,17.860192919789338
972435079,4,3.088520101083631,0.3238397277311965,0.2589657573293179,1.1351596828664305,19.886170531075756
972454148,1,230.50599671732758,0.3386248413925268,0.2793511934522875,1.0677507295589306,18.86105260470054
972522646,4,124.98560682479678,0.3568547513516218,0.2194921778693053,1.1408487102696996,16.10743485640294
972638379,4,232.11662200897104,0.4055627790781297,0.20076763237923112,1.09183704056206,20.150281785260276
972642110,4,283.7038407592249,0.37623498193194743,0.2414417452443528,1.017811920515766,16.911339182652462
972695180,2,68.72160223544327,0.40793842819249765,0.16080724437737948,0.8997722031589203,15.044582605246461
972818761,4,45.76032563960791,0.39362798946147753,0.19933104978210608,0.9697286401437544,15.12356595087616
973091046,2,45.89183779202097,0.3601197553622078,0.3389576898607688,0.9617719363278331,20.451498009658444
973188497,2,195.35018431709278,0.36693075568601463,0.18299239320178357,1.1824140479981498,20.96020310418243
973722160,2,156.46488586665848,0.28081642159594555,0.23734838112278656,1.267277478828064,17.050031175057725
974102332,3,43.967072441497606,0.3526390530868539,0.16411478407816046,1.1961282765649217,14.575950279173423
974171598,2,-0.7463471839897124,0.39057083334463766,0.37164237676429424,0.8844467696440141,22.07834867156228
974543233,0,173.78552745393839,0.41263307322463366,0.17940964146905478,0.946714075349013,12.193407697135195
974608076,0,200.15147501813473,0.39809455730463994,0.26163047722866906,1.0026692928809564,18.927181200485087
974829630,3,13.201370319368749,0.34472760519899937,0.4210135780677278,0.8921103693795777,19.797367314015663
974951002,1,39.629476618104775,0.3558427151009999,0.2309672409274031,1.0120915770955636,14.201039498859856
974977615,2,79.5853111450093,0.354877471442339,0.24270569789882396,1.0700240827662244,21.764617227031035
975186441,1,72.05155227148094,0.33787284722777283,0.24205449505008872,1.1696443669235417,18.679123469747964
975316837,1,32.34842873580884,0.3572386717364845,0.26535034438998095,0.9867710324974412,14.367864179320069
975372229,3,-20.644293512009952,0.3658644945910798,0.18664902487810647,1.1522976513758192,13.048821856325603
975391754,1,49.67261273991803,0.3339521942201587,0.2517962921772637,1.1176936803761328,17.909185943840093
975529928,2,310.47081278015975,0.37765805791811435,0.2307369071003567,0.9973084524405853,19.949758577884033
975679689,4,130.42591307032382,0.3572339077072969,0.21321004137518043,1.0993771219714967,13.224775051321163
975874706,0,42.191325634597426,0.3690322756814524,0.17058803457431465,1.2167198786692863,14.75508131048445
975942451,1,191.2427505608203,0.32677572940894994,0.21357200235229695,1.2166281757930908,19.310045593945354
977134165,0,209.13492418276695,0.3787526846755042,0.2267884079256962,1.0603845280881226,19.583262797941476
977446169,4,-12.750570407891388,0.3849899303035492,0.3749474529025924,0.887597659728547,21.80440827088067
977496062,2,74.37338243594242,0.35365585194183413,0.2728065514368642,1.0979981846056146,23.04445503428495
977560848,1,201.1614963382752,0.3725721094600189,0.25525332403805473,1.0013564548649794,16.81990785577465
977724395,3,42.507572827137885,0.3522865584876196,0.23363732083816302,1.1140176062410565,13.905247638618
977861855,1,117.2017501244888,0.34291919687515676,0.2800048313366839,1.0819209811490564,17.19317053679464
978144128,0,74.28207597788825,0.32490940152592646,0.2147376431276308,1.2892642341092233,16.419570548524632
978251240,2,201.2553663287414,0.38050461461940116,0.23574166957986165,1.174175430161313,18.899894891122567
978860750,1,218.76812006041808,0.3632878788729347,0.21916857222714778,0.9567476176670324,15.840577982546934
979011291,4,71.85850777267851,0.3677260498794386,0.2817172682227768,1.0382431339685037,22.189517683897886
979179304,1,44.711139253397405,0.34235401797127524,0.2311626729920997,1.021329204029502,16.190429899119263
979211683,1,31.211461218814037,0.36274930074234274,0.22765025568741873,1.0097595947072406,13.177892651964054
979410672,0,33.75326095136815,0.36643531381669125,0.18605258231567554,1.0579229146087274,12.847401366229697
979464287,2,265.7195663210208,0.3674775822034206,0.1998708191088152,1.1797379005496298,21.297247860045385
979533481,2,41.01973421294805,0.3796636962283042,0.30440774339153587,0.9553894426607689,19.671780023572015
979588845,4,120.00966095839661,0.35083588146585554,0.2517275468558488,1.1565605778176145,20.91681553266361
980179181,0,124.44411982443748,0.3961239838746134,0.21292260256882709,0.7419757572423454,20.225430677392975
980398576,1,206.1928006864414,0.36367820079858904,0.22714262125092416,1.1913342036233754,20.96467283131249
980411522,2,43.54641078456565,0.3945708406621594,0.3274923278896077,0.8781300901096918,11.701269513554958
980661216,4,58.621376077579974,0.3474401557766923,0.19109446498828409,1.0288892505497815,12.551841910483597
980673012,3,139.62907036571727,0.3955996566401964,0.14435683475974803,1.127904230527883,16.83333648547882
980966583,4,-65.60388625199238,0.3474500596611439,0.2508617991620649,1.4160812201496207,18.282536961605523
981778956,0,84.42761146476568,0.40831982768153674,0.16254938318784523,1.497174878066486,22.772806652629495
981880572,2,71.05035055288302,0.3411357559650059,0.24557867801614633,1.1457342706798879,22.229030400731407
982011392,4,148.9081876803252,0.3840929684435662,0.26787139510672353,1.0433424287466135,22.740619156144234
982052578,1,48.13640303419226,0.3771101522443993,0.20338767097851018,0.9059855872265938,11.226904254135096
982081375,2,333.5293246856904,0.3738676513870437,0.25558769527064085,1.1004911223398097,22.07569389187808
982170716,1,57.58932723603368,0.3545223357244112,0.24667430212890307,1.1022124253463197,18.354830837258056
982392154,1,29.7193508761779,0.4100548874900235,0.22106425892787562,0.8216023360881193,14.08208987180045
982448073,1,-92.43428882351222,0.3354000905875435,0.23375864350189257,1.1049510626404977,20.389999891153913
982641733,3,50.92335624580185,0.332553231608101,0.25162210116412204,1.1897170912216755,22.538276416521995
982644871,0,79.26919598476907,0.3400299112437755,0.24206267740596848,1.154664728153422,19.53779797820119
982652113,3,217.71472843603672,0.3880589460233555,0.2620449104474255,1.1000668226011274,21.411398909309632
982823848,3,91.76877998711807,0.3635303693398321,0.24687942937387822,1.0974453714784445,19.69164026219984
982899341,0,206.53041369000658,0.334183832665429,0.2906201664935258,1.0649917057988598,19.809484335584447
982900215,1,126.20680511239026,0.346293082241471,0.25298277301159194,1.0321385668525478,15.770970342608171
982959217,0,188.12724722833568,0.3712397402356504,0.22325078768608667,1.1021971920682878,20.21294760768053
983140270,3,170.98704172217165,0.37202532191631715,0.2626150563672989,1.2414861292463475,23.06035108628554
983336786,0,113.80093435466807,0.3347579154922944,0.1683487447571848,1.3105780741681154,12.752838167542702
983359271,1,163.30501755597817,0.35658107675334,0.17281069810974214,1.1508182609106339,21.266722327807013
983408527,1,41.3908921716942,0.34520590341612695,0.25563267136463724,1.11412926800898,19.022506105536554
983924337,0,45.5164531341506,0.3610743919707068,0.2646051393242437,1.015714282779337,22.652484598269012
984649058,3,27.5318751278501,0.3677258443092611,0.35624546602840457,0.949930821893589,21.334709471901256
984722345,1,62.575074663457826,0.35055195774167675,0.2666399491172788,1.1167447601584575,20.41905977373572
985031681,3,59.044234431571766,0.3524405623160136,0.32339738413523794,1.1772304022706166,24.937049435216025
985113271,1,64.8096787243247,0.3376852703152027,0.26858673432050395,1.1221292681666943,20.708428748099738
985128268,2,238.09644097634435,0.36959512383046356,0.25083113541466273,1.1178814969312194,22.013585975807537
985248291,3,248.44517930054744,0.4033225540311873,0.18491797811606514,0.9656756402394422,14.614773015458969
985685560,4,410.6973186779659,0.4191982350521895,0.3309385832230134,1.2848435756800374,27.437217548846004
985716101,3,254.72793424293866,0.3821654537339636,0.36940567308187605,1.1363413290038462,27.273967058353136
985931014,1,14.688079834315289,0.35563424980287284,0.25947668672974766,1.0487089013566468,21.709092577893937
986199632,0,69.47988153553463,0.3200814878443365,0.20202554515850568,1.159193432370985,12.162626094017682
986628745,2,54.01417841048872,0.3487803680536831,0.2672884468482109,1.0624347743381597,18.171968508824932
987143129,3,37.71623472003927,0.36897401554756576,0.11037993768466037,1.445342725858262,15.047264753367651
987280139,2,218.90879581520585,0.38029152511781145,0.24743401761088762,1.1649272071893904,21.042595152750888
988391543,4,164.4119272052808,0.36201519503068164,0.24148996141719245,0.9919510426303385,15.579259437010045
988399583,0,41.891419239241756,0.4261169829046015,0.18931097715860642,1.0590405611344178,16.37903139059995
988455037,1,227.34164564923856,0.37547643567723094,0.20701626905979348,1.1191193483513717,13.997137554941098
988551958,1,-45.374157876710825,0.4112236227155861,0.21586619003622196,0.9951658859492858,18.487521678715584
988557841,3,277.6248420873102,0.42646741354098033,0.269832727007853,1.0439030124318807,24.5286727505036
989355394,4,16.190487079398153,0.345207854763656,0.1923213356338362,1.1623825051852668,16.558931650900075
989396731,0,163.1806242694959,0.36724287805369044,0.2825332362863723,1.1575222269044423,27.424960356039207
990486279,1,286.2831534312347,0.39869753048468815,0.1686385907681105,1.1130115466437118,22.568527737558256
990726873,3,100.6398072400973,0.3599276390083683,0.25513248967619845,1.2854710848658286,20.326690526355392
990755656,4,179.6434510666881,0.28476386701620326,0.28534551915333156,1.2367414390069662,15.829143890675242
990844091,2,232.07588997176913,0.38224091999753523,0.24496586997019848,1.139964113673466,21.35048998196803
990921781,1,67.39985430426009,0.3251260620300759,0.18938536431556613,1.0657487900870564,10.059587906700798
991150899,1,162.36222178036107,0.316923719070482,0.19910844756776588,1.13165367985794,14.413746048731305
991486562,0,34.610752580518394,0.3939157624396991,0.23750073358238913,0.8144181128309003,17.668075405155967
991497754,0,175.17473648615902,0.37814567888105427,0.24776031287913505,1.0119239048823765,22.970867968222485
991575324,3,258.87699924686905,0.36934015259470787,0.33110182909612956,1.3061477783123525,28.04014195571148
991645843,2,312.9062236685245,0.3754119008454812,0.2138216990379986,0.9678328505708508,17.345171222531874
991677197,1,24.664567318769343,0.35074728805793437,0.2741227164152378,1.0591929398142284,20.29044363439263
991734116,2,200.89688215802147,0.3745870993860885,0.20772880604667313,1.0764321612437417,16.615381758751766
991748625,0,325.1417557654659,0.40335018651831217,0.21907959544321173,1.1777464720483262,24.154473483480796
991749301,1,49.97847890492612,0.3564701993951973,0.2097985934054516,1.0303237341258733,12.491553623308675
991912273,3,76.06592654827178,0.3861543081572484,0.3240118571277991,0.9219226848407804,16.265419711117925
992359277,2,10.757889885999418,0.33485586613333607,0.1626050026544731,1.0719124212809232,14.362942989241338
992375016,0,22.230766500556584,0.33491640362714054,0.23653462360041516,1.1899550912417565,22.094002733916312
992491355,0,149.99208107900336,0.39872471200469045,0.19516107716831563,1.1284987274182032,17.786126139511975
992696585,4,24.456496868474844,0.3940380734309552,0.23047892249534868,0.8910757205801709,11.5722218258342
992902333,2,222.48996166594952,0.381573072174995,0.19957523474399225,0.9673146703100108,16.394964819006432
993287384,0,72.53554698550053,0.35234412761186346,0.211303688700142,1.0865333279092844,15.415228480918726
993495758,4,271.4902848662241,0.4105191734288278,0.2612743055399378,1.1325076319663985,18.858494297589992
993642509,4,95.98508132695481,0.3359336075417729,0.24026431519879013,1.2797081343576142,18.164711274297662
994147149,3,130.57450823504016,0.3587629860341696,0.20301798747660768,1.1983224133465809,15.883985986049739
994176414,4,224.44605264110527,0.38284536336644553,0.2194376439738853,1.0422567690428484,18.3681179318455
994235992,4,150.9138260480257,0.3629338077904332,0.26118778917868163,1.173908778370356,19.78878550557958
994355655,2,182.19565046709,0.3995800009634425,0.2504421936211228,1.034911185401161,21.566370648758156
994657756,3,-33.39741812649612,0.4044452016539898,0.1963273588902282,1.0423010643044661,15.649382930701043
995410408,3,177.91830354774584,0.3738330790589961,0.17794647504589217,1.2289374645350846,18.10156835445432
995559885,0,-37.45237497198535,0.3456463423599067,0.13897831417332784,1.5528156979023742,24.597403410982867
995697393,2,51.07272348639893,0.3498112995120098,0.13677751340753141,1.2326631618476147,15.341969744045121
996300632,0,168.2053353172438,0.3664676091107113,0.24033474382284192,1.0676793837157097,20.699762174032642
996351908,1,217.87022497483528,0.40607641213186707,0.2596426814813838,1.069345745249088,24.197838439054046
996538100,1,138.13396640560762,0.3818282045631922,0.19954153614308504,1.0141953874605492,16.5007607549304
997201189,4,279.2258337245246,0.40341591978517444,0.15100592168101187,1.1566185175697128,17.7368368390883
997252615,4,6.905511913132528,0.3626951367360043,0.20659640931533202,0.9806775446642605,16.17849173772085
997287969,3,174.28526590917195,0.3624910730094834,0.1737086080340507,1.268193767086231,21.25984574641903
997443668,2,-30.872527314241594,0.32264179913695656,0.25346318197956347,1.2202432012714761,19.667375540719245
997638129,4,17.73762273414546,0.3317906017580064,0.2363471744804901,1.0850218465144688,18.483400953964313
998478267,0,333.8032576174604,0.43458278955829666,0.20209673618246127,1.2460313923084163,24.229817459144847
998917125,3,28.322950497586447,0.35152746721375205,0.13874087192380782,1.420616624627682,18.02284075286142
999068142,1,144.66025004473028,0.3587390597700067,0.21028922610686637,1.3152415276438456,20.499294474349057
999116161,3,213.839415237855,0.365772759398227,0.32542638356615705,1.1636633655086146,23.85592492583242
999660395,3,148.14854633415464,0.3550184090189059,0.2832978162344972,1.2872362630871097,21.6839645606908
999723050,0,84.28330658091399,0.33794501568406277,0.21277860159663617,1.1352891495191118,18.508000697998455
999774546,2,121.48900826575652,0.35185417349199893,0.19940001180167632,1.124403078768696,12.479051154039613
999910921,0,75.22257283356278,0.3757422073014015,0.1699846807557569,0.9207295677917093,10.619059131006948
1000606738,3,-9.801217802058503,0.36328287529601316,0.281272385658448,1.0028276291032734,17.859370660674603
1000610070,3,207.3704553488073,0.34372862070476723,0.26274276238009914,1.1977588375889268,18.86085020915013
1000940979,2,219.79808179654225,0.3689035119372322,0.18715940710961035,1.251012925424401,22.00417696860779
1001186326,0,108.76540339958497,0.34734555658665595,0.19182317284162503,1.2246183600365381,20.278850852456504
1001439258,3,196.67719748373293,0.3740736190839644,0.2947271286760601,1.1717835646279038,24.597507282219283
1002053152,2,29.252052851280638,0.3589807615799286,0.27883875668133323,1.0749021936074001,23.469855482313363
1002421560,1,-63.04438651287995,0.3369714377084353,0.22007690080846667,1.0291250767184046,13.789593022568221
1002611290,2,199.92226476354043,0.36140434832227963,0.2504897613200675,1.154003542839528,22.354220116374684
1003276848,2,186.77995211894904,0.3378410768518568,0.23257268368290118,1.0569241584585103,18.210192322003117
1003322685,3,196.7470385367811,0.37757601689404446,0.16723156086394747,1.1358838880404774,11.081318975054556
1003416473,1,157.65681677081918,0.3971743709958587,0.1797977649074094,1.0925866342317756,16.151987552427638
1003531277,4,69.83828752072243,0.4245163122150244,0.2658198433037956,0.9379742431283553,11.87743429172034
1003609082,0,65.55139707629189,0.4116158219590376,0.3149858514355638,0.9645639461189038,18.945796488709156
1003747074,3,217.71621171488266,0.367333188490708,0.20673202560484277,1.0911095679378606,15.496737969826746
1004036255,2,258.458759645852,0.377507058044353,0.1947843021551705,1.0955242446731097,17.76663825092325
1004048009,4,42.788943992789115,0.3594636520631791,0.24636236965406627,1.0202493754358783,14.081938962913464
1004172510,0,12.883339729949398,0.3464839594078747,0.25460442849246706,1.0066225757380969,16.853095245310584
1005319308,3,272.11798897294744,0.3767798899710885,0.19032988893878489,1.0073137619917731,17.264858909958637
1005375030,3,200.8944732702682,0.41578982056806757,0.17974541813738093,1.0674034481790802,17.21939889492012
1006229444,4,188.05633443412435,0.3699540780214175,0.27669904062566747,1.1530371319966377,22.647072963506456
1006972816,2,203.30648066692123,0.3773927963488951,0.22449175091610465,0.9811074660215848,15.11941340670387
1007721072,3,73.69286914532788,0.3502507479523954,0.24592581373525327,1.288959056987263,21.68096214934853
1007994898,3,253.41358883095836,0.40741438948422287,0.28175308932195087,1.0559418777978562,21.367426589885916
1008054582,4,396.53846759970327,0.3767824903667948,0.25356163423464817,1.3353458779892482,27.826755418464423
1008455726,1,200.50562837111016,0.38751419685261135,0.20990631523067335,1.044767741013512,22.75911757710555
1009402745,3,223.67114866944672,0.3932291403710615,0.13963617669135328,1.3479986068068122,21.0136363606182
1010071702,0,118.82290015093471,0.35432196440961616,0.27185937699934304,1.0536655851576775,20.075607582808892
1011327767,2,156.76792021748724,0.35395779969925456,0.24942477183289816,1.0664118683273343,16.598160721082028
1011731362,1,-0.7122566766466889,0.4155958369022894,0.2597202919546603,0.9086269707992214,15.688721500834063
1011779904,2,-25.858740493076454,0.36562380474101336,0.11701649243626785,1.357645777852102,15.545620735042384
1011876528,3,124.76789582435282,0.37934796766412643,0.21958269522493726,1.0503806886138745,18.752346443403688
1011928148,3,84.85850622314227,0.34851612232862367,0.18809160566551664,0.9815641010461491,10.407834719861807
1011964069,1,261.3355306998259,0.3852769064141836,0.1970844433341071,0.9513976535953343,14.684986046038334
1012063352,1,132.85192586716846,0.408925712523837,0.24107618000402267,1.0033257237157454,16.849103755176078
1012066552,2,203.82451871028783,0.4227639149996868,0.2675700362276963,0.9702251075659498,21.3804831424128
1012240056,1,272.37995286893204,0.37981704219595924,0.20755013489922652,1.2279504060991009,24.29421357471409
1012244611,4,384.83097782778555,0.41163300017735943,0.27311566079728167,1.1426299452953708,23.53689862609169
1012389657,0,42.16643754631808,0.3284917278091354,0.21816195428428914,1.246001895589736,20.594485697174257
1012615960,1,248.51205718906454,0.38125566975357145,0.15555772568368623,0.9636667677149517,12.269917680158935
1012673977,0,0.6901359579567412,0.36844462308059656,0.2208810833674097,1.0729375619351678,13.937877095097114
1012813731,3,124.64170353803107,0.3657449481043099,0.2028888200217422,1.0657286846231275,13.749932322393809
1013332010,4,210.19117530930245,0.3895125878988978,0.19874188866059292,1.1519369785814149,22.35019726948028
1013677154,1,71.5967876886469,0.3448799164895175,0.25692099900120957,1.1194514937889035,20.971497633098274
1013955085,0,0.5656626392967326,0.3194017247637032,0.2568869972049732,1.0123909679162257,16.519892894329754
1014178298,0,33.7946271239878,0.36695152331589154,0.24916405492315782,1.1409595716327328,21.981391144155133
1014358426,4,149.15822800890834,0.42620788939892623,0.3341607557025736,0.9959257296935177,20.8966466614461
1015002552,0,28.418247717625277,0.35232351716774224,0.2456479804314389,1.0830888758360167,22.725388511505383
1015530423,2,2.3596837007640374,0.3155644151989216,0.13626935403169702,1.3211551369893142,15.403267436956005
1015804720,4,266.29237858547515,0.34042580157709096,0.2628399828137627,1.0923685877789944,18.006976040311212
1015995822,4,100.1221385423341,0.372515302223512,0.20642780274960632,1.3697262600349815,22.388903710258674
1016001230,0,33.56587370175521,0.3674573788324466,0.19932009364305428,1.0230753408687547,18.757832907673322
1016053436,4,78.3847049704486,0.3660280270802321,0.21801578665381774,0.9988867216861571,15.808800964649603
1016427513,0,76.35089420645146,0.3506533026688882,0.20936953227371152,1.2240629100686482,15.231444764411965
1016483191,4,176.75724095371186,0.3630512229898672,0.2352298137056023,1.2359702366918612,18.61661950436379
1016549467,4,57.86024183822367,0.363187004076841,0.2889876353147401,1.0520208718723618,17.290754457151085
1016554396,4,274.30415175045516,0.3457138739999782,0.27008941943549797,1.06135681800714,19.01572878391602
1016682022,1,-19.583526008964995,0.3841906524516153,0.2118074888918715,1.0743399160308196,14.82187050619739
1017422838,0,267.5042836404337,0.37316988593468214,0.3123450944247716,0.9659815888072291,20.448200803670463
1017533864,0,58.89789709130289,0.3816210879255614,0.20637160204577343,0.9738750556497277,12.505220477597172
1017786656,3,172.21413425825446,0.37079436734077537,0.25230565832488683,1.0511537065987755,17.334307751882783
1017876939,1,273.67790466075746,0.4049412141504123,0.18639202591101228,1.0602739353814565,22.86225252684132
1017988364,2,26.497432487277834,0.35839579315145786,0.3058148514728072,0.9823564450247093,20.73477581621942
1018289608,2,213.1609906468271,0.3657295948509918,0.24714643343842851,1.1501171763349591,21.949055608096515
1018372810,3,120.92474371952684,0.3565762744200549,0.3070866122892903,1.0980574560568306,18.39843687530505
1018492887,2,116.90150889006202,0.3813479989548317,0.2469136412188882,0.9734005180486498,20.39246272946584
1018993474,4,172.24284229839765,0.361279764008334,0.22646802066521693,1.2033555957889694,19.994631999944847
1019146699,1,46.441035947163996,0.33565410318367955,0.26603962182688523,1.039027430899707,13.322094100242364
1019302045,2,191.58251961639968,0.38761753737786303,0.23152469594232986,1.0793571512455091,20.716575671845057
1019871749,1,183.56987029080008,0.35186020158487946,0.2645555545150921,0.9929356086105613,17.965035508073612
1020201493,3,35.28124541419984,0.39099610659337364,0.19396978457422512,1.0669490433667939,13.67974916917261
1020575007,4,143.71049817043158,0.35103293858550105,0.29988190755862143,0.9637146667125712,19.189087093766364
1021238306,4,83.61595837367867,0.35436104152160597,0.27592630652692146,1.0338021011013858,16.52025592259834
1021483975,2,281.3216101883862,0.3868053085594093,0.26051614989526384,1.0933417714851104,22.63211119945681
1022466130,4,111.99518948157521,0.3296494471862343,0.27955829236217383,1.1471472807100356,22.306889363714244
1022768745,1,30.9620539781653,0.371756037397542,0.32847526906748326,1.001216584319335,20.572348579116962
1022782104,2,317.4425018156564,0.3968401225737305,0.21022566875908433,1.1483948402891329,21.198300070510314
1022909256,4,164.54589806466737,0.35408728643190074,0.2777112011383602,1.1840383911956553,20.292298230678725
1022982762,3,152.2356410169311,0.38943743964135824,0.26437026029955174,1.0153708826799424,16.405275151998865
1023161233,0,207.78399743587323,0.3762905875340011,0.12739081418817666,0.9391092688291245,10.58207676208714
1023305390,4,178.81240984417,0.3229619473419807,0.2288986398418732,1.2162337146376458,17.071792113296333
1024068572,3,25.83269235114483,0.38718940069235364,0.25709444495187905,0.90272769401949,11.69554759337337
1024345756,1,-3.1113899772227853,0.4124863043436383,0.24313946238324638,0.9132626463089658,12.878914780471064
1024792036,4,202.5162705243294,0.3847148476013607,0.2236854148531618,1.0015418783815015,19.615454542216128
1025306032,0,60.86807695466699,0.34735721523683766,0.21358888100697937,1.0809050121138464,16.19912035416592
1025433212,4,135.9479306044723,0.3685466454544123,0.2540888907843976,1.1771022729198428,21.025584509987304
1025691953,0,130.93358856762552,0.3431808818017293,0.22772473698868437,1.1852279200206213,18.692764253801336
1025699725,3,-71.06254503050121,0.4378431973091348,0.24326710561141113,1.0050541065486829,23.688178768365308
1026017017,0,52.112276536222204,0.37307519075204437,0.18395020351938923,1.2258899890127406,13.090810307807947
1026090267,4,51.69034798356756,0.3231433888777393,0.2920230250496157,1.0608236915722502,18.9276069622846
1026468393,2,118.99605869442252,0.3634960501962078,0.1780126346679777,1.047377100603161,12.452660749697232
1026585512,4,108.80437102141035,0.33049210952119434,0.2779470627813598,1.101547809691845,20.10916243558266
1026999069,2,160.04481060719667,0.3530476851711774,0.24081693810250382,1.1038397042309225,17.330082087162573
1027170347,2,142.34399851717674,0.3627547248965843,0.23762216161885596,1.1967010215641865,20.434670662165903
1027277278,1,110.65371524039946,0.4077268938111737,0.20789272243013962,0.9560155259967873,13.546336378234276
1027526557,3,6.256458319550106,0.34666906050457724,0.23567458976226613,1.186328798811136,19.860973983737377
1027925897,0,-22.697466903982274,0.33994273829102606,0.2232137606494242,1.204481548055416,20.6086755391444
1028383994,4,120.1068147439233,0.36386926277996834,0.22725106995986386,1.127254214289271,15.499327399871557
1028416033,3,3.722697341730239,0.4198680279176523,0.18979341824765125,1.0720112119768095,15.7384320828793
1028677935,0,235.8138895949026,0.37194039635906284,0.1892591299372992,1.244204973985123,21.736659074026665
1028942320,0,25.473286588470785,0.38657224238925453,0.24164097365880896,1.0635692405787012,20.6554297665903
1029035301,2,224.53369716312628,0.37733646955498923,0.1793790728750247,1.2175286284860776,22.123840953945106
1029595953,4,40.49559893384661,0.3454666397578039,0.2787209570047357,1.1193828392730825,24.46748841307077
1030451978,1,272.3839364201631,0.36060180315996343,0.2376850491345778,0.970678435302233,19.32384783671825
1031120219,1,-26.07358835113287,0.39000825692592406,0.20576142364565744,0.8907822528662508,12.571564962800911
1031229001,3,287.1110784507758,0.3734051039273611,0.2221868488509353,1.0477830482233192,22.13416573077338
1032049018,0,2.2397465821157,0.40326812810862794,0.23338596683704024,0.8614347180629167,10.300799588417274
1032380700,2,84.11919862904047,0.3537097791236059,0.2559443794323618,1.0963043452623242,17.854649908155864
1032824878,2,190.49502223142593,0.3784455788886541,0.23886540756609795,1.124372997423889,20.39957380617084
1032864427,2,288.98331580599694,0.3906039528325468,0.21493319599795077,1.0482426912999832,19.438113725751712
1033105320,3,-19.787933828743135,0.4020220699168112,0.4003749731033302,0.7884534832576476,15.052100956179554
1033189892,3,95.76604526514582,0.3649765109820677,0.2297197912498284,1.1455683574352098,16.884374266347706
1033278937,0,219.57719012137022,0.4007426007802302,0.199750269413575,1.0751125981119098,22.979305365783365
1033351470,4,145.94513715220134,0.381127386582145,0.2425781556407615,1.059076611521582,17.44343261414513
1033553223,3,227.42857460655677,0.36870975435496967,0.31486807191039645,1.2001973627837874,26.92648417107054
1033716962,3,183.06496711568406,0.35655415961426373,0.24219346487239296,1.1296800831256057,15.505041886215142
1033918415,4,115.0378580036426,0.37042060950917705,0.27867694326949877,1.0789669318577908,19.48475563572847
1033946861,3,50.521775201851874,0.38024519518893296,0.18334747376785787,1.1043985054401155,14.595096810476647
1034104971,0,161.1553322497478,0.3655190904516789,0.19744329710935316,1.0446907749668395,15.481294663710232
1034123279,0,214.8852495813215,0.38378896358757025,0.12379637543244579,0.8865546092472282,10.816269133473828
1034236621,2,157.46858457568123,0.3944122134818424,0.2561008651348449,0.9957382017652678,20.420171887955654
1034741718,2,-19.364994181083787,0.4461556173398512,0.2307323504690538,1.070862770355563,21.898098323841218
1034918215,0,201.96523472613995,0.34913219635829895,0.22539530536354588,1.081545698680341,18.320678780411406
1034983348,4,70.65834137272094,0.3781497785753183,0.22869551354004689,1.0899027880899401,18.433445200949453
1035028820,3,338.2336869780053,0.42641871541372195,0.3266103571751775,0.9221138840628131,22.3398348812647
1035315076,2,315.18121258530107,0.4021852644290383,0.2596668762973036,1.081491252556725,22.17865477229779
1035856874,2,63.64310474200668,0.40056396205351,0.20396970027471778,0.8168116501603616,12.77012337146774
1036138133,0,213.53738699536254,0.3918724460549584,0.21464358675030254,1.0174005421423393,19.640443399979247
1036220346,4,96.04211632730971,0.37042977282661266,0.2710389184821822,1.0281613582871043,22.056943589737884
1036443335,1,78.76061100210187,0.31015666135131537,0.25896456726420425,1.1357405753259668,16.660410693217596
1036702537,2,211.19718129047925,0.3596865989287511,0.24783274559291277,1.166154812546515,22.671585795508246
1037214507,4,149.77932180492792,0.3689594638084051,0.26964689217280574,1.1939465976636026,23.187597484334272
1037247055,2,167.43341772341597,0.3680731906752356,0.23239072880614128,1.0308379385419784,15.379807667028391
1037483608,1,122.24961028304844,0.43473440314696465,0.18813722007838696,0.9372433053512632,14.995210614176626
1037753254,3,51.40236511365397,0.3368871597648982,0.2024392724345606,1.0869102230079433,13.132329368829026
1037907132,1,-4.028793911383943,0.3608497027992424,0.22496733483755568,1.0669001561974567,14.35828368018204
1037933162,4,126.42202433862764,0.3422283434385385,0.2699386635172241,1.2029969904850217,25.29780867827853
1038226153,3,167.14166803979487,0.37544547034904446,0.2653583519570893,1.174643984329621,22.159392979489354
1038295245,3,143.50171767083802,0.35829457344374965,0.3508639104918334,1.348057415922334,27.358055768181856
1038630240,1,106.10252114953877,0.4156177598354864,0.24981466720889348,0.876158888147593,14.344455496936646
1038723100,4,248.12387493553385,0.35038504450346103,0.27190811171932416,0.9954992882049508,19.463038060406568
1038983275,2,44.6306121063707,0.3635920225804295,0.27854773697476204,0.9947368958583475,16.60019373074995
1039049249,1,143.30225479196594,0.40648638432033013,0.20532345657024542,0.9990701923926636,16.871954171285555
1039097467,4,57.68199148739671,0.35284349322505076,0.23294097488715027,1.0309603203241575,18.95666148842033
1039985158,0,14.920349206319372,0.3452786291064334,0.2577937132277795,0.9453440138737434,16.805126030957517
1040974624,3,258.9689358095729,0.4554261631671382,0.20717433404886265,1.0506367388050872,18.922022419701612
1041000545,3,200.21328748242067,0.3682458225599502,0.2877682567362121,0.9762008510786158,16.610569895120246
1041165828,0,88.00788214382969,0.3452484129950912,0.22959067735973127,1.1192458247731008,18.680849048640052
1042275963,4,14.793085084146853,0.37682286827865524,0.2554238713811704,0.9717055907213445,13.022430302506526
1042390014,2,74.4002714615556,0.3583992675244993,0.25723567603330494,1.0929760682789564,19.272882801058294
1042430628,4,180.50520257217806,0.3625937165629213,0.28123476354760735,0.9531657079127129,18.27064193742355
1042780856,4,114.40737511773848,0.36071699239133637,0.23838112748750245,1.1534727504962123,19.541797616919716
1043405335,4,94.2772117006483,0.4216930788481898,0.3231353384693526,0.948067147909624,20.096299541096894
1044196654,1,77.51169019659952,0.33636584388071505,0.14428960198133733,1.5672437629591531,17.787442391363705
1044241223,3,16.88569466254397,0.364483683691261,0.2832218052312992,0.9578352846443471,15.539766572080282
1044295958,0,88.95612652658879,0.33216937269389163,0.20027040219528144,1.1448520319586755,11.778564745586218
1044700576,2,68.32524046637548,0.34942691517277025,0.20094660684893859,1.0777307890140673,13.237712530811299
1044740151,2,45.08463463482137,0.34047239273697716,0.17353913044747676,1.234231939790426,19.901979786409086
1044945612,1,131.95986101219526,0.3731980221894806,0.27664075396775417,1.0984304351055645,25.58748975710754
1045029623,4,57.694845675581185,0.33966063098837973,0.28958105111965343,1.0581087614772926,18.758905508010137
1045248903,3,42.8745039427316,0.3491343736387599,0.3035070588626678,1.042541494411815,18.64956829251094
1045265904,3,-25.064437747191818,0.3381477158660508,0.2075717875660059,1.1641263915980433,21.08202903402094
1045484392,2,173.13764161212004,0.3440185838300568,0.25321766838390475,1.1549974627019646,20.359472425828802
1045667225,0,-10.1128330112019,0.3432253129390691,0.26393600694642455,1.035501580940051,16.57101832445782
1046009311,1,73.53578125034049,0.4167568327638271,0.21434435491273418,0.952872539076684,16.54265497640497
1046027555,4,62.42765552691083,0.36686093839807804,0.28129045756765725,1.0610743134617784,24.158834754569256
1046064945,4,84.80557579790619,0.4184230942856307,0.197427395114588,0.8946702399825754,12.420660812880195
1047211829,2,66.51910636230862,0.335828159927349,0.2594364493520274,1.0679441189228798,17.438604981734404
1047488413,2,133.6226696290434,0.35835901194686287,0.242224082305045,0.9640780384713207,14.492132981512647
1047573880,3,341.69953503747035,0.3812554292148475,0.2353894016887421,1.3217116281343761,29.581483620077186
1047587622,3,46.557542109430045,0.3895752524899954,0.23213802275211715,0.7535232523207096,16.509189505251626
1047765125,3,268.42502553271004,0.42451993008604494,0.19391906786328392,1.4873335130880054,26.68660702814298
1048177525,1,-45.84441478047472,0.348444462229307,0.20702914137711173,1.1412009680364428,15.021117227532933
1048219303,1,172.54629581282174,0.40131558359347685,0.21734104390576647,0.9668489201509557,19.18146986712784
1048356010,4,146.118890316626,0.38660870163756245,0.2867285056001185,1.1096437231809975,21.831164296888858
1048411136,1,138.13668696004933,0.41668384757764426,0.22905553414100435,0.9132341630988199,16.402480274499176
1048769739,4,218.80007129616186,0.34102531718110973,0.2770844873452244,1.0945675347273118,18.413376507168607
1048831581,2,59.9414562530088,0.3611654582842471,0.28626607908330143,0.9814455498977598,16.564792988837993
1049514979,1,186.66166664516007,0.3719140296697742,0.23861250230162667,0.9512042965882981,16.668323441833216
1049869017,2,218.57550007783667,0.3672542180458218,0.245144511054904,1.0517074713381942,18.191545907213847
1050100593,2,283.663334211294,0.36885497211776075,0.24655706274532724,1.2721970320933802,24.6021103819309
1050347337,0,179.25830957159909,0.37628428347899345,0.22877601227830863,1.0841670337534404,24.674133810880864
1050360528,2,89.9600412841758,0.36335656568190905,0.25050288805710336,1.0651968595333472,22.82405539204497
1050435822,0,26.237137196435754,0.33472693443878443,0.290093334176295,1.0284527652713316,20.10414923736343
1050763719,1,190.8534375713911,0.36304239317814924,0.23176793692435557,1.2193598134992603,21.08535582805007
1050868721,2,108.47831603665956,0.3547164401679824,0.11779486031592892,1.5038903180996943,20.695861983179974
1051120785,4,37.227354453686104,0.3378624487900015,0.199057522938074,1.2326189256280273,19.366046210420862
1051267871,1,102.0168497855082,0.34529880035383503,0.23050431345517436,1.1125350457230052,16.426129042782023
1051950887,4,36.399910980289825,0.3527370574331905,0.27352958013679673,1.0541364887532307,16.305851094020163
1052347491,0,73.13914723693814,0.3265244040397464,0.22571556086045982,1.2019900167115813,19.382540576028674
1052403305,2,47.55934395534848,0.35846275909232683,0.22021514775114107,1.0798703425690295,12.224851124288332
1053128614,0,272.95392674021986,0.3820394853155231,0.2585142581639561,0.9739407894836789,17.02980166135558
1053654075,1,45.261713519564005,0.35211419312152153,0.22473920546430967,1.0417779075474056,13.703854572863337
1053689640,2,317.1649407431436,0.39950301617131334,0.1997710922961778,1.1039902631522378,20.561666909420097
1053749106,3,8.692710416839475,0.45960589797483753,0.20653413433735138,1.0294144690180713,21.624170110982014
1054068496,1,6.54233092826712,0.3754681180546015,0.29548934477480027,0.9731032812422972,21.26291645090495
1054663737,1,74.8849734484598,0.33621020369071286,0.2602690552703678,1.1690419439434963,21.09413353782864
1054699439,2,51.913043261813854,0.44370810260112026,0.1511813594121874,1.0389117983465284,14.658515935732197
1055096978,2,155.4635201735411,0.3820286668194872,0.2437424051005973,1.0329523437345707,21.181005838363973
1055238521,3,21.28632242245999,0.3764927756678495,0.3052945773476919,0.9520542746421689,13.93159330807573
1055403183,0,-28.93855778650449,0.41825936797443125,0.2257628740526748,0.949443157674447,13.207416159252684
1055512615,0,-26.8271273370445,0.35358825857468856,0.12203808832045954,1.3836981276034348,14.712249204226685
1056241646,1,228.18507688371926,0.36759535803989307,0.26335123565069857,1.1683181477547575,23.19341242157462
1056427666,4,16.102432816717894,0.33539214401790396,0.11796038515168872,1.2806174831500878,14.41142938871787
1056745854,0,-49.420251132575956,0.4386422928566115,0.20357158661242372,1.3263465971772175,22.819350262996792
1056838688,1,56.59021433465237,0.36190529062871074,0.2235755533872758,1.149947632054551,12.785103655724377
1056941097,2,56.217359267944424,0.33788376610410825,0.26235763397290407,1.1396478119139324,21.528078307164197
1057142863,3,-40.20389076735958,0.44424627078035483,0.1891279616140913,1.154614156355545,23.046547517358164
1057428367,4,194.78539356326993,0.3673440848862835,0.24276245737988655,1.1574083722035584,18.267160980783874
1057546694,2,61.56471649840947,0.3896885631018512,0.20112354755831058,0.8887352055519413,13.58986250950701
1057577802,4,94.38505843657762,0.34316806104982306,0.2811128593662319,1.1981166455030001,22.64613202112087
1057831981,0,110.79374971708887,0.35601997748010433,0.20444774218598408,1.0666335136398424,14.971445996488903
1058058469,0,203.28211377921323,0.42743846259804996,0.2601235203028012,0.8264948390817887,18.848452978744398
1058114006,4,-32.28832819574575,0.32112361053581284,0.11175500979069655,1.5174703818870579,14.796835148358305
1058146720,3,-22.152347123547642,0.3539056416841691,0.20707403774902558,1.225712445716278,17.550263750657905
1058557408,4,14.616342423149732,0.33420189494027497,0.23429451613836552,1.0813756340443228,20.8781436935625
1058865431,3,20.487529993862964,0.3107497057485955,0.35498474468922725,0.9683926213765551,18.630018181387708
1058915923,1,197.13240467473298,0.37233897120977716,0.24041452531611995,1.1026057422463096,23.815988676596152
1058961949,0,181.20105335878205,0.39031978901495906,0.21990918482016528,1.032018115079716,19.024028848193925
1059090867,2,192.04218478797037,0.3361638116131386,0.2407192568240009,1.1295921555118145,17.93812141855814
1059116091,4,142.39501938157824,0.357421725621014,0.21905917005883022,1.164895655092685,20.59450648964813
1059315394,2,313.4794809430009,0.4103476674593839,0.2474219477554517,1.1119119793932013,22.113893747967822
1059383045,0,177.70742330962605,0.3580328430756949,0.2177621945091598,1.2354143242286764,22.255000418882
1059454282,2,54.35618226536527,0.4096029182081543,0.23810042863713546,0.9319889116193129,14.830804590823213
1059658423,4,3.482538337644982,0.40806317756289057,0.20195017715439767,0.7731354948732992,11.472876503701386
1059731090,1,223.6487881335574,0.3701166264309587,0.23685591775598636,1.2507509028669803,22.701003273094038
1059955409,1,188.43153075690662,0.41350113678744915,0.17720731380930696,0.7834338295140522,12.53863694618304
1060516600,2,128.85302546215314,0.3611561135115543,0.28157709944760095,0.9663775938935613,20.294100495743592
1060757060,4,22.16870373173836,0.3698785896877646,0.16471860552344697,1.158339198360226,17.863098499032542
1060916262,4,182.55040647406128,0.3890219940890897,0.21594748538409123,1.1060280247111238,20.536812099412547
1061550399,1,300.7833590555091,0.4304078845522068,0.2716941279467416,1.110046031015794,20.998521325117686
1061842940,4,64.10487957796354,0.33843190906174414,0.16386069202000447,1.1477305736353096,17.512588600697793
1063041507,3,167.44022801831386,0.38589364590196157,0.2694617609603239,1.035749450448978,20.587093153492674
1063440128,3,-13.133503951025688,0.36802035687483536,0.30026526805371134,1.0046450308630868,14.087491146140547
1064087880,4,122.62295656447,0.36416312788412564,0.15033314584945315,0.9479209342605331,14.779441666514177
1064576585,3,-18.668619540696355,0.3630281590354668,0.2565949667627759,1.1112745437831841,20.137355563774396
1064842298,1,21.23031746421249,0.37192612791030627,0.3014017245154202,0.9768426392316549,21.425796950786033
1064934987,1,72.75790053851706,0.4193025289613357,0.20498689414920315,0.8711195814834884,13.131964635817528
1065372195,1,13.833621285830873,0.32988695374694793,0.2859388993094241,0.9141353732783309,15.252983683450015
1065435792,0,23.96491062787848,0.36154072051149827,0.20174737648732155,1.1119331406416977,11.10660671112868
1065541315,2,64.58678254764922,0.3433734798844982,0.267527599086898,1.1140092221042475,21.66430165488847
1065659422,4,206.43165689239802,0.3429198428740869,0.3018730618800958,1.1135774059596315,21.955994312435337
1065912423,3,219.36230379920096,0.3549339436402967,0.24214594331424108,1.1665479178266718,13.553514381652448
1065918379,2,134.18664570507053,0.3393773789956954,0.23367664868917298,1.162962035906497,17.90887789212493
1066071241,0,267.81209372987433,0.428910680684383,0.20654666970639424,1.1070800220652126,22.895824716156223
1066274431,1,61.739557769171185,0.3644756575846367,0.2276395467847758,1.0412357921008197,19.187152742008436
1066470436,1,29.025935960075557,0.3969624247388783,0.38210543727762103,0.902093022889627,15.032925603672247
1066912127,2,42.06279578335146,0.36880727343987924,0.17461021439556812,0.8809325523480578,13.78454895300926
1067785609,1,188.39255922673442,0.37549133263676043,0.27258300472586083,1.0351855562743892,17.998532030625626
1067787070,2,178.13463614438467,0.40141783673664544,0.2304870255066933,1.0469410285368332,19.118585780100965
1068100442,4,119.27428524389072,0.3576943441278902,0.18028626166729123,0.9960780408786032,12.051788795021613
1068153413,4,19.429380138665238,0.3544324604438675,0.23993966249289284,1.203904444215949,18.10195987683112
1068186328,3,-14.643455090456385,0.3674878900899959,0.19244676708326225,1.2671534373124775,18.428850926039868
1068353755,0,101.32861248087197,0.3594294877421498,0.19355478674457732,1.3991139121368534,23.8439929527811
1068808459,1,12.343628029196651,0.3857960562841322,0.21448962009537806,1.0247737330247038,21.90629314206449
1068978203,0,91.601321810688,0.3377834785291476,0.22770948474386207,1.1510387787733594,14.749461123650137
1069092654,1,65.81395573268263,0.38457353511103354,0.23585319127957746,0.9653963822207419,16.11276371486977
1069141321,2,153.27245200912915,0.3660177198520184,0.2627980338599362,1.031480533364856,19.213273943597095
1070036927,1,211.52498186765166,0.3654933083810357,0.2774082415494402,1.1764193686549336,26.072968703566715
1070310585,2,184.57072169699444,0.36992569796566144,0.2544296058860305,0.999283020786438,17.907103535440932
1070320227,4,265.15402746854113,0.3852099772751065,0.26544166276898756,1.0190036115450893,25.477731819256782
1070754450,3,223.73168248180843,0.37504292576615555,0.20986562966145994,1.0612603140884171,16.406556024545424
1071227644,0,151.07107340611353,0.3722489264669627,0.1741949666363846,1.129713163148723,15.46043797582127
1071356842,1,80.0896496626812,0.35737105522533985,0.23050417283322044,1.070684165211076,19.080774687095037
1071493956,4,-12.672144653652339,0.4128113757588501,0.3262377099957925,0.9169984692640588,29.1059303157177
1071638401,4,237.6841775996754,0.38439719581611725,0.18908241770638495,1.137230125340341,19.34981439617792
1071860128,1,6.836038688152087,0.3845575755245387,0.2137360594956645,0.9825097214452813,14.70798500548507
1071877788,1,-8.957000787955536,0.35911989088372304,0.2788454087353403,0.9841039205903009,17.441736171883182
1071999103,3,149.59809060851228,0.41613738415155976,0.1867553164270369,1.0855266689687035,16.743944449395396
1072790069,0,113.02875593592218,0.3064641557691266,0.20348927134028205,1.348026057817376,16.670606101741267
1073329534,3,123.19482181601626,0.3656008834631912,0.29887419675951343,1.1278351820145844,22.255018217812495
1073330794,4,83.81670759806084,0.3514171751087863,0.2881422608026784,1.112611705406448,21.09031755109301
1073733808,4,64.33584407127469,0.3592297698343305,0.17584440970732124,1.0288263362611234,12.427131047487135
1074067336,2,28.61163320322524,0.40048947637181415,0.20183569310987612,1.090194054192834,13.777355419348698
1074560123,0,20.15342319763296,0.3362351925872496,0.2895048525978251,1.000421159012793,19.72227946743096
1074625910,1,4.238136733602246,0.32596004255971645,0.36949431983018943,0.9272852586041621,17.08228505172687
1075276432,2,198.2072539202438,0.37596919171554094,0.2591638568443893,1.085947275575796,21.600339014459337
1075404096,3,230.97168679473592,0.37696274180642375,0.30141528282080576,1.1795281509703033,24.32034662226718
1075461516,2,58.60443467852493,0.3462876183404516,0.2675845850725052,1.100645387712539,15.458581289887194
1075544965,4,235.0171972353475,0.39403123125466155,0.16163510678659826,1.1285930138578597,17.255980259807476
1075748489,1,81.69203314535453,0.3388187501929431,0.23903578519992985,1.1806788559794246,21.004277925551698
1075922952,1,218.42095752780574,0.3553951095968567,0.2416540578107571,0.993887112626093,17.54524957945984
1076149389,2,79.38187080165379,0.36742649161955643,0.20208617137340476,0.9105758644296774,13.691093465284652
1076285178,1,3.224105300955145,0.36442866551759523,0.34678745472712114,0.9249091717589034,21.587129214045316
1076325582,3,123.96438630176823,0.38265898824996525,0.15144419081351412,0.8968294703164266,10.277435126348777
1076737435,2,119.86031731545397,0.3188697917238036,0.2403951072238346,1.209957171903711,18.254090065150645
1076766601,1,29.822336227953073,0.3524918495165256,0.2307130451115876,1.0481108817698135,13.535512374761911
1077387611,1,265.31195902466015,0.3595818028040863,0.15511204062641992,1.2868548483401818,22.16414253093855
1077715415,1,28.35489884087191,0.3841234691560144,0.2968594271758865,0.9329288747871456,20.232495349405113
1077770059,4,135.66319723287324,0.3795314227932044,0.26479150869789386,1.0526654735480392,17.001356004206933
1077976008,0,32.84350762455759,0.36703924075250544,0.3311895187965781,0.938287848798634,20.958027911663272
1078277401,4,144.5050021799703,0.32688811440564436,0.2670400673461708,1.1745223220929097,18.96336835385259
1078510278,3,28.156836629712686,0.36344350756755345,0.2098434157420677,1.0604712366912006,11.871580978335762
1078694994,4,163.71530979617535,0.37836539959041016,0.2441163656913196,1.1307136315955877,17.60557998055439
1079075328,0,233.5558002495423,0.3721077095439178,0.19851541539838644,1.2626534373899654,23.639478794252376
1079079241,3,64.13326727119589,0.35963667647854564,0.26720226742467995,1.117033991892933,22.50241330973367
1079236284,0,184.03769705643703,0.3481948340762393,0.21611776566504928,1.0182474869089555,14.988494785640825
1079254349,1,204.15415239113764,0.3536264464249241,0.2641503117909129,1.0819959313974812,18.837302054195334
1079860530,2,10.722257137258225,0.34455010015872484,0.19542066260689858,1.1255983019162474,14.49052590659154
1080075202,1,-39.172520472348396,0.37834741945065425,0.31116450101837567,0.9189140642997422,19.679875906735067
1080185947,3,91.11076625534083,0.3753236589594604,0.20577299395534943,0.9339324805825672,14.308884412782769
1080677483,2,150.8400014737955,0.3641790188469841,0.17698727222059324,1.0629751015414748,12.379455687404251
1080857742,1,200.41139496053293,0.3932043018857021,0.21053822431892433,1.134513972460076,19.267121211456647
1081105585,1,216.49599213410613,0.3985121858784762,0.22632741955857352,1.0653655494201821,23.12844819447765
1081227608,1,-8.272937983849175,0.3875818662715308,0.23045058775598068,0.8593952539378709,13.193261426218307
1081296468,3,-27.10812873945926,0.36248621632410905,0.24931611908964899,1.2652781920897787,17.84413846951599
1081913704,1,30.692366240769303,0.4037035827904079,0.1620111267577779,1.1762694505268803,16.165191935573826
1082020725,0,16.10821787840429,0.3992995866452283,0.1768978570240365,1.1655337239749015,15.356770494591245
1082166960,2,-23.944243225822134,0.3254543561041199,0.12946117427615209,1.7799906163993877,22.83070543408288
1082266101,0,7.579040435533571,0.3518308800802533,0.2826967554469459,1.001921792189006,20.317546903643148
1082761945,1,103.05203476555523,0.3003088874810461,0.2611352378295428,1.2344993757945475,15.968952329380569
1082852638,4,227.2971523462844,0.3861948232434446,0.24207395154439684,1.0311566565964674,21.33363236009051
1083086006,3,16.20677388158282,0.3448011235835633,0.27066852105371014,1.1761256608561346,23.086863644674416
1083192261,2,145.79441374687332,0.3448996690570639,0.17884664535713674,1.1761404044830202,20.399237292649484
1083208752,3,145.64986957804683,0.3599872476165089,0.34582367308129536,1.2444905790836536,26.80329682841375
1083322172,2,27.69125842854477,0.39498755567396326,0.33490578239959534,0.87902943279161,14.036391438115482
1083424600,1,3.586067649730367,0.35955479839049614,0.21965538920592892,1.0725039346748848,11.989650261893324
1084524118,1,282.34237920897465,0.4247935673729514,0.3664966059194547,1.143880258697782,32.23662375535124
1084974257,3,126.95808064696642,0.35631982856574645,0.26144084439048443,1.0062118000909612,17.179398068477354
1085199184,0,81.59825912216773,0.32946538274547166,0.2335881033280624,1.1947726023571696,20.916691684184237
1085340471,4,229.7813334072086,0.33435188200418897,0.24093002579097467,1.2927990791460853,17.694782965078147
1085397410,3,155.77089249537036,0.3452576476619464,0.2852214263400805,1.2360315141851026,24.636159818285364
1085462355,0,156.83416175826125,0.36746989882631925,0.2036564526012763,1.0852562653270093,18.034951975455623
1085625486,3,68.35020564520092,0.3804021365882354,0.28470472181971107,1.0142309645408136,18.177862291586177
1085727848,4,122.74040592575335,0.3850618952740463,0.2245315181271157,1.0248160657983671,17.072082181389398
1085767747,0,210.26004988566785,0.38143402552831146,0.16758542456204367,1.1173481997854238,19.910855275276635
1086507513,3,168.56901658295322,0.36672547611828527,0.2293880826058684,1.0142992496665548,13.778483309870275
1086648178,2,213.19553827189134,0.37503484352513766,0.23700330259129243,1.1170683247682798,21.719379001214005
1086813009,4,107.92926060753537,0.36495026840957373,0.2505302218785557,1.2019383178614282,23.168673715407536
1087155239,3,-39.699629411226994,0.3493150720668325,0.2556034150243669,1.0425318552845964,20.547949752046566
1087298590,1,81.05295841878876,0.375263408366228,0.167430453476815,1.0763487977892892,15.103233977690499
1087567752,1,113.18072943912365,0.36412300056390345,0.2282573314794652,1.1081240622776982,20.221626564485486
1087727668,0,172.69953884520888,0.34649015776829706,0.2421172783602146,1.0385166129783787,17.010041661017304
1087863432,3,18.17387557019663,0.3650749848095768,0.2469490180398907,1.0602828213326245,15.322054133530596
1087874446,0,-12.511426628782317,0.3877494041880133,0.24698268849892868,0.8602213393256756,10.97727234644683
1088069103,1,-23.647592460881455,0.36592004326856997,0.17006913790510408,1.219467751730466,13.779818106415252
1088166568,2,48.91936336976029,0.3435884750922505,0.22504535887638472,1.0591452897556992,14.493086250775956
1089099608,0,54.263041343433066,0.3492863671380532,0.2323352797739228,1.10141065694487,18.94228786246799
1089343278,0,203.37068512640553,0.3761498059293326,0.13043721323916613,0.93087970083288,11.12331843003473
1089446070,4,254.98236244226104,0.34130425885677135,0.265645590173041,1.0710646743571406,17.371204124219958
1089600845,3,331.8449510939275,0.3816446838757248,0.34447505167415515,1.0730655480635793,27.605193374323544
1090041949,2,208.44177421181067,0.39056635681755586,0.23675662910152345,1.0121927197566654,18.850941088030837
1090062634,4,-79.19227408819938,0.33087656934855036,0.09515361026128177,1.638873604460945,14.063559054220864
1090620461,1,201.1016771169751,0.39033014602600336,0.2679386780459699,1.071450196949121,22.18911692563051
1090704353,3,62.41168497948591,0.32444992791276017,0.22646982704250868,1.1273047081333447,11.748762380745887
1090817229,3,157.5925994499,0.3604060501199537,0.3101122377990131,1.2295438073950915,25.939150181379716
1091045706,2,132.04900970871293,0.3775618269279529,0.25998522910256816,1.0418284085450995,22.4029549628209
1091424818,0,204.2189579709408,0.36014104653074447,0.22523670544234328,1.0240741664859656,16.672239455151846
1091676819,0,158.84883442197997,0.36330129895428737,0.1845045835770977,1.1078738653062206,20.111147971021264
1091865104,2,213.2230190290096,0.3637764590369048,0.2455582534447719,1.192943037941919,22.627862437678903
1092008018,2,208.31702568110154,0.360791424457265,0.23454952586471245,1.0394182929897167,17.520597977637845
1092288968,2,281.55080187299984,0.38811084635964793,0.21479009155367357,0.94231984813754,18.039366302875575
1092404802,3,47.04557425692835,0.32970518402073956,0.28156710580432837,1.1245512235866564,19.51068603789618
1092542084,3,262.6745672529271,0.3848754763485974,0.20353407538854412,1.3086697150160331,26.847675509139656
1092567276,0,191.89725012781383,0.37128706498619024,0.23349644410388795,1.1087869010549074,23.03267274837706
1092652620,4,118.43413317467551,0.40419887968333656,0.18435786507621021,1.0062061951206522,10.913850131173112
1092863578,3,-84.02322178044031,0.4055897050129976,0.31980553591016303,0.9201023078268977,16.10533057675371
1093111808,0,61.830667331244726,0.39777745205172504,0.25413483959391175,1.0176304712114688,21.531798309439452
1093119609,1,234.40862381985224,0.3664345909809823,0.22952926246099972,1.161303185336219,22.773336232726464
1093757238,4,130.9651386615057,0.3574618418484165,0.24485750983752802,1.1078319215144556,19.236855825444614
1093999589,2,92.86119234119636,0.3674214446019451,0.2875476884947953,0.9160160219213414,16.10222012345754
1094849192,2,275.6417473262292,0.3823397083628998,0.2283907289475962,1.1123519280137852,23.563693169169838
1095118388,1,89.76611605212464,0.36215297835683186,0.25876282952179613,1.1100612291136867,20.139561831801725
1096169476,4,39.079651706611045,0.3727136154285556,0.3631494516098385,0.9182419586423205,21.223053212762277
1096482563,4,2.419727010726362,0.34497545105199473,0.2044265850837673,1.047142496526068,16.19292513676293
1097037876,3,205.64188761550525,0.36949808050143507,0.35640331778725814,1.3338008335812641,28.022702857115735
1097383443,2,173.79630490199384,0.36135508590761517,0.25953164628985814,1.1714732301195225,23.811855176921636
1097591808,0,104.47593727498082,0.4039148213241176,0.2825274659405069,0.9042530120545236,19.5542656355844
1098253429,1,69.01105238332455,0.3903939036439225,0.25682396647268524,1.0524119214344536,22.215484460224495
1098329316,1,28.75549636036112,0.34913878672484977,0.2556314632327545,1.0474883548093479,13.327640719377937
1098458595,4,91.65278232284325,0.3576436933564925,0.2657555139911772,1.244352708052461,20.956479658574665
1098493024,1,54.11133746133767,0.3699508645216791,0.23684104022369087,1.0455812491762677,18.9719273722573
1098503912,1,115.39659135311847,0.3568046750528245,0.3031249924750603,1.0823685051859038,17.63273000015746
1099489498,1,59.37121125194998,0.37430864067032515,0.19304342810472752,0.9669320182195529,12.060865869805042
1099529039,3,148.18317621820216,0.3521349940862658,0.2134198834572245,1.0824075152574097,12.662175699867003
1099611212,3,16.18348239483967,0.3762992106965852,0.2270039994658465,0.8697360933963296,14.42079642136754
1099687723,0,222.56277439699494,0.34516551798589334,0.2545444001075869,1.205629310631786,21.32490102695836
1100016656,0,36.37892467530282,0.3709347517920727,0.2246761438007691,1.0681637095968155,16.85596939451247
1100237859,2,65.83506135142913,0.33428477099474213,0.18744422466036237,1.1021606369766,14.023288582163108
1100342042,2,249.46894403195415,0.3865205641475543,0.21485400747179664,0.9508659335770684,15.933405281011796
1100790418,4,194.6514874116014,0.3717025905470449,0.2575845914476257,1.1550845003415326,22.57792430190564
1100941404,0,308.8940358332925,0.3634191193060299,0.24173842925657033,1.2604389043471966,23.916546390353865
1101351580,3,278.26425553576644,0.39246996911597953,0.29479964022620314,1.0267422602349574,23.98237746367227
1101626993,1,177.31841211491604,0.3777436867557114,0.26100082318559636,1.205132101815129,23.76856785452169
1101869163,1,-2.0157023396234877,0.35617015864260726,0.22761883208925945,1.055065051796781,11.825713029079896
1102089845,2,-24.9300509582215,0.3503231026281062,0.2694878990649335,1.0742531169709388,17.350876561358444
1102195850,4,60.75795698346373,0.3409042584617397,0.2909175468445514,1.0338562419569581,18.931880827521148
1102959825,4,315.39735750634543,0.41644887346326886,0.24003861335393498,1.1816173096950393,21.414355840835498
1103272237,4,95.10077432865639,0.33310204563092355,0.28450436717341004,1.1805369315979917,23.736173034138645
1103276909,0,-41.19403109509041,0.3233386044288066,0.11441817091812195,1.4788690426921711,15.97681390677678
1103729487,0,243.40194880182338,0.4139005376107251,0.1967150674883919,1.0652969456390875,20.71519277724405
1104001182,1,176.39354891512198,0.35370764481374556,0.3341240529555234,1.067007618386153,19.99101221421731
1104150399,1,199.36220407157373,0.410341907333003,0.27521801540560437,0.913574533493042,24.89785656150235
1104675070,4,217.72012536551182,0.3817228382265319,0.20409177793826885,1.0203336793543996,15.770553972755511
1104783164,2,234.3573760665613,0.3849767700507022,0.2624384566520636,1.0420310726529556,23.880879448710893
1104839860,0,184.18045670891598,0.3669937467351893,0.22998196250872724,1.1415752206709413,22.477674634232617
1105092944,0,216.328456230702,0.34914706346614444,0.24630813454671285,1.1067986636668727,17.190914121573094
1105455152,1,22.60319827182515,0.33619619912723925,0.22060585840085506,1.1041752103217957,13.380736497662442
1105607471,2,-2.9871479229199878,0.3296038690281532,0.2476413724294904,1.1018027047845211,20.732744199405474
1105655721,1,287.5462293639383,0.3721949699000954,0.21745566431953417,1.1406782380987122,24.823954612870118
1105688396,1,64.2868046488373,0.3472560960454718,0.16562174145457242,1.3815331622834086,17.04852748610423
1106240394,4,159.32441229147224,0.33433413281968827,0.17385075830465735,1.0703267584471627,14.559948019485594
1106363407,1,228.9315046885548,0.3640069171233617,0.2543891020734293,0.9924648637270024,16.783669903130264
1106578418,0,167.77539277028643,0.3380269558591262,0.22033688535436755,1.1271318864693294,15.24572775330532
1106718991,2,200.38093975975593,0.36134628972013944,0.24623240477173314,1.168244409582423,22.075333421268283
1106744054,1,-5.494819907797151,0.3770542419204115,0.19279887030129067,1.1095333684955768,13.896531937802818
1106849268,0,170.45920322200294,0.3811320883440949,0.2201585746396429,1.0483330499384,19.98535125461897
1108103978,0,1.0100251539150378,0.38845302737340537,0.22091114798856026,0.9403894941334754,11.136884712780038
1108143190,2,366.12133985939903,0.43239394483429444,0.25966587961782017,1.0708428772757532,22.422924588890332
1108204726,2,96.97643889872954,0.3608100790437887,0.2344809489649513,1.1094839403698709,16.791740089420323
1108782775,1,32.446045526819034,0.34259389087218484,0.24963037706780838,1.1219444755170263,18.717350169195836
1108992243,3,89.70283814180233,0.3810636690370741,0.19652408634266852,0.975838384444432,14.620477967873569
1109762567,0,188.38365700441318,0.3624078388887829,0.22077601466109795,1.1608539192650622,20.436635383171872
1109873532,3,32.407065259798514,0.33235150507552025,0.21194377625458166,1.2044452426331569,18.842620904710554
1110214736,2,97.9968400348483,0.36589108955436345,0.23079086692624365,1.0880996316078637,21.431893382782107
1110372599,3,44.96649169688166,0.3499435922694133,0.29976599139680166,1.1996736136727102,21.030883139588525
1110669170,4,202.3341959473675,0.3814272577807528,0.1698827355382134,1.087416248005071,13.262798388018918
1110735297,2,-36.9064795962269,0.3370637387703137,0.12875497401804223,1.227098793469685,13.166510671111087
1110869363,4,176.27325310601685,0.36349941454046225,0.26272131921146313,1.0945119901224458,19.10462551569121
1110958155,2,156.91375405764373,0.36336707171628274,0.23038331197612205,0.9657264133535198,15.29511246476276
1111539989,2,110.49388240138548,0.35663645346887424,0.24277855583797714,1.124596199211801,17.59767587041977
1112220366,0,76.16747853023898,0.36025229366457373,0.10310090114908527,1.207740753798854,13.211574879153785
1112287021,2,100.70341739580789,0.35662915154864827,0.24551929063500513,1.2931515178303323,23.488194912085635
1112294940,2,125.22325454821168,0.36656815116591207,0.13160484053612204,1.3997579416479526,17.58029542061212
1112362061,1,27.603953266842268,0.38481075627066386,0.3496805783553767,1.0243923678771607,28.711712206791912
1112494306,4,98.2361204798565,0.36478262091580443,0.16778943130533175,0.9252300375755833,10.867776881681937
1112748716,3,156.49766572270397,0.35852069946289916,0.2342962216695087,1.2894345408656607,23.147706580715713
1112902230,4,84.66324955443042,0.32889526908931965,0.2204816918382701,1.0760466332411613,16.64254076154371
1113081697,1,31.95870024351946,0.3689650199228595,0.2542500823985263,0.9976093149029331,20.65560411601725
1113417814,3,-40.79644062200731,0.3634334329772983,0.2340444105303851,1.1386702569742475,16.766090511220057
1113818194,3,244.80560053589167,0.3845419772877914,0.18523513907188677,0.9528215596082639,13.367421037881694
1114103605,4,205.53473027139293,0.40127330326956395,0.21025365800309082,1.0067473580202484,14.426544601253836
1114394646,0,80.93337072044484,0.43724003025423624,0.2654092410548794,1.0244326564914814,20.871545554065513
1114536999,0,38.4633596039092,0.31846523490983014,0.1990431482747825,1.3215118108279076,16.80398498114815
1115041145,2,151.3234545909714,0.38079928376250355,0.2376702671233743,1.0744180988227556,20.248348863949857
1115283771,3,74.34090832797384,0.3997808676229187,0.13590336270286765,1.2968642548519653,19.252762638547168
1115535876,3,0.7156635090728685,0.3968544766972964,0.41545372392989205,0.9249842386772413,15.059144993589316
1116045273,2,79.57238121819637,0.3573982707121271,0.19395030216860998,1.0903077813723234,13.38008755741975
1116077459,4,167.79673616868075,0.4085903775392386,0.21493393298976982,0.9609800534204855,15.110558650196873
1116322713,3,69.80687233059359,0.350250436721148,0.19908448479362717,1.045268906337317,18.85806554812755
1116382939,2,72.6502212965286,0.41461706238820684,0.2233537115119219,0.9190132429617704,13.1138850263596
1116523292,2,58.968873465422014,0.3544744459622919,0.2101971356315364,1.1041110272177443,12.324797590126432
1116545880,3,20.498694673825042,0.34684629887576457,0.182916040054384,1.2259987660727953,17.616225143727196
1116644924,0,199.33899893782478,0.36838646066032643,0.23853677224382397,0.8999708762924673,16.781001668846116
1117693803,3,178.89210283585606,0.34465734344084054,0.247561753317777,1.1194204327424342,18.034108404744547
1118322325,1,53.69913224289717,0.33103533497161247,0.28293336465463803,1.0672106945944229,18.287096713813362
1119425310,2,-1.5917941687781223,0.4338459817789237,0.18377475850197694,0.9725697178595419,13.770415942253928
1120266201,4,213.68081077589318,0.41691519516732134,0.2379036973528619,0.9868990037561868,19.577410277084528
1120810907,0,9.064842867179237,0.3086195334942896,0.3128240982009009,0.9768801654733188,18.665324883904887
1120932055,3,220.93852142328987,0.38447343686446495,0.30479788991234075,1.1010520231788656,24.969825361681185
1121030015,4,-56.52078622440246,0.46738341548716644,0.19117139759480317,1.3439046427142736,26.405359814278384
1121099554,0,98.21503126589855,0.366026099763468,0.24261128451503944,1.0306988264417378,18.615643991187632
1121162795,1,180.21634011093911,0.35985949943360046,0.1677401895558831,1.0204802769817065,11.874536275014954
1121663416,3,117.91320325812357,0.3733848908488153,0.3165188955129311,1.057289820133784,22.74379192323543
1121754299,0,205.75620674411823,0.35134442343885036,0.2701726687243633,1.0154752412720598,16.936469273496687
1121884614,0,97.07028112456445,0.3499957981513324,0.23602694248069334,1.0900823975438507,20.209146549852537
1122012910,4,55.33710026028026,0.3415043951302053,0.19760823523472504,1.1058676726746153,11.169477277323416
1122196297,2,155.59624436327567,0.3467614973660841,0.2501471684670704,1.1065897658409682,18.42120593913401
1122498895,2,22.975080339823776,0.36566203248056595,0.313352595258944,0.9547752326306622,21.992654166209327
1122802098,0,29.71338174878578,0.35373500923627244,0.30137750709462174,0.9633907671895084,19.20097704545875
1123352348,3,113.20413033476704,0.3410886633727003,0.29026292899909156,1.3214241942324763,18.432910168161204
1123567256,3,-20.39201584234631,0.38062291516771113,0.334578940105252,0.9068696304651871,18.770117200637205
1123597680,1,110.38665242583448,0.34881095533756223,0.219603837738484,1.2286707113094373,19.10900420149926
1123733382,4,29.420381216236265,0.3255858050648724,0.20379651684251,1.4104998076765818,18.38472841121811
1124160654,4,45.172853973871035,0.3839672308060882,0.1783864544338806,0.7614334898235022,12.254829763068763
1124320017,4,271.14910695219714,0.34143038204268406,0.2573232700256525,1.084226333016283,17.69505824374463
1125785790,2,57.455298877690076,0.3431016630804874,0.2697460069433536,1.08497783261714,20.381397618884918
1125984046,2,267.56920032048663,0.3662108903095324,0.2525399236595038,1.138122777260028,20.988790039249885
1126266523,0,54.564667219656656,0.3423130110223125,0.2848635736762204,1.041445363811463,20.455192627319157
1126464769,1,72.21672125368917,0.34760104178150547,0.23692510916584034,1.10668778031762,19.906686291504418
1126802641,3,-2.0372418960815537,0.3051380255295422,0.10272587844143855,1.5216687106102291,17.640175559668357
1127073632,0,28.872900815640463,0.34392842735730517,0.24164879498913167,1.1142138844040572,21.890091128184633
1127321613,0,86.77373050440625,0.3535569174430153,0.2148140475042108,1.2054084155520841,16.97652597458318
1127504526,2,45.9017971927683,0.3259348020174979,0.26524883392631393,1.1290139311857113,19.780005334891207
1128237994,4,81.25486109858436,0.35986825461554445,0.1816050741992162,1.3502922284066976,19.879499104458134
1128593254,2,154.94439700649758,0.3514646672313046,0.23718824081737866,1.0327838882036513,15.887401194434343
1128659903,4,224.7515248363294,0.3611978559007166,0.2538007458341745,0.9697720159969304,18.572751972276787
1128762246,0,213.9979185480466,0.369340825047264,0.28903707718076804,0.9786891372141955,17.623132152905605
1129166454,4,39.403850315429885,0.3566048706072962,0.28824049361891496,1.0539091164613799,23.059629319894466
1129389664,0,179.74326235542438,0.3837120286781196,0.21799825813520907,1.0866807619561252,20.592027945123174
1129473304,1,1.68319645573915,0.34235869142397324,0.26954553536619846,1.0418876706082307,19.284759913583397
1129746387,3,125.78826138235873,0.3552356753798347,0.27622767716944535,1.0193856770367231,17.86779775698837
1130000577,4,316.281070811331,0.37094291533195045,0.2719141588354666,0.9693555016479002,22.431786908340587
1130043437,2,38.18643220933332,0.3484048991206021,0.40791620147331276,0.8843475728284005,19.318768425404823
1130524840,1,161.31148759506402,0.34708197439457483,0.2410352373812919,1.091167163624761,13.242903571911528
1130989297,3,145.85577139874772,0.37953313982404124,0.2361089597063734,1.1643966525422451,22.365944786994298
1131052008,3,-45.42663584979695,0.4052949394633647,0.26633023895815594,0.8731774097061453,12.736954656368333
1131219961,0,158.3688526803579,0.3285203226730261,0.21225653755799145,1.3016180412387774,18.69868875743819
1131234083,4,368.6498552629057,0.415381235766127,0.25903267280890857,1.070316563717917,22.97646307235131
1131649373,1,10.34734783506508,0.3358526310331012,0.2569187504020814,1.0915056210333434,19.25743012398849
1131929043,1,123.88486136101933,0.3527143597421563,0.3017815498214325,1.0290780542971982,19.77101215918066
1132377613,0,182.79469321388382,0.36157141269633253,0.21911262982739,1.0696829475062835,15.163131723048343
1132744464,2,112.57437646311824,0.3634581780958462,0.2517814606062785,1.0877369902528775,23.823199136869178
1132763612,2,77.50072752341912,0.3860583147699713,0.2764375738615092,1.0853953903319613,24.310526987092434
1132889582,0,134.37525610221675,0.34956625714836276,0.2234661722873726,1.1681605504583934,20.193863268036008
1132923909,0,46.25812474032793,0.34781184885091604,0.23610242287315866,1.0803208829455153,18.4618072868944
1133044696,2,37.71356243901896,0.37625837411009155,0.273166820969076,0.9539527674808446,17.27341382302209
1133390257,4,287.9859516483944,0.3794953216776683,0.23505296570024253,1.259282459134512,24.473861818790464
1133455490,2,51.740840916307974,0.3575982551224201,0.2629716433855313,1.0869093683010929,20.09557200382534
1133460389,2,25.53815602877941,0.3639052938717628,0.27035917753982497,1.0772032195239516,18.520681481041766
1133515947,0,183.50822188272016,0.3299380345991825,0.2528900677154305,1.1618037598500193,19.453440586614306
1133631248,2,45.36750603132819,0.34625655335796324,0.1861073256251204,1.0816390092575272,12.67583829991317
1134375146,4,335.3519882967654,0.3376310848379198,0.31248437624369285,1.2891423122359373,20.634519980881475
1134601529,2,-53.50618617216212,0.32432847279142385,0.11946503291654148,1.4239077824259068,14.390503112355384
1134713599,3,243.08956717698152,0.3247665039918251,0.1877969522521506,1.2642796898644617,12.999581674545055
1134997266,1,102.28414838145812,0.40420793661090215,0.22439746166511998,1.0535651167822744,20.671251409028866
1135072955,2,243.54024874663105,0.3701469496892125,0.23285091378428868,1.1969764986414817,21.78680093378568
1135542546,3,163.16523130407518,0.3582163187803135,0.2226055286462577,1.0600017903166747,21.88513565713309
1135550271,4,195.60557683070448,0.37315437405019325,0.24232869133553098,1.1896837444490236,25.11418315783054
1135788027,0,50.97356266042058,0.33198196007136355,0.1778393005343072,1.1333066430165093,12.93081816737238
1135838417,0,186.21242938855625,0.3396123889691509,0.21243807050464272,1.3268258115048903,22.787770968424102
1136024156,0,6.370274974927696,0.35488563273696844,0.23317917658940676,1.105695435190123,15.633042126739845
1137226558,3,10.12075382936709,0.351787673923861,0.24310438237900658,1.0877089308328054,11.446764409389953
1137323137,3,100.49850154499384,0.35172083397070236,0.24179565366897254,1.105444959713474,16.076867338417628
1137418125,0,37.135805303459044,0.3692846309087325,0.21405116978033584,0.9588310086332871,15.703816306059029
1137724791,2,78.66975669316244,0.36094781875232756,0.19967824725436306,1.0936984055239163,13.86613175341585
1138085523,2,175.7599582718131,0.3579800067904463,0.2540243178800494,1.175382766421818,24.12113004586129
1138097304,1,34.39017021907177,0.40179928507024215,0.3550699904579906,0.8504949163452463,12.631970220120525
1138111441,3,124.97862832345741,0.40048172214034544,0.17479411648342907,1.0372164986429842,15.658442681760544
1138356248,1,191.89105373781652,0.35321454290537047,0.24898763738483898,1.017820940435553,18.43102169126635
1139097399,0,107.30375589324821,0.38746181101301697,0.22222866344458697,1.0474548041325462,18.893289264053266
1139542368,1,188.55963094823096,0.35331277930227256,0.2715922743838267,1.0855687979269768,21.29346176685935
1139696241,3,238.03265534209567,0.36450202590487785,0.25818705107148865,0.9674777872974705,17.233672865465724
1139986817,0,66.61606477980453,0.34217357478431376,0.2290830951453513,1.144825805312951,20.45970652169008
1140194913,2,-14.152358446121141,0.4343515980728498,0.23998142904955758,0.9825428900503376,21.56228680089138
1140956631,0,44.400536352685705,0.3497291092155756,0.169678979960728,1.117396160855439,8.311962968809505
1141098203,3,97.0723562500439,0.36404859197026335,0.1487402533933896,0.9552774578510087,12.635102341688858
1141104268,4,63.651517893206965,0.3407662617796886,0.30890070571433165,1.002973858389536,20.89625627639348
1141363047,0,32.107464605848456,0.36755591675222415,0.2680676826010717,1.0221244061305992,20.859471280493814
1141791290,2,263.3257834897123,0.358044059492826,0.22548455070761345,1.1628163562509313,21.942594437058176
1142382691,3,221.5380466973753,0.3676436669802034,0.200933402530497,1.3644074635828116,26.87310302457301
1142386049,4,138.17229076523475,0.3802334794520677,0.12659900001702312,1.0754112875373893,12.575574475415916
1142561667,1,72.53960654775622,0.3830997882148309,0.21996334046788985,1.198273122658838,12.749125039540582
1142759458,1,204.72645811642042,0.3864112111221036,0.1741396350679718,1.055199251706422,18.12473283892142
1142909412,4,128.51679597020637,0.3700061431973104,0.20823683090054562,1.1406171091831014,18.39472159885531
1143081598,4,-25.572365908727207,0.3430288152606261,0.1758848935021427,1.1415588845842601,16.271933881161704
1143098154,4,89.5293289952526,0.36937020547815375,0.29701023203941573,1.0666730446917287,19.77252634484975
1143195068,2,114.01994770642155,0.37849639024981385,0.24577565934117226,1.1261395870671502,19.775222831468504
1143212466,0,-3.863233492950897,0.35289100214448177,0.2271307973970076,0.9982969658643019,14.610616927988803
1143308077,3,-12.334143600348,0.34502934824023074,0.20491742973477725,1.2485072242746544,20.65478860202751
1143554851,1,-75.17877161351171,0.32089286507282067,0.15179678070963915,1.4251743769639822,13.80227381775633
1143744739,1,178.0672406029438,0.3457689465363309,0.2781322012278585,1.1384036805419864,19.624742026484927
1144028367,1,71.74628957491265,0.33840334114512655,0.2631056353518151,1.0265055249841943,15.27015982599346
1144294791,3,149.94820454908233,0.3462430457820569,0.16229226038538466,1.420969235732761,23.208181831302355
1144375159,3,56.00395043145105,0.42936756019593575,0.41551526732396893,0.9500851566737541,19.87410443397579
1144377193,4,284.86608196565146,0.3544594034756572,0.26885972483761345,1.1997091815298626,20.583040498359946
1144496929,3,9.542328530937084,0.35544050031511376,0.23591415148104716,1.0623555642684266,15.269278687891902
1144952297,2,193.0832320975485,0.36541493394489916,0.2596838556353361,1.1508098172047032,24.809545339333233
1145064910,0,202.34290242453173,0.37237816944750385,0.23970886561406368,0.9413377038108347,15.332145295017344
1145617844,3,84.70444065517373,0.3658249673532895,0.24477870316718536,0.9384588598720556,15.053926933008762
1145796233,3,167.14334508029188,0.3418814076119022,0.2806751216466993,1.1982502590856134,19.44289681367622
1146375572,0,42.14399223869811,0.3440394371261761,0.1774804615429827,1.108247479399156,11.754057983568984
1146618065,0,26.91168658196431,0.3479659336418552,0.2356910651453112,1.115691049026382,19.103401911987604
1146876238,0,60.15442006450398,0.3517849620529856,0.21326444025244182,1.192827321836597,15.957429672735563
1146896045,4,89.20704492604065,0.3232427801239917,0.2699655701028955,1.1334915724869674,18.128975554941853
1147140569,4,173.04987695753073,0.3723002822103918,0.268551533576811,1.1531663822128573,20.851632669753172
1147168409,2,31.80349737082419,0.339279761304013,0.30325402468057977,1.0002802016994239,20.005754650694193
1148404116,0,249.8728912071707,0.3974381240644057,0.16344946344304495,1.4808216726191339,25.407264774257172
1148596222,3,45.165274447265624,0.33460975380041963,0.1917292751042766,1.2245947071392829,13.366871628924233
1148927533,3,64.52008568176693,0.337059289770694,0.26182287869285126,1.1897943260334514,19.193642102236545
1148967455,0,226.6146209233999,0.35230241228793413,0.28749805800612144,1.0087564717545747,18.22051059691021
1149199303,4,35.60725437610057,0.33943252588008094,0.185077742503597,0.9648491878585493,13.043941383947843
1149265769,0,92.06086786740619,0.31290517662773687,0.24251067435742746,1.1516490602675749,17.27279151087946
1150009994,1,28.00234136636064,0.3428832869280645,0.19024859922224596,0.9533337228888706,13.061404639216033
1150049230,3,281.1174827061096,0.37238343128374085,0.2626375559018528,1.0728137998113643,21.13876173410083
1150090312,2,268.8248104911088,0.36218517870448563,0.24332217827387528,1.1669093350398625,21.335331830684066
1150209468,0,64.95648628553094,0.40229815277700487,0.29398747694001204,0.8720576408944887,17.48310745128271
1150286039,1,225.45862625856745,0.36971174932381207,0.2301680268695032,0.9928790625842911,15.198845098171034
1150417190,1,306.5125894936882,0.4070619788989254,0.23354135554043837,1.1249342252349135,24.887725578232125
1150491517,1,149.24934393219527,0.37583782361316237,0.2270780541399387,1.1221562879869038,19.363820739551738
1150533909,1,-59.34232198143968,0.3639382881812493,0.13093005122697277,1.3162037682361822,15.549984890938553
1150855035,1,36.79290454443615,0.360186490196088,0.24320028949111186,1.0015991296555995,11.829414051861542
1150964358,1,190.20213354040467,0.3639171813034427,0.2786169305114779,0.9822590233548673,18.625938674684143
1151260550,0,235.16807493745353,0.3826736259554406,0.22967651157982513,1.2219209627361813,23.93595798803128
1151287804,1,308.5802636316537,0.3935280214067968,0.28907897131433274,0.9541585767314338,28.40763962650005
1151566525,1,91.51447912747214,0.36608175495455053,0.23317375082307334,1.0867043885175516,18.90187908560806
1151772971,1,50.47635026068379,0.35474179583333554,0.2142692195210597,1.0392844630001765,18.18015779857876
1152245354,3,74.60833949503662,0.3641161561011571,0.3063811641945029,0.934739531298226,17.94839530931932
1152269820,3,198.24485618799451,0.3844003375119157,0.29027353946888057,1.1393821778558482,24.2992327883494
1152453728,0,177.27451523352363,0.36702782730480427,0.2464693216234365,1.0314726322281327,22.971045417257212
1152527958,2,52.07166460630065,0.35722664869538545,0.24896147774989227,1.0902708332443416,19.90956666203335
1153123442,1,309.6497943749116,0.41361514937775296,0.157743401896033,1.0867554132220778,22.19462012860685
1153144775,3,232.10384280324178,0.3455289178604781,0.2480510361133307,1.1373126711613144,18.61716217072496
1153274738,4,207.72088052466515,0.37000807464668034,0.1681086825995573,1.0746176866476163,13.730021487879872
1153424706,4,150.63566050980558,0.33448557484918845,0.2062824201106518,1.1434461728690721,16.17061975149582
1153616490,4,285.82365265998396,0.363169704989608,0.24029378450780675,1.0925318964624529,18.822939818471266
1153834877,0,18.722012910306134,0.37225743264178224,0.3535130582955171,0.9164149418729769,20.698931314533592
1153885240,2,54.12102240052848,0.3386803476945404,0.2723106171041437,1.0713427110497342,16.71639734448289
1154018955,4,163.1473960382097,0.3734711282577459,0.16709449789712355,1.0466438935503708,12.51529500503203
1154163429,2,110.80700331589249,0.3697176210270356,0.23753846462309208,1.1425245374722908,20.339639020878522
1154938499,4,55.55418171269043,0.34908988612664316,0.2735171898449932,0.944496566819394,17.584202492282436
1155135793,1,12.3422298290957,0.36965079876094,0.258743405438347,0.9874098564756897,12.829910770401325
1155257724,2,125.99917731991803,0.3557115477567008,0.2589871850378041,1.0417652377210047,18.572348424399426
1155325628,0,-8.773255495581651,0.3939959613412566,0.3951618999383428,0.9266196091611139,20.757532061649915
1155566609,3,58.29936787489209,0.3392157467517268,0.2833229503687194,1.1611818122242021,19.026647739668793
1155913960,2,29.9265318187457,0.3610832018750238,0.2708010731149947,0.9581445312574544,17.86724311883728
1156088794,0,5.694897082365287,0.34378825304864347,0.20223185649606282,1.2971199402797329,18.936862952491985
1156094009,1,205.67728035205099,0.38352366142425565,0.22248596581165211,0.9505857057941371,15.99280868970781
1156161130,0,176.82551044933462,0.3442056785858511,0.20698752725383485,1.0275474340127144,14.517057200829187
1156532186,1,142.39758964787546,0.3826940138854943,0.19515784143766868,0.8819277740353653,16.845784091472375
1156634940,3,133.90684449477916,0.3792477459862736,0.25232561134669135,1.1147543383057148,20.273025668674908
1156665768,1,164.03270156512076,0.39495849455285764,0.22506450460769847,1.1029920860050968,20.85023711952558
1156796148,4,225.74904607576684,0.3559394017970608,0.2399210737060979,1.0313705221880825,17.167981078798373
1156980921,0,55.32202456812999,0.3680890302753101,0.2562128844226375,1.071879206126197,23.379489976742477
1157376824,1,76.54670129202158,0.34903884538641705,0.2830626205686844,1.1318781779791327,21.090398928961548
1157422620,4,102.61534228568954,0.35787422079059034,0.24067325779119197,1.1254087928271443,18.43190500774149
1157657223,2,269.421113079674,0.3860649049636248,0.2668779125622374,1.171983305875188,25.951029289416418
1158192712,3,20.85868377716227,0.34610787752966227,0.21503216769804503,1.1581573881665943,11.53529713304238
1158201779,3,257.06651710522766,0.37411104464147316,0.28721512960948514,1.218503770488432,22.853005099390785
1158220592,1,65.3000512427485,0.4028731016466779,0.2063361131200141,0.9111799426991308,11.88776755433526
1158703899,1,65.63076843596593,0.33795505647230367,0.2130900151967785,1.169612242869759,18.776922600819418
1158783004,1,-41.086300265240396,0.2845649853033777,0.21503772120337483,1.2782540825356032,17.125998502430363
1158854097,0,-1.8178863426210228,0.36707424939671474,0.30072969792767407,0.9496219464359654,20.093065029901382
1158896668,4,-32.452271670118705,0.30492449822069234,0.23510187848371444,1.1970853986312329,22.173071841538174
1159125442,4,-52.712814668245386,0.3224744536207177,0.10662717318987136,1.5590196413883688,14.191772639428203
1159254929,1,139.79659450536647,0.3522509253958766,0.18478718867923682,1.1447863439052135,18.010569502095752
1159550508,3,25.845514027295167,0.34501820650931553,0.2687836171411269,1.076737098580834,19.13565376162707
1159696305,3,291.9969722435855,0.3680943311305876,0.20719778118512094,1.3176637862735143,28.57703265391803
1159981352,3,131.08939307479915,0.3726554078381066,0.31760732951574067,1.0932463397331658,24.83607898284098
1160560393,3,77.77819658821807,0.3518962466837341,0.2786366195057301,1.2109880699196098,19.767203066871435
1160783446,0,172.01815098892456,0.3485323867528134,0.1998616576506766,1.0686614625956632,12.826486150563316
1160809525,3,76.43581252904397,0.38373674728552737,0.17088350572218708,0.8689288338909116,10.824446711068713
1161122757,4,38.59043547530013,0.3507661233676204,0.2716662458285287,1.064740766242053,16.381479399302968
1161267582,0,198.48863509934688,0.39195284201421715,0.20550287478394053,1.0165678709138641,17.814325057613146
1161429718,2,116.16301779869254,0.3637065426577319,0.2829672546128798,0.9429403922603404,16.060855076342943
1161669930,4,223.06006508731252,0.402543687106467,0.1584943895241236,0.883439052445893,12.785785524897719
1161685710,3,230.42515867293005,0.3639487910631473,0.22785765246720638,1.0320904751649316,12.901857609235432
1161927023,0,212.2368019139554,0.36737312367725145,0.2065912864266577,1.2140859505122037,24.39237901737921
1162303824,2,160.73480006121883,0.35264181726674576,0.25815991431003793,1.1458103335088998,22.179288799429084
1162525545,3,-35.213232054259436,0.40960687278619234,0.3857855798127382,0.8134265653742734,19.344795791304655
1162986011,0,50.79917836842256,0.3602516173983716,0.22902915008968797,1.0974225552427366,16.859741015701523
1163047718,2,209.98450810734863,0.39807421342411303,0.23378391280679,1.0311830413986083,18.34035201921469
1163052769,3,136.53061110022864,0.3736840262416478,0.20711407725766334,1.2334961627393901,20.754373081564832
1163216608,1,172.63325462570396,0.3382709910004699,0.26624940003514763,1.1459000012779477,20.127765743254646
1163273261,3,189.55956367559617,0.3482800629903858,0.24362080128421443,1.0383708058763548,16.664232732914858
1164865014,0,-21.83176910992512,0.377073043652794,0.32389693122586904,0.915593802606326,21.10273483547975
1164892547,2,153.7452810873056,0.3538367470207827,0.23949527421619823,1.151318800721063,18.09234183254662
1165921168,4,69.55813222017323,0.3388578127289859,0.19656600927507079,1.1372661841503233,12.111051422566508
1166008818,4,46.004940226035174,0.3482652503617092,0.058557813720229696,1.8173348491081232,22.070797654850466
1166293848,3,40.88140478569623,0.3261418261808033,0.2729088863814276,1.0892923749678065,16.2206524175952
1166324163,3,238.36271829250046,0.368702653848786,0.20904395488099878,1.1489932750493512,16.093679941263904
1166598350,0,194.19074171024045,0.33192719952760885,0.24970814817462075,1.0803837740455904,16.902633584539267
1166612863,4,174.05307953461025,0.37222350922412084,0.254038887537359,1.0806854105165993,16.34757273786324
1166758072,2,107.0103785293184,0.37217066935022947,0.21539000698192734,1.0705845537272227,19.019435191026535
1167306747,4,8.17769153247346,0.3973259851234464,0.11178650730836176,1.216898811053012,16.034062871733305
1167512472,1,-101.52642793468229,0.3851177492886926,0.2501143900583502,0.9779181448827214,18.328660177197467
1168402050,4,81.06759210955849,0.33732814844202796,0.2600421707953866,1.1238186607209475,22.170873518847294
1169343082,3,168.73729523616973,0.38286058437839204,0.2598019785872044,1.1589365915481133,23.384964891939582
1169485252,1,103.62941514928224,0.36823386412736436,0.31241278587750876,1.084025917707201,26.731948452405824
1169539258,1,30.067720345669827,0.27769469745480724,0.16932237042747106,1.0590155743092673,14.559034812393746
1169677958,0,-51.206578052126375,0.36013159850968446,0.27438968537378117,0.9722514799105806,20.97649422009027
1169871864,3,109.30278041472585,0.3296035105099725,0.15999684340259085,1.1360741477085934,12.790656865381028
1169954236,0,217.54921531694103,0.4073669712898548,0.2031855018021914,1.090980387653838,21.748137428410086
1170082688,1,-15.553860555758718,0.3791815816184301,0.3255953422687473,0.9038597047980357,18.18702888362863
1170368720,2,151.4393017165182,0.3402425444948345,0.23505899363321103,1.0607335758087293,15.156669743508159
1170403788,3,22.37969269357515,0.3458576058773637,0.2773560278930661,1.2833890333865932,23.66899130953849
1170534949,3,215.22677538509893,0.4223191043956656,0.20564338339658833,0.9149113594332917,14.285052540963337
1171030201,1,170.35703102834157,0.37018031867669876,0.22419896836865777,1.0815958617463395,18.82391444939602
1171188982,1,219.9853323916971,0.3554978588678155,0.2700448582339372,1.0165989613529247,17.745731203815154
1171923773,2,119.0501826288209,0.3637974332335518,0.27732467612825346,0.9486553643234914,16.38856090297197
1171970548,4,255.07393680480155,0.3669015931502879,0.2072701711188626,1.2606053173751839,21.458982516979432
1173339618,3,107.61935747575876,0.2518703419791557,0.21673259224388022,1.1439498714189482,18.936538842777747
1173467294,3,20.219524223283273,0.3576898667784058,0.18365043938321707,1.252610986992702,14.410711959025637
1173471549,4,-47.199134723563645,0.3287377071326298,0.10076074712836797,1.6306274897973645,13.295941772036025
1173729020,4,-1.9531170406494454,0.363659246173684,0.17462797214562314,1.1958578198738723,18.040714349941034
1174292255,1,-54.344877818737075,0.3754176937287864,0.1467466352964117,1.3233805145831008,14.122186469729119
1174531602,4,186.2745427107529,0.346224392464414,0.2582860502219681,1.120240924896036,17.8513657399743
1174602411,0,171.4058711399893,0.36150242010796063,0.24513424266091474,0.9494099160616118,18.029682678885464
1175231244,2,101.08497485646143,0.3322310830734805,0.13223825242196885,1.506199777536129,22.197685614785296
1175281698,4,175.87707363167368,0.3820055813050859,0.25803918681970406,1.0207956137665148,21.972537820819646
1175337954,2,187.77954092204544,0.3604946739173096,0.21528885939934167,1.1611423294124203,19.3384149093511
1175753193,3,84.04032677210662,0.3568975050580555,0.28167039972871216,1.2154164485158505,23.298338940551286
1175936826,1,119.65751382679511,0.36338885037161295,0.2146719418671421,1.165652679957395,15.103649844423305
1176059607,1,144.95492731128903,0.3303217831580977,0.2675614907537273,1.1918028057646668,20.603330514182172
1176518490,1,5.422854103101187,0.4064440547375002,0.3080800017279398,0.7938517729954442,12.062619991861208
1177030933,4,71.94044392062008,0.2944117612636402,0.1753633786315662,1.170501212053576,13.040560744267717
1177244369,4,97.21434355231963,0.3430943026685076,0.27561502606589205,1.0740885872185129,20.02381209668364
1177484221,4,267.4979610214309,0.37200762478000793,0.28053382053306,1.1722242441241562,19.692273335297557
1177560732,4,69.07710151519173,0.34090069431942255,0.2528441828877519,1.103132326800867,16.828550693340173
1177876091,3,223.4789103858628,0.36430959501507254,0.29282613555425596,1.1759620392814694,23.28316317374558
1178071397,1,110.56725437142113,0.3684224401593634,0.22221197745582563,1.103187122384319,13.015403716688905
1178419855,0,253.98598149955552,0.38927162118746433,0.21607926545934764,1.0877292084531092,22.081069960809003
1178529764,2,44.73022645991291,0.36720420614453214,0.3520133402374871,0.9338041685811367,20.94845410229776
1178789985,2,162.80060426117518,0.3524442252975383,0.26232771084537854,1.0369634761978392,18.488044683744626
1179116190,4,60.12661024952406,0.3760097326733663,0.19215892890273767,0.9355922560455693,11.484853148775345
1179190627,3,194.88175525507455,0.3616725809047607,0.2063013126025244,1.1929867910489615,18.662052379269987
1179272125,3,170.77831365393996,0.34948353336909666,0.17773769303205134,1.3218454971683484,23.14632060787799
1179363034,1,41.556654729416984,0.41973574732119856,0.2786964441136016,0.8975374723866966,13.98882295086104
1179731134,1,-45.14108055799582,0.3589068390033105,0.2647793678760608,1.0011071298045808,19.885999447330192
1179754286,3,16.011816253447975,0.33409117994813375,0.21533276297449291,1.1427892439455738,11.94273712051586
1180333206,4,68.32822291762822,0.32713624709779093,0.29356793595860187,1.043065047886174,20.717072327698567
1180480883,3,199.46109139018242,0.33016163681151844,0.2155018471501697,1.2548533194104545,17.619700274589515
1180503880,0,53.00352982700266,0.3615318403749047,0.2364661004179174,1.0023870921910976,18.731051370647045
1180568340,0,145.43514773275956,0.3588616856816545,0.20905750674234846,1.064468923529486,19.742991252428244
1180738924,3,-41.190030668210625,0.3566329393717598,0.190137293563636,1.1137396548740557,16.404407130879598
1181185977,3,173.36948153195982,0.3499644691051028,0.31540573844818803,1.047174426075107,17.47666546711868
1181407570,2,236.54518885994253,0.3916877116130678,0.19972822838926507,1.0970050704934853,19.925534618620773
1181944068,4,181.99406245607747,0.3750361304139043,0.30394185077726493,0.9893385972006139,27.48959221024445
1182108104,0,245.01465746960952,0.3619973264940232,0.21312610811800226,1.208620997982625,22.619564761923073
1182258858,4,185.643629518524,0.2930032708372138,0.2812404730755203,1.3313353311633498,14.354484096890978
1182569183,4,49.27918311165604,0.3463196578190462,0.16751721730441432,0.9721112940074549,12.983272644694473
1182679846,4,-70.31560462263371,0.3775278043388374,0.2757290987361978,1.0264867336335748,23.070702972809542
1182712915,2,113.77733100731736,0.3695578756113292,0.24665729391791805,1.1689960671857886,18.222505847605525
1182822577,4,352.3780383604503,0.42014073873066965,0.2764628614889758,1.0155417047771345,22.064179805023485
1182969887,0,235.01531402149425,0.3604221663602534,0.20756697721293044,1.2329220662019624,21.742126273258606
1183558225,2,294.0281507283683,0.389615911415832,0.2565526348604812,1.1159086889259688,23.397391975478865
1183565625,3,-44.6463376367206,0.3928743576136055,0.3574990443192409,0.8860872198038966,18.702351817693128
1183988874,4,215.72029451550353,0.36328442832825125,0.1825916248937222,1.1270837201641153,14.617900108503232
1184109682,2,74.9383842929454,0.33437254462947374,0.2088336780981661,1.0695271944572557,11.950698739856957
1184454690,2,15.811649950613486,0.3381270941248364,0.27037650772241384,1.0419032090319633,19.69008407485322
1184730423,2,202.94753531863864,0.39552891247405786,0.2237835332181813,1.0347138929620203,18.637079780939636
1185510088,3,291.495984791212,0.39099176500440747,0.27971491817425315,0.978863101025192,15.302635414327762
1185605956,4,133.15503549165123,0.3573173030549169,0.28463812713189235,1.1595338591966489,22.81511768352692
1185913675,4,208.21404392677522,0.379523303596756,0.19741835525199847,1.0649088125793778,13.758027080911386
1186098894,4,217.8283813777576,0.36045360698441786,0.28483249757392537,0.9797382642081356,19.702233595532174
1186143208,3,-39.173212412512584,0.338682296393556,0.2607819775927211,1.066809336919136,19.39234933526835
1186744234,2,245.5589178868707,0.3958716330209942,0.2974527346874426,0.9707152924800005,24.73508837988382
1186809405,0,56.5954628932726,0.35735590508592463,0.2107500113909151,1.1525866463367085,17.733411752782054
1187123244,1,2.954272467322255,0.329422876208624,0.2518197442684114,1.0754141235844878,16.749417540060797
1187202232,2,112.58737081914948,0.35109584944579003,0.17381151693009414,1.0207306850236522,13.990018872017854
1187350081,1,289.86046158008264,0.3648189014503159,0.262908809236787,1.1861161782593987,24.4679939880818
1188020715,1,40.64326402526257,0.3529277985907701,0.3112869016121696,1.0841996732231325,21.379167449651604
1188519956,0,42.04309849324015,0.3754431901540314,0.19974965515934665,0.8779133093379397,16.828266062266856
1188842959,2,102.3367517005319,0.409312777582236,0.18748926119476655,0.9212846530781368,13.578113229051542
1188921734,3,225.62162026325169,0.3916526862924446,0.2516255005184054,1.2034666624307013,19.829916483456913
1189256579,0,45.41125246720705,0.34217711465720235,0.23765800088424888,1.1539571702465374,22.629901029995757
1189403071,0,77.70487607303258,0.35549636292197273,0.24244223966918294,1.0141512044220882,14.680962617641185
1189744629,4,50.4105587365876,0.3378823786783184,0.2022669099332604,1.1039579682682694,15.831125115745724
1190275023,4,103.15337098629972,0.34302166255210903,0.2662180614415501,1.2194451771780928,22.511213384278868
1190316839,1,80.54308694471186,0.34021041946645203,0.2513938571596928,1.1421147404488408,22.184270153137213
1190678672,3,46.31099043062667,0.4258595980406058,0.19959433188081727,0.8658292542195474,12.724309243642509
1190710133,4,278.50227202163603,0.35034667632823757,0.33352443939979914,1.0422949247033384,24.850624972391042
1190953274,3,49.96230513804329,0.3653226883694031,0.25668577970499207,1.0956271867570337,19.663204507556785
1191042202,2,74.21813006137134,0.352909343094557,0.20557217893994378,1.1148658242087524,12.397112061585164
1191663733,2,138.15699116254535,0.3812430739646369,0.24620108896858042,1.0491488828595137,20.51793714446245
1191731244,3,-9.467994532310783,0.37100701978539646,0.1943401767221304,1.1556138417228312,18.50938582879587
1191831125,0,56.646606763982454,0.3807770906866557,0.20595729797984766,0.9778941435639993,12.413306852815
1192232068,4,315.9767504134876,0.3892980363009574,0.27863201858189657,1.0992133307492185,24.08758432011902
1192456163,2,126.22799599326775,0.3605410777727302,0.2605371082587375,0.9975561154649106,14.714108080888412
1192553911,3,303.20946456341306,0.4555655808562302,0.21049958854822484,1.27635762066435,24.60101406899791
1192592037,1,145.70000638064982,0.3673531036612098,0.24609828621092358,1.092778655675105,20.531620672004944
1192958446,0,183.0522076660065,0.35926234160848247,0.2176432504244952,1.2027292844168227,19.599603034756132
1193670213,3,-0.2878815331912534,0.37704898155088795,0.1860206928769555,0.9742977373165671,14.981983631370085
1193720815,2,101.78151849987991,0.3882315351074039,0.1767279322055231,0.9233896041337898,12.878451753981388
1193815432,4,270.9846975822544,0.33580678827520205,0.2783997994087222,1.0981369182439256,18.004345475700024
1193899229,4,198.5740433948265,0.4146917739802245,0.23789402786143168,1.1172549220390273,16.169508626062367
1194500574,1,202.5153035860202,0.3891646820418336,0.19874678953648972,0.8817390496271937,13.79594925750338
1194503224,3,-22.581656127906115,0.35812744313321704,0.20363549279462304,1.0755102847537774,13.312943457596827
1195238736,0,289.8171879458428,0.38188074727568305,0.2495087550054489,0.9687466677406744,16.101655521715678
1195485493,1,199.08198366643614,0.3677425427333914,0.19987906128365782,1.1456572901229691,18.152718103297744
1196350517,4,71.1163684839467,0.36637855308453965,0.1694531089685765,0.9644188970262162,11.77250526343818
1197069937,2,6.178220355836274,0.3596087007243079,0.3046847694505943,0.9903112568999977,24.994236662681324
1197104268,1,-47.45925675367022,0.3896959621802946,0.2359156950338163,0.8606149101093652,16.28784328512499
1197180422,2,-3.556274945401057,0.3417187407021607,0.26046404496347597,1.0443166550219498,21.039611102386022
1197310078,0,71.37909253844984,0.38255489152467914,0.243335378331048,0.9839780946856819,18.699154077453713
1198345617,4,91.28782189590481,0.3617543994276152,0.16952088382455294,1.2048464126326355,16.89424867476894
1199431647,3,124.61545217503226,0.3602272312504202,0.3731752913867015,1.256162187612896,29.51650713660473
1199538165,2,218.32055026994186,0.3666512761123719,0.24271367133469163,1.0026225715595225,17.57090925621763
1199796903,4,-6.294927270463333,0.3564578998929007,0.3081584510100191,0.9578505237782685,20.755027577224883
1200344407,2,183.5217326385058,0.3507343730212687,0.24028814813027424,0.9901650540662813,18.604394651609418
1200465842,0,175.5813559025677,0.3768300786728388,0.2213363342448618,1.089605363264815,20.553947437550764
1200924510,2,215.21196934454733,0.3668248896077402,0.23968972705233327,1.1916603908860222,23.236451598182725
1201052937,2,15.78545777786158,0.33858691968799626,0.28397603338391936,1.0347979237662936,20.088876276176915
1201572278,0,39.79879787208642,0.41632241258824465,0.24819544497852997,1.061851626501021,21.90966027407045
1201617221,3,165.7445129070187,0.49001754461308705,0.3419233764974784,1.035592136064957,24.755497059790883
1201779173,3,123.65482199775701,0.35657028713066563,0.2158369724988668,1.0106328079737217,17.548326117186665
1202036659,2,194.17848811681228,0.35664915518868784,0.2517869028776056,1.0710753093810745,18.260373229450455
1202039443,2,-0.7752860760488431,0.3766668155245856,0.19727190176859719,0.9691150164147585,14.154333298793013
1202357620,0,8.693369245183547,0.34931747717478584,0.21996837706449102,1.0163562740719099,13.67754858153787
1202772120,4,204.47138834118655,0.31834882368495854,0.2760797658303028,1.208665996913989,18.146050366499995
1202816034,3,26.0514225294323,0.36067635489306554,0.3026302256551073,1.0290140494079107,19.734074554426343
1202982181,3,-4.070396263393775,0.35380721871428,0.27509145467842633,1.067157650435004,16.82773984530505
1203408030,2,153.10801168892482,0.35168179941153643,0.26718478883736924,1.0274063106525233,18.80135186495383
1203525380,4,46.90556165773915,0.35428010600789067,0.18840076812707976,0.9050030630650076,12.71439752087569
1203570548,2,191.4098221832162,0.3611091619672977,0.21398430361670653,0.9005861810721674,16.133065989108324
1203599832,3,36.64740536424468,0.34692178723241446,0.27224450147204876,1.1707662365259608,21.953242235225293
1203618670,4,5.958837998514426,0.3569429669269571,0.23516919786350826,1.1356579261313713,18.735817538840188
1204067122,1,167.96821275115175,0.38811489259303145,0.19344023621594125,1.1799461031390275,20.98113055929651
1204134441,2,5.919201334152973,0.3751670884176951,0.2533424667023942,1.0274096321343458,21.607960154291487
1204249965,1,48.12038638822454,0.40849226250954074,0.19398416193361462,0.7614927128940706,11.898360004958366
1204523273,2,54.45115771518861,0.39141646849294415,0.2564953264590948,1.0298454063606266,17.76675817565085
1204736801,2,160.4537801569858,0.3724552434496804,0.2676935950514993,1.1247536965385405,23.47571382614954
1204898498,3,-10.022119447124965,0.3452497416927717,0.28101798796706634,1.1194973630691443,19.382621829806958
1205044664,1,257.09601651637416,0.3800758546017569,0.2005294215948211,0.9592363679061827,15.481230078165408
1205228260,3,321.9408710706964,0.3818472484723351,0.3691305002241126,1.1270040247813058,29.104910290230343
1205655131,4,23.78191890812667,0.3616127853940739,0.21660391765850825,0.9978024196711619,13.166317191818981
1205814834,3,2.4578880980556335,0.4232842759621344,0.18650727434032643,1.091192326978683,15.589019667885264
1205844020,3,55.30729711870095,0.32491407280990126,0.1292227439936476,1.1893748674071192,19.518741210306242
1205846674,4,317.69640978601717,0.37915900219547677,0.22502352349960064,1.2325839722706136,24.689726056821975
1206071463,4,87.28929581633948,0.3693392305430783,0.1801735286328168,1.1192105816878766,12.865496627536269
1206416017,2,117.8395881357339,0.3675899413300497,0.19685142878211012,0.8982679031462578,12.883466028306218
1206915036,2,331.5225240856672,0.38960640081264064,0.19190077596487085,1.0792775341623635,20.586267774970104
1207045788,3,222.7831857927505,0.3775043815454638,0.28370119292961826,1.1155827116755368,23.402294320666286
1207110637,0,208.97731058275215,0.3612372668786986,0.19338979181219243,1.2654215046003068,21.183253578788918
1207409378,4,80.12100716805267,0.41888595128746,0.25901661928292435,0.9414128761716918,13.811975560534835
1208726540,4,45.41048659752404,0.3392434414135874,0.29279756497746223,0.9990363635542262,18.999576497721684
1208748565,1,65.17867824058914,0.36527404932446766,0.22679933061024157,1.141047453142763,11.986093959642465
1208847299,1,163.784000019806,0.3511117857791384,0.2665621608383587,1.2253773610733785,21.971511858849567
1208969128,3,233.38270978877168,0.3644236490962175,0.2207541337984535,1.2252687500787263,18.652937859501733
1209031692,0,247.57400775357132,0.35793648185976434,0.22224103702340697,1.2503781120113453,23.97178113381768
1209050565,3,90.0023602471403,0.3525428269922787,0.31248216563808123,1.1352171701417542,14.928166586878577
1209050682,4,-20.89253550152563,0.3949170261665427,0.4110595230205969,0.8590607350552584,22.378378103264506
1209057611,1,205.9104697905854,0.34487074507990434,0.30869582312381133,1.1898709194742918,23.32438286359023
1209084809,3,201.2918450093851,0.3836835875974811,0.29810488831774934,1.0312409835809186,25.011163485023417
1209928353,2,26.377668743459623,0.3669261804449671,0.3211367396185886,0.9556969527891712,21.02126442977306
1210327805,1,44.947843978034676,0.3626357251365383,0.2989561816365402,0.9730564064824246,15.637154162494982
1210773764,2,106.5614374315861,0.4352816543906724,0.27316172118090026,1.0238905109524912,18.623517561744947
1210971861,0,223.8003403402068,0.37502973264235423,0.21315459285645538,1.0552991187231513,20.384519817834065
1211550700,4,326.13900693756773,0.4199612615729087,0.2360048198267182,1.0462923376999074,19.28709383327057
1212285406,4,229.69158380231625,0.34120989544123753,0.19281149230887396,1.1007371093809877,14.394494100052016
1212362961,0,71.17646338959476,0.37002535087817995,0.2274829680860736,1.0278619390596495,17.53351085455569
1212645329,1,-61.93566659509443,0.35604207918782693,0.23996240004379202,1.0967189476814403,19.905929102765043
1213234132,2,161.73357502155756,0.3657878913302594,0.23790279980490148,1.0962140564639973,17.05098743895709
1213369367,1,84.42589027387129,0.34844103304170954,0.1932022173333606,1.1800292871597444,14.32894473272766
1213893349,3,57.77722365465509,0.3194908526741649,0.31511446436935103,0.9416882850247396,15.318161647888875
1213899080,4,296.23465859367286,0.37920425354422566,0.22612478453106802,0.978038495443722,16.07784745746084
1214234223,0,-20.788284227123697,0.384314842517833,0.35277497457918094,0.8935855303500517,21.490721345503367
1214356356,4,71.16381865357003,0.3556727374838843,0.2721267577022559,1.1016346842262603,18.011517091886493
1214422376,1,-25.667886082218487,0.3237154971256246,0.2322874214647343,1.0416576891825777,16.482381537644294
1214923559,1,-39.61300626641565,0.3776407260123343,0.34185627007835384,0.9237045021108532,21.906221054856704
1215056104,3,269.99535013003253,0.37838245878557936,0.27279190828764166,0.9571427007393034,18.54666086892232
1215188002,3,171.26807629342522,0.3694127096833168,0.290419208539906,1.1334971949033505,22.88730156945084
1215512335,4,148.53759363768674,0.39026335886417,0.3021883478522608,0.9092188204907822,26.348017021731366
1215694607,0,195.36058706661237,0.3727804193024202,0.19760795368135803,1.1779659137622698,21.87970510804614
1215820166,4,153.98304576448922,0.35200110304192694,0.21790555070053283,1.2613797132199323,20.996925112682533
1216120038,4,-17.751752284318968,0.3521091700002417,0.2135562568594181,1.1508943437935022,17.853264925584117
1216424248,1,-8.33489407700165,0.3603999404519277,0.25300098220248746,1.037870828321703,19.040862403049918
1217132738,3,27.678639556364104,0.36926042523369285,0.16778519515778384,1.1090992502772972,15.14410126095694
1217226410,0,97.15611379572812,0.3475114469253359,0.1977495496920787,1.0589250102988939,15.605302240545877
1217265261,1,193.27233034131837,0.3705458886771361,0.28268843636643803,1.0855197302861004,20.478078717593448
1217496894,3,48.44184075868421,0.31321740440943474,0.2382567189892128,1.1188463479002313,18.247568884192876
1217545349,2,80.01746164934684,0.3549052234003791,0.1425768234199497,1.1954852517837982,14.681668651000113
1217713342,2,341.2445540286658,0.4048923639556491,0.23971965017985877,1.0622454588270618,22.31090904332316
1217901314,2,275.3263290014375,0.36446783708672353,0.18950465681195267,1.198566566297969,21.266642958132984
1218214236,2,134.25935238243636,0.3247606324491266,0.16295011864506193,1.0936077048976545,12.476625359549578
1218861482,1,3.185786703848919,0.3437880133176984,0.21378070696602675,1.1132755651087871,14.412508278606676
1219358292,3,67.38669242818679,0.3569492329084911,0.2620948997739598,0.9727134754216756,14.123893330666787
1219579071,0,83.91072746094156,0.35389452296688206,0.22870851979358384,1.1013570310515026,19.749375824473674
1219791952,0,263.59893819906546,0.37418972985262544,0.3163860595656945,0.9637055075826033,20.578707382302902
1220036380,3,192.94716543521923,0.3691710838264265,0.27647389612386253,1.2782625836294486,23.589610456986527
1220421998,3,56.79278417932787,0.35878113916176324,0.1961064208815649,1.0938546312975925,17.377699205110034
1220689198,0,280.4876069537271,0.47711010586867736,0.2934914250062742,1.1438259557335013,26.938135286473205
1220722345,0,80.04796629479635,0.3369107278844734,0.18162769787095245,1.0977127659597847,14.280075811553221
1220760786,3,30.81668299087444,0.368230134396877,0.36299956524387667,0.9454851528954105,21.569739418539708
1220908034,1,72.89601237018687,0.3614631140866109,0.29281551297084196,0.9881177008325623,16.692471717806576
1221040845,0,157.49546818215316,0.3806677272453074,0.09339562187480407,1.7058956743407347,19.222166450287823
1221113390,4,61.09919636982288,0.33867900897256337,0.22516206863727228,1.044928639128221,15.990250974399602
1221138931,2,35.98797842189524,0.38753580535156784,0.41309309116852333,0.8821888782272485,22.146772901857332
1221972864,3,11.339013506736634,0.40391592770619017,0.20188202390774454,0.9378893814539161,14.150709467968513
1223012575,0,22.100270067269392,0.36098078105328446,0.24385309053465126,0.9923325974294578,14.649992647674503
1223074288,3,-11.15914622265197,0.36441427368956786,0.20971113588273077,1.0637406146342743,17.756738471370845
1223077195,2,274.4692576292599,0.37474774521658333,0.2724574607687649,0.9917562397013199,18.929722023373028
1223442975,1,25.2351648656269,0.3677550800424353,0.28731953106132097,0.9916474152656286,20.538603028028955
1223466134,4,17.962844417482415,0.33973369677816323,0.24721819064634032,1.1182957670465905,19.228622579570732
1223535676,0,204.39011700341413,0.35881855781229366,0.22904614098630913,1.0852880246719263,16.628250198763418
1223550383,2,78.24124643965985,0.3680056164277604,0.2570228010150799,1.0438448792642263,21.02424012301405
1224319371,2,275.58740975810696,0.37103320569044296,0.1932862808511101,1.169545481462014,20.295461871222784
1224371344,3,16.640666351204004,0.35147385893541616,0.33550735487714034,0.978033585836374,20.21175782811685
1224631495,1,210.52311873305294,0.3713978018046105,0.26718086633641924,1.1679414570801887,25.028629309811755
1224767743,3,28.946642526562854,0.34873872221944985,0.216573240338103,1.293755166546982,16.537074890663607
1225123322,1,-85.27740374829403,0.3355772290109481,0.18216204722681534,1.4574170887498172,12.861140914829713
1225921990,2,111.46030287334132,0.36485173827656436,0.24059130057004743,1.1738730410237528,22.81635959523954
1225989211,3,101.92600209082671,0.3357885969199728,0.3127807696162995,1.3104011388929022,23.58479345964686
1226464299,3,274.49616602641254,0.4245720082889743,0.1917472128041463,0.9016187420115299,13.584903540570687
1226489424,0,199.4293325063272,0.3610434610773389,0.18340859266186815,1.337607407194648,22.429913756655136
1226552406,4,198.38877225659448,0.34674612672471716,0.27132442033091014,1.1812604590777087,18.844574935763823
1226651340,1,26.840351343785628,0.35413868527094294,0.2685417582815378,1.0386740530846956,16.365670778154787
1227244872,3,9.38968443852923,0.38938519452111187,0.29519720318467,0.8872132055763822,12.328239425538435
1227492040,2,312.36876191134087,0.4336227470363424,0.2501959435529062,1.0625361556323845,22.68853181415981
1227953094,0,116.9758160489005,0.3666677742216102,0.22305955941316183,1.1275952789288635,21.85000201915527
1229175862,3,269.96008550954195,0.39880327114865965,0.22483614301897153,1.131293801775698,21.04325146370803
1229640212,4,157.07125072541953,0.36749865131917625,0.2652096425317342,0.9277835803689284,17.60415314969641
1230087703,4,99.0953762895471,0.3867633990217194,0.2808387537995207,0.9699172799218898,21.40549111435112
1230182375,2,224.73680518735574,0.3831615428009388,0.20101511418180962,1.1483869797472457,17.198087931617803
1231617285,1,69.97644524901655,0.2850404595378417,0.2835587645689846,1.0817768989495442,17.675057205663464
1231928634,0,210.36475739366267,0.4111008456939571,0.17262653093085373,1.1507713594738804,21.49050354201526
1233245878,3,346.4393459082628,0.3949759422653699,0.21571611190739337,1.1544591125601558,27.026698060291054
1233315694,3,31.91083499003004,0.40381862186522005,0.284858713769932,1.0023709972002215,24.184078896051318
1233336012,0,67.96865511621866,0.33265672146925135,0.2320526187180009,1.204128578362453,20.74091708287183
1233529700,0,32.44853333479164,0.3546729438813827,0.2153569311173152,1.1920224049394441,16.758523167261842
1233557380,4,33.58965478672427,0.3898538034972974,0.18239314444895877,0.7594646261578589,11.31711035629379
1234075748,2,233.04261309150047,0.36804122729481614,0.24450808237411062,1.1497095920183862,22.49018160755088
1234355256,3,160.9352618693526,0.37003345410353666,0.3486784046295509,1.1448641965729947,28.189848214430715
1235337223,4,140.3115538060304,0.29207923859233825,0.2504784382554973,1.2361215433188584,15.843783469671399
1235772628,3,150.15933125292526,0.36517859656075236,0.22473799016749688,0.9818050020179031,15.434342635596945
1235835504,1,168.8598225315638,0.4045020745628351,0.15974743781223844,1.2424202118460688,16.74712097200569
1236281959,3,191.9875775619979,0.3842039766755903,0.29009257957494183,1.2058134071272253,25.712838194620744
1236372812,2,185.6168758698771,0.363932456459247,0.2571824008392645,1.090059592372103,22.927542771268786
1236653976,4,-8.707295705930008,0.3191104196639743,0.225522441392975,1.1949720716163994,21.204642888079157
1236698324,3,202.23821700171774,0.37425935806726846,0.20912060117773382,1.306035727808222,26.023300348719587
1237680808,1,59.2731657675126,0.4082155372491848,0.21740395059598858,0.9787528193059415,16.621397587866586
1237730261,1,154.1926177339113,0.3466793028306795,0.27645144842299124,1.116433445988513,21.13340632096225
1237783866,4,203.8308207574292,0.3596634708261374,0.15065217208485904,1.263470229308743,22.12596277409466
1237875565,3,158.77786619510155,0.36365845056113905,0.15636974439411128,1.282230598205691,19.276593053399743
1238011731,3,36.306431628455066,0.36382714050535314,0.21836859055101662,1.0494302341319044,12.472608947103856
1238020141,2,57.61324201987879,0.3674789299123648,0.19001660490764902,0.938300425398887,12.064315231787731
1238107253,3,270.8409927895656,0.372026795483257,0.23898830220593836,1.281097148199312,27.124635902374386
1238169222,4,28.521875726911517,0.381539557049034,0.12783914913293498,1.4364767849503726,19.613802870217228
1238226226,0,216.05769224149006,0.35514516041671707,0.22877812312652548,1.1060000061517914,15.73037582449162
1238987612,1,52.84232577348852,0.32565285825128437,0.26340327456251256,1.0678853173550606,15.35895884186686
1239353537,1,107.41964707930516,0.3371100969264863,0.25035396795163123,1.2030551988714273,21.250284806085787
1239672440,2,37.83111524334543,0.337120350613401,0.25665161717361185,1.1654088131008633,23.53762618552141
1239731818,1,233.57608799370536,0.3694266353650346,0.2435597922205177,1.235182637845171,24.861336745144932
1239746533,2,30.561627578761147,0.3443270249719747,0.2544833382816997,1.1133205473165717,22.574226416650962
1239868812,1,159.80538865613488,0.3634041474615274,0.2401633596329841,1.088907795350326,21.381277638825026
1240229654,2,183.95488688224452,0.4303409453336974,0.1608224420672212,0.8659215673669781,12.200736364777036
1240400626,4,67.6180977723863,0.35675185178906993,0.3054035970938449,1.110044756807348,23.688534337796007
1240885962,3,126.68141239429768,0.37722192875604865,0.24909247707950236,1.1357454082326552,19.76661418735724
1241111211,3,59.21630479985617,0.3749881273325745,0.26191059791570004,0.8856426716081613,18.19036306723834
1241410417,4,211.1880624131033,0.3779385651987796,0.2666211216930167,1.1493300406743099,21.18497071835819
1241617720,4,38.339395412473586,0.3596476432778396,0.1909159826272101,1.2141876798545803,16.353693118817766
1242192055,1,-25.362775077170582,0.31394246339936693,0.21397290472578373,1.320965674351336,18.81875447982949
1242216634,2,46.80861470351012,0.32386681143982515,0.11451699688463057,1.582546123222993,20.348955821144855
1242356842,2,227.67241739864755,0.3532280307685278,0.2542998489198827,1.0377571492033415,18.169677821170872
1242684513,3,-27.203045222727482,0.3417526830634357,0.24152859815426025,1.1122390132777435,20.347951911280553
1242973596,3,185.5765457251771,0.3809848545051369,0.13534797734785353,0.9435433994348175,8.851232519709498
1242989659,3,-10.313369934394089,0.33351112140661215,0.22457394830060787,1.1912186897710508,20.267911979902088
1243367222,1,224.69530133741762,0.3889445945354855,0.22612746595720545,1.1357330644330406,24.09479414444322
1243527935,3,78.5574023864687,0.37722348230420294,0.31891325279086946,1.0723395599719492,19.661581711378673
1244119715,2,59.48163509490953,0.40590106874887355,0.3376291495549398,0.858319080444998,17.69211220591647
1244604743,4,107.871652943876,0.3348307610730965,0.24124867156980445,1.1321758207270949,17.494438276924452
1244610888,2,331.51224253882833,0.4042211896629445,0.2631920225975719,1.0606208334351712,22.272116945721493
1245028222,2,152.49192593932457,0.3725684034927988,0.2442601218968744,1.1430783207057382,21.435029532801494
1245052771,2,200.43652522010672,0.3492257152697414,0.2486231806523601,1.1733913634900304,21.604995046740736
1245106816,3,155.10481343486828,0.42784928027976576,0.27634698155868304,0.8681091687939648,16.475614432464184
1245265865,3,107.22577244063261,0.37947544467952,0.15913142412429265,0.9942670097357807,11.031199315097165
1245320293,4,143.76935307535578,0.38217682412523696,0.24826194914938557,1.0854034733068334,18.621029822988994
1245611127,4,13.832033114584917,0.3727787103097502,0.17893823435715753,1.0321183389172977,14.513202688222272
1246412636,2,211.33276071188874,0.3908651923398886,0.22932931472650414,1.0659391167164607,19.235143143923253
1246466408,0,200.00821563125436,0.3612611198177229,0.22803519565121075,1.1095535845233118,22.227321133468195
1246478630,1,18.71577989304005,0.3530632348287686,0.2502928156554974,1.0222724514072736,13.236962111478753
1247053205,0,211.32981027725774,0.38846854656309876,0.15152139592709019,1.1450581126169572,19.68341812882567
1247276415,3,118.15239199418716,0.3672834531070749,0.18688771907420038,1.145909676494143,14.3149881767622
1247283822,2,146.30762977190054,0.37751863211677594,0.2504984993228141,1.0751386813226018,20.77991988510746
1247292893,1,107.27739423401093,0.34528677187287665,0.24936210283099317,1.199181570447612,21.05074959939029
1247307752,1,147.68511746218252,0.3786340900570258,0.2760007523564832,0.99064172890712,23.769201348165886
1247311317,2,79.92970057646934,0.3557293947038771,0.24186961893250866,0.963087037215553,16.954349906674487
1247317223,4,348.9497199274544,0.3769570024981071,0.32244418819273196,1.0327062028012095,20.905650910822764
1247694906,0,256.62283006844746,0.365364536305124,0.21395964590031338,1.1711726179608852,23.673840334905385
1248082530,3,65.02791158413515,0.40429054928227004,0.28825755554756927,0.9780679861241037,16.925285630851718
1248304721,2,268.98535453911063,0.3967110903109411,0.26729935814736133,1.1790475336863084,25.919587560833364
1248717152,0,206.70827968418266,0.3614080872427782,0.20847696882449251,1.2031434936578633,19.634768071271996
1248950707,2,71.88630100999255,0.2807178196778443,0.27675752402959686,1.1647972844287238,20.438961766704775
1249625777,4,34.68401759694895,0.3282985831665728,0.25960851259171547,1.1426750758351638,15.888831295665705
1249855570,2,173.92685206235154,0.4063307974211046,0.2558991372073931,0.9997124689137807,22.403880375004626
1250128226,1,-8.409908831474326,0.3903305812555449,0.21383735597930048,0.8540462992526048,13.121659168737546
1250174161,4,48.48194520103104,0.3893543612636848,0.19548884025439325,0.7727984722147426,13.600823568667444
1250664164,2,207.70587724423137,0.3444810196549031,0.25111950756593493,1.0422144703756855,18.09383330058746
1250759727,1,231.4226487891703,0.35701793928313436,0.2728678723532359,1.0193985937975203,18.32480119059118
1250976105,4,163.2284489258003,0.3429126081711063,0.28343498411618395,1.1117974167614586,22.67948468947641
1251251952,3,83.87140085475409,0.38663308266174273,0.21258707769336205,0.8011213669214419,16.81624444301152
1251718993,2,53.72963185430564,0.3657916032442854,0.21115022878268408,0.9738726026773246,12.354853429000265
1251846091,2,66.37212975127989,0.3515330144954081,0.257815146655584,1.17110963976973,22.28055764083496
1251856230,4,198.41756719111294,0.36309207629515955,0.21579761764437355,1.2298447836331736,22.470653521399328
1252158010,2,208.181480169807,0.3640178000048879,0.23917778163228653,1.2325840550729972,22.739545926857453
1252177757,4,172.2358150402208,0.3785875967359302,0.23535377020907125,1.069351635226845,17.63092829034084
1252473600,1,109.64770037484058,0.38563378235353724,0.19324702165128685,0.9503748674482835,13.89465466676668
1252624826,0,4.097653879211435,0.3948026242072193,0.2376058855774098,0.7928026828616954,12.675436114756252
1252741517,3,125.56223173497575,0.3612036797334438,0.2632649836774338,0.9999975904864202,17.082342949633414
1252756161,2,33.612011964957304,0.36034058421798737,0.23998193742298538,1.1882285391770373,19.14952608125154
1252814215,1,15.30748247903621,0.38670841674032125,0.33923559607723697,0.8682849863612581,12.110723457948811
1252824054,3,-8.168020889689203,0.3596762524005534,0.19836923502712525,1.0236071036585745,14.232819351899339
1253121067,4,41.90200824344617,0.3461208840493566,0.2727860259857278,1.1035928092098066,23.55509799216167
1253393179,0,-5.665131084375943,0.37204080397574596,0.2332520099625915,0.954236300140133,14.001871518948123
1253409024,3,158.43140031872016,0.3528445091782382,0.30354359091034894,1.3189226145303223,22.81021530725063
1253785759,3,-0.9222772230289706,0.35555072833838125,0.17146095017716007,1.0276184725583677,14.028740679412165
1253961002,3,168.06055928486003,0.38657731141317303,0.2127375728598286,1.0849045189840067,20.82367914073678
1254056862,1,22.941760554759924,0.36673550049254006,0.21807391144411042,0.9975929355143689,10.884138318947976
1254412515,4,64.83346259977037,0.4526451235118085,0.15715357481330555,0.9358758572700667,15.10598885690578
1254752288,2,206.77844238362786,0.3635611539053963,0.2484827224255571,0.98086170210597,19.09838884026214
1255030804,0,193.04874997129292,0.33843053003136686,0.2753455118029748,1.054325784811026,17.474354404504293
1255406268,2,217.85455747093005,0.41738427322961646,0.20338173162201742,1.0161519081834547,20.4314754551378
1255816024,4,167.39400827327404,0.3913259722197194,0.24871609105473502,1.0801188397547867,17.115895160025516
1256351112,3,221.25864239656505,0.37710197432161713,0.20674974442206528,0.9940373866733663,15.178997206653806
1256508173,2,172.49891746980984,0.35433119888843656,0.24847445333040644,1.1905803810796378,21.547828976588114
1256836915,1,71.08975548411462,0.37450452248208044,0.3066346189748101,0.8995371859190593,18.019810727159246
1256957523,4,37.42844015820198,0.35642911198568256,0.20842924547426497,1.152653662783325,17.852196598797875
1256991095,4,50.46906098444859,0.3743461060064172,0.20651440216828398,0.9295490714689271,10.995624498342808
1257255803,0,183.27238012253113,0.3639495079465725,0.24272267014936888,1.0522203367777097,23.44381276422784
1257657215,1,242.52142928484267,0.4017527330588762,0.31010783520557395,1.0611005082664149,25.37272339719084
1257792790,2,13.977641732095478,0.409411802592204,0.13769853622233352,1.1996890301927685,15.237891794734157
1257932675,3,39.28754148848955,0.3057652103935864,0.20630588244511025,1.0568049320166468,16.83141047462957
1257958128,3,15.143717286702199,0.3715404884001488,0.3660089133586879,0.9274976454492994,21.04797627478097
1258103517,2,167.55259821325785,0.3551703989170153,0.22749745261935372,1.0050448360389839,15.262944362829593
1258628140,4,83.18167252419408,0.3637772501631483,0.21455910824271918,1.05756297497846,15.576041620545217
1259156024,4,204.1703162707877,0.3428680991339365,0.2656042624076458,1.1658512574243867,18.135838686013475
1259678348,1,35.34355142469841,0.3549587402102123,0.2141852546932415,1.0787160514013179,12.861198256926816
1259746879,2,185.47119123422624,0.3509903095381788,0.2545874458016775,1.1747699485491867,23.07711690295372
1260132541,4,168.4348448591534,0.3952485873530072,0.27806930856987216,1.0821071628950143,19.80457028847563
1260477255,4,59.03105358190192,0.350794116626368,0.22121413504975432,1.2415457709647328,20.3178822643917
1260660121,1,-27.72047021154728,0.40117830377227925,0.2814738223524582,0.8396744083973392,13.277770570584325
1261008131,0,194.33002294826773,0.3863872034163101,0.20240483673341614,1.143213081302649,21.0147988883592
1261139473,0,186.3268488401148,0.3756022237804233,0.20637954050084306,1.0776207853576423,18.372588427476828
1261531807,0,36.65562629825748,0.3587479583079395,0.3103148280337834,0.9615406150317873,20.894916863380782
1261888727,1,99.98324688207815,0.3847507630372874,0.24337209030688292,1.0311149696701105,15.390824254813875
1262712163,0,61.487408976569164,0.35729220707969966,0.21602978155515623,1.1265845951683087,18.876107664525666
1263057506,0,57.735777891794434,0.3367696668161559,0.19306382583317266,0.9700617903387381,15.985317225824861
1263366372,2,61.75960471078617,0.34049693206524934,0.2541623927719534,1.1425036953976744,18.650966256540663
1263725170,1,189.76114650479178,0.35934231072902556,0.23571901359714467,1.1861639235599712,22.13043848460654
1263773798,2,72.75042568607014,0.36965181365870425,0.2634331635128391,1.0266149967048652,21.044986404462243
1263993270,0,159.37393034423206,0.3672952725614544,0.2217684855194474,1.138674632928299,19.938395807706904
1264073564,1,160.94438752044618,0.36167930909649476,0.23260368835185358,0.9631647830926885,15.696694646378749
1264214740,3,161.92521018886214,0.3893688279304276,0.26105813875902273,1.1519467279879607,21.883298819278203
1264383388,4,208.3712836815614,0.36233577157588337,0.2638830246116382,1.0514167902973908,19.5740659133564
1264421130,1,38.79068846320459,0.38065345685210833,0.2587746772594455,0.9446131794995655,11.0693270790633
1264684812,1,52.549435828756934,0.3434555681462791,0.21593399145214703,1.0918229386282674,14.194346583897417
1264707088,0,54.12548616172636,0.3362287828376568,0.24674833359279852,1.1407221940640935,21.758858998592444
1264767069,3,72.22248881204641,0.36694988264999456,0.2557976146491619,1.124271723695608,19.76010816807313
1264867007,0,201.59925818255948,0.3805110627899151,0.24458063822930814,1.1351936898136405,23.498723566463152
1265296504,0,219.22178690565056,0.3670418983443224,0.16399816945745777,1.0491646063692768,14.322038224060567
1265311522,3,227.34005893920934,0.370399468570774,0.26805146269407815,1.1979472529475028,21.703113873476212
1265853164,2,44.93184243908659,0.367353611804554,0.2575528612519665,1.0718060890986991,23.608047211280926
1266330575,4,213.02462274900603,0.41120443779602495,0.25737584403385133,1.0384895533835836,18.80944530385211
1266599294,3,31.185444819998736,0.33911306652089107,0.258796013293011,1.1080332306635827,19.458404768925828
1266997255,0,33.072741054833614,0.32314769134493015,0.20854569242044613,1.2445277037610072,18.918022121569575
1267045105,4,126.49851533209792,0.3756692367072261,0.1828121611028119,1.122966426977862,16.393511836093477
1267165499,4,202.21484903225326,0.35577227265658856,0.2564798279382774,1.01679663471214,17.352788776712718
1267231154,1,292.3759950390628,0.37347609306375174,0.2377129166198645,1.1978239324732076,22.829528757312183
1267496441,1,-28.263974333807184,0.3766567290550538,0.2654525278736338,0.9012606713775408,13.625617015574846
1267767457,4,8.899984964088844,0.350045329229287,0.2739034323082339,1.033705413482064,16.772281634091478
1267983155,1,-45.65808483117263,0.34288256388543903,0.13246393386593383,1.4486104081131164,12.9813310425898
1268212088,3,96.45093215108221,0.34818927561839214,0.19428216748201596,1.085730160687812,14.200399984960095
1268591883,4,128.18622365116266,0.39960111515943253,0.16960336252341357,0.8902790928559833,13.592293139032986
1268903954,2,91.88128920755464,0.3438315037217,0.23951574026014177,1.0778638721064948,18.97125275046844
1269165942,4,56.52233211891904,0.34693110100065794,0.2181431056432232,1.2180673270588391,18.53462901623394
1269399876,4,103.0159281534182,0.3496673801112446,0.22899287518478922,1.1825871951758047,16.6202676147849
1269445005,4,148.5800677837944,0.34772027328785166,0.2523097458899468,1.1282533679428104,17.943671295053857
1269889405,1,17.814165067566037,0.41603079267040277,0.1651842881901458,1.1722760357027366,12.639568321044392
1269952522,1,255.19573067351303,0.37043805792578416,0.24708266017021474,1.0289035891253038,16.56519593291719
1270138741,2,222.55167807507496,0.35512393590044383,0.25837513152504915,1.0316956328857887,18.37980614031263
1270448600,2,131.6249772858834,0.3554001593138127,0.22295926189363915,0.9652327681895381,14.321356269415967
1270893836,3,31.615943120008467,0.3542018338552465,0.2923151406678183,1.0645980793772185,20.182806572108692
1271079066,1,81.88239446169297,0.4381203415636468,0.2609610853144129,0.979393386294003,15.869668242787329
1271134038,4,146.32573177265965,0.35550057615128583,0.2798640454857633,1.1576968777771508,22.381897986791135
1272587185,3,260.91571925057167,0.42361110702386745,0.27606590954664695,1.012491126001668,23.77556975980623
1273620790,2,39.85978108545879,0.36377822916542996,0.23156000113906602,1.1633060912877273,13.838579430284087
1274254712,2,75.06249192248282,0.3367309662605327,0.2614050344791113,1.133886052616269,15.570751024389855
1275263414,0,72.9592790174302,0.3335726456648444,0.2290980688935531,1.171799068149159,18.319028255628112
1275276173,0,187.2780472449768,0.3677058962490295,0.21985064326887804,1.1440619790295026,20.235976733343165
1275591013,0,200.75731749892591,0.3943655054399182,0.2284829010921885,1.0617296593859857,22.230951375870234
1275707146,0,124.71765536694129,0.3505998552459976,0.22344017579909864,1.1675483861949003,20.419994699159787
1275832134,0,43.14495695693986,0.40506483932024057,0.3562706016928582,0.8579691674128774,15.869833214364082
1276163646,3,-17.818607221860418,0.3662917968372803,0.18582695504116012,1.0732280038954218,15.571642490381036
1276246944,3,184.1808471455019,0.36435250797938035,0.26395343700277984,1.2483398618834693,21.186762169535704
1276410560,0,200.76251210651924,0.34529229416230106,0.19285727504057734,1.3895222926925284,22.12625312857672
1276975260,1,112.33527510143084,0.35876224276292473,0.21924405106090197,1.1849418871759299,16.32494249558856
1277787594,4,44.34811528308795,0.3531323056384659,0.2920640607743996,1.0548815988783387,21.08027329807723
1277971955,2,118.40000873621335,0.39037872812398206,0.14693108999078403,0.9012582574035123,17.251215560943365
1278963276,3,170.69386029982832,0.37061908894402223,0.265829278639908,1.420302952812703,27.065998019448763
1279775850,3,272.62469573474493,0.3863452163612158,0.3276590185994068,1.041916743254701,26.10279140094672
1279821267,0,64.32805712488782,0.31770044680539145,0.16917317804250134,0.9498093150101123,17.817110067697122
1280165390,3,159.46804519613215,0.3463090076805789,0.28600436156128434,1.0805965772805597,19.663263845843417
1280502593,4,41.07430593917781,0.3525620847372323,0.28338757976265805,1.0737182167407973,23.343076772675328
1280563800,3,-53.55013984001039,0.3212064497237894,0.11143011527161678,1.4261989320258543,13.84368310662679
1282073595,2,197.2314293256722,0.38084798414623483,0.24071504133802454,1.05160016330282,22.699372675250093
1282093980,2,104.43027826717517,0.3559118844447557,0.2408463381405286,0.9953534755777261,17.016193598345186
1282732042,2,288.170951529309,0.3883971020699931,0.2404527206492777,1.1429717647039843,21.99692799935886
1282744521,0,136.46039789198298,0.34294738992290513,0.24938901577389125,1.0111045162608432,17.48252991271875
1283103305,3,7.516597239290846,0.3748145037645352,0.19381800814348216,0.9999262126623701,14.695834677960349
1283259076,4,23.27552924845351,0.40351394329399337,0.26409243648478486,0.8813718210484921,12.374626350753076
1284040004,3,194.7282693017001,0.36793812895983297,0.24095207460798596,0.9759421562171191,16.6305363345235
1284082821,1,56.73489177104149,0.33463201925412017,0.26474516293790956,1.1228221480391278,17.3582003413511
1284164313,4,301.1603524462594,0.4013932524468323,0.25292726978127994,1.083694812119648,22.90453846328554
1285221061,1,153.89371948591574,0.34946235707452905,0.1705280414260367,1.1655016510634864,18.133722441401673
1285571721,1,44.74995909204926,0.3419433069455663,0.2716860029725015,1.0077377672371959,14.425459946939199
1285747694,0,-20.78849464160848,0.38431498941539216,0.35277487046829475,0.8935855055767717,21.49071360629313
1286286715,0,46.31451910997862,0.3665686951769063,0.19035288767402064,1.1627291244343696,12.205296782461925
1286574060,1,316.4939970596296,0.41182641914052726,0.285176566063202,0.9460186509305628,27.37904473426417
1286616307,1,402.1921083111902,0.449956198350743,0.24022125666609867,0.8918827573607624,23.88860179333157
1286748689,1,241.76444902641504,0.38168246672273887,0.2204664858189331,1.1773528351222575,24.15946674601778
1286920787,0,49.27781260112065,0.36701185644990236,0.23839200865939192,1.0485400884968403,15.482463146255885
1287697682,2,243.32150137740786,0.3762233596725927,0.24825456844463312,1.1442944127862495,22.10751670530982
1287726377,0,142.23026224808626,0.36674700821221895,0.23017735781987061,1.1585364945328323,21.75873738243157
1287850309,1,120.79693643807093,0.3816644547130633,0.1788816291033809,1.1069354546565393,16.86928803682783
1287920729,2,316.3097954654926,0.38831508320175434,0.17095697872777776,1.0943160578983915,16.228869001634678
1288275829,2,137.73217202505006,0.35967173065588254,0.25410110233502,1.0802393403986623,20.478043020792505
1288612893,4,337.8623889250309,0.36639189092329055,0.273800048592226,1.0240822821753728,21.380602462733307
1289045435,3,210.77536202829978,0.370297139561793,0.23322255957608592,0.9651549142300875,15.045254933811114
1289126534,1,108.179001639791,0.35210532356465496,0.2345700429929513,1.0146101196617605,17.846742038439636
1289234945,2,57.88175587373522,0.35218791230057733,0.22022297402627963,1.1095918392888038,13.170141562863858
1289453744,0,-109.53490668525855,0.3357279051553867,0.1354949513220401,1.6683922976374692,16.82338407170902
1290046924,3,172.2952001241909,0.3315443902985509,0.2962758461929673,1.256633774082454,23.341172706600283
1290159505,4,175.79538660844648,0.3564488900970138,0.2768884651322114,1.1769690044712702,20.47489546741056
1290242331,4,111.06059892445069,0.36178977829404746,0.2171763708419336,1.2114102215020202,19.715187458943713
1290671546,0,249.02676196019928,0.3615365482625319,0.2479146117193532,1.049183000529652,17.49806748287165
1290806312,4,149.03104175375609,0.36929152503025475,0.2260441438125679,1.156527993287134,16.787964251349653
1290822168,4,164.53708487347316,0.400716121232588,0.22989574686672973,1.083862902324138,15.53283668267369
1291515166,0,-16.960049118979228,0.33031617757935494,0.0909480374077358,1.4905734926072425,14.015903812709862
1291566068,3,31.902843992283394,0.3565010694750996,0.2997981244371338,1.1078067546718102,21.598462857911695
1291851819,0,21.63543816855237,0.3627374994044204,0.3321642621737868,0.9381016321820055,20.45524928939411
1292415850,2,62.82212390512154,0.40718191483605753,0.2059380098098908,0.9629199402691796,15.127669409379703
1292622955,2,148.21894627037685,0.3476816594296158,0.24648673864636422,0.9854628743283207,17.1857809524291
1293239198,1,301.1870827393749,0.4038424841926393,0.3110729885776089,0.9246046720493251,22.397298774454057
1293974706,4,272.4012012958649,0.34058663982319426,0.2492751009925934,1.1011044091571234,17.20566914198596
1294053022,1,170.47922184565434,0.40088076822198976,0.1935051711074215,0.8588620686961372,13.514547557945535
1294362796,2,21.18346654695884,0.3997230490406995,0.3104203454890637,0.8871500887834536,11.685590434882805
1294421875,4,54.079512231352616,0.34099307067763907,0.28916432256380015,1.1473823736230018,20.563947069596185
1294607317,4,113.95658232938726,0.36317131783815043,0.2680004877739696,1.1087998329727766,22.742752182121524
1295002110,3,327.5523153880073,0.3840745879352996,0.210149621888326,1.259748986887042,25.827788111558533
1295229741,1,56.73288350721725,0.3512101301059469,0.2601780704999617,1.1420856665933592,18.72894146453897
1295293979,2,203.86145360744138,0.37614747115451663,0.1747186370694706,0.9388969313041854,13.714631583248593
1295301974,3,-24.570933503410473,0.33175298130579656,0.1442333422379068,1.3878484986435047,14.016466130977781
1295510505,0,70.73484941418405,0.38110899855580477,0.206096978350263,1.1146025936822523,16.307430048636604
1295536082,1,221.78861480491312,0.36583172709984957,0.283459639612829,1.1560728886542224,26.83301471772417
1295850561,1,97.22030826319521,0.35382633348918413,0.24898086860117352,0.9462212599119253,14.782523178337545
1295880392,1,39.78831742579951,0.32848837871438286,0.37121138960678474,0.9494471355300774,16.609033266442967
1296143576,4,56.62116992280718,0.3858806204593569,0.20409842789053537,1.0577410054826364,14.825564865200791
1296755065,4,63.42008426894017,0.5284806095111554,0.3220011920574988,1.1318329900558353,24.053398421050737
1297415322,1,-53.26413509353756,0.40147252596218796,0.2673997024915005,0.9275799553642876,15.225678605568385
1297876567,1,208.24426361757605,0.36663430386567786,0.22531345414292625,1.1677034887191,21.25339493220966
1297972519,4,30.0870130688117,0.37924160900059684,0.38455290974008294,0.888373248760195,21.86014375970854
1298070198,2,51.66867001875763,0.37705478718088187,0.20870245888950104,0.934785715699965,12.361418785516243
1298418799,0,120.8541100780676,0.3257374594839482,0.21152992686131,1.1582618579511232,19.261894027638956
1298446728,2,366.4088976337856,0.3958744225588954,0.19391099152439262,1.1269771018421524,23.443701584576637
1298577403,4,304.3305388505339,0.37717636821779216,0.1646957031092753,1.0776944769901964,12.974211469977757
1298805440,4,38.209747028650696,0.37893132014371833,0.18207664744600235,0.8628318197985139,11.190151779502575
1299104612,0,26.970905108528072,0.3032113995341559,0.24569938257870777,1.0909339707849406,13.03069074068255
1299119036,4,246.57038498287707,0.3441654329808814,0.26608061413544215,1.1345362251644897,19.244040975351638
1299451372,3,245.38389220559682,0.36602601361086706,0.2057594766172333,1.019174671061175,16.778484299146715
1299554017,1,7.349112172365835,0.37200445782055663,0.3603103973748406,0.9104780885438347,21.910364977074074
1299836604,2,18.265094238084245,0.40615274387015954,0.35453397342112253,0.8640682252739611,11.999501279006559
1300048574,0,232.63773555058248,0.4209118183767958,0.20567506898410332,1.0731730815078095,21.796984559424452
1300127001,4,75.4529681247671,0.28590577425163516,0.15339604634576,1.2062398268221832,13.776684919205422
1300383951,0,93.76646877670706,0.4424953226783826,0.19596120576725834,1.0063399332580787,15.793519626217439
1300562294,1,148.41498780780375,0.36275968175663936,0.23710275931403985,1.1453755082198118,21.976771494442016
1300646660,2,324.23129325540646,0.3938560699795569,0.21604808568162112,1.0825350573159667,21.167984325083978
1300902354,1,192.51924130015283,0.372074188437446,0.23398553972877364,0.9545244021765057,17.393660489406916
1300907784,2,146.9852861171321,0.3845075575849391,0.20811995391332475,1.0969301446676847,21.004399753793876
1301068905,3,23.89788204389349,0.35988465388709534,0.18929587129751468,1.1584768712965392,14.24351640257978
1301288779,1,39.39974970340527,0.36875265686339476,0.21203368471325143,0.8933053663220982,12.684877315599799
1301620481,2,207.7553114097385,0.37997498427651205,0.24046330284352488,0.9652558327920855,17.412462644685704
1301630790,3,287.60060055855627,0.3855331010196222,0.348710009148369,1.0792971133168578,28.63402707822645
1301948076,4,101.34294023356793,0.3209725174189233,0.1792434891362178,1.063719889568193,12.726790502260233
1302310440,1,231.82589761262452,0.357357248094622,0.2275544434599847,1.158676541450179,16.93950015804023
1302453294,3,97.00571727531515,0.342406416474506,0.2831910548886654,1.198663593212341,18.695344336906377
1302563585,3,156.3626338962327,0.36220675109386136,0.23032027176877098,1.1955065006618768,25.1411609556833
1303245845,0,183.95626665082233,0.34756389651968456,0.26057961708120336,1.036029458247338,18.628947417185234
1304546254,0,100.26016635788045,0.36767214127248005,0.21057368919411606,0.949726696121424,12.839944360765665
1305600405,0,135.69174720358367,0.30570519698977877,0.1932038393584237,1.1718712409714616,16.183997142711128
1305829895,4,38.288237490607756,0.3437074310980285,0.2816952044206355,1.0104203711351132,17.39319683868545
1306591589,0,172.43629059837565,0.3677403484291618,0.21421583676342934,1.2323185230398976,23.80998354619389
1307322805,1,158.92923822023528,0.3538593223089704,0.2685438040605402,1.1873304040200452,21.90347027254135
1307515193,4,343.61656157450204,0.39135028096129915,0.21537368184774794,1.1608717200078975,16.59691040131356
1307775698,3,114.42471849266727,0.3516990964675966,0.2061903497775862,1.076874795427059,20.167470009142342
1308167790,2,230.14409854591372,0.36944096667846554,0.24860163632161972,1.1296388890296396,22.83432072587108
1308663062,4,313.23508440102216,0.3701936226657952,0.1602168932759918,0.9784665698875219,12.60512095926985
1308684557,4,42.73826490803663,0.3605634568861727,0.2865293339032661,1.0398377931661729,20.566641256646257
1308745603,4,41.450969565766464,0.38830781358929,0.27775442582809245,0.8772074934874663,11.711689467056342
1308822610,2,185.3136719684738,0.3568834512737179,0.22683243863584485,0.9588858998770344,16.33960252087278
1308893158,4,298.75176294152504,0.3918026252261714,0.2652241648539632,0.9852860300169511,25.417060568591353
1309160623,3,15.61995669923158,0.32798996253507845,0.24266300552088768,1.127259844433826,18.121183499280082
1309401144,0,217.42079672669115,0.3646023811602896,0.19166063492615348,1.288023555217459,20.26848528594506
1310550432,1,70.51831044332793,0.34525441045051414,0.19615171954805544,0.9476150462624372,11.973005216392103
1310881775,4,171.3735588145303,0.3824032370073744,0.1887929384788739,1.1359987038192887,19.233798320783027
1311329501,4,31.280171622907815,0.40488609447202695,0.07395957472127074,1.5717650883819225,20.498556038530456
1311388075,0,212.82431860821168,0.3543838808350781,0.2502548032045762,1.1945721700067202,22.380680217929637
1311473361,4,161.82499028814243,0.38215863356628393,0.2459380761746737,1.0685811786535522,22.78579052965966
1312487500,0,46.68237623301694,0.32561913887435945,0.20170059426062598,1.1981901258751138,13.860744809067507
1312935547,3,37.888288384733066,0.36143406431758146,0.2691134105619238,1.0764818357010049,14.469108250355694
1313130081,4,284.76063426836777,0.3535718099192685,0.2594896909123878,1.0438255115191821,19.48150726375023
1313149520,1,263.45929112863325,0.3923673484574996,0.19825915586866863,1.1761690055573966,21.905399151464884
1313165210,3,202.489439004455,0.3840134649002509,0.17982957050733522,1.0618119801302208,18.09341728713461
1313737543,3,50.21490685736471,0.399929163226813,0.1562692612432339,1.1693986984011704,16.91470672693841
1313953255,1,120.14867448159657,0.3899762815942839,0.16148431365018645,1.089634386084907,14.49520404741619
1314048322,4,221.5023044252665,0.3431144733065257,0.25143574202053465,1.0500879661222204,17.319528612034766
1314252641,3,77.27166354376286,0.35148272989533025,0.2582643006301538,1.2117440802387054,14.994875006592054
1314700598,0,13.56641090211204,0.33877242872597124,0.24534400006880375,1.0430925433253182,16.774693797902145
1314710990,2,175.85506258007308,0.36728554012160686,0.22902819711826697,1.0989828831034227,21.22229114458826
1315123551,4,173.71384285212378,0.414053783782636,0.15683221225300992,1.0242215033982944,16.126000260780838
1315505306,1,61.0260865959604,0.3568765651453222,0.2627803781245856,1.077956860570445,18.418385404467898
1315760893,1,115.89985929959596,0.35549473416540134,0.3036885025040822,0.9961415863129907,19.78336938110654
1315872207,0,90.44553888173918,0.3571129383145358,0.15260270200182702,1.1478045775271675,14.344060423191252
1316732452,1,51.41374449911843,0.3227770369366061,0.20634649210191902,1.1405217611627514,13.810183204350187
1316887618,3,114.47284153720756,0.34044661938999177,0.1706069661825288,0.973531674640521,14.645807204269687
1318130357,1,176.93268695970818,0.4001652368160441,0.1287503893074234,1.1353854828763614,13.262888111925035
1318650528,3,-36.5385082959333,0.4033134396501858,0.3136968308651228,0.8171285469989387,18.78281691849142
1318766747,3,137.3123859107147,0.36809571221924825,0.23493963521891328,1.087828532566562,16.368319584969182
1318838343,4,189.62318005978022,0.3149504253251982,0.28311395378557447,1.1500199483584423,20.52834864076639
1319010024,3,119.04306085256182,0.3516314010631879,0.1923687541046324,1.0237892509745863,14.09035872182257
1319112543,1,349.1049566858413,0.4305198017228631,0.3280969202919869,0.9076558264488386,25.47007498684728
1319321747,3,60.24894081552236,0.4035181115779242,0.22557471713390526,0.8738288250554302,12.815524375734306
1319410597,4,119.14025938294385,0.39110974584124814,0.23346152521992825,1.0303532163014886,17.36617244039395
1320165565,4,279.014873622239,0.38031878160710453,0.22963621653786292,0.9494764113060412,16.155271849656245
1320607876,4,134.5802618056507,0.3646959593100086,0.23519967993721336,1.0804317793395228,16.757247309952316
1321017513,1,176.9834112850686,0.3615160357174163,0.2075036106666334,1.0917531190602219,25.45125804115385
1321194504,1,114.76226852831088,0.3673262920736111,0.18906442174847982,1.0413238070714468,13.302383983122139
1321346245,4,56.646548289814234,0.35805705710450975,0.20247869564110013,1.013237632360225,14.686780328059289
1321681529,4,81.7116797931761,0.3543541243291011,0.27016915188090446,1.1472356467280753,18.603206052545055
1321705347,1,48.497049623910215,0.3521880206874622,0.1747244385059357,1.1989032442604488,14.142279959727123
1321934906,0,122.36528389376238,0.3777724399504935,0.26925590209688444,1.1663434634038878,22.506448465094273
1322145207,3,136.38227319347942,0.3968027114643366,0.26360850464376706,1.025121151297345,17.590192854595735
1322304083,3,166.8852812868418,0.3593554034120434,0.22430062793744407,1.0942358639988354,15.899930104196384
1322409102,3,-3.9958447977942484,0.3568315179480638,0.2825750657333771,1.0491335351844377,16.896225565909486
1322812178,0,191.9093621115947,0.37128632557195196,0.23349826604439572,1.1088032183886452,23.0330751873094
1322899924,1,48.429527111487914,0.36885122253425945,0.2616742458352323,1.0391320456489488,19.795931123178757
1323119594,3,24.09663472781436,0.329825068906289,0.222493895826875,1.1402444795615483,11.019224636932716
1323225597,3,196.49233550576128,0.36429086680515993,0.2752431990775624,1.3073529128027401,24.682751499218902
1323245183,3,198.17812200279928,0.36114545732146,0.2495057155056009,0.9618918282534044,16.049441427372432
1323525187,0,-24.255836031070714,0.364697225927637,0.21488124327291003,1.0279054863569508,12.662181335222998
1323609368,2,179.4056008150354,0.39624437516284916,0.2358061982217477,1.0170346345034795,22.314903748535276
1324036450,1,232.2799301189906,0.367566657788616,0.28110575520520636,0.9794758727802095,18.60493358187099
1324493760,4,204.69672649841596,0.3826460993745381,0.23696427772617223,0.9383605198402555,14.301482001045915
1325509753,4,234.66729672093155,0.34156170926018375,0.2840763052984241,1.1423155054535767,20.15307363833495
1325980765,2,47.04652467866563,0.34259062368106574,0.22525709373341546,1.0639680813618861,14.552947632663573
1326111661,2,39.01201464881093,0.367216630882594,0.23862589010123772,0.9811552660394696,13.953422190858076
1326151916,0,209.38455466716255,0.38376982749334143,0.19379550673001006,1.1441943509221237,13.682344404281721
1327742614,3,165.07289493587115,0.38188264015972245,0.22054419864676386,1.1868754799974375,20.425877651294744
1328109466,0,56.513687276393824,0.3254117875953282,0.20791382263016941,1.072813712050855,15.522167367776124
1328279815,3,-11.665505549764845,0.3662787162139359,0.23608750119904415,1.1294176517973757,16.92517000066371
1328538029,3,-15.85077725669612,0.3628387187475926,0.18493750138047693,1.1651958301440657,18.295473159815046
1329379844,0,-93.71789205254991,0.32083198030826343,0.10762172898094827,1.634311333046061,14.13224017379812
1329476125,0,222.35894851575762,0.3570213145448876,0.22628511768259815,1.2472548950594038,23.510072012674733
1329795537,1,17.250492568378277,0.3426653159008579,0.28000699475135926,1.0852846975204864,18.62646512974708
1329805417,2,135.39246226296757,0.44964242497956386,0.3050794224182482,0.9823124387478549,21.40015748343866
1330350980,2,68.25225572606743,0.3365972799872089,0.2598481706230636,1.1225529686296896,15.385893115705866
1330491095,0,122.58197464810898,0.3538702893482076,0.22251949720507236,1.0950702745055938,20.514852540636532
1330672528,0,133.0014960959967,0.3275755277327605,0.2024273715347253,1.195058750256303,20.02580327732839
1330783970,1,54.9102373416598,0.30967923209383014,0.30156135747577667,1.0969161086207506,17.13521528883819
1330841310,4,39.29660374358518,0.36053328902957965,0.2926154816752738,1.0343814898489367,23.008347959879984
1330844840,0,-19.644602596845175,0.3592023966557502,0.17523930814099065,1.2797747136094004,13.61892738079449
1331449531,0,18.759354905904132,0.34772879977842447,0.22138707528800358,1.0057732940254038,15.232759186350664
1332074394,3,259.60877686994866,0.3824597341801438,0.290428132011731,1.1687499364217424,23.288177258965845
1332282841,4,35.39933553656189,0.3654562124116143,0.25923401538562557,1.0148916679596602,13.35627119161535
1332783697,4,180.83195066508688,0.3317540078034078,0.14660510008728256,1.1194278733051117,13.706347243516532
1332933153,1,88.84288848263735,0.40505422992466933,0.22976243259043924,0.9436589214348633,18.616529382664613
1333138019,2,71.8469381486119,0.33751411647695734,0.2569440232011424,1.119144698546366,18.182188435611323
1333183317,3,141.79085574357995,0.39483975686057426,0.25573146737891683,1.018244973761104,20.57215765376721
1333418832,4,293.1819943468645,0.35181974001150573,0.2821804258772708,1.0384600483281161,21.666251586754463
1333567417,1,145.068494795432,0.36531099162550273,0.23221989588418035,0.9385669239174497,16.32817430300777
1333596225,2,222.05610209182083,0.39901019302807034,0.2357868746801919,1.0748688624030203,21.875499546600796
1333610491,3,212.92298944276354,0.3550534529618827,0.2684241210781723,1.0419832471428085,18.23838986052822
1333766804,0,54.37357141474926,0.34028251055389014,0.22017269988412252,1.173353888746419,19.245915046102162
1333923150,4,61.1575012591439,0.31836339776470285,0.34133824048381045,1.0013318292332787,13.084635467849765
1334743519,4,164.72134657130408,0.3732391851107307,0.21251948589686886,1.1943769521033256,23.242798879530465
1335169485,4,43.73904741646223,0.40869951042557867,0.1649118453128384,1.3594806448774222,26.62599127049357
1335256384,1,159.2098015801146,0.32833397752460775,0.2589654366864769,1.2020564616867033,21.206685698254493
1335530924,2,183.23067534026114,0.3798535049206491,0.244334694927434,1.0179331691968951,20.05606509356159
1335818219,0,10.414888503417899,0.3984089861556846,0.31091330425732455,0.8597903255430577,11.804653899696618
1335837736,2,114.30361768613436,0.3589174582521265,0.23455624442090833,1.1266174954799906,19.812854960276358
1335930330,2,229.4210535118831,0.3644647754971665,0.24435105518703562,1.1543732031749692,21.989826672631715
1336441380,1,-36.66939933690588,0.33249562836109975,0.22153510720208444,1.1496722326472604,18.571807735018112
1336532550,1,-63.612438280308425,0.3272687075927981,0.1740491232064924,1.47348860122888,18.687448996132233
1336700268,2,140.1441544150276,0.3821396325217373,0.24152620866855265,1.0025424430487515,19.509870777048
1336943329,1,-2.377625116697729,0.3052714800110942,0.1686563199513749,1.542024300257761,23.48520942416458
1336999615,1,180.5505297209167,0.3529508938357967,0.275088390358929,1.0186628172056282,18.49805528542476
1337045352,4,19.734334672145224,0.36285204709839386,0.29558086740014966,1.0374219055379434,22.371551527190665
1337142448,2,140.92528747588895,0.3647807921796331,0.24450069758115936,1.0951397853903573,20.90770783056339
1337289078,0,183.38491899463182,0.37483784815358206,0.22496964279994017,1.2143481674228895,23.218101461659803
1337317565,2,96.48482064976115,0.270675884812274,0.16924829817783388,1.0507287174870978,15.17959277715492
1337375382,4,145.75077134420175,0.3571098710187955,0.27900372465673196,1.252556499674836,22.552750465495993
1337675110,3,166.4917580550009,0.3596107190970175,0.3571770092205678,1.2083616861388646,29.072390789932413
1337696117,4,36.71908827019039,0.3742006443390626,0.36749756657142174,0.914652036518853,21.286497062343244
1337772240,2,205.7788061063706,0.37007966217163335,0.19232534804657578,1.2066727904065302,19.545042568587142
1338251164,3,-7.01232618129923,0.35701850881124597,0.17553817868034677,1.1544891434871944,13.424650166305979
1338688328,0,61.95644258952938,0.38620190289405315,0.18526805473302377,0.8314915601044798,11.179298901684987
1339056719,1,190.64587080923496,0.35952768955691516,0.23551352706274442,1.1925680705453356,21.76595027080606
1339302130,2,30.75997462285808,0.3714387706180717,0.21584773838937318,0.96680744377696,12.43166765452394
1339379527,4,186.66717620214865,0.4278023083772834,0.18917258055637384,0.9163743930350854,15.018839788879387
1340249291,1,292.49526414578725,0.38699051041667537,0.1834220794276355,1.1783874341760232,20.829646937743615
1340852987,3,66.44752302412411,0.45647044658701524,0.20346445469092472,1.2176763714708199,14.985885388619094
1341096524,0,93.02155465044181,0.36981997711796694,0.2158263046364748,0.9409403114980114,12.712294379911896
1341187910,0,37.82624755804207,0.3216974004064497,0.2402449429779854,1.117655355425969,17.23271677466911
1341702533,0,74.3210881384593,0.41002985141891846,0.24907908222064692,0.9749834658708706,17.965358509398275
1341724908,2,150.62491300597043,0.3549429735929147,0.22318325657722884,1.1439349407158055,20.059571742739422
1341866550,0,71.32999363351408,0.36886441230253825,0.32841380284405797,0.9164304994927959,16.824150322622607
1342064373,0,150.78504121584885,0.36254749950384607,0.20472813883013202,1.1902895965833846,20.452658035966433
1342174126,0,136.05584645543266,0.3499379706731722,0.17550242237803618,1.1141507125401426,12.577490051994445
1342666772,3,331.42533017212133,0.4137879950940899,0.2876478259021314,1.1470914787289346,20.067469366889412
1343284955,2,191.82474634918248,0.3723182602867677,0.18521766677516416,1.1868508135848754,20.64346504505186
1344066127,1,23.77926262937858,0.37482542441838107,0.28475316417709173,0.9542418885783801,20.08909095627655
1344203582,2,80.32976363457891,0.41707773241557466,0.35596735103036325,0.9252916941204005,19.254838656329596
1344237352,4,250.02057462456344,0.40977843893479915,0.165369368459026,1.0933275327887018,15.059883238103597
1344927771,1,32.68192584101942,0.3597861904576982,0.2231264203878707,1.1625079255090855,12.33088243251172
1345021190,0,21.44974738572307,0.36729497328007055,0.23087518185652908,0.997970371456743,14.463440228705338
1345501676,4,65.01612925235214,0.33279600740192355,0.2504197340737345,1.17750827230932,17.539729430842907
1345670200,2,69.26708373480172,0.3564703881184081,0.2170799606601807,1.0638821346624374,14.08025185277637
1345726690,0,27.19220854290848,0.35154199349016313,0.26178007546237714,1.009771945015923,18.108590284463443
1345866279,4,43.30057497762182,0.39961077654961974,0.14499299304499902,1.0594392701516153,17.294678608258117
1345870350,0,257.2224455955793,0.3915550470069252,0.2397609288654597,1.0954079095382578,23.912871923893327
1345870546,4,102.18881610486515,0.3543150147145801,0.2132819798193205,1.1340450181928838,19.898047835850402
1346046576,2,46.40019110657096,0.3494099466790461,0.2735858276995713,1.1277642840812903,24.061783323518956
1346259301,3,23.90162364818957,0.37190316104360044,0.21329921505539254,1.0171639691323766,14.025151242877161
1346551249,4,43.33673365045084,0.3967123629825815,0.18293382147046602,0.8177632818569417,11.832367839419913
1346729731,1,239.63128372334376,0.3364910004532315,0.27557422974470375,1.0899124478040094,17.315074374085317
1346910233,2,55.21869281997343,0.37532697949532595,0.28083617728437205,0.9988688125308803,22.329739314837674
1347090486,3,-48.69583587775762,0.3725977318195279,0.3297623740671669,0.9260974665254794,21.244940180739945
1347844859,0,267.3574143300486,0.38625141812008623,0.18386633699504376,1.2976622108626805,21.73776356988768
1347977204,3,-53.2080235786232,0.29233755377588283,0.21145413043414962,1.1817699266153643,17.769937399051642
1349126211,3,-14.12302465861572,0.3361551925550564,0.19570434413582427,1.1270340557083445,13.487478021015672
1349202654,0,61.458444107646955,0.34459618245819534,0.1991100186969625,1.0886818731919825,14.752812201682902
1349238031,3,133.05671859152707,0.3448747254267858,0.27715136194071327,1.1877765122034782,19.406216216028334
1349530452,3,-1.5700424667889479,0.3480759578860366,0.25815040691318336,1.0958561943246372,16.8632138757162
1349559067,4,28.860452390674183,0.3736045533123168,0.18107544649404544,1.187405547079642,16.121004050650193
1349609988,2,137.8422476490402,0.32524895217385563,0.22059417760066363,1.1855258019683754,17.80349149578598
1349614436,4,179.72808876185698,0.359626206087045,0.21387518664104416,1.2068597400571575,19.58561031651005
1349968586,2,78.572080302687,0.2841437737992291,0.23056490028888402,1.219796457489967,15.459415191564494
1350186524,0,183.17076307728172,0.38062184146384537,0.21126876990892424,1.0499958448763942,17.390343273475438
1350245180,4,103.01031819647757,0.37008764046032877,0.26518056439638027,0.9244570367066957,14.883144009527344
1350837084,1,54.77885269915495,0.3508060019270537,0.20374781461951363,0.9244381365114528,14.797151693423947
1350968415,2,91.38307671286672,0.3596923447314332,0.21911918293723312,1.0634804144175458,13.163929155546187
1351618025,1,33.84616485526624,0.36258106872991913,0.23749711465386542,1.0482749004533072,12.361927716941349
1352932501,2,196.27325155489666,0.36598428506206665,0.2939229080070765,1.0390705669681972,22.357294423677395
1353112393,2,35.98797842189524,0.38753580535156784,0.4130931018711218,0.8821888692744673,22.146773458998922
1353148965,1,222.46175581955168,0.3400230180496648,0.2778005862657519,1.0572501618475503,18.871034225460686
1353215039,3,165.93630353437436,0.37941778865624487,0.255519617004064,1.220709825685515,23.035203838295292
1354246474,0,215.03726089567868,0.36309328977124883,0.20492167576195744,1.1707385900958713,20.872190119718134
1355319996,3,128.03581969799106,0.3498961912288064,0.23239508440547346,1.2193220349540772,16.914606196225122
1355567925,2,152.86763644841577,0.36957430986193346,0.26620394919966195,1.0370001378368228,22.61762440379078
1355819266,2,63.99321989636828,0.34275657070923016,0.2856849226345336,1.0428938074125775,18.660285842514952
1356052280,3,18.101482208503597,0.35951312810563074,0.2758727042363165,1.0775210258306558,20.481953126869588
1356279835,3,60.03617715979989,0.3856734141505715,0.14165708280292644,1.188204026634688,14.766435848218613
1356849537,3,258.6378572808592,0.41492191311323956,0.2609337940629727,1.2050720294904238,20.455256725753383
1356914950,4,205.59712145310687,0.3679037447479706,0.24588513778552876,1.149834776279734,18.373959615822685
1357039642,4,181.29542616616982,0.36609035628381176,0.2587531852552452,1.239402351074415,23.682705629447806
1357177247,2,275.77470210474513,0.4420527449158419,0.2702050561082373,0.9368451776743787,21.98901603161587
1358109974,3,115.97670254750275,0.35581373352163437,0.32101699263791245,1.0362097883702566,19.071363641996843
1358861008,3,234.92959590775374,0.3702766254669918,0.3486975381760786,1.137677131085231,27.22557138754481
1358943628,1,16.782055962859005,0.33001846326680456,0.16922763449883804,1.060204472845293,17.03170802505765
1359050753,4,118.90600935525029,0.3556118469996473,0.24736092616489225,0.9409448398368654,15.07039266044226
1359082710,0,264.171318201322,0.392153195953419,0.2014054607205422,1.2079478584193744,22.981366759710152
1359130105,1,196.45175822747706,0.3613157941516749,0.22946089314872237,1.1912094804859121,21.40557812734722
1359436093,3,178.890232033708,0.35916217488349633,0.2542949732641448,0.9861805426682471,15.6056575009342
1359594039,1,119.48231671603266,0.395634774572005,0.25658327780118184,0.9861294737541519,18.18574865304639
1359687224,0,28.10000896028206,0.3502174253651053,0.23713330284018433,1.064009783816346,15.021982901138477
1359872176,3,68.97110149310963,0.33455561347313556,0.22282215306519043,1.2987193518628966,13.161445924349938
1360256183,1,263.6544587578187,0.3668801815741683,0.1445068737171815,1.2247691550584041,19.103475604165634
1361184303,1,249.41437111458902,0.3794320009384117,0.2333218852344304,0.9680861480211883,15.54513129200512
1361620762,3,47.30958786935283,0.3742324439539307,0.19867576682805382,0.9388234894376514,15.440692229620986
1361875495,4,144.45884940009324,0.380601835217882,0.2041682872198653,1.1035021620991645,19.629415202818414
1362818896,3,237.37335793938024,0.3946505526042187,0.24851552377583536,1.0740633369238857,21.634289408077006
1362829798,3,9.852233588196697,0.36898208865139775,0.21557218855894456,1.0583565096146426,12.94673934088237
1362985746,0,90.39092810361974,0.391335539059158,0.22627153902027086,1.068115203514641,19.619607234817433
1363453372,3,156.17346907332055,0.36379566963619514,0.29147593392117493,1.3918590019357544,28.545158457487204
1363602163,2,225.0572422091533,0.39499340366408775,0.300247349040869,0.9675609299858842,24.7532606671786
1364091804,3,28.471258337872584,0.3719055796059761,0.2338875410741434,1.0184605774611422,13.288902709710394
1364709079,1,76.15315577940945,0.4366050758751312,0.172468840731282,0.9889304100813845,16.059422730855744
1365155281,4,112.1088712359769,0.43373593716771974,0.16250479836826945,0.9875537628740194,14.19669891370909
1365375368,2,91.77470886865827,0.3707143255186366,0.19464353087736197,1.024383645807945,13.092225032701107
1365608843,4,45.42742707810142,0.33363192525612095,0.2727697494103777,1.0354203081934572,17.360028759116407
1365694834,4,3.5216476824156615,0.3469645599754504,0.26409856598853093,1.020141231906305,18.195649359479276
1365820335,2,116.75563435776766,0.3241653457781171,0.16456541902326705,1.1518001022379756,12.337902396074377
1365848174,1,300.6572308539497,0.444651367984591,0.3513120634474156,1.003214780466199,24.420146650027927
1365937405,4,92.57045181170581,0.3291775812607996,0.16793612678740094,1.0392216174136932,12.268850976606302
1366065674,1,169.2193907924303,0.36358528324012646,0.283416895947381,1.1901165926715511,25.61054455683455
1366196353,4,288.2166605462194,0.3556332021959784,0.27537966544669334,1.0288183787573146,20.52141239969921
1366250569,2,-25.80258534279531,0.3941894161732251,0.36496594599603915,0.8662166689406475,20.240824388183857
1366419204,4,249.20772921235223,0.38551023751127506,0.23213672183656575,0.9825946417846604,15.11812413950827
1366538369,3,146.98980489083786,0.33859161160616347,0.28511680310401,1.2300261639363976,26.446319815270307
1366987461,0,187.62298234007804,0.3599762597151917,0.22128853693702616,1.0426739409559636,16.41542402478966
1367013502,1,-60.55748977483526,0.3529556278345398,0.23212415937625996,1.1063862955439345,16.322724073206853
1367398148,4,-43.81127155587322,0.31752968852733054,0.23802850586471955,1.1557882700499404,21.722260540451217
1367679735,1,14.959139390678274,0.3592726187212084,0.20071034796411957,1.0886286581277762,14.205649803467006
1367828072,4,60.79682367429184,0.3467832649829883,0.19009691856287486,1.0790902600066774,11.67891609774958
1367832773,4,202.8667792912948,0.4097153171544175,0.21063411457917616,1.1847138578089287,15.59794985389943
1367879345,1,-59.206432760307706,0.3720184202650423,0.2064551766466713,1.135120397723441,18.44298584676946
1368560795,2,196.36505301796495,0.3584924230311971,0.2570761290532003,1.0261233950131907,17.945550065970377
1369201997,2,186.0086394273639,0.36052989093693105,0.2491893160041611,1.0461933191099737,21.75049257339958
1369478865,3,71.11865207105657,0.3680769687955177,0.17435963976729876,1.132021399288389,13.973007458597708
1369988926,1,130.84145921823904,0.3749444281087499,0.27488754434900736,1.099071964096197,25.193254647790425
1370170679,0,144.0170428738695,0.36596429530260904,0.22201739122330436,1.0183368441297949,20.36134806958277
1370228225,3,90.17098800540049,0.36428198019674746,0.24575971517227058,1.01489030737627,17.177052418059766
1370311648,0,219.29399852665023,0.35419657032426793,0.21315831482063557,1.2302665192292292,21.560959653613708
1370577687,4,94.2457362489109,0.25647955932538397,0.21991250736627307,1.2308487451280443,15.511706080159643
1370610727,3,29.306992427457217,0.3987207374902513,0.2339374836879176,0.9678326863903279,16.100764243939594
1370707470,0,-3.6512145977119417,0.40596192121672303,0.23139864618659262,0.8415424513861044,13.846659446435568
1370747504,2,43.85555234708866,0.37232836070870556,0.36279905509736743,0.9238913985668521,21.130681466956784
1370904651,1,133.733510816668,0.37417058998390124,0.19556358445149155,1.0208890410203462,17.731292327235604
1371045959,0,203.62117041964558,0.4125265939914588,0.16717998553807437,0.8075509100776155,14.572063499390818
1372092396,2,136.6388522733473,0.3695746291976909,0.1855127160100631,1.157120381989471,19.65176331903809
1372197295,2,127.56588566669316,0.41951142495815,0.21900820769359314,0.9478008571697856,19.606831242525665
1372357517,4,-31.263008520647332,0.34842488137017985,0.27446901048057304,1.0337185078309445,21.458693983638184
1372478864,2,55.43377111476401,0.36897389880442116,0.2721186753651771,1.0354988459586412,22.788604472568416
1373042522,3,-7.584364026680916,0.3476554427413697,0.26086556006700246,1.0987592158368147,16.840955163863015
1373216700,2,271.80904980717304,0.3738968330728963,0.2523007607182182,1.0393506368222443,21.565571707715733
1373295279,4,136.9470307122294,0.360195860877568,0.2726671440227878,0.9825882443069222,16.622215598526296
1373519109,0,6.440237791121177,0.3652702025442247,0.23042917862854004,0.9907508131813942,11.541933417373308
1373716942,0,22.103044908287586,0.360981277280405,0.24385389999679116,0.9923318934554187,14.650149228481627
1373795866,1,237.4072617948447,0.35764890629114293,0.28078676782413287,1.0146496642485485,19.48328344185142
1375025595,3,16.375901077202172,0.36830207076171306,0.25325450125408216,1.1667671122755905,22.168123124909837
1375441577,2,157.87362733416447,0.3554180708004263,0.23896662070209929,1.1092234412955109,17.99278815153063
1375874201,3,27.473780039717113,0.35370905916078194,0.21818779882301415,1.0117252155681546,15.476067318737238
1376051647,2,108.68865539289231,0.3667029785323427,0.16632591085245302,0.9829267573304337,12.51120992385112
1376172701,0,190.5404843789671,0.3580110001252238,0.23362921411423446,1.0260021841592815,18.542878830934804
1376346368,0,121.88876084023408,0.4317540728335624,0.30944681913706495,0.9505040114558141,21.800503136078778
1376684295,0,166.435499632939,0.3446364323894005,0.2611141347339118,1.1854904507261868,23.280685138044692
1376982255,4,56.22863025760256,0.3556272575973755,0.30051810597344275,1.0845796216197805,20.18185190914395
1377024014,2,138.56047744675448,0.32812686607786073,0.2337119966963031,1.2701284561877126,22.070784360172475
1377176379,1,338.6889990809782,0.40985764777964817,0.2730002909091108,1.1150612887175717,21.700720085601567
1377849521,4,68.0380832161887,0.348564526664316,0.24491685302558236,1.0544770207850216,13.01467757347368
1378439616,2,80.41498992636733,0.3423616126588459,0.26181697214331046,1.1203914718080243,21.57333380437057
1378483093,3,280.21045101037583,0.4005921379455946,0.28416267495967445,1.0460596714517545,25.854051661066016
1378557946,4,147.06438331539024,0.36445246715558277,0.22129434172624513,0.9313670408589283,15.019763290903438
1378818444,3,114.30306290155451,0.3555872406321317,0.2337942436804162,1.0296788534005075,18.379257496021722
1379119982,1,40.170527294904524,0.371606247359462,0.23020770119038053,0.9959702523327407,12.310517250196487
1379290572,4,198.4668485891562,0.33963484460189414,0.2771120557109964,1.1340442812245046,19.869404065109567
1380589062,0,4.610789053093612,0.36800120692018173,0.24378187218158806,0.9658390423220816,12.474601121494278
1380807593,0,173.0841107688829,0.3639082521253739,0.21216067745956046,1.160557267495223,20.03392115606662
1381195647,4,270.268383143784,0.3730229063953678,0.24142672792668407,1.16499233832529,15.310555089211418
1381337604,1,66.6079520197262,0.3653756008367083,0.2543516445765271,1.0544615621288904,19.146023167159086
1381529897,4,58.45755231248535,0.36645582436163265,0.2131429524127496,0.9310015352498586,12.107484380302285
1382189340,0,24.298338680842647,0.39858485836265173,0.22516075394811808,0.8421305360214701,14.664502284867668
1382529497,1,92.94846193902467,0.4558996929699406,0.16012466161210365,0.9617542603217303,14.972411942483346
1382532575,3,77.38875905463976,0.3433527611585857,0.20367883689737373,1.0471955877871644,16.542055564984757
1382706123,1,245.65380641854767,0.3694027460015905,0.16467586410729473,1.3601377666912415,23.698457037680843
1382769983,2,170.3896472845695,0.35061618338394607,0.23238897357999055,1.0429094300157584,15.150339082887662
1383097828,4,-38.35318848251339,0.3279899874081372,0.05740017545443843,1.5159946904420316,13.676427954494402
1383379124,3,-1.0900614499634713,0.34504404044157794,0.25555412572190866,1.104928361651651,16.782835530671793
1383381631,0,240.04911234480414,0.37482568252767795,0.22687662628508312,1.0400138563441166,15.930221719045226
1383628967,0,161.64949066728275,0.35750052842005137,0.2301938047371116,1.2000529444044377,22.095830293133783
1384565570,0,35.543697528824666,0.3735202110853087,0.27057015627940223,0.9649580136511116,18.865683224736348
1385095283,3,216.77076176075155,0.3436086662703357,0.22955621917984076,1.052678811395213,17.646904494881927
1385421838,3,-1.529205528471664,0.3859460735880235,0.4234128949061361,0.8837548294033212,22.609725541492327
1386193418,2,155.17775963524446,0.36034483127151434,0.2610014809629964,1.0206333257663782,17.995145139034097
1386252295,3,1.7832902063437075,0.36626697462391244,0.19211242117033328,1.2163983867536006,16.27883284603991
1386318462,0,287.8868980659785,0.4026222231239435,0.2036973577684482,1.2117276003214692,23.26110880574937
1386480271,0,149.1851809825404,0.38126535219745916,0.19824447722824604,1.0397868298776232,14.035526856666976
1386834034,4,25.053231444046148,0.3612292728644556,0.30513578781554074,0.9744969675771555,20.942304690809827
1387274327,1,48.58075696202936,0.33453500869526154,0.21175049373224974,1.0702699200718764,15.141530579885318
1387462410,1,-4.394904693477542,0.344219748738196,0.18033880787502787,1.137764972544002,18.30728754884764
1387474634,4,108.3706068779023,0.3684323594559194,0.18278771542816258,1.1575284629556364,18.40250041866901
1387601413,2,103.11343829757645,0.3494193801934652,0.2513967550349995,1.1483206575441711,21.32202338948437
1387608181,0,-15.375706953924222,0.40780642429519925,0.3854689890373373,0.7682274404952083,11.668254465269182
1387610033,2,159.0312508367598,0.33400832707162914,0.23337080588370687,1.1292507591065981,18.052098520384106
1387678477,3,277.1771992219009,0.5084239344609163,0.3048775578573276,1.134935147374448,24.217071513223903
1387768222,3,189.10628167799777,0.37975668557966424,0.20641578288841925,1.2330454900440502,18.88150655547411
1388155176,4,241.01565446188408,0.34276530773429387,0.24912220701553284,1.0715937474659447,16.69827844785713
1388167094,0,234.56281767194815,0.41452131236419426,0.1640519739634248,0.9065499492842212,15.345889855998475
1388289215,2,49.86185093036971,0.3086263575639258,0.27134545677320976,1.1022664678030774,19.697716636088
1388694213,4,-62.95312164180007,0.3223939106336893,0.08339985981930695,1.6136598105844189,14.065460193151173
1388851619,0,187.45311867177674,0.36390052208918244,0.225367315151802,0.920375904446907,16.658590252296854
1388941962,0,105.73416246848662,0.35911980619027256,0.17682275143076132,1.3928093436026487,18.600853116622453
1389124790,0,212.0066610712137,0.3674184116796981,0.19322035655051284,1.2586679121089486,21.7762274447672
1389236508,4,110.09950974795089,0.35363623488825074,0.18555494222087454,1.0607195772418214,11.19823182924073
1389502780,3,181.63694374746515,0.33608741369198913,0.26331832898211704,1.0917816534733111,17.857778858155132
1389796975,1,160.9957779694396,0.3763501001907746,0.23711893219087216,1.0947422781327734,20.97347784685159
1389935777,3,70.33442517346931,0.312900504928068,0.2241987594195678,1.0173226297753661,16.93698699527853
1390124643,2,229.00999509901584,0.4020209434361415,0.20703804963817002,1.1033150981113815,18.02475192178506
1390426236,0,57.83997908993523,0.344199870757964,0.1917876710294448,1.0666816150917773,13.317199067672117
1390442930,0,28.65758104317134,0.33841319611938797,0.222240277013938,1.105314034029518,13.256825765011081
1390880036,4,94.13977574296182,0.34787666987642213,0.27195891874786154,1.0995732959352944,22.9308535969541
1390904524,1,77.57940397224317,0.3555064669359656,0.1882763492761579,1.0056394930702826,9.451658461625222
1391196204,2,14.166697404708685,0.44197384903926373,0.19916637407685608,0.9373911272242826,13.110121256337223
1391471000,1,271.414456127525,0.3825772758456824,0.22673312471263957,1.1536037266827737,23.402144208415155
1391471674,1,108.51725724204327,0.3195336993732584,0.2134558378013047,1.2068643147196163,15.259875384349082
1391761944,2,87.840320001522,0.3838578516189484,0.20019454060504233,0.9074315223359108,14.148895596858528
1392013159,0,220.3420862263065,0.37551901168746976,0.2498083945948242,1.149914253533598,23.780043858590055
1392018017,1,325.2232768634691,0.39660225298872226,0.2124802459534612,1.140711190819085,23.828676571281996
1392118578,3,13.690438089484715,0.3509799610265054,0.2931974032327501,1.0389057948361382,19.773254512495466
1392601033,0,200.99820263129732,0.369413666754758,0.2523829962950857,1.0729183543854335,17.467459044583197
1393144437,3,103.40697500609195,0.3644638839938833,0.17730156134956399,1.0600470280978453,14.277831018499814
1393145054,0,151.6280668491696,0.3860134118284689,0.22962466956406222,1.0144639423083859,20.769106050559838
1393359836,3,201.8001820416259,0.368320498607391,0.34026859165288914,1.3130009889750762,27.889745889410165
1393430812,4,192.47104437905844,0.347233383185405,0.2608310890346104,1.0571235926760916,18.22046755203648
1394137835,1,96.5298002182933,0.4065376220690989,0.1832552693390936,0.9796455356529005,16.177323680182162
1394335529,1,-32.987595516362404,0.37839855453439,0.32982425547121663,0.9375003374517329,18.192422863562868
1394769597,4,265.5373301069985,0.33994041354343285,0.25762617508346464,1.0905173846244642,17.756479988047673
1394885564,3,197.4039707110665,0.3894041674561534,0.18200732472074546,1.1547205347378826,19.580930118822398
1394969707,1,83.60805533463486,0.36233910260305924,0.1955462987682356,1.0810614335047202,15.404939148544791
1395351360,1,186.36593413324212,0.3652473410600111,0.26903071839298176,1.0833443835145746,23.722506313206196
1395602302,3,147.76620782658455,0.3735705242047547,0.20244078325868653,1.1351008220484125,17.759820353632705
1395946154,2,217.25967910719083,0.44900044402566586,0.2563484052006346,0.9684665776639573,21.205185226299896
1396011418,0,179.82963092597902,0.37124422150692105,0.20759433755381304,1.0079280078548136,17.768375984432296
1396173463,4,158.30012793986214,0.3449737902279683,0.19039762929719542,1.0749264237579044,13.093165060346868
1396280832,2,194.23431094796734,0.35242574191979975,0.23054475799854451,0.9718461227488244,18.309772188673914
1396448482,3,289.19215876025913,0.35797862678206793,0.3420595321812515,1.0308886204136787,21.65522628674716
1396499237,0,332.7517901351422,0.36750319485996097,0.21655442754377768,1.014508191515286,15.5707145352937
1397085325,1,114.24818596572239,0.36117921060999586,0.27661831259690006,0.9495938359633913,17.591226336388903
1397226441,1,231.0723996638823,0.37976031055170756,0.249355611234833,1.0957491433025652,23.08516201066198
1397367740,3,24.033722324150162,0.37301142900034473,0.2456208074396038,1.1411812844130074,17.41719075540973
1397495008,2,269.26653721189524,0.386136328607573,0.2668750757047278,1.1721001038586263,25.941538939544287
1397532955,3,73.68595051809825,0.3255505215850434,0.14297707329208997,1.183576706196176,14.359911763093457
1397660267,4,98.66871786232402,0.34443824251741195,0.2694226853615383,1.1324640455508284,24.49528807031327
1397915827,2,40.66876791470235,0.39675925645155247,0.23537041249248528,0.9640983165207219,14.994097498490083
1397995354,0,194.41156513657745,0.3704439576419493,0.21817390881679233,1.175543929273061,23.908257143388955
1398649969,1,26.306832480737228,0.4001166911725847,0.37802399323649605,0.9070519312632549,15.23549325160292
1399574805,0,5.341979387747216,0.35323091682632085,0.262360426631331,0.9607994728150284,17.135379829213036
1399918189,1,196.99944375947285,0.3869334198835477,0.24056970840291608,1.0799242384745764,21.335326958897266
1399962717,3,30.44476752384344,0.33779373987562744,0.1920006415394189,1.3062961582345924,18.136832780315036
1399980984,0,-87.5907011608269,0.33842759387161764,0.1273554268979712,1.4822499678178447,12.204411472090849
1400204987,2,107.3282366868775,0.35114019521026557,0.17624744439805895,1.1933546510100284,17.366882612502195
1400904747,4,261.7267961252079,0.34719937816237695,0.26261950286937785,1.0672819911353455,17.73953130518416
1401313512,3,61.73277756139725,0.3604587959921513,0.11449324445443029,1.486003765909639,17.47833448888169
1401699288,2,134.73879393301914,0.3689302549063263,0.16596101645987305,1.035192553408481,13.905309392998936
1401767370,4,44.97458952586079,0.3906687918285486,0.2181153805400589,1.0392230255497035,12.07570804158381
1401880967,1,59.77162740114308,0.3880875398203123,0.3096024615374151,0.8700724290124379,11.750070611271763
1401907543,1,163.5646408907607,0.377289483487611,0.21638854110104552,1.0840651206894103,14.762428596109121
1402707423,2,32.36686645579455,0.3917277457845791,0.18432798652001098,0.8728697044643746,11.64119349286916
1403025307,4,60.763227427096375,0.38498658248705064,0.17360028927255336,0.915094866780424,12.361581518415765
1403056181,2,169.55031768450976,0.350361512557112,0.23617147523222334,0.9943894613617656,15.773844281832528
1403885669,0,-29.11133438032965,0.33202748756609596,0.10674732247027538,1.5752609501728583,18.675130048675033
1404736558,0,30.326003521258862,0.3456172405202936,0.23692413365880213,1.061220849246513,15.58829014354249
1404881179,4,85.68806936240713,0.34833979903008766,0.2513767873268714,1.1257472280084277,22.019940444428535
1404906780,2,115.38491291109212,0.4332750300613015,0.17968974790370457,0.881362241081395,12.811979190681878
1405342945,1,108.066975803165,0.3652158615039576,0.20416852846288985,1.1187491018818838,11.051655883081526
1405483472,3,209.66629706344978,0.3595995634563259,0.25599692398258417,1.2721438257431779,21.268942517681907
1405504097,0,116.63813039034561,0.35674334943003294,0.2090097666955002,1.205208627306914,23.59454715081737
1405932277,3,189.3679267212741,0.3712140533323633,0.30068088883057387,1.0366642888778492,19.385900535046346
1406114427,2,124.96243659493274,0.36487742631718245,0.2721095487243232,0.9422627652046561,16.913679545481976
1407338879,1,253.83708908296617,0.38286758096971735,0.19444589952777191,1.1546856302570105,21.67446505074095
1408229683,0,70.27675077898039,0.3572454237899799,0.12463316667994939,1.1577220812116924,13.362618281352075
1408675476,1,148.32337272477403,0.34960573712913945,0.21077273846973094,1.1931541670304289,22.72656310329167
1408691704,2,109.66840338775833,0.3340389366925321,0.25113624709887017,1.1807448735670452,18.64321711342783
1408899479,3,-15.888821354663818,0.3865166821751874,0.3825166048467173,0.8888828885815265,21.584766839628834
1409017581,4,217.511132377854,0.3789150677943171,0.25642031930519793,1.1686749693161749,21.116345546649235
1409490636,3,187.2827039213201,0.33791866010024213,0.2258508642863789,1.0240029951408314,15.586780773402996
1409584413,1,89.72486585150486,0.3473045048022205,0.21190429629005617,1.020520024327341,13.511351691733614
1409830378,4,103.5200637601765,0.30572031903768077,0.16113823049823076,1.0802836837890353,13.900538553551671
1409947542,4,38.37719766134029,0.3703448935100458,0.18178528201124086,0.9250387284804317,11.00965268802496
1410914942,4,210.12116155840587,0.3899273211289116,0.17493861761926854,1.1487154090460532,19.004984684072532
1411169396,0,46.62861533215248,0.3744371044465054,0.24891675643110592,0.9795199705749633,16.38331079381069
1411192314,0,321.4155256542772,0.38111709762732776,0.26369716486110095,1.062183365493053,24.207243288484023
1411288736,0,19.439710416122423,0.3270849543768342,0.22919008990305698,1.0714705791309092,11.894582969853648
1411415365,0,50.23575742040132,0.35965539648234157,0.2226696615417239,1.0727134380713104,18.776430782674353
1411771596,2,142.58360060706596,0.3682233083979728,0.2491139382719783,1.1264393172286962,22.744050416625925
1411897079,1,111.09219441946335,0.3483811029868149,0.22908865872395212,1.186866350729399,17.94958945851707
1412120720,3,203.37154894300238,0.3365480637578038,0.25766885107547155,1.2039554218579578,18.34892715465554
1412223212,4,16.29433002527506,0.35074975064336855,0.25133026847263,1.0913711273980402,12.58094164203643
1412767415,3,79.41060509111068,0.34969597390696755,0.2533983858976726,1.263638078934288,15.986737514184423
1412954804,2,107.63301316985948,0.3778685990083117,0.2111685944416759,1.069964931740885,12.255287212298464
1413330755,4,166.44861557147271,0.3620903699971961,0.24463844722785275,1.2054276701214337,22.83281811573408
1413610901,1,89.49872347338491,0.35081210742533997,0.25825698733914665,1.165260033043159,16.84831666662893
1413611773,1,199.64177813892883,0.43124794776568187,0.13562402286512604,1.1680488840064769,16.60290196271014
1413837140,2,67.66241301439146,0.3880834153060322,0.16078056279936864,1.0637842718112216,14.640533773005567
1414225049,3,39.007161697987804,0.3326035154498717,0.2324904077983377,0.9725899893284395,14.999021136918813
1415337639,1,31.913225763821103,0.34595138142246273,0.24568544990123395,1.101307574323172,21.179638250223427
1415406733,4,75.35036918476911,0.3630810201268115,0.25785789792156355,1.01966115184121,18.302284473688324
1415457510,2,170.7841982535014,0.35318278503745437,0.2195854683965142,1.0016818603139088,14.689310405071156
1416739755,4,267.04228927114104,0.3734827653655906,0.22943531939005987,0.9987706162660583,15.17102787171427
1417031371,4,45.186688483983495,0.4059244304881315,0.11604039764411558,1.2668493697023249,13.747580722920038
1417043259,0,178.44695131823957,0.3598670203306235,0.21679935881455553,0.9167023697249087,14.790664540753493
1417054451,2,149.4880696217883,0.357880746928637,0.2626615529862934,1.0279790558765367,18.136394182485827
1417361969,1,85.45105124741627,0.3692945353018686,0.21773194048637984,1.0475881297930776,10.462418323316172
1417768053,1,193.5058891157285,0.37950866451620363,0.24242903080721984,1.0714731175143883,16.824714847188087
1417800703,3,38.14420743714914,0.36778611591385446,0.1798745322062349,1.1869687220240888,14.718181105841033
1417827855,0,235.95564320312621,0.36325195257087567,0.2270846944938442,1.145286224978889,20.857200651490256
1418585210,1,21.792690692551716,0.34585807557958054,0.19584879822521467,1.0083550885846653,13.41920867589744
1418607549,2,89.80582147260355,0.3908206834340577,0.16672657332915347,1.122096815475147,15.516720477472328
1418628819,1,-9.346676517976945,0.41082089850295583,0.2024776576380129,0.9852220276381579,14.668408718823217
1419016384,2,56.58411411568946,0.3738993770023833,0.21670077562298018,1.1345318525348138,12.821444469182385
1419552421,0,203.438583250467,0.3711748513739078,0.22909741559774247,1.0561549447106353,15.930134031029235
1420611006,0,80.65537619911292,0.3553968443042375,0.20604504784024685,0.8853142771813834,12.553997126518304
1420737735,1,79.35402822985229,0.2960282926227515,0.2219718086799114,1.2561641585534236,13.195888240380873
1420812496,1,65.2042250712072,0.3695221546484783,0.2141320401007649,1.075798422123605,15.485191870960072
1421209921,0,36.585860745643494,0.33488314387003015,0.21825307213185555,1.1953928922564918,18.26394028075844
1421320527,3,-16.28535123281408,0.33817735759960915,0.2342980661562066,1.1551113891671976,16.800878277127623
1421392945,3,89.03668391514252,0.3464305043614713,0.19583104515695768,1.1895468579713009,15.06300026035036
1421653372,3,120.29631121153602,0.37258046109337617,0.1878727710657071,1.1612362193556331,16.443908747495776
1421658168,1,177.21259079123803,0.35209876002237533,0.23301756850912406,1.0064388004001248,17.565318972124178
1421896070,3,-47.053886283909975,0.3766708112430981,0.2870425806816609,0.8919498970504478,13.284306906430263
1421909568,2,34.71052335525187,0.3049217006391224,0.3215821068491403,1.060650583527074,18.523305617938426
1422009513,3,5.723333158847723,0.37873906980927396,0.20717217725399736,0.8183111321953275,10.787900684178009
1422047403,2,60.76706242956685,0.4518093007317572,0.1489980614300457,0.8145836789383416,12.610795361937832
1422066716,2,178.75427567402687,0.39892202140014205,0.2713567680819784,1.0183882166829603,24.097662127737898
1422469487,0,258.575081960162,0.38413986781912357,0.19906153425727818,1.1890731624749475,22.18322256073516
1422560601,2,133.3201676670186,0.3156845338483147,0.21750153601431121,0.8932881513802029,14.849165609832161
1423269762,4,12.508048496197972,0.3525780876141169,0.27111925644298446,1.0249276156133362,16.633989577879028
1423401067,3,196.13369605254513,0.39008423902888145,0.19476679501736538,1.1714097265639676,22.94874742486879
1423424888,1,232.71862199594722,0.3433696032919947,0.2657105177779362,1.0464107003552876,18.234619137947156
1423530794,3,202.2013488365288,0.3774015317892279,0.2555918169133648,1.1056135226457744,19.8465900121939
1424144967,3,237.6122326479404,0.3932233208683503,0.2202160561883732,1.1377659189303517,22.243366721387726
1424387141,1,238.7339954038425,0.3518906852023652,0.22615280224732198,1.3323500370204249,26.33863081664237
1424467870,4,195.64939689734695,0.34331549407342754,0.28896356473812357,1.0799804388478587,18.738000234967135
1426385152,2,60.97571814859461,0.3587112538535635,0.2420312763312511,1.1298226538163982,20.452026737028916
1426651085,3,205.96937153152024,0.3714375769192801,0.21706049446521905,1.2921525659515698,25.276112643470682
1426845091,0,154.5628031494537,0.392723366289197,0.22667957561084984,1.000901397302704,18.514192480788864
1426880410,1,-56.92016454618238,0.3175340583041712,0.11016480752672644,1.3914363275000972,13.136650031266123
1426978607,2,409.117737872252,0.3784649837461364,0.2429143022457993,1.2567902267502147,24.88434716942788
1427121961,1,131.78522120288812,0.30613088285984236,0.15340767009396888,1.1123273854016817,12.257313614157903
1427163348,1,180.83899423042308,0.4510639698512498,0.12768357707979433,1.1414436968226254,12.820284943700827
1427715399,1,310.30172495783006,0.40764511277635307,0.1708216979255303,1.1508825795430153,19.280850001733732
1428013665,0,7.530934423947912,0.34848189877830943,0.24007566127986288,1.0765944201108684,19.31254163063496
1428459269,4,81.67496625166507,0.3404198491279543,0.2587794447968101,1.079515446894313,18.354334325793527
1429766327,4,272.0788533277814,0.34669282683432356,0.27967213997365986,1.0635281549615367,19.262602542849994
1429793294,1,187.2292369568934,0.3140160242117176,0.32744442901736837,1.1319108045222308,17.787758865128197
1430116322,4,-9.093445483980233,0.40115261439756117,0.13394509136398575,1.1236874277088504,16.59102323287349
1430315937,4,71.35741767511111,0.3241236030311719,0.24764851114733782,1.1730149761013102,16.934620670074015
1430519110,1,133.40659250674372,0.3768355004667181,0.2881372152720115,1.0671748327253812,20.242924784637882
1430804351,4,151.39580148569027,0.36103372566413244,0.2691542437751218,1.1978793767786287,22.588703282472203
1431061733,1,74.54014234856298,0.4107940230787661,0.16352599298174275,1.2257288743885613,14.300419223879338
1431221596,2,73.9369270425178,0.35692203510065196,0.2575848772391792,1.09684925628961,20.217373741449805
1431937128,2,105.66472937385007,0.35317539706464535,0.18470723309715276,1.0601768829213942,12.905271993061724
1432698021,4,76.1578244440693,0.40272874337687126,0.21092270428849524,0.9683803784275825,12.204379959492314
1432821779,1,79.10695571956082,0.36039802754789435,0.2310356021268754,1.1234705972773509,15.138650368265072
1432826264,4,-13.840973105773315,0.33489486329791396,0.2375825812855592,1.1446461504059449,19.871751677295197
1433887505,2,82.63868979435149,0.34913977742344865,0.23526878596861764,0.968402126592152,14.377316545878864
1434137991,4,-46.48216026636942,0.4379698870234363,0.22426127071159863,1.046554250997817,24.6935752143744
1434167997,3,-18.443962928461332,0.4103447064442407,0.38869872633479574,0.8924703751219635,19.908915610691757
1435049128,1,39.36292823565242,0.3464492734882314,0.21953823759699106,1.0601051342338637,11.531703167656943
1435571706,1,6.407107830768155,0.3250141799585762,0.10706878805314438,1.332832109401612,13.854628244642562
1435785371,3,-33.366135642006356,0.37373903071379216,0.23690144301573707,1.040065978631274,19.898040015345295
1436177841,3,32.31228240525515,0.398474218000143,0.17414482513415647,0.7788517990024575,10.050870422065497
1436330682,4,241.58394352461423,0.40309234869749233,0.1875189233691471,1.1210986683550992,19.92724607056519
1436575335,0,228.0379697057781,0.3552769651473749,0.23127723727669822,0.9774058560225387,18.095789630730902
1436896741,4,67.30972990678083,0.3567991870183855,0.19292560784752627,1.0091545731098726,11.562817424802454
1437172858,2,165.27493717942684,0.3358795906878306,0.24890007828023686,1.176975287140352,19.912514219623965
1437182858,3,219.03254819486338,0.3388470177046843,0.2594253723075586,1.2358113801822672,18.411267587725057
1437198887,4,94.34062526430692,0.3395786696715893,0.29175387077693693,1.1902859704428967,22.21613697747163
1437455994,0,102.6629123738092,0.37418008611743936,0.17573429293814535,0.9987827038223659,13.8568072094589
1437522401,1,44.73929451863776,0.35808893388738144,0.21420267018137798,0.9830316127988693,14.13114903950645
1437709159,1,220.63053578545066,0.3480594332564642,0.2654150859262746,1.0424664854060506,17.308999047161564
1437848848,3,161.22034539096938,0.3758042539059442,0.248185069703146,1.2118321721179621,22.376028587078537
1438275910,1,93.5700443249407,0.36981950417323795,0.2867210927023658,1.095569331468042,27.796604424222288
1438410833,3,-21.777505187442202,0.3394318716416278,0.24618900677203231,1.1514771424202621,16.726027796798657
1438539748,4,59.85753291029972,0.3351922136029103,0.27881928761438796,1.1748610643443511,20.648797637495036
1439560323,1,16.80119547556164,0.3373192492906033,0.25914885030658497,1.094093679029316,19.675016573591925
1439590900,4,194.76471297659106,0.3389842935503245,0.277891383497304,1.1366613436733906,20.016229306533596
1439796054,4,345.9245046946297,0.4011503883351056,0.16802441414722605,1.210778744882239,20.407781049579295
1439837660,3,157.72853327026408,0.3736287218399493,0.2943964236891166,1.194785967202707,24.879003345738315
1439947780,4,187.3242960201753,0.37146657558986407,0.2709959536818012,0.9842500476846758,16.595937473304918
1441154602,4,273.9281481425903,0.3383775414987621,0.3424554485402135,1.0874970162300586,22.046866688365313
1441221742,0,-22.181293870975907,0.3373755081787345,0.25736246836859655,1.0676055593414093,20.466984419717193
1441373602,4,207.0885955288142,0.37316594312007884,0.20804766360408133,1.3998294530764739,22.89352173571052
1441731142,3,98.39657849515042,0.3561604868606499,0.2958353982514488,1.2284105835776187,24.521102350703057
1441736260,2,32.73816864994821,0.34372491863375687,0.2636865281333953,1.1356266523357281,23.29793217282107
1442807010,1,-38.74110978837032,0.322150636328868,0.13950188958530169,1.3122114641778937,14.070890414120857
1443435953,4,287.4112824046676,0.3400860339660253,0.2807759704266517,1.081198980969141,19.11896651569787
1443684978,3,296.77260897551304,0.3719573196274661,0.3321293763528039,1.254630645132215,29.373940545301835
1443853019,4,30.965640347161013,0.3885743985248476,0.325015892456596,0.8739375121483375,12.683727040601484
1443895665,4,269.7330691341563,0.35280376080151993,0.25994833868285583,1.0835536212609986,18.572015570451295
1443962559,0,-9.44738405214062,0.33617265363859494,0.25652832641779916,1.0684413189721205,16.376368480377486
1444001096,0,48.887667981325954,0.34848819566758243,0.20732202511997536,1.0785653657494865,12.752952597294067
1444443456,3,-13.989656509768963,0.3691504436742764,0.21241287913778195,0.9804318994285391,10.715774996778862
1444497775,2,217.64573898335075,0.36103741831530617,0.2407114934266284,0.9827848076273326,19.071508987031496
1444677131,1,117.19121251028459,0.34744570519920764,0.2849181569973063,1.165350357701517,23.176315738794308
1444682939,4,236.52303642445509,0.33171462952617675,0.26394580262596395,1.2015461804962269,18.734933521794655
1444841962,2,70.32370426464954,0.3662519844516633,0.26821126101043363,1.107824846770389,24.418779041208026
1446315012,2,184.4354474666191,0.34837100157392104,0.24202155569618156,0.9918294874401957,17.85655797882186
1446335630,3,30.83634645773762,0.3712302877801715,0.24964519313394065,0.938671651435024,15.149619456710493
1446403769,1,148.26545294512053,0.3698613638661092,0.23525671892370847,1.087881562302883,20.69131950466958
1446406615,0,244.9378824844709,0.3699445513984919,0.2259704112959165,1.0667235232237207,16.0696364050612
1446517158,2,113.33589930453056,0.3892725759514791,0.2006656261797417,0.9845371007981267,13.344436624111795
1446956621,1,35.391327658336536,0.37510723905644044,0.22117531782023409,0.9613082261216253,12.184674283892381
1447075360,3,58.065484199205464,0.3635024380740934,0.3688580286985319,0.9525602179015901,20.523010982768717
1447287020,0,13.884616782191998,0.32618073182583046,0.22860446356564,1.2198524434055351,22.10060317464729
1447445383,1,177.05599237993158,0.3625582323411723,0.2398123212634955,1.0594339098878067,24.77968706002116
1447629123,3,64.9215097119652,0.3394637024262508,0.2478685133439048,1.1719840027967832,21.568291458384703
1447631278,3,73.63034426496577,0.36565806829278996,0.21145194160767744,1.1311297452223676,18.986048166072653
1448332716,3,55.48912906533639,0.38533067899822027,0.2768368462617623,0.8906363658767165,11.306730291391458
1448341292,1,172.15855909614788,0.3951069271310571,0.2624042103415088,1.0194116717431256,21.37219847345025
1448448374,2,-9.020347400354439,0.3839365018871124,0.147515259221024,1.1713313464431827,15.085043620485909
1448731732,4,263.4131698475885,0.34540442515020975,0.25348925638995545,1.0745874709440688,17.075083597848288
1449297338,3,-35.78535007687603,0.3711636869012951,0.3268555591260753,0.936072349425968,20.953030247917294
1449481867,1,-19.482987507366488,0.353562626506002,0.21655391251882833,1.069666730134455,12.20371240624607
1449543209,1,24.561535800009707,0.4025448824137102,0.37587624168340794,0.9099944822478951,15.353467243838745
1449552519,2,26.535405033947427,0.34480628766233556,0.2624101041308651,1.1238711582269207,20.617222840372857
1450236105,1,116.06218406579696,0.4681608813364172,0.19053341276425412,0.9012021181488844,15.765811533536464
1450460730,3,118.62378402472223,0.3583053352638963,0.15619239606385166,1.2999082007520628,14.783790177833456
1450812051,1,141.86065772561838,0.3390139067683757,0.2328383945057126,1.243806676839098,25.775589311294897
1450851242,0,39.46407445495025,0.3322709147359324,0.22886198965087093,1.1482327754136292,17.47212288615247
1451556354,1,-76.41595446321375,0.3908571475772778,0.179144803090099,1.0354312955886638,14.962793351809387
1451589071,3,220.15992029501922,0.3782209732361916,0.26112857893191893,1.1598695337890261,24.896321118730146
1451687458,0,208.7762069389118,0.353694088413166,0.2122804570340865,1.2183928347809467,19.445934934685926
1451767844,3,9.832316226756276,0.36839264318419296,0.17824797788453584,1.2471234353469356,20.75496169617596
1452233273,4,1.7606918442463524,0.38472816734026993,0.23211548057082487,0.9003270688864198,14.998335225583032
1452416309,2,263.961503195842,0.3877087136751502,0.25755294252482375,1.109475712763955,21.947194755180412
1452761460,2,124.81886116842887,0.3386927267171675,0.241287574168067,1.0996224518862574,16.22737295458638
1452778640,3,-68.29363758554479,0.3379558791845071,0.22778679588342038,1.063761511009346,19.393545107705176
1453017209,4,140.25217153320435,0.4700433717087497,0.18765520184299223,1.1673125955328845,15.351919162042105
1453388212,1,125.09976369425424,0.3390460189867265,0.25997874631705076,1.1623469878784998,20.664604640801713
1453450335,1,205.9384667690219,0.33324900367766497,0.27469847948412707,1.2005040694323412,20.80794404622023
1453479470,2,140.0265812646322,0.35987251463809317,0.241555682286942,0.9527062269914973,16.60271385627572
1453811128,0,236.86646175326604,0.3593845988935129,0.24588404926303245,1.1290563244036902,21.549979925489865
1453894655,1,155.1423187713477,0.3766259190154119,0.2718781398862208,1.17232674304559,22.253098145348567
1453979051,0,204.89586136851798,0.3439827687055862,0.20782071626467735,1.2107534984376649,16.49580619176817
1454170504,1,216.17501287696916,0.3867436913926795,0.27389740894600895,1.0749954882754795,24.926521056671746
1454388009,3,282.0869457420981,0.4393949302376031,0.1990924606637478,1.1358541354997844,19.13026589818165
1454873499,3,93.21929975116718,0.37204452349330863,0.32481528456952374,1.0927724478766827,23.496418618221362
1455090776,2,208.34780250138851,0.3629930538000647,0.26186468031386023,1.018421462835919,18.226989026708118
1455134437,3,96.62677627807463,0.36417612375540154,0.2664903275908921,1.2688418330997948,21.00289454131972
1455221251,0,28.62014699123624,0.34518903771825904,0.23002533250112897,1.1098090796173667,14.922384240590636
1455433082,1,-8.331068812574529,0.3330802399130192,0.2319465700740982,0.9847452181713803,15.961430206735367
1455448064,0,319.11745755680636,0.4072510726985582,0.2941997772562955,0.9781827863388693,24.408384256950736
1455477899,3,-14.924596564689836,0.35460420282720806,0.2787203554647946,1.04108990100978,12.743259879128935
1455663460,0,222.69811036343236,0.36398475664289065,0.2281025423806949,0.9598048421398918,16.77367173845018
1455763004,2,121.13249596821827,0.3979298530449642,0.18806705167631235,0.9739691136585804,13.018584842825048
1455946712,0,223.72043543960683,0.3635460853744043,0.23576643622134608,1.0096646767136679,16.394021688028925
1456134582,4,61.38175232671058,0.3534197756106119,0.25487996516749184,1.1151459905141698,19.598847690438717
1457502415,2,213.67784861819501,0.4148033339608352,0.2448252137453236,1.0170060997516235,21.59088042165793
1457793219,2,18.270736881204286,0.36148900524001815,0.2346822675180113,1.0856113135087637,20.315537632765427
1458472862,4,139.08730319342615,0.35477673949498806,0.28324806740791625,1.1898114329941538,21.687738670258305
1458806978,2,170.0660769681548,0.3972849893295334,0.22587207574467957,0.9382851161430478,13.880282035560523
1458835114,3,124.91042756300686,0.40417745932250343,0.17370535148734817,0.9861349764781842,15.992987107301309
1458927340,3,38.27625266161978,0.3667137122508855,0.19834418631052145,1.1366459532625912,16.37506292428693
1458930812,4,62.97041092411067,0.37091349153149944,0.32290756822677397,1.0309325655685906,24.7946935934224
1459842972,4,210.23064701729405,0.29125325776929045,0.20800500959921317,1.3208573604039469,15.117200637484219
1459846963,3,224.24786352019854,0.35310588952573285,0.23067705048373938,1.3598330887474157,27.318870247148364
1460712253,1,4.5219647588116345,0.34759494681296615,0.2762672661146064,1.0007776312515575,15.850584315020358
1460910986,0,219.6809244623729,0.38299822656673904,0.2785958198328233,0.9679900793838563,17.93820272627695
1461036801,1,5.797314514099526,0.38129199913558476,0.28988915388463654,0.947945860544063,16.111176567539218
1461767577,3,227.6860771593624,0.36839839118195966,0.31079524775315986,1.1943969396837857,26.78106616317261
1461784308,3,279.6872143753131,0.4038345416043367,0.2806500408984886,1.133650463985786,21.380094784275357
1461861414,4,85.16506923151849,0.4109525577824406,0.3339423361180973,0.9991420702627601,20.254864238677992
1462340201,2,136.86151286983045,0.40698084939018975,0.19053045806587482,0.8853829530205397,12.071740257779622
1462614613,1,21.027941190166942,0.3534654334315291,0.24471436336445188,1.0885377957176947,19.815623218497034
1462748332,1,320.0056425660008,0.43584025121369113,0.3392616868582215,0.9734618635683544,24.935422734603108
1462931199,4,-18.827091025446066,0.40143080591111,0.27880159370432833,0.9345850571538901,16.61857524570236
1463007614,1,22.248972190589612,0.379155662646257,0.38714407332477563,0.9053996317911329,22.436586302698352
1463085835,0,189.097645954935,0.3649079424147762,0.21758262925825692,1.1422122077609609,20.521016821590564
1463095437,3,52.332036856097226,0.35613275250518367,0.2942032063669336,1.1506495520120372,20.642258687038165
1463175891,0,161.60051012049468,0.3765422973973094,0.18536224905727622,0.7633207786029554,21.660837478530823
1463811998,3,-55.461565120411166,0.35765683453684427,0.2765500032218812,1.0212289143543505,20.93923727511253
1464019841,3,227.07185272554236,0.3698812048630343,0.3379299586937723,1.0961842639334312,25.562047952558245
1464421877,2,48.96480631474325,0.3813580366300944,0.27688515251647183,0.9519831735240419,16.281937034220608
1464436894,2,430.0732122716617,0.40640709379256923,0.25755488471199167,1.0120996220232392,23.756126532075466
1464819967,0,198.02857040380093,0.37169917533976404,0.23040377296954506,0.9708935129570347,16.957258312396164
1465340291,2,103.05320969474245,0.3287826118595257,0.19411332414865862,1.2094811883388268,14.209029978126052
1465942783,1,16.632237502985504,0.352340938937872,0.229383291464318,1.028629886721403,13.83948856571912
1466879267,3,-46.02395624992221,0.31868097332913137,0.09810967544317803,1.6002772894051904,13.963884197028298
1467166248,3,17.5204645128113,0.3174400230578476,0.10025728791448574,1.3510485380133415,13.825501749642036
1467252065,1,21.648319936845127,0.3608079286605653,0.27624685564927876,1.0316686115163451,13.44255755866531
1468461975,1,236.17059337725524,0.37521261462178995,0.24819146968522882,1.1455282297093092,20.063560616300283
1468518443,2,29.620147148564385,0.37471723688674174,0.20350095856908554,0.8995552772706243,11.769364473169345
1468882159,2,2.8859347739604004,0.4146318383338249,0.11643545906738259,1.3653950545745155,16.729106440615368
1468958338,3,201.70753724668032,0.33769335997406774,0.2569623185773252,1.083668135626318,17.65883202030075
1469078897,1,97.09887425466351,0.3858874158787822,0.25756429643952494,0.943501166236609,18.49045131376238
1469251580,3,260.5350377391899,0.4015747662814748,0.21159630806002183,0.942976974566907,14.537412578586155
1469266389,2,99.38830641819285,0.3530935556798592,0.2046487908508776,0.9843802335233635,13.036650994646617
1469368089,4,64.67281598363049,0.3568135761744462,0.24829342523287748,1.1306949968237134,20.480171665105303
1469495249,0,116.75176736303881,0.37350709062527016,0.21148041692939704,1.172339571571469,20.850582797536244
1469675356,1,25.42943553625703,0.39678070236562496,0.1292072051331943,1.2096520020234667,16.893942988253844
1469897580,1,45.84423533898061,0.36238759208786814,0.21844164055781928,1.0401294781245731,12.903263873246988
1470418130,4,207.44921164133416,0.3927673005564914,0.20378836649811244,1.061700113670353,14.272746424241955
1470645091,3,234.5578942466825,0.4032011981867811,0.29768852547532676,1.1015351626817689,22.943319031254383
1470768847,2,36.606091996366736,0.36749294438226077,0.24058804430445987,1.1393309729875274,14.038354526513652
1470774077,2,264.34882452827634,0.36638374316953587,0.19678280907195506,1.1802836620911288,20.329002909323172
1471142716,3,110.65702068251315,0.4146533848793853,0.20035660938486455,1.0970522899583641,19.131162859960803
1472109489,2,126.29207593740199,0.34619853061106604,0.18241888911092902,1.1635969134319866,20.34548343617491
1472118288,1,-59.62731737182767,0.32123910421277413,0.13290021888643577,1.3620114700082453,13.613323962186202
1472271341,2,50.258996023091775,0.3689314065319107,0.28939120573169047,0.9537152725777587,21.49385644203882
1472751426,1,212.6648315235338,0.3970033503554452,0.18155334887376237,1.1994697348466365,20.64085463641172
1473380579,2,300.8324458726525,0.42331573435967296,0.19475874435000007,1.0425884280460989,20.561745744955317
1473395922,1,269.7344395628315,0.389357411510589,0.22014679532809014,1.0266778700038017,25.088900768904793
1473570358,3,261.64894006387976,0.36988503700643893,0.32607922508519555,1.308001761777901,26.343709083114838
1473690215,2,216.08440878079938,0.3671784316031405,0.24762874068763427,1.0489670160623679,18.459837719242678
1473745481,1,107.40187114146514,0.3882123945400822,0.25978743961371314,0.8845261198389022,16.45181017882079
1474070468,2,141.4577339270783,0.42000466760773547,0.21293775537563076,0.905769411649167,18.464507262207675
1474131719,2,116.74926095167143,0.3697825015373367,0.2210363420786202,1.1065559869975288,20.055310166704906
1474494101,3,200.52969357714474,0.38155710357655775,0.28477554904119073,1.1248848696219371,24.75220908294421
1474888709,1,39.03561091107669,0.35533432049010494,0.24674579757538628,1.0504950128519208,12.933399056678297
1474909304,4,77.03246572698865,0.35654393563670134,0.285186638343741,1.1218061141319702,19.40148809456551
1474978524,3,-56.297025271109845,0.35433938937301984,0.24495733943497283,0.9532995163403724,15.008024662302702
1475222377,3,258.79102252529395,0.3670617442026307,0.2683058657240609,1.2013469765973612,20.061900574650384
1475370376,1,189.2351990271957,0.36520339954841546,0.2390105219250586,1.2346848207987655,22.687319264264218
1475746225,0,2.6464514794088245,0.3880651264541518,0.2423825555009201,0.9469556313442068,15.177646611848452
1476123993,1,2.319793004531661,0.34135182297878935,0.2477944276548033,1.0891147416078852,15.018339822101069
1476310950,2,43.16830622136223,0.3893251827639294,0.3136010614339584,0.9333426706162222,14.25157024578553
1476461237,3,107.09017937351693,0.3936447523195391,0.22703559597676287,1.1132499384937362,19.18965186736372
1476641400,3,244.01675008442425,0.3841641060401946,0.18165343952760127,0.94829394062958,13.259341117039755
1476707326,1,216.10373105295469,0.3602567960004058,0.27251684480082067,1.1661725536400693,23.98820938492264
1476896117,1,8.402299803123043,0.36555777236948095,0.20853977812538632,0.9947198842567133,14.03361095150562
1476896274,3,321.00708690424557,0.3821190455036489,0.21450390243688158,1.2842548497199073,26.948120393833122
1476946894,3,84.80288410159872,0.34916804051387074,0.27212075403200253,1.2237685782593726,19.855587974613417
1477172876,1,65.387280462254,0.4311232123830443,0.19284376115580393,0.7618024931492625,12.29051359615061
1477353024,1,145.85577708387763,0.3833703992021114,0.24879502857629368,1.0688809955258818,17.539817781047276
1477468420,3,-7.341573996482353,0.356775417211665,0.20193882662399867,1.2260598544765224,16.37328704724995
1477631774,2,181.52349095148438,0.3638423313928639,0.25231291485661717,1.0847273517049343,20.95805114478469
1477890619,2,144.39325119004837,0.3619973366722163,0.25565476945868415,1.0872229215568003,20.601657140014602
1478638391,4,44.96113032051284,0.3609540567031936,0.21367599351001848,1.1014951866401965,12.866336834393623
1479037928,0,254.32348633316258,0.40797772834636375,0.14115024424711275,1.4370432571313836,22.23831136480593
1479528015,2,168.0008695862208,0.3514331379234201,0.27873848671182294,1.0811660338271238,21.043235865581284
1479577775,2,141.5259983793917,0.38338614542103844,0.25756502308285817,1.0731307067928266,20.918445063317627
1479997464,0,22.011619814645286,0.3594251309755176,0.32602747722240566,0.9450788159117017,20.390315933501093
1480032186,0,208.50072177469735,0.3799220734436639,0.22184213876586062,0.963131915316018,15.995136003313016
1480316431,3,145.94156772154423,0.35916005190386974,0.22698890724039064,1.0347861031993744,15.738477646206533
1480445744,2,140.11551393197962,0.339710499301333,0.261075596457471,1.117114503213671,20.586740509610618
1480784338,1,297.05441214854295,0.45160432136672773,0.2801186269486067,1.1504543881214109,22.18880727830615
1480818126,0,76.51555340398049,0.39137892399924734,0.2261910326747762,0.9768817003844568,14.995048238309648
1480945963,1,-33.4534599613186,0.4211600710950274,0.20941825428845387,0.9710951752568058,13.41780816344008
1481083200,0,25.152634640005104,0.3970394602117944,0.2164598454064743,1.1778360026821253,23.775842020231913
1481177497,4,91.33996661047043,0.34538596418398343,0.20632280209315007,0.9648305969538407,15.04911681459734
1481191612,0,68.68406436451284,0.3699420102498621,0.34136255787128345,0.9076173803714195,16.84138416181931
1481448213,1,102.15451396231077,0.35179429940849355,0.2672002288977635,1.0931698215682004,15.655866868447605
1481540874,1,-29.935944652636778,0.3418155846247042,0.26412563399013816,1.0176862732990044,19.615111830862745
1482021173,3,45.29966151513944,0.3158135181262151,0.24540583398307725,1.0384000712409427,16.547220313823416
1482072500,3,195.3821413781862,0.37911604996181864,0.29925477228911557,1.1423977457478345,25.155321613942718
1482083544,3,317.7933427971019,0.37838433834411855,0.2952042474688897,1.2187498814171474,28.180166537199625
1482120134,0,211.83437106088462,0.35106596120115835,0.2218562119548972,1.2557650452245495,21.072206967897877
1482727524,4,137.50385680271248,0.3572179938031279,0.280351217452169,1.1747161447766405,21.709551679238533
1482787899,3,57.45470070505055,0.3652427504056795,0.2796808819226104,1.0243400905569262,20.11859089023982
1483068354,2,196.23599112064005,0.35511556370121594,0.25785818297466917,1.033051334636217,18.010172362044024
1483153718,1,84.13710424429449,0.3647363780683337,0.2801297766469897,0.9248361653507255,15.173860600347677
1483304960,1,-24.153266037013765,0.36807578103606453,0.2547368182492571,0.9397466277805624,15.998205946333307
1483538338,3,183.9761413018885,0.3739863587096551,0.21025293983641496,1.0455780282754592,15.273265876379474
1483754768,3,326.1581669015404,0.3828463216413919,0.36429305491692315,0.9561211489945224,23.945248650037875
1484029097,1,-28.951915164608636,0.3190220238687025,0.16100761604354918,1.4859717052720751,17.08530001727531
1484271204,0,215.56353382395508,0.35458911105667007,0.27637807055803976,1.010764812659302,17.249475965337954
1484621104,4,155.74102828301557,0.3528453023369367,0.28227436650030396,1.1589357216225935,22.31469706476665
1484839925,0,-45.12332433500906,0.39312514723635594,0.35304361189873723,0.8826120573491932,22.7690426324505
1484940598,0,51.38022481727148,0.3808568793499078,0.2685696272109662,0.983347201822534,15.48706078993759
1485740570,1,53.91804619030655,0.34764700763695655,0.24186762334683556,1.019288411995599,14.097331674268258
1485822682,0,-13.72893744141237,0.3727212213775192,0.32627940474473344,0.925960561465284,20.96108407050592
1485858652,3,72.58319616977977,0.3473460858362686,0.1723568421908322,1.0761390899120504,9.90279967487151
1485862700,0,349.06483061393834,0.37819581304741273,0.21060507342074875,1.1880495635777701,26.578684350196077
1486120892,4,224.68404762797917,0.3903176461772516,0.17206709213927593,1.2377434352528258,18.94149897762388
1486334179,3,84.82619897336872,0.3694343472099045,0.32023695894643456,1.0625743585369734,13.016481960305953
1486442979,2,-50.540583855249125,0.33163497531740754,0.15184076790974232,1.395195926652343,18.345050672827853
1487203237,2,43.080451895668745,0.38071463311943254,0.3393067872179922,0.9031628362632944,14.652945494813503
1487747929,0,142.3783776067485,0.3740949468897389,0.17286135303458555,1.250544059956081,17.10997117280279
1487920180,1,38.4635821877007,0.3559772861447888,0.23272149168946238,1.018702791553015,11.679320293519403
1488067118,1,214.9972139598565,0.3863422272397703,0.20359421758610136,1.0848744370334027,20.146922372609016
1488760517,1,121.19032036623744,0.34841414357785716,0.2469829402750234,1.1169878503843231,19.807523237694706
1488918987,0,35.00312956648768,0.3481793363837497,0.1859871121849144,1.381851494283689,17.981852286616032
1489195327,2,163.04661536278127,0.35095391646658863,0.2555828483313542,1.1690969471242665,22.489524737614328
1489614055,3,281.73360466782276,0.3997614600073639,0.28332026772164065,1.0781193563836515,23.144858342957455
1490448831,3,176.8923289240139,0.3506157804763534,0.1816695193942702,1.2976454765344902,23.118206445556226
1490582596,1,9.392344189698662,0.40576339083369656,0.32913552700078624,0.7978375887706415,12.18975479369578
1490863909,1,42.06817172672591,0.37591393701167497,0.2506829807315237,0.9469778545480014,11.19012667139832
1490994278,3,82.0253985276858,0.3342251797793088,0.2666526851291177,1.2103415350309472,17.684744308343628
1491147756,0,226.354745883776,0.3687857813532812,0.23834030459055316,1.0764112629943159,22.26930579620497
1491246883,3,108.3259895135378,0.34670149462575256,0.228543155548091,1.2147576124305388,24.230674815433904
1491854107,1,21.403001771963318,0.35846390080951296,0.21307571502577452,0.9305601930475887,15.569877137481484
1492808796,3,215.65775474851816,0.3211853590252874,0.2986565606756625,1.1011377922720507,19.4936389958371
1493417341,4,147.61827167547526,0.3688624990312889,0.21078503259338557,1.1449127223968227,21.724787579076327
1493656978,2,265.33844375759094,0.3847076405971502,0.22823296997035017,1.1010119145745627,21.304947556841956
1494135620,0,40.076571293822994,0.38442376347507023,0.22406411754539435,1.0266860877126778,13.332882577218065
1494459100,4,56.76637080665593,0.3662726158015718,0.3175654327612895,0.9065002494210938,18.871270687882543
1495114099,1,180.33477821194316,0.3539316476310096,0.2258553219123897,0.9808085273384726,16.168302471284104
1495561124,0,234.33684566618643,0.3598889850985827,0.20895944469867522,1.2325465528242296,21.898286951825966
1495657690,1,32.61659955800097,0.345479757565475,0.3198001709267005,0.9842620658789449,20.62330467800668
1495695702,3,372.837807407382,0.43276844489235816,0.17038385536319675,1.1238275756802445,21.674752291691444
1496106807,2,-10.977300131468667,0.41447269125248515,0.18645988527295207,0.9755147285182513,14.825828341412011
1496171453,3,21.725272739317134,0.3502956139362492,0.2317066878027646,1.0685960900822062,14.227214003037297
1496884432,0,56.218870281389066,0.33309077151071326,0.21679290133684154,1.0476093811417775,17.007718930544826
1497450918,0,123.81924798367788,0.36074668993990505,0.20451649180965922,1.1540021420074367,19.651377798443132
1497637197,2,306.2270297201444,0.36244109460463103,0.219216913715254,1.145301117220229,21.848929464095107
1497639710,4,67.8685975257674,0.36651927542829055,0.192192537686473,1.0282391567049922,11.536702646007221
1498294171,4,67.38316022518879,0.3939390101625567,0.21920807326074937,0.9013088599158826,11.240404018663543
1498407701,3,87.89714491958814,0.36343003073292124,0.3381826346862825,1.1179934852315638,23.999006488694285
1498502031,1,238.66244976848822,0.3771114789925179,0.20365035819692637,1.2141764510824495,21.234242671776972
1498613996,3,49.623930480952204,0.4090311227979179,0.32440796531745214,0.8213200710124575,18.948244379427837
1498770138,3,43.26787684225704,0.3235925223391319,0.23408590747713728,1.1618023353886913,13.611017949652396
1498889771,4,27.869738403172335,0.3966855804505927,0.33671007197242514,0.8738382319795389,12.460700813463074
1499027687,1,216.19967923724062,0.3552244618849818,0.2676980765871206,1.0072818573589213,17.742711596287428
1499293987,3,184.57445723601398,0.3779108686806077,0.21830314997809902,1.200158127708195,20.720923241701517
1500693468,4,219.53574628386357,0.4008932571867319,0.2696051343843087,1.0715683220568621,17.33128774091965
1500711821,2,18.41902581367981,0.3377626757776313,0.25065719210177756,1.1040519925785606,21.42997347285729
1500837944,3,261.50579697380954,0.39612000920514245,0.2998608049532559,1.1822219390449928,25.297394955738
1501114922,4,182.54658871869816,0.3628764107937098,0.24044937785106738,1.1721332811699228,18.206219055707404
1501485804,4,134.7180245373132,0.35500935866018635,0.26072959587966943,0.9690632980722621,17.28062411851077
1501914019,1,69.77603436945253,0.37871114937780814,0.1855933689323913,0.8892606623253676,11.296772049707267
1502018022,1,174.79210855798846,0.36876059651198184,0.15180642953909118,1.0855978188888462,14.931707245267772
1502215930,1,33.350278679840585,0.40456893494619556,0.3191402104629154,0.9276098005849465,13.946165345652673
1502259897,4,165.3146516378204,0.38884525938444797,0.2602137011163141,1.0981842947825888,19.94195541100749
1502465383,4,252.0857343866837,0.37042807623904367,0.23508425959326137,0.9896057087576267,16.071754353231753
1502724295,2,23.346708071080513,0.3708743329017118,0.2940728059257389,1.00893480268069,23.78561715080457
1502897533,1,88.31695254678739,0.3675685334546379,0.2473502502271389,1.0163851962271984,18.759664131407987
1503069300,3,-3.241230025636014,0.34605312864965965,0.25888687761926327,1.1035665652452396,17.115819544706326
1503134682,0,153.05696531358421,0.36445770206779055,0.20120630700640849,1.031085318511376,16.658421630798802
1504210048,4,-7.577136586097197,0.3790681270337673,0.35183879911542004,0.9075688535709403,21.68828839045392
1504320453,2,168.46594003010722,0.3553387787234136,0.2541799457023731,1.1659337683788706,22.542140632387962
1504459006,2,-0.7801555685490627,0.3869169976411858,0.3558214639104812,0.8971889497680543,21.753686109002906
1504692554,0,173.25058150361696,0.34758833525751176,0.23974557771529553,1.0009920675073818,17.925445743802175
1504708152,1,34.354186352322785,0.3725440494392947,0.30151779712128873,0.9532905528857496,16.544709154637115
1504763552,2,43.65087428453915,0.41705383848167554,0.44488739679669514,0.8464020602579143,16.10252822275772
1505007551,0,146.9870663407986,0.3551968280502783,0.21370739042869424,1.1005691416554466,19.102499741194222
1505164160,4,286.1633681795838,0.3508922762111051,0.25175921450726463,1.1013084090232337,18.09137999543185
1505192900,0,198.5903178991228,0.35854924890482653,0.19940638595104723,1.3157512304907284,21.671745342559607
1506883443,2,279.62759648823817,0.4036205426331146,0.2379605898232195,1.0781615968450535,20.508308623475592
1506970146,1,114.06003406935478,0.37319964508673276,0.22864613225211183,0.9162237717670747,13.303676091710212
1507536890,0,68.66822738680588,0.36400881694035964,0.24258661544056406,1.051100493687862,21.076234121224942
1507569319,4,146.57489854704954,0.35437745960449724,0.2701312522436015,1.1637684795035579,21.742318351446464
1507772517,4,301.4314389601283,0.384503649053608,0.19160587364614934,1.0236184307681282,13.343084045927906
1508066220,3,-8.75070226300602,0.3829196974507475,0.2293451495754064,0.9508969878049425,11.851174965408504
1508126626,4,223.0539307956443,0.3586839309463248,0.2448346864618704,1.1151886206255335,16.129228611224033
1508181683,1,151.88986790633186,0.37294404513124063,0.2604775269789865,0.9181110731502035,15.324295544167583
1508221747,2,135.61407503690018,0.3507862250808549,0.252545696373559,1.1727287681539684,21.241807257402094
1508323114,2,14.093736401481067,0.35996303119891015,0.22033223150286357,0.9975377040703881,16.612189964215915
1508373353,2,169.8269292738053,0.3787141274872704,0.21670962399627358,1.0533763413747383,19.863575737926002
1508770794,1,283.78798620768725,0.4076866701777383,0.19937021533494503,1.1014759258750617,20.593630961928255
1509674504,0,123.90318692447843,0.3388025749714012,0.21248663302749163,1.2369084007434583,19.429519516971823
1509700944,1,240.77637003432096,0.3672069564768429,0.2125987253581561,1.2260027927747117,21.232777990782377
1509770012,2,316.26031382582454,0.3932357814476412,0.19645647614169884,1.1433554809058977,20.17292944240087
1509773761,0,34.02675375342972,0.37370658467632095,0.22318738675918795,0.9501053144169126,10.29819423857095
1509897801,4,79.47874585977614,0.3145262731992616,0.27696387993133365,1.0380617256925893,14.297260875462651
1510154304,2,203.54976539528906,0.37728181271902356,0.22448802106053434,0.9810136050635619,15.128587857293535
1510186873,0,149.7725661677437,0.3917351487887355,0.22765873589240382,1.0545528401796793,21.739454587324534
1510690030,0,107.6544050567021,0.37007675561885334,0.2063787180248424,1.1489500939928203,16.90061738207226
1510766002,3,161.42895319334872,0.3424998310555216,0.2801719264565442,1.0610417895066429,18.046680704224343
1510829152,0,60.95553376263516,0.34995111442184823,0.21559009004964058,1.0950444690056287,15.574222677834225
1510840632,3,7.78122888456781,0.3452826609173998,0.18549234219817357,1.2268570833739232,13.831902072603086
1510846055,3,2.9720780684453274,0.3882088012609312,0.2676306848285031,0.8455799099123406,12.320124914841738
1511018789,4,54.97348170964424,0.3933663782751839,0.27009440823933367,0.9045870707352459,19.13622717174854
1511476999,4,186.68111424460994,0.3858472696474737,0.1832464924734883,1.1364507988261983,19.104211411746903
1511530438,1,36.32355119451107,0.34844827926258454,0.24572955381365905,1.0293852603965985,11.96316148972261
1511995434,4,359.5882899638725,0.3966216282581978,0.2484969761992623,0.9335057801226947,19.905169363318542
1512069165,3,15.777718771801574,0.36352326448684336,0.25460862275505886,1.185153208071682,18.03739333520597
1512407115,3,199.79522333525918,0.36356580492995133,0.23345907829221046,1.0035107500474576,15.914945935776405
1512415132,3,200.41039653302576,0.35358530301058166,0.24678835550753073,1.020291672349333,17.14793559763579
1512714339,1,30.870267417764722,0.3622008650136266,0.2218690437785645,1.0644079546501133,12.56193749775478
1513366860,1,21.869037694290398,0.3465470105996312,0.24782058333822815,1.1461684716220462,15.51003082907983
1513913960,4,22.666047252432463,0.34522737642421847,0.25151057943661365,1.044425035295665,12.708151080987978
1514104618,1,29.566590919865604,0.3734731688652696,0.36341192273877143,0.9224114692758958,21.89773005556365
1514204622,0,20.932127753133756,0.3391434919603664,0.22939654699585474,1.1460158476204636,14.74051335281414
1514327735,0,98.97457988396741,0.4228015121604786,0.1997201657508421,0.8310964923510934,11.52718690506681
1514376697,2,56.69587168137882,0.3412607939537312,0.2675410308479905,0.9515158159638369,16.953368083904603
1514418516,0,79.5666924767286,0.29194171975755806,0.19607208386101774,1.2138664262206602,13.40885287611061
1514514964,2,184.50892390359326,0.4030190565905997,0.2440759087718352,1.0437456914013938,20.154717598053086
1514572566,2,267.75793045599676,0.38226458983616596,0.242528602001774,1.1411985947665466,23.987343635458885
1514643124,1,130.08267844741727,0.4016465826796453,0.17683704538762296,0.8077307394634285,12.183606901713432
1514751058,1,204.7920350202117,0.3498544515075904,0.3189916595942333,1.0855934816126493,20.544251770708893
1515428777,0,69.20326868119074,0.3546208686966665,0.24878292904457186,0.9849122816543601,17.450473758415278
1515861742,1,210.99118600269648,0.3509056203532459,0.2544406504985724,1.1581679870005057,17.89788463567374
1515864887,1,47.36177709477364,0.360289882659091,0.29262815044288437,0.9796251672044195,15.466626684378689
1515872647,2,66.28401092669016,0.3332279269523385,0.19214325938733487,1.0993454080722533,12.646485295157202
1515877635,2,71.89417663417902,0.3744940102115901,0.1725111351608662,0.8712387136450561,12.814599984728991
1515920130,3,22.78876362755355,0.3592051665249771,0.29629272418050845,1.058275881969279,16.923853299977566
1516275191,4,68.46502150429221,0.35024615809425297,0.27141877356177935,1.0768871807713765,16.596328765256338
1516593013,2,213.52614832816013,0.3538480602463132,0.21456586141291734,1.213561060256092,20.477974213805936
1516837155,3,-30.113318495713557,0.329013763809172,0.12446795090948887,1.4569174385400663,13.917784705990112
1517122573,0,21.189964402436246,0.3449110305047136,0.240986600300489,1.0395738044431908,15.880024234044633
1517401237,0,30.396387166421924,0.3776319369137573,0.2340333959992534,0.9473389194029691,11.701569001337226
1517587457,3,11.900120522424757,0.3687229816829873,0.17292389772796396,1.1196099529468195,14.842849521535994
1517792443,3,224.458729648028,0.3736743532961868,0.29305057034667364,1.1829516244552765,24.17904096955518
1518669456,3,-3.423466199164153,0.37955422965318225,0.3350659379795128,0.8890273014983407,18.9074164593894
1518803212,0,204.1529667281478,0.36889984305330087,0.20544329732933597,1.2222209010944962,22.926939658114673
1519364280,1,-36.51710105043824,0.4064244413288059,0.20428248092237655,0.9304702254211129,16.120869293353003
1519582452,4,142.12811622167933,0.371942403417992,0.21364237400919653,0.9396493415472713,13.467382479254768
1520136246,0,252.03778008667325,0.38286806637217013,0.2136451841742142,1.0553009684613888,19.37294644293768
1520266361,0,330.896539320917,0.4481810894424293,0.28253941526746584,1.1402254732852444,24.742221171345957
1521487084,4,132.9544609781077,0.3829322495847345,0.26614006315472716,1.0798144542673092,21.334410339737904
1522414034,1,23.422398434745034,0.380194907430945,0.2654103007234396,0.9515905521910651,11.529531267464733
1522625717,4,47.200454141067176,0.3998024098227337,0.2649592170377947,0.8204181227086951,11.44470850602325
1523167762,4,83.55932132578958,0.3364838043482849,0.1885792022612638,0.9665675107889207,13.296669523442198
1523200168,1,26.559095479139316,0.37220044405230274,0.2711134147146483,0.975971592736426,19.897646173367193
1523230328,3,202.17791035818834,0.38662922269878525,0.2533873817060487,1.1108282817715083,23.526507367991975
1523654682,3,120.4752300519695,0.37231635356034143,0.23374885222412384,1.1514622835490622,13.753890503995729
1523715614,3,60.327895347606024,0.35392467286639945,0.32759894332064665,1.03195459217974,20.61837502666946
1523905334,4,263.92011599363667,0.3833138465841206,0.22203959185627645,0.9599531910719029,14.740874190536502
1524051176,2,49.62171984268799,0.3224164238363714,0.24999740901327583,1.0809549899160715,15.982111365023341
1524213012,3,42.57758091609216,0.36702850527048514,0.274512766329385,1.082840858402732,15.951031759816894
1524317479,4,19.44067810623136,0.33709919896521157,0.22301970158170561,1.1132317239226193,13.526001069128863
1524856753,3,151.54976486084098,0.345518499437937,0.2621125858922502,1.2139415924548056,15.21636324098319
1524880405,1,199.26322205688007,0.36148328557189474,0.2196478821570055,1.1327218663554244,19.45566776094381
1525026548,1,211.483273294829,0.3810058102651372,0.247042385501765,1.013328282641376,22.255272776116826
1525361018,3,60.07829693387584,0.34739213936728447,0.2137447213215023,1.0987964326114008,15.485513762046331
1525755711,1,61.74281913685949,0.3533181626354123,0.2017549202888862,1.0416440073682334,14.016661173716933
1526653040,0,160.6299207057685,0.35649322588121996,0.19060489848505735,1.2420648268443337,22.313052234872202
1526713439,4,-6.657161075933743,0.3975910296098283,0.270838340167707,1.0966927497439767,21.82946211760295
1527011099,3,148.92321209647815,0.3707773124334985,0.274348970038149,1.235872311993675,19.345932490357917
1527133418,3,121.15360295515873,0.33475818850207817,0.32589866825564373,1.1545684835957093,26.937526390445086
1527614677,1,-1.0828390609499365,0.35895293472564094,0.2885420226089873,0.9969663280321156,17.86603191990537
1527753234,1,240.39842071835375,0.3614642262911349,0.22695209472900385,1.2356632644676258,23.860740087521627
1527864576,2,274.5700520548008,0.4035838555485324,0.2141123280997253,1.0297751001699214,18.495096146299318
1528273395,4,244.066079821649,0.3735249236040466,0.2271792226109603,1.198978442288149,23.154353643834718
1528295982,3,144.20668937171067,0.37093369352961936,0.15755027994399,1.1302167685021831,10.725674954135773
1528389333,0,28.16943916481091,0.36566110478662645,0.32589618298387046,0.9525119146992621,20.43511075875512
1528618359,4,213.3921884704412,0.3545908310055324,0.24617501086597418,1.0096545710614304,17.017243859639663
1528836681,0,27.0767501698313,0.358337037466308,0.24842680279252483,1.028707921797227,20.054558865765916
1529298649,2,117.23422815547782,0.4585034028792732,0.15673332167113246,0.9421462626629973,12.876043230880693
1529319759,1,173.1527321301914,0.3673215514389337,0.2536491185909712,1.1248896535510702,19.9378798462137
1529607957,0,203.77778455085763,0.3599760313074016,0.22945394853293855,1.1199346871113705,22.644985856349773
1529815158,1,151.55051748701942,0.35153735076791004,0.2537356730937625,1.040016686904452,16.644776558169333
1530164061,1,46.40013529656945,0.38549630773202065,0.19322099036420584,1.1684874073136557,12.317137804893532
1530902893,2,152.20286933785923,0.36713718972620396,0.2589002879650947,1.1007601892257712,20.448493902196276
1531080761,4,29.3367270783813,0.3689716474006261,0.300651882007555,1.0313122534322434,20.851756566081523
1531336843,4,228.57184262508449,0.379513485195894,0.2622036852658899,1.1388753897000488,21.484857316399932
1531370497,2,81.24435503916249,0.4000279333425172,0.2215997375652103,0.8601691189617551,11.710627820869867
1531901492,4,29.778771383256355,0.3182687796429633,0.21246007572702297,1.1163957572838044,19.399714479558753
1532003406,1,126.0408776725801,0.35480552186201375,0.2362438120248197,1.1644216869216952,19.962420625428518
1532503851,1,-10.193036058329454,0.31714177609062216,0.2675019833288138,1.0725504105287658,17.865646772153156
1532559190,1,-45.345547536909294,0.38917364987633857,0.16287199272538821,1.1507719261063856,14.569932814477134
1532694125,3,39.05522795032003,0.42099677845486067,0.1742074896344752,0.9245896738799131,12.963111145027964
1533215185,3,20.688160161368117,0.38373451302768935,0.2906330435397369,0.9595446203046023,14.465352322244142
1533241544,2,198.97665408134833,0.44254647161120714,0.24634719549173129,1.0244592587597021,21.35722805237742
1533331471,2,253.49857793432722,0.389576890154934,0.2569184694094464,1.0485923063583342,22.691905863638826
1533352868,4,46.65960762154889,0.33741126291499646,0.195143423193111,1.205112335389465,20.35374327530478
1533947375,2,117.80234465653476,0.34986734125673424,0.23105118622907472,1.104148852718283,18.738710764380084
1534103449,3,49.70143180065302,0.37187687982508993,0.36761981490181017,0.8796945819509304,14.560768287145684
1534344479,4,90.98085737893386,0.3368370469643715,0.28503434050462534,1.1375926962360434,19.082085034350598
1534350557,4,158.27397308023887,0.36713275298849246,0.31066339854113845,0.9619305759344308,29.54889763980026
1535224949,4,215.040436405365,0.39945904143352673,0.2037351508043504,1.1273028717491647,20.998298017942638
1535521231,0,145.87982586910505,0.35502390633452957,0.20408161022708413,1.2239785322770822,17.99216367865581
1535630026,3,30.303929529276985,0.37212321631470213,0.29487508533767903,1.018387481471365,15.670572394443969
1535916456,1,187.70986824159502,0.4088708034032905,0.2017693935330642,1.1233468614873146,21.22169676704586
1536018562,3,119.57356354953883,0.3616833079504662,0.23315616339356218,1.2064196803906457,23.92933592290447
1536084197,0,-25.66395606511209,0.3817663973787753,0.34106210426491695,0.8988481842754237,20.84581268002639
1536340511,0,216.4754044465189,0.36963878704021547,0.28564921003980975,0.9783272429471243,17.486523828901852
1536369221,2,84.93918420405316,0.32946601996112335,0.13098280551245953,1.2207513790375286,13.974689399694459
1536452950,2,112.8063097805219,0.3777596869151013,0.25826884753133356,1.0376762608252668,21.17900347148359
1536569579,0,114.91006526899841,0.30751013804757066,0.17370484381761347,1.3734182403795596,22.959261916870148
1536803717,4,11.610720687341171,0.33780804633575845,0.19920037634457907,1.02328784342274,16.54388732471357
1537088176,1,92.83224150209581,0.36655696945525584,0.23016600137251342,0.9516175984580808,16.94946628278128
1537297732,1,12.752153079446913,0.3910130106469243,0.1432630400837429,1.1636778264227454,15.445873077619979
1537341767,2,205.22889933701717,0.35882509424991677,0.2555081572377551,1.1280994045868904,22.096047388504157
1537875008,2,186.12810476217095,0.3568753309575717,0.2220164057779377,0.9580263858804466,15.433522314663454
1538292595,0,119.5043110213033,0.35582122956116796,0.20506317286733625,1.1879701569577175,17.195591437660187
1538729127,3,47.60880596934175,0.4569602515442134,0.19647606562530895,0.9095766592904424,13.962057160586827
1539719616,3,49.74305380772886,0.37753273401661985,0.28851259654038963,0.9126601708499177,13.456461315807264
1540110087,4,158.40837101056434,0.3621169894125395,0.27697408259782474,1.1850003805866436,18.80809067609089
1541215652,4,65.86966611303959,0.38374555964632867,0.15395690364142975,0.8623688106408456,10.254590512825505
1541292142,0,228.79629035806465,0.3894755024595193,0.18739614371264707,1.0883009840124969,15.327601825807301
1541529952,4,298.08825000095817,0.42040486557688567,0.23466464814109916,1.0488395460745645,16.577086151640003
1541871733,0,237.85810576737674,0.37401518957657565,0.3041519893331409,0.9645362753974013,20.520477288076876
1542132482,2,178.73687978508104,0.3518621548690787,0.25406958585814576,1.0847077361613413,17.96529237827042
1542525425,3,242.66438730022122,0.36948343372420145,0.33688430824059257,1.2136415963690574,28.401392385104565
1542527766,1,225.6052130295284,0.3591876866596062,0.2834086289990529,1.051695927053508,18.17609538405656
1542725530,4,249.42840841388426,0.3566480485428566,0.23973843847394694,1.0436564386901863,16.416464450617546
1543008224,3,102.50828925940519,0.34845406733855466,0.1636714025753091,1.0762140976330608,10.53050921018415
1543532086,0,10.13420873161013,0.38646284311923323,0.1729465990281726,1.0127300604435276,14.72393237128103
1543949166,1,82.01388297991286,0.3977149015170352,0.27878376764270324,0.9554087965951522,16.46881163276127
1543966603,2,246.8273596449726,0.39005080682857163,0.2323414567183886,1.0526368147898886,20.69951850344596
1544175741,2,177.37403904910923,0.37919313022711987,0.23346338603620923,1.0922059858518964,19.75323969568685
1544534408,0,66.9481054122596,0.4360595328060247,0.1888413225400542,0.9565192074356096,13.098843055233564
1544660750,0,78.26208486216296,0.3548854482193027,0.19572574858712094,1.2014198183843514,15.126856109863423
1544969349,2,186.02750701529652,0.3761928647884672,0.24400118858054648,0.9854121971103802,15.696085945060455
1545578155,1,192.28560338234075,0.3731995709397645,0.24367017098938762,1.1517543720585657,25.703182079993844
1545962534,1,191.74973000308464,0.3555320024498531,0.24302222558985567,1.0313836339574534,16.752704232058665
1546473891,0,137.45733514547675,0.339292168413122,0.2001646099183109,1.2622316310097352,19.216038101381322
1546892007,4,238.18165053580555,0.3762433235601851,0.2340846970159261,1.0346656920536006,18.71227877120526
1546988712,4,277.24120918825076,0.40730944607411745,0.18289427006218312,1.236269744150543,22.179455850997684
1547038341,3,16.393934273622065,0.36366465519078495,0.35292799520952156,0.9451657437118387,20.659641891087126
1547095755,0,40.19430477351699,0.36309093896244415,0.22031302053648774,1.02891295784887,11.337937785930484
1547207194,0,159.02202526932206,0.3675956384344323,0.22187506903915274,1.0884500448380554,19.32359571045716
1547263064,0,168.0051325104165,0.4217967185244713,0.26647694894649776,1.003238983355947,19.532888831307435
1548438831,0,-13.877450614959912,0.3794414676245556,0.3417510112041759,0.9100080101459506,21.092939206522217
1548803977,2,-39.949776768408114,0.31975457721188266,0.12355000070441993,1.3781866450979576,14.459955686743218
1549041363,0,197.80855575813985,0.40304318853403975,0.2147839047998956,1.0095890273744101,16.872197136378322
1549091300,1,252.25717573116046,0.35684598325019806,0.23041955086819463,1.2206153491710001,24.1851194158012
1549258915,3,-19.247913425837964,0.3517694034325289,0.24248122348237158,1.0923320754761325,20.245625420114166
1549335676,1,201.66678079268132,0.3659305452652719,0.23407264150787108,1.1901513614059414,21.50396296698195
1549802812,0,20.494057946701275,0.3880695727924664,0.2695788618740664,0.9147354580020454,10.888422343317178
1549944889,3,79.7420878467171,0.35911682205746775,0.19910828427756147,1.2097742706542132,17.69354279875496
1550023737,3,120.0803538292894,0.3613928774695917,0.23584584674861167,1.2127015378771835,18.194979930312165
1550446062,3,75.14235328675933,0.3425625293727502,0.17547271675302456,1.081875023075164,12.007557311179779
1550628326,2,253.26124782213657,0.3905816687990559,0.15752709059000639,1.3972904477179067,24.2164129580065
1550853194,4,197.06108635673684,0.3624107537681805,0.2675141048530686,1.1953521367376747,20.66397242630601
1551100568,3,183.0105134103035,0.40379249582765275,0.24014427218261752,1.1301188287059485,20.823151983636805
1551636938,4,187.56266631181373,0.3578089313906153,0.2519369962387988,1.2380113057118003,23.768632755983546
1551667752,1,29.951208067446316,0.3686324799837174,0.3525986137036187,0.9320737084970162,21.603082331574818
1551816010,4,237.41910890358233,0.3884783568396568,0.280422791515363,1.1286124119184124,23.017716084959737
1551966818,3,33.11456922500727,0.3206042329084253,0.19890933596704205,1.1473970599407426,14.752798903319318
1552546218,4,264.0302744127922,0.3553161130323195,0.2878188539581042,1.0933608630609948,20.283967597826024
1553018997,1,82.592701547647,0.33520009208346135,0.19902743850524787,1.1804168562872133,15.116762889800533
1553515923,1,8.200134578149346,0.34412605855954936,0.2385873512538917,1.0383153726850658,15.62761503158415
1553955153,1,8.795319341876436,0.40091858756319976,0.3003648728767762,0.7961283493250338,14.851280312100336
1553956004,2,260.59407958136165,0.37269922851773557,0.2360904565617291,1.1411330962193418,22.000567805377095
1553967571,3,12.896723552432391,0.3422990451715715,0.23499455073966027,1.1252207775462761,13.530717618560729
1554515864,1,203.62916122964833,0.3482268772928227,0.2801300470738241,1.0307150498842033,18.64779120177521
1554954449,0,262.13240184368357,0.3581323679634479,0.20525278481875348,0.9829833019520056,14.73690259663788
1555593891,2,-0.0060825936107420375,0.44815322766114546,0.21707672312414047,1.2750074533542262,22.23890406401859
1556257502,1,-1.6702281995858925,0.3600943799182267,0.26003219922317516,1.0156102166530971,17.091316363756324
1556355257,1,180.8675913796576,0.3660765511755336,0.2569952027724395,1.1621274088632374,21.628605025938135
1556370617,1,31.840842527462954,0.3452563040500114,0.2559226480309815,1.0838283953282075,16.44756923582305
1556403536,4,190.93374429745003,0.35956607797686213,0.2775543847075856,1.1544056998236867,22.27405181387703
1557378931,1,76.97655713791569,0.3338980011224063,0.25322297829512885,1.1818622976577964,23.67936976495821
1558106067,0,199.06384912169545,0.365465265484147,0.2272145650160112,1.1662369878465917,22.025867832588332
1558371855,4,56.39508115604876,0.338190580165504,0.2532656229428238,1.1543451982291273,22.421092757692534
1558525027,1,81.8609202186331,0.3629795841149365,0.21600186858758574,1.005026491367806,14.530887761386309
1558867907,1,38.95264224470898,0.3412654299147947,0.255670101818856,1.1420584440143031,18.615333253824787
1558987909,0,20.521122509807697,0.3678424066560136,0.3441274671138203,0.9251419697175897,20.622559129509437
1559096063,0,126.93756763421706,0.36714853007328657,0.20053433890832764,1.033048708299604,22.415785828366893
1559539391,0,-24.501179320338665,0.32643559550807627,0.1065652012971173,1.5012789847809427,19.8525038412901
1559560345,4,32.543033330854,0.3534567359234516,0.1549621556521405,1.2556778415106258,14.941188323176785
1560086845,2,68.87640869200335,0.3565961181133222,0.19540997606231622,0.9258088873371139,13.985558953576714
1560341376,2,56.23462629845358,0.3421455059385623,0.1773601132925447,1.1669830343346397,17.978969090062193
1560496789,1,186.6825209315714,0.3723272428266075,0.27644259735270077,1.0159767737931371,17.615325922778023
1560564433,2,298.0413992632197,0.38012763797335425,0.19878821916475928,0.9677981854020732,15.785217770284428
1560692719,3,-1.2362780007055392,0.3536057512512851,0.2891502096996429,1.03294951888043,11.93381730450061
1561264127,3,65.95208784526854,0.42595491478354736,0.20449995112471395,1.059257385228364,17.05037272584141
1561282165,3,271.3958058923128,0.3821535139296261,0.2477190178305039,1.216526827253832,25.893089895995196
1561451639,4,264.6371939831797,0.3401775118742696,0.2816902799193197,1.087543401370783,18.170270424417964
1561539918,2,47.391071792159984,0.3833472568245393,0.2933071741382692,0.9335935991674875,16.99752601217543
1561870991,2,118.53555424750792,0.3571540991968087,0.17815068748577229,1.0315665337809918,12.509668034496233
1561932824,4,-3.142173125423156,0.3813269044079767,0.26501986168205915,1.1823937058825311,22.055769365076394
1561944332,4,241.80775457969835,0.3905299036747774,0.2342459623772964,0.9190456051129767,15.741725055136609
1562058837,0,20.07119058679504,0.42338080805926,0.3891525363005317,0.896398767507532,14.752748491398627
1562112815,3,66.65434688302653,0.35280086377726555,0.24202649478277227,1.0610723337085064,17.361807074189954
1562477562,3,45.17009176279684,0.3925290265492293,0.31819406313671755,0.9011931066881533,16.784937768285243
1562707517,1,29.569374129500517,0.37207995347391354,0.3599464893923021,0.9253980409692526,21.823926407669312
1562741783,4,193.23387072524093,0.366847820483307,0.26423850903619256,0.9342544654217853,16.170933712884192
1562941493,2,30.44693000610961,0.36326734371945774,0.25729939395335616,1.0182879141988694,16.99106957684062
1563279330,4,116.701275045363,0.3831093279682976,0.2678853608102647,0.9744455037153535,20.185437926521523
1563303704,3,279.46225041701086,0.37270018558181617,0.2509790906791044,0.9816660426461026,16.87444331533215
1563844313,3,26.22266105890445,0.34280662160687264,0.28136697766295443,1.0526671583167748,17.050332328123947
1564078436,0,179.01588578330762,0.36901724488135734,0.2259305628542391,1.0412840154390408,19.701744578667668
1564080444,0,365.6775013190789,0.42971294199787236,0.3509117332828577,0.953600320496832,24.548473359858818
1564406631,2,211.01861740741737,0.3633718297070217,0.24259065165428711,1.2025484589778628,22.316539516248355
1564555962,4,22.19023846029509,0.35972379607194527,0.2931244146861229,1.0572054531934985,22.384235832374305
1564587390,4,141.99337210506246,0.3565787754331502,0.19853124432248143,1.3604443187675628,20.46980678848305
1565016562,4,63.10104286524745,0.3482510060043819,0.30203419327788295,1.0074704709552522,21.171463786201624
1565300761,1,-92.94994765885602,0.34388147535182734,0.13633704107382377,1.5616888405481526,15.849200732134523
1565790126,0,8.390096218071193,0.3543880799555492,0.2573777785250993,1.0621421262396686,21.549937359833557
1566134688,2,135.7637441110523,0.40345293729996395,0.24356232986769547,0.9892218816451628,20.74477372208154
1566591359,3,-44.742550318619976,0.39299656195437355,0.3574171822091807,0.8860345177888327,18.699766363775662
1567869573,0,15.49343935746208,0.3844288027779223,0.22266424777564364,1.0912388968302886,20.311304124985277
1567960062,3,183.21142419813086,0.33687848006441,0.20515143130045876,1.5127224174093228,23.64022177703314
1568651103,2,41.32413175039598,0.40256576026718033,0.28822409271873656,0.8740453299738955,11.97437280036926
1568726838,1,8.328010529834827,0.3482197293495861,0.23539442026779372,1.1045547308046149,20.570827102140477
1569031119,3,65.22973772872781,0.3985261953571932,0.18329190960707092,1.1054472911991187,15.969439575809607
1569186084,3,-5.308346133371458,0.35182330033872555,0.290006051527475,1.0303189419053531,19.89848240346437
1569573588,4,60.98722613456278,0.3284347183998464,0.275070981199905,1.0921273885566005,20.228778480644355
1569767963,3,-74.55796512677776,0.43990261621239357,0.22227470621008888,1.0541970609278886,23.616105001966964
1570146193,3,166.4446138408702,0.30470693373862734,0.23506653910689043,1.2586021047394849,18.397576867503506
1570200324,3,59.00873262009452,0.41982284896382904,0.2831705733453469,0.8903224156753917,15.049818286465744
1570351096,2,36.428830261717174,0.3657902351426717,0.2106726467307073,1.0648016569131638,12.034022050595855
1570401711,2,123.64273630714186,0.3947403283955647,0.19964758430971763,1.0128305942256592,13.2364517193894
1570549360,4,33.57132956098128,0.38490790792705193,0.19912787525338985,1.2312591663277965,15.848465020799212
1570654852,3,67.91400139863964,0.3643510957023929,0.1721376499047455,1.035783430982296,13.821623303862776
1570972826,4,153.52998173523554,0.3573381244149538,0.20455457389108841,1.201820227452094,19.552231975942327
1571736697,3,-37.09892044225214,0.36232685592775044,0.23865496795792765,1.096699478763099,16.845812592033024
1571763607,1,180.06313827063263,0.35831967311027124,0.2767681087811546,0.9787189409473558,18.026906129031836
1572134392,1,-8.18704101160968,0.35344919743917624,0.1689664238109378,1.131598705763706,16.436785235289857
1572433772,3,93.51686586604502,0.34883786936707395,0.20528850522362993,1.3333430620341098,22.462781691938186
1572814745,2,161.7391362804018,0.3597210074126442,0.24225764431605373,0.9808259167204456,18.040185997442286
1573303082,3,133.73444339540072,0.4005738431121537,0.18725455571373859,1.1083149141475301,19.22999819362942
1573438487,2,-1.10150816344904,0.3857022220101783,0.3498077380401129,0.902706226516911,21.706047160067463
1573472944,3,132.21856248130436,0.35753903698711936,0.18178023130495424,0.9930765046653471,10.753623287138652
1573776034,3,49.37132208019454,0.3801997476025525,0.1331382769451515,1.2059489812775646,14.619980744819975
1573828532,0,89.47227901130563,0.33868866487145405,0.22979948996132837,1.004096221420389,16.050500102147943
1573986676,2,41.30928590209097,0.38134700397183996,0.2226826960463153,0.9743368983863617,15.127479424096952
1574150308,2,66.07416157161776,0.350925099607833,0.2649151483109019,1.1202890519911812,23.210204100658604
1574744073,3,243.26079902501743,0.3871586687800681,0.23693849824633104,1.207673758680431,22.172714424837856
1574797277,1,52.61786189501806,0.40283076855393235,0.11918622508873727,1.4564464557043517,13.170303834998768
1575153085,0,180.94440029095654,0.3559374586719726,0.2265812819204549,1.1661293892339368,19.72237648395929
1575277153,4,2.2950870042781446,0.3830441947067159,0.22110135378838996,0.8994219488886934,11.569172971591934
1575557277,0,29.542025452732958,0.36583409435292463,0.240192720957488,1.0097324646654164,12.863357406536144
1575613666,4,156.56653052487127,0.3618951481578823,0.23070321504330932,1.2506040598759292,22.43411526636708
1576291879,1,86.9252652882886,0.36777871263361206,0.28071961272834206,1.0723971865499526,22.975787148530888
1576399281,1,33.784710003659384,0.37978204131702226,0.2251039274316198,0.9499795758534398,14.126408486421592
1576797553,0,39.22122326223656,0.38499108005704685,0.26355038087478433,0.9497411182992445,17.14626502841184
1577222221,1,205.72795191514342,0.38012090612417926,0.2878795039073486,1.1013651225731975,19.004316646220005
1577413316,2,226.49287439777822,0.40241686061427456,0.2043459447729859,1.155460679600868,23.289684805839904
1577441045,2,45.45433627155157,0.37373216518052393,0.18006366993810252,0.9178607245805075,11.73596884902438
1577638731,4,-51.3035323359658,0.44437261486230534,0.1980689199214745,1.087206238337297,24.89112232901484
1578441092,0,255.51169692878528,0.3708393449624182,0.238622981263108,1.1024156428510328,22.698856840409626
1578457961,0,97.3309550816853,0.3402516190720626,0.23421172493338313,1.2136935417575339,21.99290764178901
1578702981,4,81.61617443676595,0.33030735331563515,0.11891556693356928,1.5194155572833694,21.670003078282292
1578799819,1,223.73051688662804,0.3601072248933149,0.2730692781467048,0.997536146508068,18.458460157788146
1579112957,0,34.27533216540135,0.3584552846271172,0.3088332208073092,0.9626283323386182,20.50239766376138
1579365390,4,217.8600234518689,0.38744223816319256,0.25540478558948204,1.0762637932569004,19.990640249996503
1579852324,1,339.91841268672306,0.3788052230147404,0.2568713040139829,1.1989870453733076,23.997426171330464
1579941096,3,210.0779804389992,0.35087634710192733,0.23603957390720473,1.0299878056969702,17.205771089176576
1580080124,0,89.18395568675831,0.36922161924552394,0.20148694310559462,1.2001662408714846,14.689271489032055
1580221416,3,201.30258875886386,0.3904047759167829,0.20484459519926454,1.07902296366339,17.038411359055992
1580258863,3,40.04628538824596,0.40971864479464276,0.20863832796549228,0.8706773350301726,12.674349850039635
1580474538,4,182.49342485757376,0.34611082315423025,0.23084912281950973,1.151933714864307,16.747423782152136
1580553227,4,223.10574873623392,0.37272090857439844,0.31041089326257093,1.1275815159839686,24.480773224782816
1580795142,1,51.754219414266785,0.37516802904067115,0.20803804440241871,0.8733302523723322,11.851694460220045
1580898665,0,256.34620077547197,0.4129620234368297,0.22644613297635963,1.1045094804738047,25.20505358357478
1580966726,2,124.29551788758555,0.3489209367408904,0.24903669026071107,1.1648540092503599,21.613368327721613
1581168714,0,75.25679477687848,0.3416574824560705,0.23162204212056847,1.1652166590223696,19.64781389212884
1581284687,0,209.0458531011733,0.3437267997087795,0.2508246242080882,1.0142888530233423,19.381762232599094
1581446027,1,11.098570411001518,0.40537449568875705,0.3378119394159843,0.7997814819109759,12.250038540381055
1581749502,3,202.43196528989262,0.3564670696347156,0.12461634266710167,1.2117605920288326,15.890004716145205
1582367381,3,47.63690140874361,0.3467832841111223,0.2152309344961253,1.1679550564091332,15.649512865654579
1582377269,4,15.251655740203958,0.3821145903274492,0.2726774431430587,0.9452614303290947,17.01816558274684
1582774157,4,118.11744713191868,0.3622809539156337,0.2818156269647815,1.0976567570245748,22.48756592831085
1583167273,3,227.01194696818752,0.36729035159549,0.2772824539612939,1.355907945668406,23.291873716339232
1583422885,2,30.354118021617154,0.3908872092518195,0.27891958538070444,0.9085550247533285,17.017283785154643
1583607044,4,18.941936898828047,0.33283993549959673,0.2481166040202343,1.1786011964156802,21.257558898299678
1583883601,1,201.33247906288432,0.3554621674129729,0.23614776723030811,1.0065883207241368,17.472804939266865
1583954692,2,85.71495183698381,0.43377239247830146,0.3470324151204469,0.904006868663005,18.959956147556188
1584418791,0,-11.04479821706336,0.4200836529327551,0.21118874507627808,0.9747830923569613,14.815792374392272
1584609339,0,123.92081900075877,0.40510413262587763,0.1896554072032865,1.0339005334023734,16.429509767472105
1584656772,3,63.393040971986984,0.3616322708073661,0.2568166228132941,1.1456114899196415,21.326521847958535
1584683487,2,56.75475320489826,0.3621715537121662,0.18428014055350578,1.0120365429651517,11.068834692928606
1584732566,0,90.84521790787602,0.3454485000106795,0.17028140719239893,1.0614078627369803,12.513921561106855
1586829326,2,160.47807336330308,0.35175447978174995,0.24001889884683636,1.0585533229104656,18.04342117937959
1587202589,0,273.0138159629539,0.3717896794633821,0.23316954633243706,1.0855981200750275,21.600168151078208
1587391923,2,135.535295057955,0.342996365195766,0.2281830450240902,1.2040091052294302,18.229654113511767
1587431956,2,31.174234150572232,0.34167466026648297,0.23009014104725636,1.2359766219781088,20.280029327704934
1587454382,4,159.01232696746655,0.35920942735685163,0.27774554136325935,1.095942577347978,19.393856192357386
1587941896,4,47.07160166217592,0.35034015689610876,0.28183624128095336,0.9463749456829073,18.103477188284746
1588269269,0,173.77144940981526,0.304691868963872,0.2157013247231851,1.3624433800750229,21.030583560438963
1588320432,1,53.563249617048704,0.3484063445452661,0.2557667412143698,1.1183727990938042,14.875550081641935
1588395205,2,298.00123612312734,0.3750369078907503,0.1946595045055935,1.159598798312572,20.317907155954707
1588401171,3,178.9060002232415,0.36023318376536845,0.30422551178986074,1.1054477261777838,19.18565342049587
1588466256,1,32.45802915692954,0.39558332973821253,0.2254920764755955,0.8834494968102788,13.503108082630922
1588472676,1,105.95032426555487,0.3481124189432304,0.23655776405823636,1.1574950215730488,19.265088297585514
1588623527,1,128.5136835874376,0.3510912246932165,0.29776654154071885,1.045481139199661,18.02289095347534
1588749798,1,-1.3992411913413605,0.320750081703872,0.23257195105856637,1.1126418026635394,17.788022638774876
1589240697,1,82.4836040168928,0.36833272199870754,0.23265900145656526,1.0473889060028931,19.725622885689308
1589532910,4,54.20485755192724,0.3471928098824826,0.17377020868139376,0.982418958722174,13.885126854869595
1589608719,3,-15.254833232436923,0.40313108595871877,0.4096232027136648,0.7857074977431456,15.074949242917475
1589952649,3,55.1921358836164,0.31406227727450553,0.2837423428672956,1.1682393932629378,19.887973169057236
1590006077,0,127.66237977980039,0.4787613204222598,0.19639589995023832,0.8822333482183448,16.74348660732167
1590491705,3,373.60780284577163,0.3979708058041586,0.35478555080305485,0.9908009469459841,30.129210972879598
1591097153,1,-4.531525991077459,0.3269277578957405,0.25352372335801965,1.0875108662376918,19.016018529893266
1591202562,4,29.381517760794054,0.338129161078662,0.2245594950818163,1.0918057720465424,15.636229563911764
1591469994,2,46.85608886437583,0.406195336313255,0.19682433515405778,0.7890579747467138,12.757253400700675
1591544351,2,44.21134066367372,0.3926748082441309,0.33138101002136144,0.9076933016579815,18.038731997173485
1591651244,0,28.971611510818704,0.38248862997690375,0.24555516297365593,0.8931144168849281,19.8648675060446
1591681848,0,203.53574213881987,0.3547993062366177,0.2656238513314495,1.0112796427058066,16.44759222489135
1591697879,1,225.80333534571963,0.3528415160891187,0.2857991373128606,1.238487977299985,24.48995000400526
1592713963,3,-23.917114878414324,0.3476420232845652,0.2629506815425289,1.1169109190294289,16.77195039881498
1592724652,0,144.07122789142988,0.3868208288879974,0.22778645392199948,0.9849925842413717,18.264371050728258
1593705376,0,244.12597189308877,0.349030512793,0.21502050980255288,1.0834348099174693,15.15628113998648
1594377223,3,115.7746425526416,0.34988962059816836,0.3157272930727575,1.2147235101031948,23.57867313922585
1594695636,2,64.82999945578723,0.336177375651545,0.25882072652027477,1.1951138008921185,24.342231686506747
1594797785,3,274.6349260943074,0.3793245244746868,0.22605409415502198,1.2260164088074519,27.048525013260658
1594981326,3,139.5639096587573,0.33245342896226293,0.24582702692489183,1.2868710549998892,21.18966921577446
1595107250,4,162.6016252613502,0.37033519657438635,0.2778358341579239,1.0553209022198093,20.57463229077913
1595192960,2,121.98989626851038,0.33867864994878694,0.25382727367725744,1.1555641379403294,21.77367634931123
1595605865,1,37.11866538210705,0.35017630550851314,0.20577854707281273,1.060714023457995,13.476680475363786
1595837642,4,181.1681072601956,0.36003215108067954,0.24920166617522976,0.9700877630802541,15.83655848597863
1596320590,2,43.441347075558355,0.3546501285852972,0.2670307871411021,1.0471490105967178,16.332468105158295
1596743017,2,35.79410751296566,0.4064865490109374,0.3832598547676528,0.7878710150162032,34.74606422660341
1597060488,1,139.84156444587745,0.3560371723257377,0.2271283291927252,1.1347204955687378,20.162463173154578
1597874068,2,133.0752654261699,0.37380811823803733,0.2556883846482291,1.0716416265081916,22.25047366631075
1598034786,1,27.312877025071828,0.38086543557580854,0.24103591615264627,0.9825401374761713,14.388671714955818
1598043126,0,99.737869934594,0.3525372799878,0.16881151764616192,1.0564089038613322,13.479960186970455
1598367606,0,126.48850038322783,0.3318447362539202,0.2892660846915079,1.0829236298008798,21.651633899156444
1598423326,1,12.72975549669772,0.3606847236011544,0.22896083066359146,1.020867030665988,13.231143526968344
1598641133,2,313.33671935925474,0.3861256796004181,0.20217505645378187,1.0697942469674488,20.809969595423787
1599410150,4,51.21575893191484,0.3809437442800951,0.12903567970618013,1.3769853634764135,19.428260863320773
1599847368,1,163.90289319537123,0.3449999731545836,0.23579533886689058,1.1604173583822435,19.302440666581354
1599967213,3,211.44198228513756,0.4441585765948934,0.27270573525715147,0.9898125862482438,17.25971104869039
1600032316,3,151.2049292549029,0.3638296912106048,0.2768671561698011,1.2564341014760252,22.32134676653031
1600783315,1,185.8510799224847,0.3742816603874051,0.2356825762854753,1.1663322570863714,21.104970648066057
1601240060,1,229.31990093357817,0.377538248759839,0.30617531522216257,1.1201222905782622,27.0677874622628
1601398939,3,-11.10955660285633,0.3723997444087219,0.24524152785543124,1.1111538894010577,19.61373862836459
1601741460,0,156.06153292100882,0.37834938996691264,0.2254470276517897,1.0768994947958963,21.399865228520053
1601815856,0,-8.944401377149674,0.3154538851075408,0.1300900659003573,1.4924724470942774,19.872100627212482
1601908846,4,156.46440880429367,0.3619072946781385,0.19138749157147636,1.148599073323336,20.321076780533513
1602086005,2,63.44297741687729,0.3965852061384823,0.15956503658219007,1.0479273653935997,14.260642600178526
1602099447,2,73.05004867933957,0.35609018808602033,0.25958106988627055,1.045123569190836,18.28355199108778
1602838431,0,151.7410002484293,0.39586416866976426,0.1920890408116095,0.9436856905127833,9.88948820433981
1602898253,0,174.4981421348564,0.33378440387065,0.22200811234057544,1.153061682237827,17.319957851270495
1603135089,4,54.7211280801419,0.3581967477572852,0.33407523335110423,0.9464599427026422,21.029731967483443
1603270914,4,44.809882500415206,0.34139191268280356,0.2309955771671293,1.1457256511596838,19.19324348072761
1603750308,0,22.237401132280183,0.34425317307472914,0.2276966973242696,1.0707283716631115,13.791617906827321
1604219408,3,162.0535739419629,0.34280802997173554,0.27353782831776013,1.0629515720353506,17.912195775638043
1604312905,4,146.41749378758243,0.36197170220149016,0.2642573436461625,1.1760781325288752,20.250101485226867
1605023913,0,6.6888030521875095,0.3824760200754549,0.27824213953590793,0.96071682295974,19.04963872407034
1605095414,2,-6.8142706190859315,0.3438702112492223,0.1648516065066245,1.2405728007867494,13.518386257572912
1606219609,1,166.28221426432822,0.3703970550910728,0.2742109093666121,1.1499631827765249,24.132111289007984
1606350633,1,31.045662387032024,0.3550032634903281,0.33058958504676406,0.9629417880316411,20.92323224385075
1606377766,1,42.832868466842726,0.3549269061526773,0.2877264369105318,0.9760215716901619,15.188810777293071
1606526460,2,245.9055742095121,0.40061216942765077,0.21612285938590223,1.169843716509101,21.331486439418512
1606960640,0,-6.716499934904448,0.3575723228106489,0.1974715371872238,1.2801694015058274,18.729586448709266
1607403554,3,42.39854515052442,0.3509357140277025,0.26133728286871794,1.084630691214751,21.61304312262657
1607507482,3,-26.917360371848787,0.33648571318498577,0.21700885417627863,1.136663630795541,16.72598461759901
1607608174,0,37.8635533886505,0.333737708361179,0.2680887286167088,1.0693424222576235,19.713904536352704
1607796915,4,23.808902026540594,0.4036554552705961,0.21784530995647156,0.8845590864604883,12.632364757309475
1607934568,0,-77.72710135721336,0.321315334186588,0.11670134347376784,1.5659610608734191,13.734929573840716
1608160782,3,31.21303915168238,0.39373943790637544,0.3494167652004386,0.8719416092198677,12.731782953824212
1608321923,2,74.56194471638376,0.40164866561968265,0.1923385978634941,0.8671755744758399,12.26651027252062
1608343989,0,-17.053736168333046,0.39029268104099624,0.21946423311212646,1.0446650850755141,13.589107374548966
1608850279,1,84.92844428091044,0.37893266541982884,0.1966005253309909,0.9789580035450458,17.601499582671465
1609267020,2,92.35064165120059,0.34102130782228474,0.19925539829101344,1.0784868961496856,13.874365470428017
1609304413,4,-5.04433414585354,0.36247611818436676,0.22403522056142733,0.9370442065806653,15.777829673019626
1609366983,1,77.68359626089793,0.3886763088673281,0.2267993549486567,0.9202282325405569,14.224417325733885
1609819225,3,81.52200074718763,0.365725348142628,0.23760428320386184,1.1836861120300226,19.067990896169267
1609876819,1,-65.22122578325545,0.3635486331395699,0.2536711648006135,0.9983501119801789,19.667247265549562
1609935858,4,265.5300569594932,0.368791803884624,0.2414548522413261,1.0347319665671306,15.737944961415863
1610540990,1,125.50684437741907,0.36642986455049487,0.25610738775667885,1.0506795057711198,24.23797736091153
1610776533,0,197.72624424187012,0.367527626320089,0.2461101755049978,1.0060618036438942,15.403377262442085
1611088763,0,151.12215152229686,0.36211840815072205,0.22873323832073017,1.0887646902669106,20.309011660352834
1611331043,2,31.38443617083962,0.3562435176541921,0.33058582835948813,0.958552030522606,20.0697657624418
1611579500,0,115.54852528265874,0.4059587217162276,0.1346350474578092,1.2668692550815512,15.933077003922161
1611681441,3,59.591153417397855,0.3805424758000155,0.2337614806851482,0.8361052742256537,15.788484325006566
1611694557,1,-51.326651851764325,0.3686974300954812,0.31462179992566575,0.939314716174903,21.057048492228343
1612093023,2,277.29368535580426,0.38799433654045734,0.21498167876906554,1.0274540558346232,19.34242549309858
1612493686,2,147.50644050005837,0.4517464393198244,0.253825614774493,0.9336144860060098,18.661802103356624
1612521768,0,120.72766083588634,0.41430517589455274,0.2984265360818857,0.8494669034085212,20.202415648148985
1612716794,4,289.4700878688784,0.3417668018372511,0.28137895926921536,1.0774946971454005,18.70689500136056
1613645225,4,229.4406084472077,0.34216198723825664,0.24690453099207457,1.1217333209576574,16.570587454363036
1613665911,0,61.52880802645207,0.321013083501483,0.25976162435558187,1.136591332207273,20.66271457462655
1613802032,2,60.03854769400215,0.34813902890863385,0.16789134782433948,1.1076008123738261,15.590352310224512
1613873087,2,79.15788940619512,0.3522140005753448,0.24921807388627712,1.1192431343755782,20.152252803651635
1613930825,1,143.5124102028939,0.3703139157188927,0.21213874012988582,1.1117491700647997,16.872231119961686
1614031170,2,67.74732733312277,0.4388113950982885,0.31262347003488977,0.9235517031900624,17.66864832706962
1614212128,2,178.44115645502558,0.39802469374808047,0.2515305776507448,1.029491462632569,21.287413196669615
1614580924,1,31.371146222796128,0.3712207524453157,0.2126347786637206,0.9258814885843557,10.777483110565239
1614865951,2,78.56845192039226,0.3295891074246324,0.22622268484393826,1.1614447185499803,20.09540179706909
1615078461,0,223.5727376221879,0.3501351161547104,0.26033959203593576,1.1888962812559865,21.695797149575032
1615328669,4,50.684476213119765,0.3461271697100364,0.134697591603136,1.1299271810537794,13.859537519286716
1616202781,2,50.13753338251687,0.29626340525673767,0.2146739201984715,1.128196452735018,15.127458113431071
1617425937,3,20.089463385376817,0.38963593910580874,0.25733548012457796,0.9190346613929757,18.740499183613654
1617530326,1,281.76523914089,0.3918950226173804,0.23921609364391166,1.0657296866774661,24.828095804511438
1618024485,4,10.659711355615798,0.40040205103529225,0.2248196255675355,0.932174367784764,15.106894779045403
1618337987,4,177.97241307347804,0.37795549705549,0.2409448984279736,1.1798466378828034,19.944671084582975
1618366828,0,67.56667139392806,0.4072027935617423,0.19853657593599827,1.0791551101946097,17.14685044438622
1618451585,1,197.9666816557226,0.34229448102693427,0.303051398516342,1.0572322176896265,19.67493329102232
1618749599,1,186.09683997136068,0.37340883562118254,0.1953801377040963,1.0725081485326533,18.768577004701164
1618910183,1,192.3082054188783,0.3323176475579373,0.2794043350295188,1.1383065678700683,20.21930557484081
1618911351,4,19.11293351446507,0.3623701961663256,0.2524354653541697,1.0280076301925754,11.745438380425977
1618992612,3,37.07003293236015,0.3320462133025789,0.26578631958376536,1.2351789212032076,23.507190636469286
1619024957,4,3.244595116945476,0.39259636826856376,0.1954845694953631,0.8261193978245518,12.673856633109498
1619167656,2,163.18226938644352,0.3745661912975456,0.24574410808085298,1.1726810856413368,20.96633416882772
1619197321,1,79.95043971630948,0.3458676558943678,0.28091719198210396,1.1493419825641642,21.269240465042685
1619494019,1,120.84001518103972,0.3715346205106386,0.254754237117729,1.0638180321937407,20.13846605163183
1619516534,1,-47.640007093135495,0.3470680172149626,0.17457852700315757,1.395080168441504,12.834556026381946
1619538915,2,121.19872072712018,0.356029815027948,0.25619773836716264,1.044099362069625,16.39072206391131
1619869238,4,36.71908827019039,0.3742006443390626,0.36749756657142174,0.914652036518853,21.286497062343244
1620174791,2,207.4593303628098,0.3878307810569974,0.26361489363503093,1.0350550476421443,22.40496401540038
1620481410,1,199.44160468957062,0.36420668836040504,0.2129589771698933,1.1781525160132356,23.299481102221268
1620933064,1,9.070283306068475,0.38239853163586446,0.3881883427714877,0.8930023388180581,18.318522913602322
1621708323,2,7.145879394738984,0.3706367948304336,0.2502888668574723,0.9493106810484438,14.64613095672066
1621972035,0,45.039768982032385,0.35819415988427133,0.2085975292306647,1.0127619477837246,12.177205660503347
1622243076,4,276.8638337767639,0.34367340339568075,0.25985326673736314,1.0815437681159785,18.55559274936881
1622288666,0,-2.4328424007847786,0.3698784000238859,0.22085263767053886,1.0180559646815341,13.35887803160452
1622533278,2,206.289838319998,0.3761494387109733,0.23337074701941524,0.9790854244343609,15.255933710896489
1623779443,4,153.5931914695824,0.35372204296657295,0.2754746228533224,1.2154911312612666,21.846698217624578
1623821086,1,186.58289257909522,0.30647439128541426,0.22066064687750797,1.3274540632296605,18.56338854987524
1623930170,1,278.69553039095496,0.3704961000847945,0.22134669812227764,1.1925854020189186,25.632871384985947
1624065789,2,81.5291576167131,0.36476428263301863,0.2888360780024263,1.0578646033588837,21.36384410877824
1624256779,4,-39.628409364601225,0.35610777742783434,0.2119134453638815,0.9878572008307238,15.674368983655901
1624258093,4,197.85862192286476,0.36358060388810176,0.26926134230128984,1.1927717998796858,21.24223370381082
1624614703,4,255.0578375245584,0.3917813624916821,0.16484479921875417,1.0931530906186575,11.050242129757667
1624631059,4,30.939174890491245,0.35749142614866836,0.2473529821244127,1.0252145595158393,11.522729149298844
1625056718,2,68.49796502765088,0.3468187850805009,0.2561260654063349,1.0800233366468293,16.709749147976503
1625717733,0,46.98666187983736,0.26986152614557046,0.2273944269829396,1.2620923721452832,21.632267078338263
1626154089,3,188.48883679190857,0.4031342400005228,0.1964881415411141,0.9998230618217276,15.712532841312392
1626255936,2,136.62603085890208,0.36182460493570545,0.19962370681250857,1.1118773947994545,19.926630516131546
1626278445,4,321.01982406656066,0.3623614881798468,0.250018332291427,1.0134910398147576,17.807833481397466
1626805714,4,37.333371578888446,0.3569478761273881,0.2720137929107827,1.0533530650458371,19.909569078203933
1626973373,2,50.039936680811444,0.355628738280355,0.2698362552672121,1.0330261236043785,16.585913878363872
1627008695,1,212.6161055690724,0.35985019640215016,0.26655189273145585,0.9986194187045194,17.029349421727847
1627088494,3,197.51098727537084,0.37697069124364974,0.1760592154755508,1.246720210124385,19.526673467694003
1628056427,4,162.89744306504588,0.40185495105879443,0.1478453778082342,1.15485589976905,15.242837513916793
1628304289,4,-27.096970336060295,0.39116833175769217,0.19232324327525996,1.0406361010027965,17.547559734603865
1629034930,2,181.2934176038832,0.3542943656937393,0.1965276216650952,1.015108889030763,14.278247995903804
1629642981,3,71.69427784770076,0.36232756184890397,0.2285072614632475,1.0077608743867392,12.89142175297739
1629866625,0,182.66442692143937,0.3535394832107521,0.23702871304394893,1.1802033042846878,22.474591664554506
1629965547,2,33.587725540663016,0.35554638595835686,0.23693362332388784,1.0497410377131524,17.9621517711183
1630109402,4,154.2437693373173,0.32249017562295085,0.20344695226869408,1.2301360616116213,14.37313551713197
1630196267,3,7.541625899457173,0.38068569259679313,0.3941744441184807,0.9034503762732654,21.855089291852927
1630481907,0,224.28401748621803,0.3624618613618746,0.1929868878883011,1.2685685039010162,21.750680864574512
1630836772,4,275.02520279388455,0.33967431534096704,0.3365787983780457,1.0866201115931362,22.045731530113663
1630847021,0,173.66448652156157,0.35768834590658394,0.2501501925861636,1.0080978493333843,16.329948801024123
1631091445,4,12.844567454527635,0.39041651056546206,0.17606848255500554,1.0776505659576021,16.146215104791356
1631230577,4,305.34100163357516,0.3731557522550051,0.26498286294985274,0.978112124287536,21.091929040498925
1631608831,4,50.18428878821873,0.32470280494300213,0.25140339115484495,1.1559908837136232,19.982906775122792
1632405014,0,206.10390352933237,0.3775496366605306,0.23509026985178086,1.0463024337261027,20.41146056147094
1632457388,3,260.0507405145514,0.35413820184427547,0.25712280893979805,1.0343661834956572,19.322969103238115
1632465618,2,128.40961340865596,0.3545055046701127,0.23962670480118328,1.1445741513873924,18.573459782589367
1632814958,0,168.27030736487612,0.37984177511753897,0.16791014641597385,1.0972330066199527,18.301643778232147
1632815353,1,275.8324518729197,0.3777122817853656,0.23083070512297418,1.1684295769643656,24.047508212825754
1633207070,0,8.097107198903075,0.39121973720527853,0.21139156349360458,0.9294080111054277,10.951540025208443
1633403102,2,128.94291439474085,0.3490489919483096,0.24138405541771535,1.0499566744009567,15.595643066064198
1633678871,2,77.3900482993837,0.35865385409151246,0.2611521193676912,1.0987724390287101,21.39970397018306
1634407816,3,50.19028576480921,0.3953630809015088,0.30001009359586217,0.8807561734818341,20.107626022560346
1634561399,4,224.87496127922248,0.35593760489711623,0.23510952244576777,1.0890876221016421,15.574015050534742
1634574344,4,192.62809001069058,0.37449359049463177,0.1379908130086443,1.2495086967551712,20.75985618548117
1634828189,4,217.28465536478748,0.35673150582246493,0.15762911338215232,1.126732949535913,10.010563858031553
1634832271,2,132.50752193637692,0.36595238196327445,0.2561762495561518,1.066504511707115,20.789413020687547
1635058755,1,380.5721094860738,0.4477193782410134,0.2613253938666999,0.9049223550974479,23.550784208066908
1635294822,1,204.5708160212208,0.36768128285920204,0.25477986884916215,1.1923288503687595,24.7272638226184
1635582225,2,282.60681710729665,0.41805586344313916,0.18740918435293857,1.0705906237128713,20.53648215948204
1635861860,3,261.8784073102098,0.3792644020741796,0.29897469058759313,1.0874839772663607,23.334422976496082
1636249880,1,168.70151594183216,0.35226371903844833,0.2608445036300286,1.102385105358804,18.524036033920893
1637316087,2,237.74075099909254,0.40867623945421716,0.23831618365772028,1.007915971704585,19.438113725751712
1637447040,3,153.56189608901457,0.38221550980314534,0.2484395901823541,1.1190938072628083,18.563880097973854
1637633691,4,160.59017290518568,0.3742840117736737,0.25438462678105866,1.1613578910289122,18.57726763068567
1637714713,2,29.67746880679823,0.3395982777691987,0.18224062663064478,1.2020612128142385,20.269051966924696
1638121977,2,41.41258967613475,0.33871780925237027,0.23457897138878078,1.0883117588054403,17.288392992569737
1638169555,0,188.05870470991454,0.36585899259348253,0.2180957996244515,1.04678566132513,18.70596112745799
1638182470,1,181.96665580240636,0.33707795662881024,0.25995916200570224,1.1123360158760651,21.231827204200872
1638745393,3,31.633308172804064,0.3360862696128783,0.1887527860795541,1.0071037042697149,12.68083070353254
1638921879,4,54.924268254704884,0.34078252285190513,0.2575751115146656,1.1448362531540472,17.55380073309878
1639290741,1,165.42397661840113,0.364852640514574,0.2730577038781917,1.032327877498254,22.839519935088514
1639497900,3,-25.542962210916315,0.35415229679459753,0.2774079831594745,1.0839495668226395,16.92546828151525
1639513148,2,74.20536459861569,0.3530623840280231,0.22504508328447387,1.0825975745870342,13.249839274695107
1639677802,3,81.12092749239213,0.3436325719598414,0.18621964652607603,1.056432451086146,18.69902940344796
1639769736,3,12.237225706629673,0.3750190800625607,0.37416887980144986,0.920033424605492,21.294824076969206
1639915624,4,2.802304922741939,0.4278747286787373,0.29181838763857165,0.8504576820400163,19.596555608364216
1640063479,0,-26.485151195635652,0.34143606484003447,0.22479731325562535,1.1990444737235597,20.613579158030845
1640191566,1,26.493610909316985,0.3717287535069176,0.216834274835142,1.0562779948873324,19.136344367283165
1640510001,2,80.66021431330765,0.3658335895096798,0.32205980662970035,0.9146049740775807,17.613909165690217
1640870840,2,46.54635048383051,0.3536335598409136,0.3263344458678429,0.9676882631545908,20.54432838451722
1640890711,0,177.80289888210064,0.36204579731423947,0.22902849419110516,1.2028545381203337,21.684174514200755
1640897195,4,159.70779257919128,0.3740098720078153,0.24560752639184708,1.1721764113669724,17.365936646705983
1640937510,4,86.45313944871194,0.41759452802013847,0.32008105451071256,0.9650151746324573,18.662032392005766
1641068572,0,155.38437965623098,0.36964376073181016,0.22100699247035832,1.13236590248306,19.155246328566736
1641679741,0,116.33761905334616,0.34091630544711354,0.21739385019392898,1.2120866642413042,19.660354729517703
1641687238,3,-33.08456655585334,0.3197498388013927,0.235497962143162,1.0845502810587202,18.7259340183735
1642318561,4,202.3776924754199,0.36883340211834,0.25434747265109586,0.9419857769654759,16.32908395771375
1642394880,1,26.253239207056467,0.3525587906279462,0.2662101218895827,1.0474178652555484,16.23871904437844
1642545320,2,224.66461733474793,0.36829283541161684,0.18633785424508215,1.2017648220400772,20.335224230906306
1643898977,4,201.54860542598595,0.3725598095161187,0.17723435690188755,1.1885904518584736,17.860095966390514
1644429324,4,19.658264278842083,0.3839552194894687,0.30041597213766547,0.9126406831167753,18.158200299006175
1645271820,1,-47.511253968745166,0.3718506884155999,0.3266710082709352,0.9302544106679156,21.300151132072923
1645416728,4,80.78223107309466,0.6098295846700237,0.24134418224603188,1.0147305043805912,16.39148469055107
1645801286,2,72.73183785658547,0.3566970434511664,0.2667201288352324,1.0811023168833764,23.60495730401365
1646057229,1,100.18245000035215,0.36732452282932876,0.2940150831400231,0.9195390904833822,15.9970055851006
1646177027,1,140.36395047038621,0.37088589991049475,0.30250077703024847,1.1322346985562664,27.096224773504623
1646241575,0,-1.7390335144450688,0.3502806343099443,0.18828488108679975,1.2265043333248706,15.423234970309608
1646656305,2,33.690425714661494,0.41015732631668117,0.20271010075699822,0.811074654255477,12.135369170395359
1646893921,1,8.586631381526132,0.35978462328035715,0.19574175246707898,1.025288645727338,12.293049482130627
1646933225,2,183.66541657737736,0.36365284965551564,0.2622686197924328,1.0169692903917502,18.083875787490733
1646984336,1,241.59318270461566,0.3721589002518407,0.232283930254302,0.9618209591666586,16.84945558990045
1647029479,4,144.02809335662658,0.3247553616495352,0.24558675667791882,1.1379765865741442,16.424251170915028
1647212497,3,166.1115642884648,0.36390751510565233,0.22466701346518497,1.0829519345546526,18.548881551318846
1647532424,2,77.42172204220985,0.3378166952866536,0.2558704579224847,1.1202944236598968,18.071412669370968
1647821918,2,64.4407927209642,0.3438287428679932,0.18168740396390998,1.0764506129257796,12.357914922046369
1648167915,0,35.6840176883706,0.3442051680272614,0.21909105284623354,1.1675988906549921,18.061752860507493
1648532900,4,53.895852315299265,0.38610382160091383,0.2218576157249545,1.1239047544198182,13.392542957923329
1648622866,0,58.092088519979775,0.3745380230696366,0.2054287842718054,1.0955456654903917,16.41038306947155
1649223775,0,50.13836839120569,0.3099926494712106,0.23266633677527576,1.056615025808414,17.649178879559884
1649295248,2,156.85792444446565,0.35370209982694795,0.23997677475704354,1.0386981760344924,17.47423390794949
1649345915,3,69.84798988923309,0.32427100298118156,0.3161680639996457,1.0949664976626088,18.208323759969687
1649518604,3,230.33863407358305,0.38919448105401433,0.26560210714707494,0.9762327284900878,18.480163047145766
1650000609,3,100.93623333491615,0.3613611475308478,0.23421326514621235,1.1872075601095236,14.296960331103794
1650198770,3,209.76582373772567,0.394740802711098,0.28999818242937736,1.146861949186933,24.01566041460444
1650263868,4,-9.203060358304441,0.34364389934532935,0.2445907454751723,1.1038037488614878,14.175587425831285
1650643323,4,86.092359949204,0.35087498061299816,0.17650522527017826,1.071511022765379,11.20643744958194
1651023431,2,95.84331036763515,0.3957739848523553,0.19910255448211936,1.0295517640902916,19.077633087406888
1651258408,2,69.70124849996456,0.3545362738468468,0.2921095480170485,1.049123788213831,21.619633384919695
1651483269,0,109.15430197110254,0.3344110581093521,0.21769312214173756,1.2410018384320094,21.836414177181446
1652170327,0,184.79377547936997,0.3774346946948022,0.23588250944832484,1.2512659863653461,21.33648662468364
1652404686,0,155.91474909150816,0.34126900827804957,0.17565293028061205,1.2988050518140968,20.1628870790611
1652549742,3,-5.673780607246741,0.3336112509321962,0.19485856557116318,1.159216961396492,17.66361219611434
1652695363,1,286.40639289862315,0.3669420495412454,0.23969517506309432,1.2063103951819178,23.092890633121158
1652765029,0,165.5599649617178,0.32359492633804193,0.18665481694220704,1.1841365414294553,14.58118512605679
1653502391,2,43.60723874868059,0.3529865277796656,0.20848956815183445,1.0498085774944692,12.846929239867542
1653539066,3,65.46319379249489,0.3319781458116508,0.31370836758221166,1.064196437477009,18.891972875584663
1653668180,2,111.4806667450941,0.3689111870881277,0.17292833315221837,0.9700728856655279,12.80056698088936
1653699030,1,25.806257058746596,0.3467527811600122,0.25767728178504506,1.0761720008906588,16.223268694164616
1653991852,3,203.46383294039083,0.3504005910189168,0.2293982499717618,1.0802454886008086,15.408634587817428
1654010569,0,4.789812326936058,0.33018316004811726,0.2145019282730502,1.0291453105705561,15.806003179630524
1654213224,0,-0.9790163953749129,0.3901453857835834,0.22202217511852335,0.8597092095666873,14.052397505783256
1654272225,1,92.63914149428605,0.39517893305077145,0.19563089909911469,1.3264193231262624,20.58365889818429
1654827899,2,187.99396136060687,0.33675123522937006,0.25595018893659927,1.0649134234335718,18.607445698250682
1654848941,3,61.73905811146568,0.34271284537167,0.2432505719636443,1.1599533628773648,18.900451627996166
1655220585,4,322.2598568915898,0.40133751016816455,0.3426718158025962,1.171009106094911,23.922966282333135
1655318742,4,189.1678965557985,0.39183807998109643,0.05151135068183596,1.470180103618011,16.38794980831352
1655336489,4,250.62988838051763,0.3435928743651568,0.3384672508581504,1.072811991290502,20.335743426970772
1655603853,3,-34.51812215328147,0.39954037802089,0.20715451182278638,1.0073081659912466,14.114241057675944
1655950813,3,-59.071865831450054,0.34936040402819646,0.2315899139104728,1.0425217681293526,15.883214985678144
1656073293,0,123.65713348632431,0.40484282336536603,0.19071337161734647,1.0327840016742815,16.633823190235297
1656097465,3,187.3116879917423,0.3715557891542146,0.30878611325712624,1.1696181016398481,25.967909117762453
1656589637,0,171.98539208382346,0.3537195366238539,0.22309991018986494,1.037833142957382,18.26069616966717
1656633508,2,63.76644261193578,0.32811584059065485,0.23574644026313415,1.100555994192331,17.923045306373545
1657554335,3,78.67869049858808,0.3477811210487995,0.23821137824963137,1.143747136562717,22.07657951301705
1658493417,4,232.2182648924353,0.36926081003507416,0.2357097302043457,1.0028374249249776,16.009746089570257
1658830563,4,293.8216689641132,0.3841757758734374,0.2703929434050642,0.9556327117554583,18.21790395841359
1659755878,1,28.707166122909413,0.37461707099881564,0.36677197615640506,0.919533236923637,22.004088723387078
1659835488,1,63.66560478936399,0.3486152634999919,0.20589207225790107,1.0350742813378166,13.490308780442133
1659919472,4,99.0469741076224,0.33154870064508496,0.2505598974914904,1.2239580205950176,15.13456454047518
1660751847,1,-2.5854622854771776,0.3581792931560691,0.29447126346273317,0.9850158990276866,19.96793092790259
1661316204,3,255.9596169257204,0.4104396337134424,0.34376014357812695,1.1634656416066054,27.268234556019742
1661521840,4,232.65496433980198,0.3949734575476163,0.280077197622151,0.9215182042126725,26.014692367324006
1661804021,3,351.0034617316091,0.40143995620582307,0.20231261412223642,1.2457397160158032,23.11177247990588
1662111173,3,250.0295482768528,0.42122246109988665,0.2685222178743349,1.0871057111196138,25.34132648008966
1662427032,0,174.9098772534266,0.34571246059299027,0.21190181094667024,1.032152856949454,14.620220044091683
1662473606,2,43.579534184803954,0.445826043117741,0.16012521058663765,1.0466070629400068,15.164722946644632
1662846692,4,263.43302217547676,0.40589035219345526,0.14207913507273776,1.1382068190051808,18.827209358498152
1663220707,0,59.59864965564074,0.3908691876775875,0.2317017936621385,0.8928596732470322,19.52320044569176
1663257488,4,162.30233912396866,0.3625996445881752,0.2564408498941303,1.2346187946061957,18.48687688777987
1663514336,2,-3.1593095762879813,0.3782795807667685,0.3276909306583034,0.9226489047346039,21.24919718347371
1663579742,3,116.40208954878659,0.35655998259441896,0.18096780832028903,1.0812924735481382,15.40757663120033
1664000422,2,264.49336300204345,0.3592776645046665,0.2370755718875292,1.2130791678556208,21.181498351530987
1664419715,3,137.3197488534545,0.402393207093897,0.19565078195046923,1.1749557074401804,19.693699883532656
1665128334,3,154.9818015121982,0.40152912482758546,0.1614768424454733,1.069320625345095,17.646568200440512
1665519447,4,-25.300787616201433,0.3490265986127714,0.27936127747900985,1.0118767961210828,21.322552568168177
1665622920,4,183.3340687054459,0.3911561320282629,0.29183273245905306,0.9183071452501477,26.441401367814088
1666147237,4,122.00203586159614,0.3591388693764568,0.27417603480354236,1.1475558068482412,22.958779382891226
1666787967,3,218.37728637963875,0.34746053547668054,0.23136592489125132,1.104689262579017,17.15875006659993
1666962714,0,51.94619046546818,0.33262254808098046,0.18056531394977504,1.2685046218697424,16.403034758451298
1667507467,0,39.60679794243967,0.33174980101917356,0.20343685671464526,0.9896623165484644,17.242134149726294
1668029928,4,157.52342825893638,0.3630849087578565,0.256475488188002,1.1774453843409611,19.379993755871272
1668423016,4,71.59214492222506,0.3386460594101824,0.2510802575959803,1.0142790893147458,14.970968647398195
1668799995,2,136.99336217860048,0.34845133524574134,0.2557170248017618,1.205141954350413,21.867087822850095
1669065753,2,-19.0830654857713,0.34625039342722513,0.11813464641247465,1.331661189907668,13.482675152973059
1669177512,4,45.764790472151226,0.3728025375519273,0.18968179221147582,0.8992985768726414,11.814579228744826
1669233687,3,215.81864373324987,0.373340910309167,0.19417172250138948,1.0982034348968392,15.669529404850062
1669324306,0,49.68349830325305,0.35190830942539086,0.23052848479730287,1.0541855680464152,10.795378241039622
1669400778,0,20.512041809698374,0.357035902189084,0.17941450344743842,0.9357681543643572,11.80928194741854
1669411867,3,197.17931409883147,0.38788664040663234,0.2452932882628976,1.2770098798722453,25.706448732685374
1669796123,2,22.389032170005564,0.3320805842767393,0.2665396154647052,1.079363095892221,20.08645995309394
1669900077,1,233.36387815196872,0.338520800472606,0.2734138749489976,1.0586352868690718,18.578593353037537
1669945913,1,96.4212414397596,0.45182487042698477,0.19437755725817799,0.9435129571043186,14.438578316939731
1670036740,1,201.37143740248956,0.3625531227814538,0.2735155446216651,1.1923852878529295,25.629104282263828
1670250046,3,151.91331516969572,0.3381671895530436,0.2736857075696624,1.206894068122807,19.49878473788082
1670434070,2,424.1282536952307,0.42031745440509843,0.28330216567581784,1.0064864072711228,22.77742876938155
1670881683,4,246.51267863994772,0.3589252328018376,0.2669780234522806,0.987631783917772,19.31927283505619
1671082130,1,134.39258409161164,0.35434912050923284,0.19696529327086287,1.1647512141254253,15.955253097589257
1671135336,0,-25.96808390106891,0.35131115293313814,0.1521788145288303,1.1533127511725279,14.827650364677872
1671251574,4,175.55762456935742,0.36508615853173837,0.2566016256186042,1.2167090416953668,17.911379140202595
1671488348,4,195.02947107563762,0.3572064229886793,0.2906259563509702,0.9850472944842357,20.443481330120463
1671953980,0,40.89992317281567,0.34084904965366347,0.2779634320908879,1.0298669397004616,20.604211673239654
1672793262,1,187.11511876657858,0.36511468204277664,0.2639153879434522,1.1532188727607289,23.110201939179202
1672845324,0,108.26593859176165,0.4040727541145328,0.15221073492652668,1.0521368343087025,14.931432759359902
1672978154,0,66.27778404278484,0.33488720684154405,0.16435979862053135,1.283405848862736,18.492426642997295
1673102109,2,525.9555813360844,0.43217916475799983,0.25211254147678547,0.9988168326832763,23.441009476405796
1673426681,3,36.07111144397619,0.351514619796503,0.20079033869683363,1.091180947936804,13.003596810306018
1673485707,4,53.432939771363074,0.3822594065064743,0.2720330729496666,1.0373360136280338,17.14398230418757
1673575394,2,140.4700950484741,0.33947418456612505,0.2361146551368926,1.1870256793071288,18.220911726226422
1673823356,1,95.40058793027825,0.3632502867987636,0.2711044514172215,1.0399821297445102,16.44683711718506
1674464256,0,197.8005534322651,0.3802779462164402,0.20331859195351284,1.0014338287646252,17.50749107693706
1674887519,0,1.7113563580860784,0.3816916865341987,0.21691557779677492,0.916200141020147,11.936170721665398
1674948032,1,124.26185600970064,0.4286492272723349,0.19123100041778004,1.0233601798905492,17.86367092732152
1674954682,3,226.06899587121129,0.38728070620351907,0.19533732064524575,1.0762040322267503,19.92488052372903
1675272151,3,91.96800120675549,0.3513481284663248,0.17097371740444858,1.1592363092475158,11.988257003647139
1675542774,2,50.476448025925656,0.3910257646671354,0.20282343057230384,0.7946436686494441,17.696079611190594
1675605229,4,98.92468582230094,0.3775189899340124,0.19041667891871633,0.9352975301079192,12.176732382202411
1675845282,1,30.631096057100308,0.3596219035904737,0.2309936345864422,0.9097582681916098,13.340751307236719
1676036975,1,301.5020866696654,0.40812590453303826,0.2626076713789192,1.0335897912580598,24.380264948434597
1676176971,3,90.60654832854384,0.37140540404109323,0.22255185968887964,1.0864099105473417,21.721243309460164
1676315941,0,110.8118289241494,0.3556104485824174,0.1573051408635059,1.2907742811318237,19.175022498326403
1676729998,2,53.748156950077735,0.3705928566952513,0.1873899303782729,1.0217560739119806,12.434331905615199
1676759354,1,195.73804962406047,0.3540564795363278,0.27417096461890034,1.202386923344248,23.144485959864777
1676853034,0,69.90283437632532,0.33817951076572983,0.18460702868907825,1.1720652157535996,13.307533899687156
1677073370,0,123.50267939130771,0.419268933989677,0.21058202847609742,0.8159934126729326,14.23860400969485
1677533093,3,211.71993003284683,0.34085418105536436,0.2195644051773915,1.1015817227980815,15.822680198127573
1677600893,0,143.73982179015553,0.35821926503541557,0.22132649056057546,1.093428706139651,20.48304079335636
1677738702,2,170.33381767139142,0.3644876134941609,0.2530693584632918,1.1391108420035647,20.440858833824336
1677875786,1,225.47623566549922,0.3745559120347014,0.2509447045543422,1.098202719289632,21.05007842379657
1678384884,3,5.252078097755614,0.4053851339311383,0.36547162586157805,0.8344401584964929,13.19627193563756
1678410522,0,175.70817008237103,0.3586670858273303,0.21742231671297702,1.1844814515486695,19.83312983406241
1678521620,1,-49.47287594811024,0.3647447049044918,0.2051471923595723,1.1376685298578382,13.869845471925899
1678768525,3,83.66233871471024,0.37135657029351465,0.21846686352101718,1.1792494166417051,20.034037010628406
1678882147,2,83.31955742746447,0.3885072099355557,0.12609006980689522,1.360829279410805,15.199805595529108
1679226425,4,265.4870651516414,0.35903943626069107,0.2631922166119724,1.0533704145097642,18.892962590992262
1679285370,0,92.31256961938647,0.3513689911599002,0.22536097740160707,1.1300704103613604,19.79176430814462
1680789160,3,133.93804012059778,0.3760021491644813,0.3143880729422455,1.0312222229510928,19.921336650521262
1681110916,2,263.8221733157241,0.3872820219419967,0.22361496729212,1.1034568116848786,20.931859361419733
1681628667,0,208.54618445431782,0.3825453539319367,0.21859320760248158,0.9634832675202435,15.763116415200457
1681775861,0,204.73281644461446,0.3509121325852309,0.26276129713947705,1.0250402996313808,16.490645935142247
1681905956,3,239.2180891232033,0.3361676731019523,0.2711274952758753,1.0827776821014123,18.56229226900036
1682827181,0,33.239205214115,0.34038786834960133,0.23149429546047912,1.1266408139983126,15.427046807751857
1682832675,4,40.55542768992699,0.35949728200515074,0.28020773977536656,1.1081847188057004,20.631077113991388
1682900060,3,281.87045384495207,0.3644229281785863,0.35011769150005045,1.3112039355172165,29.987261075912755
1683248477,4,154.09888552128686,0.36145159736307847,0.281139887858764,0.9840931507357843,19.739766090694864
1683353689,1,25.32511134193237,0.3336855353979086,0.26880687663719544,1.0050960971575025,16.74492731253556
1683593138,2,253.83184654360446,0.37807703360298595,0.23941210699905913,1.1213119609591193,21.502706079080554
1683816678,4,12.213641320755087,0.4109422125235367,0.3457933387628802,0.7995655146847731,11.897939692154047
1683834264,2,110.81405492428678,0.34967610194019577,0.2142121458844498,1.0610916243869637,11.717236077288403
1683937350,0,-24.73664627972667,0.33622048491699885,0.15197262291879224,1.4766024527304324,26.08475689683513
1684744857,3,109.59648298909615,0.34010078235749813,0.3054382764748923,1.0728079015006655,19.232346029497297
1684855250,3,102.13199411091689,0.49403531398411205,0.16075682530814292,0.9276360426111752,15.109066108699253
1685057897,4,137.1263616819473,0.31423003243636694,0.16822867110169398,1.1095662274465508,11.760203809070978
1685441802,4,227.02418930859304,0.3627150701134472,0.24585431812359418,1.0046959495094177,18.33902015361316
1685639309,4,269.9201003223185,0.33671998329439273,0.2824156498536147,1.0943363284452028,17.993065049858583
1685741842,4,202.0148115927693,0.3855849955272199,0.24641135209860143,1.12188987409764,21.308021537982217
1685793065,3,130.36758749531222,0.36402288713811337,0.22352979799435174,1.099461045213385,15.898124524903206
1685901918,2,58.261135457259044,0.33994509836316594,0.2474488366963081,1.1421926757790446,21.777468254983987
1686044145,2,173.32142765287716,0.3544206120041518,0.25745290801248005,1.0298430786375166,18.00827069850633
1686536548,2,261.78250703233584,0.41671997955803325,0.23001291644792332,1.0358476373611223,19.16052934911579
1686718921,4,60.67451961646412,0.35591359098669245,0.31084367601422636,1.078820880517212,22.501847491565396
1686919611,2,190.10840622938161,0.3394565635069793,0.2320342118725216,1.1192597507374717,16.358715620093093
1686952032,3,275.5152454079417,0.39686724587205313,0.28540853630254603,1.1274661548146845,19.958565067708214
1687301626,2,215.79245625552124,0.3678519872442148,0.24523402357511698,1.0488517579572947,18.190558652313445
1687734708,2,89.38427635670226,0.4228039617205331,0.17620058842191316,1.0370359579143742,13.658491210766194
1687858276,0,236.56993514057234,0.3691289951841125,0.184822715211934,1.2724951018067527,22.33586410984746
1687871916,0,232.70754055591237,0.4348286387464253,0.17989832755759688,1.1229695625469513,20.50116547093145
1687937320,1,175.3929784560883,0.36295725710269944,0.2419413511668369,1.2146904006805626,21.009854854081457
1688474833,4,122.11106351337932,0.34877112305473496,0.19184939264756062,1.2674669842978306,22.148879688198665
1688918153,1,108.41957037614593,0.35355329539522645,0.292792483421623,1.1279094292094576,21.835341307799453
1689325307,0,164.06550265893242,0.3254221241674776,0.21666564920346143,1.2276342261086246,16.54498889010142
1689591467,2,45.107211989324504,0.3641000729971611,0.34597363916060764,0.9401550566923959,20.85584546979246
1689883319,1,49.329849261396895,0.35110237569526054,0.2530525336699324,1.0613489407471082,12.530994063811914
1690031324,2,60.063536057674966,0.41185262674260126,0.12149687842759149,1.183999227436106,15.487669722029828
1691054850,2,253.4834268949881,0.37819938065572817,0.23909715895793607,1.0019512114506732,18.934295041557274
1691146038,2,19.262417845505055,0.3396154362957105,0.22363113356712416,1.1347221349462806,14.238097029960107
1691546435,1,228.74604531667407,0.3881697280053492,0.17631968099362605,1.127649368949692,18.893041303156327
1692151346,4,75.48243601955295,0.34993960521915235,0.23443103038811694,1.0694567321817796,18.776734301278204
1692408347,0,60.99512456303938,0.3563700719836487,0.16926879348034984,1.2177134028045844,12.899067780973374
1692538741,4,81.65523848613402,0.35153353571985474,0.13999160734956062,1.0225236774009696,16.482543312101892
1693140082,3,-17.404879326820634,0.3561296627960956,0.11582587675112108,1.5166283866287749,18.219077499906106
1693262682,2,171.01787285530537,0.37117658094679185,0.2483918854587822,1.0946477136776702,22.08920123262599
1693536620,0,-10.841597003827744,0.40052020504142233,0.26793933990615915,0.8783875277208191,20.608829770548414
1694201985,0,214.3720486529128,0.39128606503609886,0.22196223327581727,1.0979328022324475,21.575901857379066
1695745153,2,195.04135133661543,0.38962033595281154,0.24532864123480497,1.0655958402271941,21.17292059958598
1695808727,2,-0.6645085126802144,0.3633047138464181,0.24985413734089737,1.0478276314111146,17.748272356925373
1695838608,4,39.789081243884254,0.3690254157061994,0.21926561865751812,1.127987348678217,16.330769219848968
1695890113,1,41.10088436584996,0.39413809037698044,0.33589956737957294,0.9598507382308737,21.822222528212514
1696155039,3,16.184284167188835,0.37257161360620983,0.20548160776588822,1.2155362764385131,23.38684411428492
1696182166,1,88.19677164211976,0.35933365001214057,0.20183311691232625,1.0883264504747248,19.127806402082008
1696331324,4,202.92140554684642,0.3932996295482151,0.24200057433137395,1.0839901872913464,19.551676116739454
1696343001,4,167.7724707744236,0.3520725498771973,0.2518356407314395,1.158577958568222,18.547256954169097
1696594426,4,256.82483706359073,0.3448102025504936,0.3294180644032433,1.0307926907249043,18.964811578650412
1696699726,3,78.94475364158012,0.35354997130910515,0.24061874569857641,1.0858231591264111,16.808418279301417
1696944079,2,57.98887453570571,0.36449205058047546,0.1812311414881055,0.9714424597504139,11.561088789105211
1696993963,3,67.17899330113653,0.37697836074662516,0.2252980067590101,0.9670005939529193,13.227833811354385
1697131748,2,150.92867303325815,0.33027675720147054,0.2043395018087009,1.1755456533228354,14.98625238773809
1697480499,0,209.68167307059474,0.3793657240184809,0.18508054582150696,1.1063122981190496,12.29176642564287
1697683442,1,49.44167229305543,0.3428166406495592,0.22771933892653895,1.1464261340380606,18.50289004338343
1697824573,3,84.2519170005889,0.3540151498765067,0.27890120057880863,1.0926171082958012,15.461137315750381
1697849650,0,189.19175383325842,0.34197403953028904,0.248790470576888,1.1198334800049472,20.9226724352955
1697989359,3,262.4796697577184,0.427663584764513,0.2713121921906203,1.0630369583473105,25.24081801866052
1699061144,2,147.25620758914673,0.3522123512341693,0.248996722744512,0.9963966715478465,17.197069058932076
1699412272,4,7.007737166058959,0.35652669499233064,0.2922190352059062,1.0579030858854628,23.301576525501766
1699735817,4,225.27689974046933,0.39555124112968454,0.22433586699322797,0.9463510512378982,14.107332687401355
1699979757,2,58.024463201297536,0.36362894630961523,0.20816014217061746,1.0202758613571168,13.759406824402966
1700419938,0,235.09552139291605,0.4335518553224965,0.1779098408652243,1.0643327943560699,18.57672184450191
1700578264,3,93.3436358509827,0.34802664077372736,0.3495493119898331,1.1071633864278296,25.973937251916738
1700596879,3,235.582372228696,0.4011343166884711,0.25005393512321916,1.0350102651046487,21.234619557315316
1700600089,4,227.3583917306176,0.3847373175734827,0.23015230320405106,0.9480945561145839,14.372786849424145
1700861962,0,37.264348827309256,0.35512733386048495,0.20136751230253722,1.0448183160698672,12.382456149606082
1700926472,2,288.85700741000227,0.40188775555069456,0.25022947345611946,1.125645196584134,22.117052740792467
1701051836,3,79.55646084429563,0.3600806848009112,0.31722498957845785,0.9505783659327545,17.453458104275725
1701314200,3,171.6857195101034,0.378506982581566,0.20293551676601615,1.0055088462945414,15.635142933973562
1701467144,2,92.17671667185758,0.35926854382724216,0.2505507748272653,1.0689737603822747,19.273486463972844
1701555449,4,158.617596946007,0.4084814854025998,0.2600798668080432,1.0907162871259517,17.78925070641948
1701689653,4,401.968428698812,0.36367219083153685,0.23928285512044303,1.010994530916545,16.241657762342548
1701728451,2,152.88115980223952,0.3749538931431387,0.20028969740812874,1.1634092094215032,20.48114741374117
1701758700,3,83.0440486269363,0.3582483103967264,0.1915433689963708,0.9976229962808633,14.966255144318605
1701768765,3,39.021206076970614,0.38458725708749375,0.3285047864868656,0.9364242993634762,20.301110161853355
1701867111,0,150.87655836582823,0.4163980182539284,0.20316762596303786,0.8574308770702445,15.121044515775921
1702325651,0,218.55965197472474,0.38416182183848085,0.22054696030045934,1.0177001089014548,15.692953357089657
1702635264,0,81.43245086428816,0.3369807120313695,0.22753284500886026,1.2021311418297906,14.932129564681627
1702898348,1,135.99268230855392,0.3500135086004852,0.25688656521434966,1.167404886647277,23.213306306463185
1703438177,3,159.92006440228064,0.3769386361638819,0.23886741492145916,1.0251027212513046,22.39865554730539
1703477972,0,230.9363503283617,0.33920750525891347,0.25647474867835607,1.1236461043073176,18.22922439483671
1703879338,3,37.982536724376985,0.369654929965809,0.3186205586441261,0.9039953784419196,16.68885553906155
1704241791,0,334.41222343826024,0.4018628917263969,0.2782907931557822,1.2907208699402157,30.843508823651618
1704546800,2,159.9571326141007,0.3393606328044775,0.24348223563414495,1.123127486504379,18.0758798306528
1704728176,2,8.014649756558427,0.37160464145384486,0.17865383804551802,1.0216865063257237,14.016408719218642
1704846953,3,108.122812048465,0.34951002106085094,0.25493324440598997,1.1958307859562844,23.599878099798097
1705151635,4,66.27362345508865,0.3489683755654424,0.2894643849143783,1.107553417654581,22.215545400408335
1705359198,2,91.09414557882656,0.42705183274701564,0.280358801257416,0.9432225212540618,15.563509785480509
1705636874,2,14.097466514120526,0.407657107956344,0.3006549173692387,0.8462753784040395,18.34925249542666
1705705134,2,198.90938319540163,0.3601241745209009,0.2470392790224459,1.1606041956404973,21.960243568398397
1705754093,1,35.136241878598575,0.3120265864674469,0.2821399620694098,1.0652082967112433,19.738357746283256
1706421625,4,267.1377719798499,0.424326475841855,0.14814355931010526,1.078990163908602,15.353400616112413
1706521131,3,94.19120067620487,0.3756115617731504,0.2049696412540409,1.0449237420669846,16.66403392316434
1706553936,4,191.743004902083,0.3582398498043528,0.22755614790699438,1.0119097666826191,16.311134686428197
1706591309,2,60.15665323320156,0.41185165147999314,0.15553666413507428,0.9075045949360045,15.684888095495323
1706654876,1,62.750848861526094,0.3891378575114208,0.1679450432914908,1.3412930773892633,22.16436698429007
1706741208,2,191.07117542971514,0.36833971233214907,0.23161712358280384,0.9932314409369112,14.90508911495001
1706907888,1,232.2585086381987,0.35805994724892365,0.24882393450062454,1.2426134322112734,22.568817178619824
1706935597,1,266.0693481906644,0.4141356558301032,0.15747168782988397,1.3661440831883787,18.702825552528232
1706990929,3,110.71313138408198,0.3570974267971453,0.3264570272114994,1.0690453708458179,19.13095914950358
1707333225,2,52.88849823613302,0.37857970259594187,0.2001898314617111,0.9618254560538022,13.10478773988038
1707392895,0,22.534670771123302,0.36112601123555954,0.20832915218832385,1.1801454999647658,15.237174820391608
1707460536,3,202.38534222778887,0.3484829092599686,0.26146186513251923,1.0636330531099676,17.849083282584672
1708403731,2,174.46023104170072,0.37448060483263373,0.25740283690885957,1.1698775222108841,23.84489590187272
1708543289,4,51.01540765999849,0.33757786519742666,0.2518979887226634,1.1792981228462813,19.93648974122502
1709391995,1,-13.951417715533921,0.32411957265578295,0.24380503014744312,1.1254915740418001,17.84306586390007
1710475458,4,159.49560303026334,0.3809465146462232,0.2303983085695652,1.248169168991636,22.869215731690904
1710724888,3,52.996669385652694,0.35128875110821733,0.27854831904268096,1.0690853018872744,19.809258812617603
1710766762,1,22.794883591325217,0.37255215602824526,0.2674672050857736,0.9567194385951564,12.550856000960659
1711010706,0,175.8959189818797,0.36241870124670805,0.20951035786387462,1.1914906051961625,19.25145328022807
1711102777,4,113.86045577888412,0.34443941486378354,0.14700577980587703,0.9027795943712152,11.19107486295795
1711422948,0,2.6013438742314463,0.31595552235767765,0.12978009655899586,1.4282283956226496,23.252683569804574
1711492844,1,150.83165796719317,0.3681142363301177,0.17543999331834026,0.8957318078861292,13.482037319463705
1711893868,0,158.52841918980968,0.38730790536544263,0.23223516154024793,1.0056767608111343,19.43866864547417
1712077769,2,159.29272495076216,0.4001305976596442,0.21041671014195382,1.0359337183522888,16.717904482130997
1712598778,3,245.73744708583203,0.3723436914871796,0.24713012074141025,0.9781188438296275,16.456549987998322
1712933557,4,29.096855567684827,0.3836335272961946,0.21737294364527326,0.9571522659791967,13.74278615824947
1713382325,1,5.236022912253475,0.34952016889532433,0.20766316249893954,1.2045243894738682,16.283865074741808
1713436070,1,153.7996377668589,0.39742808524916384,0.23358523770285924,1.0384828779391608,19.651655949347028
1713751559,1,32.209235277645845,0.3868283593331284,0.23915629145374864,1.01114109872023,14.939955086763344
1714607104,4,247.87088069962311,0.38144315075016516,0.21475167285565164,1.0470065477936874,15.142552784150208
1715193116,4,144.29239850164703,0.3608298167730965,0.2272383380609233,1.1418929769161663,17.111125709475562
1715294926,3,259.83864500245323,0.47857114091003083,0.21303493294397854,1.139570958596503,18.993396312201398
1715402105,0,205.08795664222816,0.355598518530038,0.22716253820342536,1.1708475429811642,20.442457756873633
1715831147,4,319.8306515078946,0.4072409719742893,0.2535452464695241,1.065195458185156,22.94679883117628
1715878525,1,2.6557831269033727,0.353869514226561,0.24296048173502155,1.040398825621073,17.134016702479915
1715886560,3,150.8489222875665,0.356443167422654,0.22729181146183663,1.117264026010186,16.839184651113104
1715966441,3,43.99765003446375,0.3609022748736518,0.1408401380230857,1.1157864730814178,13.54747803550314
1716148933,1,179.78170433333196,0.35184243614677885,0.289577378787237,1.1658458474289877,22.44373058188228
1717221182,2,41.6464541745822,0.3710323505428987,0.2753057780857147,0.9773416386438949,20.073126161951826
1717592504,1,34.172393958065285,0.33639849311616143,0.21788818499850104,1.1513622893428594,18.598073146067726
1718086689,1,238.4597898972524,0.3564973468378505,0.2564020918221223,1.1774570002757963,19.64144987523536
1718233222,3,271.0611728395178,0.3666228158827532,0.3400674385000941,1.038856698794208,20.633797948035102
1718354162,0,113.51052291293865,0.34641871181154416,0.22343913989578137,1.0782669798500495,16.68734183292908
1718419889,4,116.93517888676517,0.2810026030305563,0.255236412120391,1.2450946597416581,17.763233454125956
1718537835,4,184.9969276430984,0.36988353835893467,0.20806341236291392,0.9892318974491227,16.74926953049421
1718822131,2,186.86087521715612,0.39173211116040774,0.12358550122357836,1.229125917998431,14.10591114806511
1719173195,3,195.34656273019215,0.37709566710737014,0.23540103983925278,0.9617554776661479,14.56550184001978
1719193785,1,31.34635455213825,0.3550857974020573,0.3308315359355171,0.962869746931885,20.934575329830707
1719420059,3,162.55883751353193,0.37328520165459117,0.22157853927340374,1.13905251622514,18.38165221973216
1719450087,1,30.6388389199235,0.34706673960566325,0.24842230062255063,1.0248312107499131,12.491235511198552
1719719052,4,288.6806925336773,0.339160691554297,0.2836279559784091,1.0834994365382609,19.268598957714726
1720612082,2,41.48261406341167,0.389181849637491,0.1941540154280799,1.1567303988407227,22.259124403804265
1720647838,1,235.22319409375862,0.3703650508026285,0.12365543957626973,1.0615208361710122,15.925970468265959
1720677048,3,235.66814850718376,0.36284501466014624,0.153430705656468,1.0399576819930234,11.907419184235948
1720848416,4,210.32840743767716,0.3236917818060545,0.24566424255403627,1.138516257990116,13.520512796637842
1720993259,0,165.14672406449083,0.3399656184815794,0.26245761609563967,1.0544433257667072,18.79787254103724
1721092492,2,51.19388432695119,0.3724991723969567,0.2685562137863956,1.0120204011006615,18.90457627334639
1721498000,2,168.02008305732545,0.3696310552658007,0.20643702916662318,1.1928414775920704,18.099447059264904
1721517021,3,66.79513142610303,0.39207807507502584,0.2885253371120382,1.0710138145973016,21.44528742864911
1722126361,4,90.62812994608691,0.36022801491919687,0.1781352566398844,1.1783609271771933,11.483625347323215
1722404544,2,116.6431155099987,0.3895652156878308,0.19126024685103477,1.2142616153844104,21.478108277809298
1722437751,1,231.22589829194604,0.3638733266622596,0.20246603469266963,1.2031817909165199,23.106349096369033
1722752192,3,229.01538898852706,0.36769823036029703,0.3216957637427448,1.2364221424255117,27.790390286121273
1722899407,2,225.97977366714167,0.37855617259275864,0.18953665758140814,1.1450217367303337,20.573517589645242
1723039756,3,38.148162847405004,0.3589866804505281,0.24223296518231444,1.1998442471034567,19.554433189714377
1723062866,0,40.45496886745888,0.34490656804349623,0.2100098194291342,1.0545950538487423,13.693178469412885
1723225912,2,174.90150336694745,0.3665802017769233,0.23262939675224717,0.990079319435837,15.301492641342215
1723711090,2,-35.8377548508641,0.32970095068395355,0.11592962215541838,1.320746603677935,13.503471577164497
1723857031,1,-8.449638819248491,0.36135159441390285,0.28696805189609226,1.0238798750572826,23.274531282713777
1724528524,0,107.79395260056168,0.36679634474274564,0.23086155374153086,0.9830033166977785,13.416029335203538
1724863374,1,176.46872855168203,0.33721433440168386,0.24021958407612778,1.1532140947044307,16.14342467072
1725180972,4,217.91565914782166,0.38344595187674185,0.23995749036653558,1.1709729595505978,20.36057682752324
1725259416,1,400.81899666865525,0.40133715904502376,0.27920762114162706,0.9240554600431083,29.420659312932102
1725823139,4,53.30015953398807,0.37905515969659476,0.17957686019210511,0.8788829560038554,11.958360359704928
1726139010,3,116.92350883319122,0.3721367779120345,0.1526251854830919,0.9661811441704117,12.216477087185565
1726144568,0,162.237664906804,0.3823375879360159,0.2336454658235639,1.0304036239087766,19.95197756887268
1726627716,0,193.39559852311527,0.332556358190551,0.23930608922600788,1.1757076476225998,18.269547891376117
1726926869,3,308.8858390781335,0.38949333086174964,0.2000564091649019,1.0674489643465968,13.236923165331435
1727053406,2,167.11070872391986,0.3837522471718998,0.24021543200055093,1.1104878694416809,21.12070306105037
1727549471,0,184.43670209867724,0.36481648099380243,0.2115105570309401,1.1999561634573683,21.477125764319304
1727851724,2,115.54852751999854,0.33807507533837045,0.1957050306485144,1.0794082000038692,13.412475869567018
1727933263,4,86.58804533462387,0.349907236596268,0.29692733001563243,1.058035985849846,23.010378297008554
1727988738,4,366.6488855570602,0.46136013709056534,0.39004452713016563,1.1175800303754535,27.241324059524956
1728252484,0,20.32500305907587,0.35668458861494207,0.20886107552788782,1.0585358716171795,9.709265215543134
1728340477,3,172.56325934626057,0.35391899593889664,0.3393028920905573,1.3424740993736584,25.738155510378924
1729263987,4,80.92810329951786,0.3181273234923782,0.19960702548043774,1.1306856267971779,12.342729464255665
1729640187,2,72.5341791878211,0.3578238374870332,0.24380388885321577,1.0581413069672023,19.992354281131878
1729688245,4,92.69893141237198,0.3456928712053838,0.27666400914867934,1.1364074580667547,18.53466571075461
1729742723,2,24.213247147339274,0.40973296158879485,0.29177523094832614,0.8266889850666861,11.221994587897381
1730077255,3,191.4735412646418,0.3350769449385974,0.3018888968219793,1.0781187561130938,19.69978841558583
1730293187,2,56.56546355249222,0.3681072614475591,0.20613283991262224,0.9918287216976294,10.984306842068566
1730621528,0,61.59337897147274,0.39301925917628494,0.19852480099477368,0.776326568914669,13.454715159576654
1731176824,2,117.77703923328758,0.37367140040392244,0.2404440087341149,1.0455499991118193,21.270725691716578
1731224858,2,46.74547746057022,0.3474689302732177,0.24749207118069322,1.0611793885009944,13.809887752597405
1731329584,2,9.176973201079477,0.40164091371615773,0.19948911093402302,1.0034460528500055,15.102288824172184
1731885131,1,17.402256636882825,0.38617322304590207,0.2780947227728766,0.9307207604228894,12.326690725213428
1732473081,1,79.94986098018278,0.3598791023125478,0.2037899254861691,1.0392351749692494,14.989693075676012
1732679124,4,-17.85492226992848,0.37860408460134354,0.35985156827163733,0.9812230087394271,22.052065869423515
1733327889,1,42.157306983161476,0.3688803607571997,0.24896862367411113,1.1243353020488722,14.015182839842074
1733763010,3,215.02352609458652,0.36245708577483426,0.25610464227267243,0.9939594428463664,17.55221025838183
1734361691,1,-1.3069270082611837,0.3379949413988781,0.23766908313427382,1.0931816256593132,18.340229218345772
1734399308,2,225.34334863062196,0.3949846567775711,0.30025958746223097,0.9674972197567226,24.77916775119023
1734532283,0,165.60164018061198,0.3275566388563751,0.14713196644464854,0.9146329213962638,16.839748286255396
1734712168,2,156.62383613925982,0.4372707168220483,0.20924653083453534,1.0561225622416526,17.884507543908466
1734866978,0,211.1256556233879,0.3596713097874375,0.19501777373906198,1.267823852136262,21.645187689829484
1735118252,4,-12.050924677582657,0.3782391760921219,0.3503766455495474,0.9067903342126417,21.5459041626914
1736400792,4,-14.624932992660817,0.38195707024027264,0.3568644268608614,0.889631657361419,21.724408076809304
1736906548,2,163.84929491065265,0.36302054580759346,0.2629908746171752,0.9834073985797331,18.67937824914834
1737253601,0,195.30167758632314,0.37494694467131684,0.2258380915651526,1.0718024915359008,20.76524031504629
1737477599,1,228.30373922436218,0.3613057522829787,0.27082933943789805,0.9990040246877574,17.798458217803763
1737643625,3,108.28518932311985,0.3439403275019318,0.2510998284827513,1.0858486314770395,18.330256256806088
1737989724,4,177.7374852324382,0.3793819852666521,0.1816809833239602,1.2125201836154331,16.29693749964276
1738001334,2,100.95291700048473,0.3390780701841558,0.19722477287619014,1.316461659354673,19.432282124711936
1738112244,1,19.951683257744065,0.40767022973279843,0.1876689597889835,0.9824079827862002,16.41714995301957
1738468386,4,129.3192266752024,0.3568857435142574,0.2734944843572887,1.1839238277064215,22.7617295278389
1738776210,4,56.92389527540141,0.372633592321317,0.1866430908968253,1.0193725760801529,14.435216088532396
1738997335,3,0.18400826434394446,0.3611240158357838,0.26011196913435414,1.130525629453126,15.626585902706259
1740193535,3,123.53569867098037,0.331189774458412,0.25390631776169953,1.2364076489363904,18.247047952314936
1740911960,3,186.46054651018127,0.35699737551405364,0.23909283201648873,1.0288279133375398,17.18140715955046
1740942243,2,326.33438501771127,0.3885341587361538,0.1882158713081779,1.1871939557824243,22.775790773102106
1740967529,3,21.854471671948247,0.36232514719865294,0.20896853646252866,1.087085902191205,12.043568233878549
1740996788,4,202.64211409433278,0.3829619403033325,0.25693569328512383,1.099770057719109,19.832730472871802
1741015152,0,7.288885436457491,0.33498205967034284,0.35464426471799,0.9022037167891315,19.202250974743887
1741494533,2,430.34012556809466,0.3784153860849504,0.23683034859985427,1.238530778830099,24.38336322165174
1741924076,2,106.16462211473147,0.3361633813502232,0.25317012075233214,1.1602108462460208,21.40896422057784
1742146572,2,142.74940072287797,0.35250399329838594,0.2860627029556836,1.065034169593516,20.746315611436422
1742249499,2,89.67787352255324,0.36896562475892086,0.18907689000460143,1.2168376886447598,19.69620176810031
1742353769,3,-36.57969266893522,0.3741525062075473,0.21441195570924576,0.9700963371124571,13.954453118096993
1742360510,0,213.60640294637443,0.35638262276778715,0.2709896086286485,1.0101870006773626,17.059247214205783
1742360572,0,76.25875896392299,0.37154194344776365,0.15859582434139724,1.065014513731949,14.974557850005223
1743216271,2,197.56621032607416,0.38829770057997415,0.2329154210209778,1.0838012491600315,21.38556427372863
1744491015,3,94.35592480534008,0.3640312456097023,0.21866451989005792,1.0895123262796025,14.531913190950238
1744666695,0,199.19982948249253,0.3295985722543395,0.25841288018855874,1.082309632314669,17.50106469933633
1744915619,4,271.6563119291173,0.38990852869570525,0.2333660252607875,1.0928477576004068,17.693655201539787
1744939463,2,34.16114558369094,0.36152903851514834,0.18099326553428718,1.1370317913439016,16.688043120493997
1744997791,3,-33.55348311426039,0.40319876049846287,0.20809134556869094,0.914390533378844,14.790193149825159
1745103437,2,369.35690738308637,0.4122424628715307,0.23122682389708177,1.1250474372894688,22.170596276316193
1745290374,1,47.43152221773378,0.3593203281272624,0.24024512453850433,1.0572339852178327,20.039986734065682
1745650366,1,-26.312852045766206,0.3362961229160937,0.16326781107438795,1.220539887617658,16.86952802033065
1746336965,4,166.34567853364808,0.3594120426543838,0.23455000076702184,1.2648691707611348,19.222101279585214
1746379826,3,38.622872211034746,0.37711664305021664,0.33269931473455755,1.0115898871807611,23.987762942990102
1746456403,4,120.06506208887153,0.3780043099297114,0.24427974097912414,1.117845821530787,18.447165882177003
1747354606,2,134.15500417685354,0.36445287671069965,0.24071735309929623,1.1212088428253433,18.02942271831864
1747846009,3,-24.388049230566764,0.34593924757135897,0.2507113464848435,1.096600312327029,20.507769255099753
1748642050,4,311.7071022308085,0.3990584688218137,0.25399433258924625,1.0234794113341676,22.777581560769036
1748671851,4,165.4943449707592,0.4322358990505269,0.21100696202373984,0.9021041014376427,12.574437642889556
1748848667,1,13.818597230029155,0.3734869172049001,0.23275276114432605,1.0922321588743122,15.48854652016945
1748879320,1,210.1863635577958,0.3765685696260045,0.27327530147837137,1.135469901081362,24.381979204080395
1749285601,4,149.558018173917,0.3621561251955063,0.1744527049105443,1.0859727199657374,12.316081428966108
1749666987,4,259.0296101981088,0.3426904066641787,0.28117634202900493,1.0787600367587622,18.53402027785489
1749688285,3,355.6469262917774,0.43394962833179457,0.27316964902003227,1.3077514576548541,28.443865882984735
1750306188,0,-2.435137233759548,0.3956845039977641,0.3680965260184023,0.8471805526271292,11.383223221833482
1750548820,3,54.71310363073743,0.35528367019402274,0.1638896445903908,1.0828526202258364,11.042251070982061
1751325850,3,53.18798563103509,0.33655208020574606,0.22002033239294938,1.1056828408458452,14.589977028933326
1751332443,3,173.19382657313102,0.3751298688236902,0.17105340136523894,1.1254271662232942,20.398189982908136
1751447126,4,22.07786703718328,0.37646150821068325,0.30070427248564496,0.9420093073130119,19.776402011751713
1751469406,1,-31.05034970479501,0.34947361863891624,0.2087351777388628,1.154617150660473,13.303138441285462
1751782566,2,68.72761110780426,0.33691913816103713,0.24416403530554504,1.1784922821967454,22.243823624272842
1751963173,2,55.86884806201778,0.43051440582802114,0.16046668769374323,1.0722809267075906,14.0875008220253
1752199076,0,63.34710479678563,0.37750915653010164,0.2666671764535294,0.9609994509886783,18.00189172772395
1752812344,3,184.00434364427028,0.37388716244313297,0.21761188120797056,1.1511650887259173,18.786794173114043
1753150513,4,112.49226770062543,0.34292841565692905,0.24256042422089857,1.198550035550571,19.853496781114085
1753201911,3,189.2821638056588,0.37816656166826723,0.26701164332800637,1.0500817016786292,15.048327412014157
1753371685,4,159.27991926456238,0.3914649650472737,0.21139106776782962,1.0541228855452311,19.916130002690863
1753717945,3,5.035506023374637,0.3933443585266208,0.17161028152857555,0.9739813099117447,11.8284796601908
1754228548,2,166.5432297330231,0.37446933015148937,0.15057795761247875,1.0917291607255803,15.395286522941047
1754638763,1,196.9185130357051,0.42868460020233157,0.33830400267535315,1.060239409076122,20.302633198948882
1754839380,3,-34.52229136949711,0.36043190665560276,0.2701866348900521,1.1344825607729816,16.98280085458654
1754909012,2,213.44983700557998,0.3689042028229447,0.2626839220860292,1.0601912879463329,20.921416856567475
1754987570,2,27.005555213046478,0.3708077248409864,0.2852209302069769,1.056275072869268,23.01281162044572
1754996829,2,25.868867815392903,0.378465063524052,0.19474357341665455,1.1047790837503337,14.20152569874275
1755097598,4,181.98524926488327,0.342513310834985,0.24642892276216458,1.0004244018226507,15.753123796390712
1755361106,1,180.18907520897056,0.35011359735537556,0.27892215587094793,1.2148202544984048,23.339483495276124
1755371243,4,81.31450381997543,0.3635686710768196,0.22579001489537287,1.1613380630701384,19.19157367075271
1755519343,2,222.7380345025418,0.36449410441361046,0.2219110601010982,1.1112382199389923,21.01799233720531
1755789541,3,1.2434836093983108,0.33620605365254863,0.2256839369055674,1.143259856062922,20.815258402096582
1755924093,4,314.36740475863684,0.37164104846850765,0.24949543625630843,1.0184237797391673,17.408579795651715
1756335423,2,193.5544606183015,0.358517178387308,0.254746895120571,1.029747574844145,17.761269216689936
1756666691,1,89.7551019286879,0.3444564311257729,0.2358260377211336,1.1447550308868173,18.47424042985352
1756941114,1,-29.76062882677141,0.33028288627278085,0.1342826300469031,1.6942044412661277,20.34824801802218
1757174370,0,24.4437613916448,0.3372068160378289,0.29319697339249473,0.9974153674078927,20.21321129362933
1757237275,4,5.189450289724817,0.4251598954817606,0.12052209037370801,1.20378344102683,18.052474036917484
1757460664,3,0.9284338462315702,0.3469851671286878,0.23652353678671076,1.0072664602368364,14.997931458159645
1757862881,2,54.872612969285406,0.3578484108777862,0.2771619471318382,1.1823563025594577,19.866445852835376
1758001941,2,56.44296326240124,0.3428987690172293,0.2583955887059033,1.0779010888179121,19.062826492467256
1758192044,4,128.1795005192605,0.3722163355808471,0.28365832820197606,1.1288106388655523,25.951640298024586
1758920260,2,50.808641684560456,0.345909488948344,0.16754018486560945,1.0036274373160647,10.753499237755008
1759081904,4,113.37269061814978,0.3509718056069997,0.18354149100062422,1.1777510332028032,11.714608844054565
1759526318,4,27.485711038273124,0.3816454023063008,0.2858332055398964,0.9163506608985884,15.17191649301525
1760524706,4,76.17188219580893,0.3833583329419707,0.2533896075786452,1.0179541093524287,14.199712887228284
1761132878,4,-6.953004762716645,0.385018425996456,0.269939291806429,0.9162116546247775,17.57263555618168
1761703329,4,60.61812360482465,0.3963432553100914,0.20656894142224733,0.895821910996878,14.049720336626436
1762139545,2,147.02996608452972,0.3360622910782615,0.22584743301167917,0.9611618423388796,16.735378322797946
1762883597,0,145.92361180829982,0.37384073081075686,0.22964312842417822,1.0054098493638948,19.92692381053189
1763751155,4,5.50240269715195,0.33416419144357473,0.24811654775552938,1.186388442982009,19.354739833321453
1763893927,2,155.78099345129604,0.34100706791254876,0.2545585835692264,1.1401455865482393,20.820075586754687
1764253172,2,195.32549097141964,0.35375599025709564,0.257505827345121,1.0349409623514074,18.08888309754567
1764580479,3,59.34340576150698,0.41456733552498587,0.36645847696167294,0.955668107840351,23.419699511669673
1764654755,0,174.66840690576936,0.384392906030482,0.1747152764065975,0.9516177438032698,10.371120816637301
1765162399,3,212.65200375161945,0.37043907100829304,0.30779390220147507,0.9933657807018939,17.34865483567442
1765350912,0,14.570344437225145,0.32661711073103483,0.21451996548407726,1.2320322099855645,18.30959761335338
1765460904,2,84.34768498326413,0.35426759885849907,0.2497986925294713,1.0579849287381118,17.50783734590814
1765837976,3,244.4607983371348,0.36674740053401167,0.3595046499999133,1.2032009252646167,29.700967617880888
1765927815,4,72.28606401948912,0.3930790522294898,0.17347570314024371,0.9059995145011567,10.66837132211623
1766008027,1,158.94364231938846,0.35011908686346394,0.28562056365702154,1.0056559540031655,19.439093710419957
1766205762,3,131.0981156898144,0.34298977684920606,0.23024466916856112,1.249606084777584,17.935640888982118
1766427036,0,177.70852798567122,0.39070760573683117,0.22639938979124635,1.0308205169218136,19.9969766539969
1768246998,0,207.71315350902466,0.3728845141374095,0.25674383920561367,0.9635242476864081,17.250815470609837
1768426283,2,321.3195130728692,0.38693789945506113,0.19517660055115876,1.1715067493323077,21.314958834102278
1769198640,4,16.60008693445849,0.39246190258213187,0.2822709397118475,0.8654529706672178,11.78894608297377
1769217359,4,58.16012652199687,0.3834599956093181,0.22744037121991129,1.0648871158793567,18.104314604684255
1769343674,2,218.6088133747184,0.3709669281702385,0.24216229219054505,1.0009065102942147,17.484212522784002
1769579666,0,177.21147636897035,0.3550584442795478,0.23749767792788035,1.1297410908930052,20.797810781330092
1769889494,3,145.19827130238167,0.3846176047422056,0.1814042656574466,0.9653458481151345,11.772162857923457
1770296397,3,138.43434604751374,0.35871449307611347,0.23016289514541988,1.101151485400428,16.975525026994628
1770973625,4,162.44753030165973,0.36098905874400633,0.2220884885641184,1.2104884846220294,23.16773388920509
1771399222,3,-15.931235111934456,0.34676103194628893,0.24102052615195313,1.1341481143769572,20.17637816942272
1771648139,1,36.16340452068432,0.3469583463903272,0.2177008765559103,1.076325242500676,13.712284407252813
1772221241,4,246.199777998695,0.3860386743828277,0.2377428713920443,1.1038659349551996,24.324406570846815
1773311444,2,64.00880837618968,0.3485790336934932,0.23092484205401734,1.1513583362028095,17.852828612292768
1773383580,0,63.883326384921126,0.36611149830118905,0.24697169569073638,1.0348254933564842,21.018316912212796
1773451274,1,15.756885096388771,0.3819363090879655,0.3382843156018076,0.9323060436884101,13.05848401507021
1773543795,1,-58.295887920981414,0.34579430567695657,0.1870243595693933,1.1429215267150519,17.102862331536986
1773625763,2,149.958514818887,0.4067088049053862,0.17400360716761468,1.0439413633871386,16.739592959653365
1773759171,0,93.18975308535958,0.3968470100778479,0.2037016002870592,0.932850506089578,12.185224587910682
1773982795,4,55.337867046738786,0.35290822349256723,0.1938557437979051,1.052012260747788,11.279428571636355
1774773315,3,97.81860836956446,0.378374168558831,0.2862207884519744,0.9021812738203877,19.91247564298651
1775591199,1,145.21200156900073,0.40105864372768246,0.2396296317112366,1.0056711146347497,20.52714471173958
1775887847,4,223.53300085676983,0.33230701335643503,0.18685977967180756,1.112150872060185,14.311726887980802
1776137292,0,271.70111889776587,0.38809691365280347,0.2663903169767387,1.1146099596041623,27.34684961271531
1776297302,3,-0.7647022306737767,0.37362520744799976,0.33063907380969865,0.9518104430016587,22.286378502296614
1776629260,0,34.28405779106759,0.37195340171948954,0.20137400361628924,1.0979358493458835,14.507557873063597
1777009355,2,62.75271329092439,0.3586963282123062,0.2657340696740288,0.9577559425043769,17.476959723186628
1777047790,2,144.2087835559817,0.30688922841158506,0.20544192296514194,1.3877544823584549,17.4136237974054
1777341480,4,187.48967600588827,0.3862767200114021,0.1777568416688059,1.1882709760660886,16.044442293617077
1777517337,1,225.09876120994366,0.3670310178961689,0.28237795931784365,0.9495718101817294,18.784784611918763
1777622609,3,-0.9495174385917267,0.3847752164188594,0.213326223038619,0.892727177826267,11.95612214260004
1777831717,0,330.84482996127923,0.3897677623191689,0.23653977448650787,1.1751891098418603,27.148590947261273
1777861386,0,204.80455463302337,0.35811677890784227,0.26844671650153895,1.0092609506989332,19.15141652510072
1778072997,4,175.18373043309998,0.3800659848256359,0.21564346306999574,1.1320988952657989,16.100828866021807
1778095789,3,8.534420510806285,0.348172780362276,0.23177070563847527,1.123947368804614,12.04121880859228
1778794604,3,62.00885450695849,0.3963541785525088,0.20088710618130942,0.9992715588969235,13.599454930851445
1778806349,4,-39.73619948127728,0.3758743589418653,0.21850900841563747,0.933494203577738,14.12842101447904
1779122339,2,261.606065922467,0.38032192767468637,0.24868174794689277,1.2487059011444506,24.07340919711187
1779443972,0,44.026685704557124,0.34396367023146396,0.17271262022261868,1.11721034474017,12.89956391962966
1779551878,0,1.1169485894528322,0.3772526053173594,0.3317737318287155,0.8972222561068998,17.589121433416658
1780220643,2,7.118357945482828,0.3734826951566792,0.3206603509063423,0.938385360434061,21.378841803283805
1780262446,2,126.54348552930081,0.3800864062367286,0.18768805125893562,1.0658127392571464,15.863288559025367
1780443736,4,205.33377398231312,0.3568709103668997,0.24165896719439592,0.9983341116497422,15.652119547068601
1781035787,3,216.98289736146717,0.3887229257234837,0.20625020083509799,1.1664150579432027,22.556373004525845
1781608309,1,39.423809297595206,0.3502381116133267,0.25502240994448133,1.0786936509565699,16.532649121782356
1781915086,3,-4.585869069542127,0.32163708596952645,0.23666296770229042,1.0726632971932386,17.408234912577598
1781926636,3,4.67377974661423,0.3671529939660203,0.2979524365539607,1.0303470328275455,23.0205870169574
1782813918,1,195.20061975789952,0.38184567253594087,0.2660878443399985,0.9890900077404624,18.23433201787523
1782970907,4,236.93536694521583,0.3837877362026967,0.19258267715034688,1.0429560379800833,13.315862850596833
1783140001,3,1.6270515012371192,0.41113503559851117,0.21731020219548888,1.0845274620779488,17.965070824829297
1783164838,1,131.86418323453262,0.40905432987319185,0.19701252602176217,1.1499170242843169,17.58943507849842
1783173657,4,108.2020262866868,0.37389158365457337,0.13640022587635453,0.9637235717471533,9.340289186383632
1783262113,0,163.30895080340866,0.3815620503339719,0.20717819072520227,1.0094274725579884,17.487136884912793
1783614985,1,22.79750851415625,0.3472597270532195,0.21788842838265202,1.0380420978378633,14.508182884980435
1784004493,3,-16.013991381240402,0.37826484467103105,0.20833616847890696,1.1316898759489942,15.595094822333639
1784137084,0,8.150552478040339,0.34032553362438256,0.26910519443154574,1.0584194372013367,20.15792707450007
1784177503,1,93.0504382124251,0.32666417024969074,0.23073791626754894,1.2019177570044268,20.324667855462657
1784231547,0,149.62328366623612,0.377589350953075,0.23792017291777467,1.0065228343840715,21.019168778139633
1784319633,1,106.96256755196437,0.3851894042168412,0.18228940204021576,0.9312937745545762,11.58040954493695
1785002432,0,135.3484625470975,0.380723460537533,0.2505393493182307,1.013904119856582,18.240002903494382
1785099361,3,165.82789054989524,0.36812914181313394,0.24438030471763825,1.1962100699531077,20.53550910939023
1785446728,0,149.36355986202315,0.364430313958391,0.23919579935875526,0.9574298814649396,17.06678907458206
1785988282,4,119.24189094255746,0.3901665024680335,0.3111615019359274,0.9022324655371206,26.26739064891941
1786011241,0,60.19554294537559,0.31738462780183585,0.2113537452142073,1.1538595470079493,6.949915588710564
1786063717,3,49.409319408108544,0.38412934029274626,0.3175345430276383,0.8947141255701642,13.696197795207146
1786072112,2,134.65899665062688,0.3743468934606398,0.24296390343845523,1.0739524020034619,19.794325545221334
1786149230,3,6.635850313737038,0.39418346231192,0.21396287791896554,0.95204653202193,16.428049183096288
1786272690,1,231.00082764739403,0.37709897755042465,0.24746398904942643,1.0685273752818147,24.7803489516563
1787334599,1,-34.89906696003115,0.32706029933080044,0.22948877415535077,1.1539624864228217,20.407450183533033
1787342270,2,143.8618457793866,0.3706557846634788,0.2503222261880223,1.127006037230967,20.413625195682997
1787772171,4,14.16671437372284,0.41134911441000577,0.35308313861221213,0.7980231100545628,11.943841886579277
1788116403,1,84.72802021077942,0.37036792059741797,0.26123176939235637,1.0287993358157448,19.958235744570356
1788310964,1,73.18012399258654,0.3657670336506682,0.24258190039244754,1.0708811410227437,19.23409980913778
1788326945,2,65.5388293696501,0.34858469702911654,0.1497790942567283,1.10349420745192,14.184156809623127
1788446474,1,261.00082006245225,0.37404461121364196,0.21529647100708188,1.1432044722776766,22.0803799260653
1788777860,1,173.04358678363184,0.34613495703118324,0.28648167571305116,1.1283355754113922,20.506167061215756
1788955118,3,94.58280132476685,0.3485394142492447,0.07727646778959849,1.4786488682537318,19.752459356965257
1789314864,4,-80.78293215408627,0.35716449416026474,0.25134827585747416,1.2224206870091308,18.54980380504491
1789414981,3,74.82750396667988,0.3272795798208017,0.2178918427909671,1.0634524499682168,13.510723794803097
1789644215,3,55.84722398149873,0.369160554995035,0.2868579451608292,0.9327686168679243,16.64190676879597
1789925675,3,24.40424137100638,0.3599561783921451,0.24918708643446258,1.0513941367061246,12.464065028538286
1790048084,1,-53.292072714422574,0.38667022534805157,0.3542338955884129,0.8979314240100322,22.418747449346952
1790316910,0,135.85125782168794,0.3292826672619688,0.23768243570923042,1.1644245086221596,17.24492344401594
1790362530,3,18.207322840029136,0.32577081766914945,0.2131511275980454,1.202784876871019,12.90257390712404
1790709868,0,144.64181279511305,0.3631848584543123,0.24761550765034854,0.9618649055243094,16.527529560031436
1791119608,4,32.2894308423939,0.3952006903743886,0.340554424917468,0.8666478859332002,13.085062965991733
1791310539,2,84.30816783086067,0.36073094652260707,0.27337596044597534,1.088073283572814,23.94737541195725
1791321384,3,112.66365559419734,0.35606193261724584,0.19257623883839337,1.0037121603936536,16.329052275114275
1791454945,2,217.70013080765688,0.396574686210202,0.24682426381898104,1.0383074318993428,19.234544495283025
1791486137,1,-17.67205456529625,0.3573486558210923,0.25738917951469686,1.104179732725635,20.153618018147508
1791802492,3,15.968206519089847,0.3369412687951853,0.15037963103505503,1.284951476751643,16.183309429832498
1792328384,4,65.70527292002639,0.4003751010252503,0.08410755191917232,1.2981904941522189,17.958237764054456
1792336093,4,61.82274189578193,0.46538421601101254,0.12394602808508992,1.0547023839606957,16.242637736257254
1792419504,4,111.24793666542695,0.33265800548618335,0.2918362101536711,1.00928023499196,15.417524918839066
1792717166,2,153.2057542041243,0.3833116149202889,0.18414597813025868,0.9156887440520658,14.474097611764016
1792997917,3,26.43430891477432,0.35423620317406673,0.11627106270116172,1.3821312782625639,18.128334425076698
1793024081,4,44.703205356489065,0.33561186126704423,0.15660108756230973,0.9927831484729064,13.897226838180336
1793643312,3,-10.456953999256399,0.31975894275006184,0.21724989201827807,1.2047446993453603,19.36658088958994
1793714873,0,-28.16957175002004,0.38373544092446643,0.17104368627867847,1.178086361449467,16.059130703564392
1794681107,4,137.09329603803957,0.3574885781494844,0.15481706773306886,1.0108949787713208,11.268444213372344
1794683515,1,165.52382261523263,0.3690208554417699,0.27873485554116223,1.147225233099305,26.938484856100096
1795125893,3,132.4765293939289,0.33919254176720837,0.3121973726210424,1.235794085430543,26.89435142924797
1795185770,4,282.76111401540595,0.3704812766893433,0.26613019204810434,0.9872944207403437,20.22582003723629
1795208457,1,-7.5111629543206675,0.39992753128805303,0.22174113188588518,0.8433473231942274,14.947565338750644
1795274975,0,209.1578067579881,0.37163619211556465,0.2176238805941253,1.2341941576127244,23.08022245607521
1795499344,0,371.8411728221028,0.4352678051223861,0.2673706498071481,0.9825870698544606,23.278524239986282
1795625722,4,34.806755196487416,0.3886902758919504,0.22900404774762215,0.9315025816266703,11.738968424864822
1795760270,3,2.1433661683521024,0.4026821166276557,0.22584009098925475,0.7644641836883119,12.302205017182448
1796091822,0,202.14228536418747,0.35284669819893094,0.23217704944636608,1.1787398310284245,21.117438782129945
1796177259,0,285.4287966019177,0.4139119526259307,0.2289053414238676,1.0366620604668035,19.72555232416025
1796439360,1,219.0681526971748,0.3689259932803482,0.22803053260624453,1.1845520612543423,23.674658429037116
1796856353,4,45.78745111500148,0.34929303002678036,0.11670969042251297,1.146897939741738,13.940262953352196
1796975944,0,123.78532851118409,0.3394727485077163,0.22511890137188212,1.1048960262188825,18.500353805483243
1797111879,0,193.14119426009594,0.39048776816527275,0.19172305981349447,1.002713901300416,16.47500046519662
1797127681,4,58.83041112525448,0.369502849622688,0.2078830598702195,1.0907037586635053,13.02488785873128
1797412842,1,80.1714493150494,0.36933361777397583,0.2287741387941832,0.9589640098815909,15.564095484012185
1797791168,3,32.48110893624357,0.33744605805903566,0.24092252011201012,1.080152559758796,16.832981051790934
1797950227,2,179.62434140223564,0.3861729188829993,0.22482976840825153,1.0787704844467414,12.863101667419102
1798703824,1,207.5303505603711,0.34126602484549867,0.28530672790714373,1.1893514336781066,20.2121727640763
1798783963,1,290.87773129692584,0.38094750003631855,0.16717578711830766,1.2433325384997342,22.381924539047702
1798943055,3,-15.347384487275122,0.4144645318448844,0.33448042155959845,0.8215014049183655,14.104290238930494
1799071483,2,56.653490819771704,0.42198906527200414,0.17817834300024482,1.065870413073589,15.990082494239095
1799254140,2,226.2314952320976,0.389801569863806,0.18454787675708356,0.9792076589941783,15.260496143390494
1799502171,3,21.568359209150003,0.3807100825203906,0.27355790679669173,0.9564544448719776,14.507525684951311
1799759378,4,57.52836889404778,0.3685653518588531,0.27739949333350056,1.0807850240758552,20.046948340774318
1800029719,4,314.4451963772393,0.3716408940746775,0.24951917594287465,1.0183780306723418,17.401915135894374
1800644931,0,65.4366652907325,0.3715299901067468,0.23164158373390054,1.015393084817931,17.24853468389284
1801218015,1,42.26335254647835,0.3359214008105793,0.23472435936174313,1.1675151169350095,23.121970175850542
1801224003,3,16.06490694583495,0.33301535263277243,0.26404257095493383,1.0901585392840527,18.087390212592588
1801465428,0,66.36678936985203,0.3403783988313376,0.2001749637459394,1.1200677196247908,12.615471608235964
1801821900,2,67.731515046543,0.38087220257008264,0.2829998948625944,1.0183068023289905,17.558049871140803
1801990211,0,233.34144049316006,0.3659391209573401,0.23561677161694808,0.9529094391362452,16.8284888064115
1802780820,3,304.2850154440681,0.3794300988083796,0.2762488260379078,1.2920236382752333,29.86645044355796
1802973320,0,116.44847789729484,0.36351854476921547,0.19854950650805922,0.9696466438419389,13.358379958145676
1803088964,2,271.7784628835296,0.3739485408151297,0.2522547642945129,1.0394353569906696,21.54609515195491
1804539920,4,190.37681791000404,0.3843166807420977,0.26470801388525517,1.1405527823717168,20.57504081380775
1804622774,4,145.2045702610174,0.3865162572413869,0.23704684752026942,1.0327478415146345,16.50498790633478
1804735174,2,136.44149540460558,0.37188183833705973,0.2450501582845284,0.9898685726452106,22.945136745591437
1804758935,0,166.30096587172486,0.32602596629010505,0.2011627938615383,1.4087062912950974,21.207363982681855
1804814245,2,52.04684240219087,0.4101092659490365,0.21251699341898472,0.8198934123135921,12.425027641034681
1804819295,3,90.55793419843968,0.3459806135077202,0.17444172609860736,1.1265844008630808,12.701261617347939
1804829075,1,67.27568160425707,0.3398834918824463,0.23342210812353376,1.1553592833014257,19.778727674874787
1804836030,2,295.8833731147703,0.36492468195871824,0.255687652858058,1.1142806077605378,22.936950107043764
1805818890,0,177.85076817739088,0.3390452192847334,0.22436320209360783,1.1711359865375748,17.920065748885587
1805828893,3,27.52958339521875,0.40179073990255726,0.3595454369127123,0.8831579168807736,18.61918073208265
1806252045,1,87.66932538634941,0.3298711450868264,0.24524736383801476,1.176991219127153,23.49346231722585
1806255411,4,-17.407597815263074,0.36240151979594126,0.27627113146916626,1.0090312230274032,17.844793514133098
1806416444,3,184.24469495024013,0.3628882584163246,0.2658523634186131,0.9656000626963805,16.920343003233324
1806691588,1,189.40870774538342,0.3370519937826914,0.20801505271295656,1.155692707001251,16.11695378382243
1806857427,4,48.07933701490266,0.3647818772958031,0.33084967427216255,0.9486445143808487,21.24257023302702
1806961099,2,219.36810153955858,0.3949661285807788,0.23044061903968366,1.1398009402834501,21.69488649970357
1807042238,0,55.590220843082186,0.33937815722823006,0.22835182548651423,1.204951810971261,22.150733356158856
1807156052,3,8.55903492192553,0.3922007975549657,0.191806252394283,0.9736540254394412,14.149418330428173
1807233855,1,-5.6518602030977405,0.37100034816907956,0.3101502164990638,0.9725085234282133,21.422711399846637
1807732967,0,79.78074729649423,0.3428906659678722,0.22359470238188028,1.1596286658689572,18.328062401578364
1808141855,3,1.8090671873692514,0.3540186786129131,0.27097539052116154,1.0698876287346302,16.922837595399386
1808438148,0,56.116868572159625,0.3771771564021198,0.20322506393893183,0.9361876857317106,14.11973913806191
1808604040,3,215.19013438874225,0.3464590472226922,0.2762529260835923,1.1667144624579664,21.142206003756037
1808750963,3,55.57173834304499,0.39725884085281365,0.266997809677772,1.0206130759100842,16.36059718047848
1808991863,1,32.50311451490168,0.359094996806922,0.21757141241320144,1.0739314980045593,13.27059325143016
1809093717,3,16.98755315806868,0.3884741093815435,0.17419636398967503,1.2763656590700811,19.922697722470843
1809334970,0,-52.674942383344856,0.34238350214493096,0.13402997580962983,1.295809962266142,13.119123379260119
1809372811,4,308.41146050283874,0.42051298661665504,0.17247959280444566,1.1322146519419325,19.468220498717695
1809467126,3,117.56969057656161,0.38660904830680515,0.24162630790183934,1.0528941997808121,22.637071484924682
1809480718,1,166.2647697394838,0.3926456795042689,0.18577853559445345,0.8004988779726436,14.605707456629805
1809618585,4,17.372179425861304,0.39108825456899887,0.2967118147616383,0.9310348611354349,15.381595820754546
1809672801,3,12.23723238806592,0.3750190800625607,0.37416889047865215,0.9200334289552787,21.294824076969206
1809695642,4,188.89375583763916,0.36204040222223366,0.17980280852995323,1.1609545938568258,16.69222580526681
1809858457,0,133.15258355925664,0.34132821157725146,0.18344924275736896,1.3654229780652385,21.245039563718635
1809876113,1,17.092100239961212,0.35272962524282986,0.2572560220174969,1.0146020996678173,14.100374628221235
1810490415,0,50.16484773902628,0.3392643904429748,0.22688036907144055,1.101941523561273,16.944188030106957
1810774375,1,194.70150848884475,0.3795275776967243,0.2579628771986383,0.9338847372914164,17.1132422068144
1810979250,1,93.71454533749633,0.37387945739725004,0.27023591479245296,1.006098987592731,21.292293626424065
1811086141,2,19.75300904186828,0.3219089860961037,0.19352647926879862,1.1575235257265724,15.095498521738579
1811300122,2,41.013752468678966,0.34044296633909144,0.18077852859838278,1.1353124634325562,14.648983103813704
1811542913,2,139.8541720674254,0.3702296307589695,0.26711720928600396,1.1293831170237492,24.27058606352879
1812532838,3,55.965114583288546,0.3382494102414825,0.28446908664207715,1.1486386108449729,21.679709687655727
1812564153,4,132.79359112034066,0.35820817377300046,0.2508356441120949,0.9751660624846502,16.031451177593297
1812700910,3,70.19502702841324,0.3774408190833749,0.25011026804257197,0.9426325454105184,12.457702321812512
1813031373,0,-5.033401046502647,0.33570387844729854,0.2248856409314427,1.1033688443443053,15.28031414565576
1813310957,4,159.80300351548445,0.36887430056420134,0.27440622710770396,1.169958136545567,21.76035531286982
1813912008,4,109.72689844220318,0.3533435268655383,0.14927684835502705,1.2118385405052674,16.445009142664496
1813959998,0,174.24374444728974,0.3661171108628085,0.20717885182932938,1.1716351185823406,17.458869972321683
1814261052,4,67.97060277245257,0.31240495430940146,0.2802579037787049,1.1484971435777456,21.4715379030106
1814313694,2,55.78870828746498,0.33884340299736126,0.25670890952110054,1.1244573684338477,16.432203466565184
1814513311,2,78.3118269528212,0.3497536550379256,0.17109403620391372,1.0347233381461785,12.819164645789362
1814521184,3,8.365119597844611,0.49386145568859563,0.16680160060439148,1.223416471729545,13.905621681746224
1814522046,3,87.65032264261693,0.38018301761895923,0.26301258929613436,1.009368670802306,18.331110039385596
1814526307,1,197.80222166649006,0.35994830468713074,0.22904503887556063,1.1933606636922849,21.484118778577542
1814705967,4,104.6696287246432,0.3520636787740731,0.1789280852760997,0.963366286844885,13.456241018214042
1814831585,2,168.7129752171834,0.3587641179273819,0.2539033624633268,1.0270237493593837,17.36902558799177
1814888987,1,-39.04657693872696,0.34423908486355337,0.16884216808905977,1.191569492041448,19.708953811118825
1815199784,1,143.7218895972636,0.3662321035079595,0.21050527010488226,1.1118178347889798,18.045858647826275
1815220094,0,190.88881240763564,0.38079000692325843,0.20106677239123377,1.1148483941660803,19.634314498272015
1815368241,0,22.438853275110972,0.328537015251759,0.31943324465387446,0.9547763204834836,18.81635128748069
1815372590,4,24.242029607872638,0.3596091817684928,0.28333489188541355,0.9670519534436175,17.35732766568317
1815391317,3,400.77807713393855,0.44439189222973174,0.22432006311493685,0.9322647027839759,20.524895238272297
1815514979,0,206.04135782372782,0.3864426966564269,0.2152823174479771,0.9557693615398224,15.405554053521517
1815907027,3,33.58790221277095,0.3611971625685089,0.20801530253388606,1.1252455800297603,16.039884883726817
1816427508,3,59.350494765360814,0.3895083169071238,0.29690222159679625,0.9488333098245211,15.687385262193311
1816536666,2,208.09053324163426,0.3687784315945012,0.24093212615647053,1.1035563397533965,20.405044658030025
1816744100,3,300.0650336758544,0.38041918041115924,0.1691616146611209,1.1387874402266263,15.163453489490381
1817213256,4,253.88054530292055,0.3558086206277967,0.2650299672249524,1.039490733700166,18.438293900502227
1817586753,4,85.26009736850826,0.3483589176965849,0.3025833475149306,1.0338493899057182,21.42273726002099
1817646491,1,-14.78136819055075,0.3787621440649176,0.13098533728900102,1.371980575928088,13.621765538052705
1817835124,0,-93.00521819255805,0.30716676321164027,0.12421211102305621,1.623646270865266,21.19326093042652
1818051082,1,189.53608905080677,0.34666754110331105,0.30825463796906977,1.08660121071144,20.491204050562914
1818615314,2,69.22984025560257,0.3408700937134468,0.2606402963586146,1.0046398939119605,18.04252599212721
1818810158,1,56.7412760054647,0.34985824046154274,0.2707014288973529,1.1092464294652342,21.73667631106173
1819092687,0,57.01336578642827,0.32731977908229254,0.2623617416819618,1.1593491241778149,20.798978296474466
1819263382,1,180.34281126724017,0.38047757673346694,0.20593908866733285,1.079985542171065,18.7001018029158
1819602456,3,-17.620876797684716,0.3791577436472868,0.233643091866008,1.1338452822303124,17.3000616796309
1820587217,0,245.70237091134288,0.37070664742601594,0.24681583909138408,1.0478584351830411,21.638316929540927
1820695762,4,75.9670288844114,0.35727421060294606,0.29056932190656676,1.0843845706554178,19.66853714277004
1820800881,1,215.22836545579094,0.39435469780195403,0.20633331149800954,0.9323201045736415,13.863357623225006
1820965288,2,88.98103761633193,0.3383486149868048,0.23382528370121478,1.2569126649858042,15.756343628726482
1821594642,2,172.34906867204873,0.36832994020977944,0.24566264123904738,1.090966177854006,21.43418936328129
1821776890,2,152.3771334183513,0.35794777561618113,0.21603099095619882,1.1787980017689093,21.66846015972853
1822483719,1,30.413966133876343,0.364378970376758,0.3445770885447921,0.9415300990030295,21.34969525008586
1822664278,4,76.68340155982806,0.3419025113971398,0.20574596562128475,1.0131499309297414,13.83664544025754
1823153942,4,221.78978787488134,0.3415827661362328,0.29182324783736757,1.1928765897644622,21.56083925117342
1823366229,3,70.9895065899154,0.36417259328027307,0.22491157478394455,1.104692377026259,19.40489487953855
1823476334,1,81.90483656260574,0.3719831965064611,0.2951085864962092,1.0499212317628577,20.29691783021326
1823522189,0,35.271980098978524,0.390537776035559,0.28637767911580914,0.9657139785470505,15.83414488285601
1823535687,1,15.986677963923228,0.3515610005796105,0.2509093577388826,1.070036015703322,21.320024810698698
1824329781,4,154.0194665035762,0.37511712785960805,0.2796541352680874,1.1175640978209698,23.28453073470522
1824700293,1,5.465664088267545,0.39361730488633545,0.3519603090207338,0.8703473259304131,12.252561592653626
1824932578,1,169.08238037310417,0.35106319801669106,0.24034954445207785,1.003033607723113,16.821724849344427
1825472814,1,201.90323489654577,0.3565101755795788,0.2693392159171482,1.1846941158653885,22.94235342922808
1826128756,1,12.619436189676065,0.39216138309679965,0.3433758741804577,0.8746392899327676,12.305535860303792
1826423349,0,225.09285076576003,0.4160090980089291,0.2139396982545253,0.9843743897486467,22.864323919287372
1826581063,0,221.96208049562853,0.35240042341425454,0.23152216334193176,1.0185430775566362,15.250612853367269
1826810455,3,218.26610728055502,0.34851878257336466,0.22347916670102896,1.0206757889591254,15.815082579537071
1827057509,0,23.44399011805899,0.34046449871533185,0.23639254867961818,1.1504533696522299,22.100337830296297
1827233180,2,42.516184192653434,0.38326475032499646,0.3328708866479785,0.8742657563996377,16.172991138600658
1827383703,1,220.08145205335396,0.36018399727849226,0.2058100247563389,1.0921575259875604,20.440045889045308
1827805083,0,199.5730192976298,0.35294927210675303,0.23079768171287227,1.180203931874447,20.99548347800902
1828252932,3,121.6135129375102,0.4117261767543981,0.16895370817786892,1.0462952906950673,13.674326073619504
1828453397,0,85.02463872934827,0.3557942353432418,0.20621310883822913,1.25050052504542,18.30704795818073
1828496288,1,77.78463105757945,0.3472151809586519,0.23828721938384795,1.1576484483107083,15.582596160734328
1828551601,3,74.0427592577838,0.29961247812354697,0.29545189983771614,1.2940435052045054,13.792146745076101
1828668618,0,101.73242335706762,0.37935959821112125,0.2171404260776127,0.9968705358871286,16.85704756323866
1828961126,2,138.83540031232778,0.36842839265633665,0.25148065671795927,1.0807177412144684,22.681775915219486
1828973221,2,130.9454287562402,0.3492378164142357,0.24996146834975488,1.1822232642309363,21.51336754057833
1828977072,4,89.90887454183252,0.3837706813542911,0.2460629463097796,0.990227934888898,17.484693579558417
1829411915,3,125.22588823450255,0.3841894444366719,0.20034742165228245,1.1432222043096707,16.356440338134014
1829654817,2,141.22389316571127,0.36788334478307605,0.2615032615901367,1.115903818613,22.82259456679167
1830100599,0,180.54072667733493,0.36579963926171255,0.19453790584257752,1.1857073325345338,21.89280427417355
1830469159,3,17.559925075262527,0.3381272858819289,0.16278043275189882,1.2506264751293295,16.194540988672976
1830893860,3,8.655695260053179,0.37965281084677815,0.39003456179217755,0.9065515566661172,21.74659188378005
1831743927,1,217.0231663344323,0.3544147304851403,0.2795640491179256,1.2502274500498833,24.69569672510513
1832371636,3,112.6826943467718,0.3739187250298793,0.23797556422885885,1.0675448945413986,20.908691832457315
1832963659,1,216.64805299036794,0.35949113992769427,0.2768508269412661,1.001005983994736,17.889802676673362
1832968600,1,34.152344296240344,0.37711486342869066,0.28827270722885956,0.9575945766316756,12.807944378288868
1833216472,1,193.78581932839234,0.35946086866010585,0.3327725353566199,1.1221116369626423,28.805925818448745
1834039585,1,81.8513488134609,0.3346230163204586,0.2168853584641634,1.1803809238933556,19.940242067556774
1834169078,1,245.95989352555284,0.3825867947369456,0.14924881907576037,0.9325100455348926,15.936210128463074
1834440826,1,5.13630222580835,0.34046958812868894,0.18820276613451298,1.1993080214430725,21.051509791763323
1834775911,0,289.9926604752544,0.37354560913585444,0.20362912869920385,0.9763363088843433,14.192500428709618
1835012454,2,40.80346906413581,0.3809277145535926,0.2328964051791283,0.8928088194751529,12.73939032698926
1835122928,4,19.667698664129247,0.3428993477473409,0.27504465065764105,1.1701454844356804,22.326649153811566
1835485471,0,242.74504793120684,0.43069742077631035,0.2145789755343522,1.0449238997890846,22.304374921793965
1835490672,3,-10.82680490248832,0.34682910291466107,0.2058149340059972,1.078236035060779,16.183311184815306
1835545898,0,88.88576918323633,0.38153655912887646,0.24302060947783463,1.124158085426626,22.62449463884425
1835793920,3,169.40369500561147,0.36459669149641055,0.34670801236207516,1.30301440079871,28.292780009101346
1836092833,3,100.85903100948723,0.36050576582968913,0.23564078573977354,1.1855940676483372,14.676191585861192
1836401630,3,247.41539625815702,0.4055087014299958,0.2770726175737256,0.9883775677082424,24.782997706613383
1836411379,3,27.73629366970505,0.4395696509392578,0.34274672226010006,1.017555628272222,22.53908384106507
1836445960,0,247.79102399282408,0.3851944203161401,0.19245959227762688,1.088586000598512,17.939321042156244
1837157915,4,54.385013545049866,0.34932784976075415,0.2336199344777062,1.0954395525620055,14.927175620535676
1837160865,2,12.960623129938398,0.3464993937473873,0.2680010352197886,1.0276821189827228,19.893400084468503
1837451686,4,132.0094306395273,0.35937032142897263,0.23274249980093017,1.1604386808976501,14.667747731276567
1837536238,2,115.50959701258292,0.36041714771101196,0.17882666360577443,1.0497688808626613,11.573697460465795
1837695049,4,148.46543159055193,0.3780925752250937,0.22454245491404234,1.1423974844123301,16.959943656455515
1837695884,0,84.96669995025647,0.360701363981458,0.2783300663848136,0.9501574539134822,17.27376969177339
1837801743,2,130.00683068581029,0.3539432837041479,0.23885233434205452,1.1352889892402693,20.27158194689237
1838148916,2,37.34587506311406,0.36985298465344346,0.29191550990660464,0.9554402810287709,13.60127137644998
1838224579,0,69.08957581715002,0.38202730535814977,0.23884443292628482,1.080412948711631,14.737403295900197
1838851947,2,147.89622031582326,0.280103633708278,0.21385693199219505,1.2781589039562598,16.039659286094338
1839284190,4,248.8623711797412,0.335938816807049,0.22180569679867715,1.1609351694759737,15.389507745407492
1839465675,1,177.58223664528495,0.3633647153140728,0.2278990213323991,0.9633050150780158,15.301689787672418
1839521966,3,31.09137019769713,0.3567020657444181,0.22567504279604866,1.0900421650919911,18.3382832170397
1840288311,2,67.50592461613213,0.3801508685852589,0.2672752037204166,0.955799873961761,20.69581518328628
1840821848,4,-15.78726478989266,0.34952306636637875,0.14368808057445945,1.3137768840601411,13.086085389746415
1841717328,0,248.58903407730458,0.3766926067418352,0.19312928555284517,1.0940490125544933,17.737475943758117
1841939316,3,127.73317068049137,0.2708071950606688,0.3218182312531649,1.356660458759034,15.172787746351315
1841990330,3,136.06950180007155,0.34670877117754406,0.21069134042439178,1.0614494602111506,18.261151126609185
1842093316,2,120.52301251798986,0.3600646610922782,0.24095261226778622,1.0958073316144188,20.215575288391967
1842577004,0,232.51010601465055,0.3657984334029382,0.22186044406241953,1.1237958009803952,21.647547596151135
1842579493,2,139.17854693807658,0.3585106679715701,0.24121388677753164,1.1131135948265243,20.79697092494905
1842592587,0,-76.66929513854073,0.36147354891542965,0.23219085454987076,1.1218528491481397,15.89703937145204
1842699132,0,255.3981125597133,0.367974668062296,0.24078067937875494,1.0815335597731575,21.78762343184167
1843486758,1,-46.91662320883165,0.31995355197429737,0.14258338172933888,1.3492510976501297,14.427733561089367
1844365452,2,76.89796844897619,0.3354007869445795,0.2609644292359708,1.1397579490281635,21.320480107275507
1844848960,1,203.63523548574727,0.37411066782631686,0.3248754930782122,1.064377937525215,24.302891345409137
1844857669,3,353.45656441110333,0.4167352402520151,0.254738613689152,0.9594591339475496,22.356836359996542
1845417873,2,162.0267890031101,0.36701946783173034,0.1910075745548177,1.2974426574781797,22.43680242879669
1845492886,0,16.488463154234765,0.3618532011784506,0.19189784637472262,1.0768164382459287,9.888573319129613
1845526826,4,87.13402802925991,0.3695808581957412,0.16358539149813175,1.0157817086192704,14.52015832297148
1845530087,0,80.02547989059732,0.33666301918821806,0.212723256249554,1.2928697042445134,15.534232451035663
1846095810,0,25.77458697978821,0.34586924686587067,0.1957896570545897,1.067281442261847,11.311707391233252
1846410609,3,48.13744120488884,0.362674907657459,0.2134925898663096,1.1897373786266159,21.028932923221685
1846941939,0,153.8322440582545,0.3621474683395029,0.20157455241629746,1.2537289128285796,21.12791877839275
1847001719,3,-5.563530227800811,0.3567621872755643,0.20210966719945436,0.9836468202176354,11.620715656258978
1847105802,4,67.65995395978692,0.3414871222114181,0.18155605960342108,1.107502093071029,11.937552473640741
1847970143,1,33.90246219517997,0.31585557802766445,0.2411378373222698,1.1058467101751301,17.113963351949884
1848016305,3,312.6512025615002,0.42560483353052253,0.18255986993994688,1.2799363119361784,23.93619797190836
1848203526,1,124.44464758940764,0.36529203851969144,0.27234961555068543,1.0779931632195878,19.241631557063567
1848234898,3,17.204285586919497,0.36365404463945694,0.2512902724016361,1.0237880286845373,13.79151601087759
1848433590,2,18.319764125332597,0.42606474866528754,0.20656405295668406,0.8212776734360246,16.670959661976045
1848774287,0,56.46080419845811,0.3999371507148473,0.2166465188281297,0.8128136630961074,14.626528467836385
1849021129,4,162.07113844748676,0.3724610812038264,0.20571694375063576,1.1781259570922904,20.331846831634966
1849183324,0,214.9983210650868,0.37829291502115675,0.2172243342463126,0.9768502532860892,16.350028423835195
1849374402,0,156.477943186413,0.42661318494505,0.12070080480992337,1.669604338617592,24.915728736859556
1849381724,3,-15.829116040396272,0.3931358909686409,0.2269151037487689,0.8913832764421381,12.691637159178955
1849606830,0,82.2294516167869,0.36862137006700696,0.24413240182281098,0.9938140932468967,15.184701454780509
1849651127,0,48.658003858901374,0.36695076285230793,0.17272994427407556,1.1170436205659953,16.758672665309597
1849868582,1,20.227933302217636,0.3623303940635734,0.2504937536105427,0.9373622498615983,13.000806603227108
1850000817,0,9.973162745312152,0.3691957075013796,0.15970966506805878,1.2911614049201008,16.851022518968808
1850128396,0,38.19376275754261,0.36742756915261326,0.25511323205768033,0.9936583869889871,19.277117330576147
1851184285,3,32.94864243734831,0.31129053872060297,0.2383684959508266,1.2131226320232964,10.67570469950722
1851228821,4,135.33168018114645,0.40966205564441105,0.2990253068982936,0.9118931164304032,21.63487735301156
1851430426,4,125.89206165728015,0.3612849907192406,0.2710786708358398,1.1483999339391553,20.069594580467285
1851457758,0,87.78048819643243,0.34284237787388805,0.2360414503326796,1.002300117334015,17.310344715654363
1851478305,0,295.7166972141152,0.3525870048115699,0.21568380546381669,1.0647341627803277,16.35448448142961
1851842760,4,58.111993685948434,0.3377542091199445,0.1872625170710389,1.0265478186614345,13.880296014247033
1852114421,0,6.129232031692709,0.37203977479711514,0.2624226231254155,0.9111023615307124,14.464670901333257
1852303181,1,32.679122845534025,0.3844394387833373,0.29852388541184594,0.9046463914916275,19.22793171089264
1852392195,3,50.182719038264004,0.38058343400605527,0.16224762967975642,0.9744452907793434,14.489353334670776
1852502200,3,191.35707046805362,0.36587904682530176,0.14679327623056526,1.29891213440727,18.43710411349125
1852654693,0,42.79409409127484,0.3676436157146786,0.24271792789850435,1.0894055915351648,19.220055857095957
1852734307,0,169.86486778334887,0.3334275252078803,0.18948338478608587,1.177563612211133,14.679316653463925
1853131327,1,131.91009300294164,0.3568619849556808,0.2732585688179918,0.964695834978446,18.500122468025353
1853159363,1,48.45867496689428,0.35016720956208663,0.3066809322744724,1.0069726831763688,18.68042103948814
1853589021,4,311.8942887174939,0.3912490945596652,0.27951150156185867,1.0036369632355915,19.146258309612442
1853676235,2,-39.18201107484195,0.32528518389685246,0.1249352915386896,1.7502983236518637,21.182653306050472
1854475288,4,193.4550028807991,0.34876282765741823,0.2594749220971658,1.0525725453447947,17.905062520300064
1854554359,0,142.98552202716434,0.3766465104669195,0.1788715027095871,1.0742957570093332,15.410531056705032
1854822078,2,136.2730096076932,0.3644275962993748,0.15521139076206758,1.2833232620705055,14.416201825411733
1854968322,3,277.89421087088346,0.37452652270835274,0.22435502561387935,1.2647156602809209,25.221148436254833
1855068918,4,251.06402540225076,0.33636964363122623,0.262889376526498,1.1015979849556625,17.57114803286556
1855109187,1,54.237468960538706,0.37976983383036533,0.2095180526074272,1.0352231768560352,14.494149089358281
1855247636,2,67.24746511134477,0.36101410613272383,0.25152625580769605,1.121381917991358,21.058398473997983
1855385483,0,134.14490484499026,0.3940477875166957,0.20179678230834833,1.1286866079734694,17.62298192930689
1855457163,0,207.81671688825844,0.37416405099485534,0.2682730881739193,0.9811298570124889,16.413506635453363
1856131378,0,191.7769061934179,0.35079857002341147,0.1972065489542274,1.252532066126836,17.466231688759667
1856962369,4,209.14235379101953,0.3535074451377116,0.27412722651166527,1.180044636720683,19.604516226506572
1857016044,0,180.36228861877834,0.3979116770092415,0.22129569716322176,1.0200189415817629,18.11390435789283
1857030958,2,188.48002216561895,0.37504735431578257,0.24628993391421322,1.0913933150447035,22.134988242910794
1857184942,2,291.6249137570245,0.3657884659105276,0.2378882094875235,1.0561986429762271,20.315686946711992
1857351068,0,254.45919052494838,0.3974769533887279,0.19967826632470737,1.225075906002,24.046431897364762
1857599978,2,370.1118821813107,0.4249507370235309,0.20164508518224505,1.12239659935338,21.36145118564211
1858324553,2,81.88730268628399,0.36598041023078054,0.3054168592944275,0.9056802150901454,16.367392647705465
1859484070,3,-2.180538659185416,0.3495652533055843,0.29368124866303086,1.017063130203339,19.576775379146014
1860210048,1,183.03900932700017,0.3646104694963876,0.25247116600489977,1.1581777370563464,23.046950875497604
1860317687,3,62.92208991624394,0.34031982830044816,0.3299079310275681,1.0785072181597506,19.409168825594325
1860476282,1,137.65997986902727,0.3729316424055253,0.3141096655866465,1.057971555784737,27.413795137339523
1860497514,3,272.9397922679654,0.3775274735130487,0.30215202045694334,0.9478551689505172,19.17085593526744
1860569431,2,114.14123910091618,0.38465707932631,0.19563997490365323,0.994498251641976,12.940881140750307
1860871285,1,212.3705104022838,0.3847400191854597,0.19835676913881986,1.1529066065057656,21.592250136374297
1861224717,4,4.270083032110733,0.3596158974639651,0.2952624895484861,1.0371721653784405,23.313275799065856
1861437880,4,187.2102163133078,0.39427713788435265,0.2386135569835023,1.0619197039270567,19.31094778311918
1861488768,1,32.77362006745107,0.33880396116332007,0.254992243155035,1.113694729353917,17.255465147949426
1861741928,1,309.8138718377014,0.45882031484807173,0.22804303984733632,0.857130860770281,17.426208614631474
1861909022,1,88.83955126918886,0.35959645319204087,0.2081039474219662,1.0257001403987054,12.807132304970835
1862037558,3,99.0774769812395,0.3692328473632114,0.1662704204669992,1.0428979637776536,12.880334235178678
1862323787,0,9.812978143311284,0.3486728871023991,0.25296208349281235,1.0704254027068807,21.22845056657492
1862970059,0,185.13152360472503,0.34134152192925676,0.26834271232903817,1.132976778535995,20.981164004267402
1863175243,0,34.411792534241876,0.31546246249184784,0.2313779385313356,1.155888329997529,16.21213670383378
1863577619,3,95.38912206165068,0.3382524321404105,0.20522755975288207,1.3792303185492591,22.722511200386503
1863578660,0,-17.95896558372057,0.35380703203466,0.23209816202515118,1.0429545561559046,14.664446728394179
1863583230,2,12.031207918624503,0.3350123670977464,0.11457022090687202,1.304599439141269,14.712669680584176
1863818535,2,75.53153324082452,0.3630005896757509,0.21875892544544465,1.1034484766455883,17.27732286771449
1863923314,4,110.16563941807337,0.33766773112941,0.2627415892412263,1.159624102729369,17.64856391416453
1864041202,3,98.4683847256336,0.3726661774825024,0.18301986516958235,1.0590785915978602,13.329911558542442
1864197716,2,154.93362715400406,0.3884137496592929,0.2256147638720214,1.0166100309498596,19.167201676817363
1864288375,1,197.0951347277025,0.3611562395282356,0.22261114368903548,1.2540098898863419,17.044397558089127
1864402555,0,169.33952199389608,0.36317037874399327,0.2379356672204073,1.060804707689635,20.60976262178238
1864430039,1,65.0133146975178,0.3441430202269644,0.260893697313511,0.9834018350254516,14.487702745413387
1864529364,0,16.580341954109898,0.39671338704203724,0.21788075078077346,0.7714093205741106,12.504003763187718
1864581969,1,49.7335135877113,0.33631686651762976,0.20560865952689517,1.0234686602812795,14.819845237939203
1864702589,4,36.52579337492401,0.33932125939312713,0.2629486795254774,1.1008760805610662,19.34769364821515
1864783652,3,201.42099049052626,0.38726255220656447,0.26734223486967534,1.1018193081449608,21.275161911849345
1864971169,4,186.1134593175164,0.3806936419762617,0.275181700761725,1.1341292782442394,21.985856118025843
1865123528,3,91.0529968872247,0.39224767697895674,0.25254225978932926,0.9814016376021798,18.710384738245704
1865362645,3,-7.08043674236049,0.37326279474349505,0.2726433990808036,1.0718261024560882,19.280779051637833
1865534172,0,113.3072493697239,0.35702164327296204,0.21673280072503404,1.1011295627948499,19.60740277667353
1865789709,3,114.4313564995747,0.3675182905583901,0.2143614044949403,1.095761516868391,18.47503757018654
1865790148,1,260.6460861443876,0.3998799824606404,0.16288897553058962,1.0288434094180734,16.61571793847895
1865960070,1,67.98844708213389,0.38354542816620585,0.18923039351383503,0.89258918681351,14.0602225995987
1866518598,3,-5.955924296916649,0.343912247140777,0.250014681723601,1.1141440806377219,17.793861192234736
1866896884,1,8.11689550515834,0.3453344031833072,0.23879959169848153,1.0967720793148505,13.376064482036504
1867066449,0,49.24302516887708,0.3286211302272712,0.22479807326509432,1.2190168571877837,22.91922477110952
1867844121,3,115.91002849523375,0.3599785348803017,0.22824689788507888,1.009188920218739,18.32857438724441
1867867984,1,200.3083568464898,0.3826056517588158,0.17104739075299824,1.068140529033712,18.301483709447915
1868095680,4,53.05162042446296,0.3601727602459024,0.1675881537009526,1.110650351799526,13.091306894467383
1868650247,1,116.69494875487884,0.3602218253944914,0.21007773068820537,1.1483500333930001,16.728815753330608
1868729394,4,91.21500468312507,0.35274660542677927,0.2793719677729435,1.1762413008374042,22.301480340226043
1869058141,4,98.82538798698002,0.36210236299590365,0.2388865318975719,1.1931633757451698,18.26651805929621
1869058674,2,149.7909852872149,0.34905914973863617,0.23435756673402328,1.010046702293682,16.063315552897055
1869415100,0,89.03889010522819,0.35546205159331096,0.22729215885946555,1.1648794121044252,23.844486051033364
1869493071,3,399.0439504456823,0.39554998482858833,0.24592341937263673,1.1038831079194085,28.789819749774338
1869593647,3,141.09684493886397,0.3820024085508943,0.22949310356772473,1.0545785285176106,19.463290111256345
1869660806,2,113.18319527509453,0.36219722965163975,0.287997069199777,0.9496690340212387,17.61491661697331
1870206037,2,129.52767737120422,0.309970301707646,0.19869541158203924,1.4042180023713415,16.106286142793383
1870504474,4,201.91152513326736,0.3572999690764228,0.2684593050083703,0.9616053491566579,18.957464861234122
1870599069,1,64.91751820475223,0.38441186313097386,0.1988271658002152,0.9048291212904215,11.099975064677281
1870681436,3,231.41953010323252,0.37483503720261924,0.27283047434236163,0.9434034102510274,16.94720443895922
1870773223,4,219.93697296021224,0.39789842510888346,0.25946653932595154,1.0822980991192597,20.19467657435723
1870860682,2,22.202167090815166,0.3993042454609941,0.320627863168656,0.8768163948086192,11.749442761276793
1871148344,2,36.41012544233608,0.4307480601042024,0.20906958477386411,0.9248756852367254,14.017574537999167
1871161866,4,164.3165868535516,0.3683737237103932,0.2813329347405957,1.1444262530790832,23.167603853869476
1871349402,4,119.91153979248553,0.3693911674935868,0.2632083411386557,1.1577025629617903,22.165732379312285
1871484696,0,213.3364411623858,0.3920422435104249,0.2198184209496118,1.0194948917462308,19.9292157223636
1871505743,0,111.5466390454867,0.36242590549712383,0.19466503044012207,1.2544465452026503,16.389286673365508
1871588823,3,288.9367274526888,0.37222893583168637,0.27139056018622676,1.2873782401233993,29.4424391799307
1871708716,2,90.91275613544029,0.3622108967738697,0.16819997865670966,1.2046151010827928,14.614212175649754
1872303483,3,60.43320814566838,0.4012375828686386,0.2296843963241926,0.9566481887192011,21.99708952040218
1872457449,4,179.32075367692732,0.3371174959425109,0.2191895809277343,1.256683715613909,20.41821261814406
1872607825,0,178.315185822591,0.390920497920136,0.2161475569951237,1.061818215604106,19.255383417026803
1872649544,1,13.19252675369475,0.34165072037635397,0.17647154188676134,1.0457907695896185,11.296511006636642
1872652115,1,162.47420969410697,0.3619011098804232,0.23686237554879222,0.9415390644702899,15.885360522039408
1873242473,0,30.663718769350673,0.35856294441506614,0.18816344614918382,1.0947059834236859,12.134907559751959
1873390978,3,66.35820892514565,0.3197569710392538,0.1967882349890537,1.0264686412554611,11.040938211390365
1873610912,1,288.7574795589378,0.3724222373776604,0.16374123110779207,1.2596691890253295,22.806728993388482
1873714666,2,188.98570336311445,0.3363275266524296,0.2575699733691114,1.0631271018605624,18.741565000754097
1873866400,4,105.67269865090077,0.33361868751167517,0.17678348906650976,1.191505828579142,16.35733487559081
1874165813,4,249.28949388484105,0.3754075042738002,0.229230585525236,0.9964775808279708,14.979820258730697
1874299815,0,211.90785831969836,0.353520440271073,0.24672977582734065,1.0899958562191676,16.87513195546046
1874313702,0,49.550483471601005,0.32505094628132897,0.23511532413653502,1.0227717236783649,17.48913726345887
1876018160,4,174.86465667554825,0.3872980552605557,0.24913961826243208,1.0400753207068203,20.181568398626823
1876711098,4,139.20751072119006,0.3697699529115427,0.27752804612750664,1.1389617729222112,23.232248716507254
1876833893,4,33.03975565745512,0.40661640444483027,0.31680657728975564,0.8601082917391321,12.778234825012905
1877102749,1,-39.679605439148645,0.30519117314084976,0.18306288228055254,1.5160923958630395,15.841306363708956
1877161213,3,73.41179114473874,0.3624860233259612,0.18342046312280397,0.9969831209155635,14.80730906668122
1877302307,4,94.96046373059691,0.3162976292515746,0.2152967438826855,1.1533674342054507,16.41420998740288
1877327739,1,56.00134125723004,0.38134402573789755,0.2381381452392413,0.8868367155767101,11.417030987983878
1877647340,1,28.858085995126586,0.36039630330182754,0.3497980734063943,0.9561140094948202,20.971211741785567
1877844504,0,197.54173704051777,0.355283307718206,0.2322829119981848,1.0425757396741762,17.65323602232662
1877921112,4,20.888836835496775,0.35359913413808525,0.18095869455207714,1.3029841576153531,14.879112914123374
1877965717,2,194.35562099302518,0.36994124390262173,0.21525634490515919,1.2133897935518783,22.52861546310912
1878179811,1,16.32372333165415,0.3317117939964584,0.2647772409690081,1.1398699531801566,22.37337182873586
1878617864,3,246.3093112138714,0.442138230253608,0.2604389277579394,1.1021215139223277,20.501071710899424
1878660713,4,251.58070358908896,0.3752136623838613,0.24592506831075192,1.188967340996972,24.346557783317948
1878904563,3,-9.723913584726859,0.3357961742706795,0.303318899865076,1.0152422660133513,18.669080522495832
1879018576,3,163.76848481958422,0.28893259351496836,0.2518087827038451,1.262725980871007,16.59817051111633
1879180798,0,191.94532983758893,0.34507903831796566,0.15382231938882618,1.0801289891188945,12.901204355799607
1879773381,1,117.6537018189122,0.3666231344914191,0.2750569775778431,1.0684244090501518,22.970129941065185
1880766912,3,-12.072819266011322,0.33996779098511376,0.2412500219382626,1.1391954328153462,16.549838648833862
1881186822,0,223.52606505927986,0.38426018408579626,0.22641330681395366,0.9633090618155188,16.27653550141969
1881349845,2,114.10980611990585,0.3685559003990151,0.24226828805024217,1.1116695649368502,21.637064116755987
1881434698,0,245.01595940923414,0.38393968764898556,0.2805908108528086,0.9557369580896261,18.9846509173053
1881628793,0,74.19773264674976,0.32972708612138585,0.17261356912552694,1.1264685406094253,13.668733621077552
1881927203,4,66.72031377411747,0.34767078003403956,0.26628746462487946,1.1155535077075707,23.03675370456658
1881954049,0,422.6062448557091,0.4371775235513872,0.2780975165011722,1.1809294586670671,28.835520975510846
1882117628,1,142.01273507008895,0.33111695455031287,0.20644136324396928,1.1389870794528596,11.863544068057752
1882780589,3,-62.9213352342438,0.3611634830876632,0.249785406154589,0.933180315474871,13.5383084158973
1882791294,4,70.01200509590217,0.36092178490355864,0.24665100223173192,1.108676908401812,18.663277075727862
1882863686,0,137.31094584313507,0.37771380005717387,0.2015318357197064,0.8254046661235811,21.656223250827182
1883003333,4,104.37912989536866,0.3955555868362494,0.15990785536534396,0.9516034862905202,14.016091691989953
1883635741,1,142.17779193247776,0.3750039615431752,0.28447864037613313,1.083924406049872,25.462816569584355
1883833244,3,226.22737263591563,0.3969514034968589,0.23617713364308068,1.0686350989688926,20.875645704865537
1883909955,4,163.61182921351934,0.4284454380576258,0.28542114963382265,1.0494017652135668,22.974990826791892
1884578116,1,10.40189742485262,0.33036817371334337,0.28894781970817707,0.9199339368903235,15.175842452446629
1885691849,4,48.101748533038545,0.3378234892079031,0.19599718918401987,1.0593732062004795,13.814341589742245
1885797446,2,73.96487236821025,0.34355550440359955,0.20431186234812607,1.0095683149070478,15.288727134623583
1885836114,4,134.9538971110361,0.3453912903349841,0.24805383538335937,1.1157760897049565,16.615277822707302
1885883959,4,256.6909309119221,0.3625124679001379,0.2621473066919302,1.0269789714835684,18.40852711000137
1886025191,1,298.6595986267017,0.42656352307132495,0.21256648507095688,1.1267289583889686,20.948984306602483
1886122212,1,323.92115685247484,0.41165420863870583,0.23737394739999593,1.0115427551797365,21.848175015246504
1886386616,0,30.30969639868745,0.3241323922611405,0.2723379643319277,1.0701746062782596,19.36283322996005
1887035673,0,184.99912686562203,0.39077836020019596,0.23471812288643307,0.979459475257505,18.653126091968478
1887357028,1,19.710823504504916,0.38368068978590036,0.2638419717903775,0.9100632086812894,14.994221053415176
1887528434,1,188.16210683085046,0.35794321886137986,0.2443865641249789,1.0076545854203796,17.59636029721853
1887598982,1,67.53091577787367,0.3502390540256808,0.1888606767628932,1.189945993141145,14.104268975787402
1887729559,2,135.7697801115052,0.3402526126470537,0.17602822307339142,1.0991370499955586,13.16981257075399
1887902393,0,197.36936812475693,0.3329921924999264,0.2402653356978118,1.2358821593630844,19.739811542622164
1887990999,4,81.27583125230136,0.35580641375553473,0.19637408232879403,1.168373619436545,17.07156838833855
1888278720,2,104.87557657081389,0.33831491464395996,0.2571342863044287,1.1791296485954068,22.258284791425652
1888293192,0,185.01655181514394,0.3864278187999795,0.2408269306399311,0.9490834702937327,15.42786301803153
1888415409,4,240.45392676176107,0.36813440596824754,0.16214671906910988,1.2132058975985505,14.088342784623674
1888603184,4,177.35472613881217,0.3504485570659666,0.28043555020702016,1.1690442782084873,21.00079687294351
1888669156,3,216.1452323368083,0.35607482437190724,0.2417091843461184,1.0567094194013635,17.36153356177502
1888885498,2,50.35723701698038,0.36947758877542,0.2144673761017036,1.0716767572215913,17.442800815061105
1889214322,4,175.5670330715574,0.4093501661509315,0.2880540859722631,0.8459176409805255,17.45581331751515
1889222328,0,75.02868903673188,0.3558791179480722,0.21590139981866133,1.194082204075542,18.390341208359978
1889579812,3,203.1594400680317,0.3147044290579813,0.25373630333477204,1.2970840060735753,19.281263824247358
1890198796,1,70.87919116560997,0.3357628193112561,0.15161753098671407,1.2508592289846752,11.43402991614151
1890222826,2,73.03195254652101,0.35876217546959527,0.2223573584577177,1.0717950861306134,14.329587200720177
1890528933,1,301.16655821713834,0.4197858373275473,0.13139058812598525,1.3343916599248191,20.925650168945296
1890730007,4,149.267338163032,0.367692874832283,0.2842761093033888,1.166357028294915,23.33377003766818
1891219046,3,171.80259119286615,0.3553733873825928,0.23644711204192354,1.0436867366898048,17.084993437253413
1891267124,0,3.0415441273224673,0.3502421077379086,0.23827857724614945,0.9975169006958355,14.032510223076612
1891268046,0,22.33056872087468,0.3559479313930793,0.31960169606767985,0.9523221183436784,20.33933720286708
1891270134,1,272.63457038354187,0.37152444702010523,0.19735846684542202,1.142464737480475,22.789702759470323
1891991846,0,252.20228476106502,0.38052660168537855,0.24688193128469,1.1057941401952696,21.87055459754196
1892436354,0,69.01129176562827,0.35670705229717226,0.12624220042553796,1.5627852585058686,17.3629134393916
1892438799,0,193.831485279268,0.3864223567187865,0.21075600817795787,1.041376481706516,16.981088791818816
1892522189,3,93.43170010379394,0.35399247259413136,0.2182195634998668,1.0179114234211295,17.900760969920704
1892682102,1,208.87369109320943,0.3597938236467745,0.27384829808074457,1.1745194477375047,24.172665258425454
1893126159,3,185.42811761903863,0.3880799410921446,0.2556524454046693,1.1371513636731476,23.33509583028198
1893396253,4,28.0452516175271,0.3610129208774445,0.2526866283176343,1.0177862998977973,13.399665601574604
1893806393,3,287.53448106549547,0.37247477548147195,0.328283661627162,1.2629342834541515,29.752180797691892
1893896764,4,29.69364190943054,0.3298520572500773,0.27427512900561846,1.0778171383581685,20.762452427460858
1894105114,4,206.53522806585926,0.3701900842557831,0.20297838516471334,1.1745571701691264,20.746508588467595
1894241731,2,239.10883423882854,0.3788362101075959,0.2596516846276736,1.1293945855364569,24.52056881000209
1894260096,0,132.53030573456738,0.35810894317706554,0.21125677112929442,1.0761547852268223,16.75423878884452
1894298006,2,-13.4194048765155,0.33183640290122907,0.2501658090490607,1.0893577838544175,20.52468663627447
1894369854,1,202.62458743353312,0.3736413324343379,0.23459986566425084,1.1346591566098414,21.8720757474346
1894651804,0,32.970413860698,0.377186002501474,0.21586949243482573,0.9616845932060729,16.935610773961074
1894705136,4,22.70388832592998,0.3457603229912629,0.16643820494483297,1.3785279435752855,15.124902859230057
1895063835,3,37.94276213442234,0.3437172598948734,0.22331405978321023,1.11009434226988,13.222170183817973
1895073862,1,152.48369404165896,0.3129285014146391,0.2097885227101379,1.3791370111279388,18.644219062183247
1895904608,2,-39.79981267625634,0.344462640257369,0.13306974800048504,1.212280311189808,12.791347958972363
1895946693,0,166.73921321537887,0.3528113926245945,0.258232320678693,0.9959968483647886,19.23221305077734
1896402362,4,270.17872412969683,0.3655611081904396,0.23559371506208465,1.0810022542790587,15.366338294868447
1896761463,3,0.6961069451895696,0.33791767946100426,0.10421047935851374,1.3655890744269905,17.383247003781136
1896795195,4,42.253604100074256,0.35872223108358914,0.13845380186902356,1.2211824222102718,13.976698519535718
1896863943,3,-7.32729576723105,0.35509532660508336,0.24545608890501883,0.9197539247144435,12.520042225075898
1897620577,1,-0.9746961974816344,0.3679739150573179,0.2855015379901212,0.9928826075582559,15.15414666042098
1897678696,0,195.24099930927116,0.3710089303569266,0.2507864473968267,0.9968336856331783,18.39973191078188
1898005321,1,83.0304074297211,0.3551157562871522,0.266738183017015,1.1283903202999732,17.227944422824045
1898276477,4,196.22156842315823,0.3516091817183935,0.25959630850929244,0.9682922405188029,15.789489391843754
1898882612,4,228.01139613777823,0.3810081971620862,0.1766178993606761,1.2269210370573416,19.128934310168674
1899186076,4,56.058384251494545,0.3481896061077335,0.13939965978551838,1.038880203651877,14.703320208848401
1899283335,4,244.7361153001922,0.35528228944384904,0.2504259151534601,1.0197568414825182,18.076469742024656
1899317427,3,208.20737205260696,0.35526752268231715,0.31216365401616825,1.0480851496058066,21.369048856257898
1899542074,4,174.05226421736322,0.34015554956999605,0.28217647663084017,1.1316676108421686,21.957195883583715
1899805345,3,255.52310533309196,0.3722460126903292,0.3233356805831265,1.316382513117587,27.434413546952456
1899839615,4,224.20851060825748,0.31684644436414866,0.29785170553193674,1.1496404798306166,15.631699813690757
1900067504,3,3.7713515604518477,0.3587261364283409,0.2444729668178284,1.106641699115625,18.71106792325115
1900387245,2,184.64556810261072,0.3828416297740403,0.21026027561126967,1.0692065953627499,21.51705024649912
1901476786,2,228.83625323429334,0.35669060205677117,0.2537216684624048,1.1374032690939249,22.431234912871354
1901480658,1,29.510920131883907,0.3526274910845901,0.26753930764050005,1.0912806733164473,21.640350871885843
1901756978,2,244.98003153332024,0.3684846835949996,0.24745560207637232,1.1323815556424204,20.906780189813297
1901878899,4,47.532767097725596,0.353845179460539,0.28880977454469187,1.1835009482316874,20.179880729721713
1902063591,3,81.78055228548345,0.3358621761598087,0.28887292809442455,1.2322295222657569,23.985899085022552
1902122155,0,187.01284608870657,0.3663280992000038,0.21034363536897036,1.2631512151620932,23.131218323531893
1902160651,3,120.95480684190228,0.3543354685547905,0.28965546558984256,1.022635430917321,18.22900103363583
1903144609,4,242.9025574024056,0.380891513806853,0.16447994672083163,1.1828594874450546,18.051495004782304
1903600886,3,120.46665108783348,0.36048840903679574,0.20560336524235515,0.9892989324482603,13.99216127473523
1903713432,2,55.64093817974749,0.34591185897990273,0.20771603784668638,1.0728326866124884,14.807742550349335
1904729380,3,214.69438518238326,0.363481712072542,0.25537280880901786,0.9868440719014934,16.87417569701042
1905028152,0,173.71924031577612,0.34787070102912293,0.2613740364994263,1.0290556891013973,18.66386839217826
1905216047,4,175.19618019804687,0.3489761877187935,0.285146459985889,1.156953767994786,24.35547050567727
1905277968,2,212.51968255376119,0.36026632173517886,0.2543520662289547,1.1198214661350558,21.77341504990475
1905422493,2,217.48956255814852,0.39384044964296755,0.2039036010265048,1.094447278812331,21.99105962697403
1905713032,4,266.07756190319566,0.3686788159500777,0.2564084019048428,1.0101296283360839,18.11268374585523
1906030698,1,139.5197212066026,0.368597745419631,0.2348540425501879,1.1560271885733198,22.1350285829509
1906044444,3,407.1024574241237,0.4203807770510609,0.22945962519990237,1.010775778936261,24.718472617964224
1906060970,1,220.73075771344142,0.3611172873617472,0.2533927901215328,1.0016764083249092,16.493933188436365
1906506911,2,179.805211173111,0.34822831563461776,0.27191173259661583,1.0465220115186775,19.234226088863398
1906633153,2,74.05077855780249,0.3296452961758529,0.2790164599508469,1.0869071211530137,19.488208554823142
1906906209,1,278.8149577844833,0.367305871823055,0.2733261457796443,1.0159930914724873,18.466744725531626
1907401274,3,90.17057793225108,0.36184090962946824,0.16247446684269234,1.3096434408565862,16.17199383049455
1907558248,4,14.974150220707642,0.3344497903718464,0.23815697694093993,1.1751316545675825,20.873322898588185
1907646642,3,263.82934660455174,0.3866063463327349,0.2803991720224683,1.2753869396744528,25.72383802950484
1907952467,4,69.56873781515655,0.3646977666773314,0.3013962962048276,0.9681100908877928,17.297730671526907
1908228365,2,36.99345402093898,0.36549802253190167,0.2589603054617214,1.0459624000246737,21.61953811370752
1908364684,3,201.38234506329667,0.3511920451263555,0.23888841697838997,1.0344266368305333,16.918501728252096
1908775119,3,266.09097268419373,0.39447386193047806,0.34989065147027076,1.1437140955833156,26.961821180371153
1908941468,3,-23.315919245268134,0.34717481649788895,0.2602532281871657,1.1084821373455422,16.35758253392588
1910103715,4,25.182853944781826,0.38085124056877573,0.3924399138844591,0.8948941994089559,21.656482193836496
1911086845,4,311.6800932293074,0.43201965697098815,0.17317459587371709,1.141409315097014,19.31684346245568
1911532586,0,144.07424602419613,0.33711400186052165,0.15307533419172337,1.514923281610514,17.371793284837747
1911905200,0,137.9611923556701,0.39067595647857045,0.2373330682057742,0.9424897851956786,19.13146649951108
1911926467,3,-3.738435785095973,0.41048417629499434,0.18780862243426824,1.1611397758860065,15.742370462977087
1911963342,4,92.67316075482442,0.35206165682549473,0.1673180724002786,1.1481520844544824,13.67229919306583
1912017685,4,56.010238473902504,0.3832518605142864,0.17515160899935645,0.9200595507746989,12.123484307498245
1912083932,4,43.34637510043567,0.3717447627420053,0.22737707610615465,0.9592554969659068,11.01003330647512
1912147729,4,257.7446313921437,0.4161389483477869,0.1749176014123473,1.103772883923892,17.26114665298599
1912251377,4,13.450063455118709,0.3877637820686071,0.42056624333877823,0.874408926254902,22.064107811211063
1912518216,3,15.462969673265775,0.3628885357424921,0.29611927035978897,1.0217197747285591,21.54863565093841
1912601583,2,124.44226560533868,0.3430755120590448,0.198659937819377,1.12177365588522,15.272591965915966
1913033936,0,93.80058633471194,0.38404738863990845,0.22217648827398834,0.9031054972109535,17.469382100126992
1913604664,1,96.46215363210025,0.3363275577207226,0.2350848166978745,1.2024787819173584,18.74443775669488
1914456185,2,138.59107793444392,0.28352068138731507,0.16008991341685036,1.2217469999283916,12.832438822781167
1914838661,0,118.45945515662439,0.3816437961384845,0.192416219682453,1.0513991190623388,14.07823292435802
1914886557,4,157.9717750955465,0.35966128401635056,0.2502960870261426,1.2461065524200383,21.017073892603552
1914920451,3,48.975066140930245,0.3758632626549765,0.20433766298830328,0.8877006078702033,11.736015245242983
1914954895,4,167.66631129224163,0.35212314220573276,0.2825979207048196,1.1564763879537234,22.5747465285109
1914982152,4,55.2902551078204,0.39778515411898174,0.2928931292391229,0.967586071276446,15.739325679957942
1915263871,0,166.0022759351094,0.36702072203109753,0.26106769607314056,0.9811901871747474,19.52913227393831
1915755051,4,220.71948339421613,0.37256809095693105,0.2509576340301635,0.9631941959549076,16.75783895677706
1916198200,3,145.9248774938092,0.3817254449070003,0.13546485000426664,1.3896689017561075,18.28175674399616
1916680069,3,304.3564667232509,0.3792927467210864,0.27641400235754154,1.292085126859332,29.87286003812629
1916735639,1,274.83677511423934,0.3392273166601853,0.23534768510226972,1.2239664592315331,20.546091086737903
1916892964,3,91.40287196644907,0.3535260404081297,0.24732740607767092,1.1374570318806887,14.625534702487347
1916979239,0,177.21223912147775,0.3840777032801014,0.2200991715707727,1.0603849822649218,19.32245500614825
1917029887,2,56.82862978122828,0.3235443401413425,0.22396682591975123,1.1227747379726105,13.749564918186506
1917189140,1,292.86793723495845,0.43107075318362675,0.26441587770298147,1.0825955333848782,21.456618601036958
1917298650,0,25.60090954895003,0.3186894005850823,0.2259559997464999,1.1086919202995156,12.989660212007887
1917339697,2,89.29120835084228,0.3587262727184525,0.2010796347967468,1.1141581963832918,15.717828326031816
1917735870,0,221.85086328951047,0.4393427434130129,0.19818002217862496,1.172130088716072,21.360462697998887
1917756223,0,125.83695193106816,0.3738807039654634,0.23188053903981287,1.1297437003451618,20.004343829342105
1917841461,4,38.716667291611614,0.3565716384257006,0.21595414069490104,0.9992903588287758,15.399780397397944
1917866361,3,248.38209317954093,0.38995285945184016,0.24125341194999392,1.2688509328534687,22.83189391450366
1918165220,1,-73.23857111493854,0.3108981205042233,0.11250770990060338,1.776873489775054,16.201179972245
1918242337,2,242.35690781289247,0.3603911436960654,0.25357232707886335,1.1324770281010579,22.019903961456826
1918548284,2,189.9941494882238,0.3805596049091262,0.23486402707234896,0.9596585383231249,15.45190492290908
1919323099,3,191.2322077875442,0.36009055030983955,0.238747232332332,1.0854356801315372,18.093378081480942
1919352729,2,189.266906381968,0.34759609447784967,0.25768741097549613,1.0786992740251355,19.331956802591517
1919555775,3,-66.45390411603151,0.39928155881097926,0.22823585498859658,0.8864644768001404,12.190385989573603
1919636162,3,32.545845372002105,0.34859043009299967,0.30035776999586694,1.1500900128563953,26.200358378738613
1919652718,3,85.23325127842219,0.34867081816839474,0.34192758865378714,1.1763440897426027,26.455572349535593
1919727869,4,160.4414616276344,0.35190287716379387,0.2734062318279952,1.234642044203873,21.32137332068256
1919732272,2,58.94451582988642,0.3320944208149922,0.2621891302556964,1.1360021409317256,21.633613738878914
1919768814,4,133.0840867142293,0.3483416029082844,0.22826709264265813,1.189300503344971,21.155513808201103
1920006010,0,92.69287243042761,0.30443238338281414,0.20620603970905893,1.2459606728518717,13.202366600973193
1920455411,1,221.50554523730568,0.40267703424813217,0.24260906341583058,1.0980894035411906,21.272945856746016
1920671231,3,177.46961169684636,0.34491183149411736,0.2517705035989371,1.178917684512551,19.04695202981897
1920918510,3,9.68396161641644,0.3497494535198715,0.23707393855754977,1.0984122420552354,11.286982297678438
1921035085,4,102.14634478972015,0.33723975841038745,0.19505091330114568,1.1431489640498587,15.184267617532106
1921102507,4,196.03508077982744,0.3578856075536369,0.2374986102323825,0.9878166368628517,16.77622339996366
1921819978,3,22.59890393527212,0.39537417394820645,0.17937162530054201,1.3273066369095696,21.8475157132156
1921941311,2,54.25346174529784,0.34539008452074305,0.25760543860314045,1.092406384906111,18.22246420127155
1922704516,3,28.436701949623725,0.3892779814418842,0.18682322877228777,1.1807640123535939,13.662299209551188
1922733245,4,129.72510907186253,0.3815667015778563,0.1339956545788018,1.1966000698597945,16.99704711872442
1922843556,3,42.02426779578151,0.3645521291368953,0.3278540804082878,0.991422504815973,21.884004521044197
1923557092,1,178.20963936888535,0.37904935344334256,0.23940310867338704,1.1325139415660403,24.87668585925161
1924314985,4,166.28119082187033,0.3428232638634758,0.2569776426415447,1.135772472073739,17.283864049354023
1924725049,3,-27.772397130739492,0.3289929269640897,0.2198270323224485,1.1775789245762436,19.58933999643692
1924892938,2,201.10657552656528,0.36671828401507994,0.25170017503973463,1.0877137309273393,23.31699421523771
1925016072,4,156.58955353094242,0.3608031851458117,0.25469194325966327,1.168550404113223,19.64375285427566
1925322729,4,-0.96294659797897,0.37842211882438753,0.13144329465634155,1.377177501660992,18.357851139816525
1926054747,1,13.786234173918956,0.3570448954353842,0.22110854402627977,1.0754558301976727,16.297696705339472
1926476264,4,451.07384763216476,0.4126591172738412,0.29740983469080184,0.9833224852451161,26.04031435126368
1926928868,4,27.62591972167671,0.3701371221564106,0.1930622507023175,0.8955483641266968,11.27024629104913
1926938420,1,20.71958530563947,0.3528920632619818,0.26013102569571234,1.068033155001036,13.741113283100574
1927037390,3,-17.254293116775642,0.33715472474673513,0.23067669279746222,1.1538421562207202,16.48260757537252
1927081299,3,7.228821098868096,0.45031247728615237,0.21524872805376394,1.0051432902243889,21.687607507644998
1927128897,0,148.01814334444992,0.35814423262849915,0.18918148403840176,0.9787369202262609,14.665624746752446
1927758769,4,127.43190636989966,0.3867902164449693,0.23153434118866945,0.9359661841504013,13.04636880322786
1927827518,4,63.789141503275694,0.40025524605438684,0.18744108516880606,0.8992642639758429,12.648308317256951
1927972099,1,77.54826599004217,0.35537947643251805,0.17633368369511215,1.0314431569023326,11.899675596500494
1928141683,0,23.09054638722894,0.3477149502048911,0.30648199096538115,0.970417264197418,20.25291620615048
1928552042,1,97.43004240038991,0.4063700446559454,0.26866668871836774,0.9019363167480137,16.230898947621498
1928832708,3,-0.5205090988641814,0.3624105906084169,0.2817292364520051,1.0583457395428946,18.631615811774616
1928965066,3,73.7619819218256,0.35831678561797586,0.30350769949480605,1.1058606862228593,19.65362296368438
1929156646,1,-27.48069208480132,0.34268386756006586,0.2194681537785835,1.0581079375558795,15.687496974003292
1929935400,1,2.6337944517308927,0.3317392415369003,0.26077438161383065,1.0740532326529357,16.30930421347792
1930036664,2,167.44879935153648,0.35743096083350195,0.21901605002262942,1.067044928438242,15.216962770843905
1930079807,2,59.0564090360354,0.38302848937265294,0.2793322026599071,0.9964729621132301,17.099060749405922
1930443303,4,-5.878248391051713,0.3903498281318893,0.2500044630416657,0.8761450307407798,17.967408882810297
1930470217,3,135.5400480885847,0.33957367485737644,0.2549035998211197,1.160824886130765,20.089758840611054
1930894863,0,103.78992030003108,0.3138943919567404,0.19173710437203734,1.0741140119697388,16.51117011339137
1930955815,0,-44.1446208117131,0.37702782428464904,0.24395672251073403,1.0062044440610616,15.1972251553467
1931091921,0,222.09900772160717,0.38553597505548404,0.26686200305895713,0.999450426295064,21.42522219806193
1931410833,2,94.5250792355725,0.378890592650953,0.18520902977819073,1.0650758985066544,12.103079472309815
1931637723,1,175.29511763958877,0.34658013016377576,0.31035622225298615,1.0961593685272408,24.461885143337003
1931802720,4,42.260514884358685,0.35072817214296664,0.27260420257289064,1.0663497261356518,17.001512758176418
1931909120,3,229.91171702339958,0.3425854213872991,0.2459222075101753,1.1489517432864071,17.023664006732666
1932242031,3,244.45509239058327,0.36674677274668044,0.3595059205869874,1.2032173500590109,29.700897683471645
1932390500,3,70.92310981725046,0.3524155229797294,0.3053677962624875,1.0584965640452324,18.943785001226345
1932564704,3,43.28465392866324,0.33520009514416227,0.21294450771767098,1.1052830954526156,15.575518022226579
1932637388,3,151.1067856379293,0.3792790169023955,0.2998343628617515,1.1039085193730238,21.92708040849489
1932737205,0,183.2922511404387,0.3512325072045535,0.23986944364210327,1.179237707893672,22.83302544748615
1932802703,3,48.094867093148366,0.35749462220163836,0.16787823629865573,1.1097645588451455,18.086067021781343
1933004653,0,170.70165988755764,0.37162963098982854,0.17315247310000786,1.148648355442828,19.878774590440713
1933066795,3,52.89053811165058,0.36534485142473133,0.29350734639981463,1.0492102828201084,18.631680183219487
1933529441,3,68.07360420689459,0.36901183731636233,0.23772935061304282,1.2028097402515163,22.61063945706766
1933712132,2,147.3474936184685,0.45727759817553554,0.19572984462309048,1.06864716292437,19.218774881102227
1933820661,2,44.72806299458203,0.36720558208948023,0.3520140359063883,0.9338023243082111,20.94859032341692
1933889140,3,16.370255263576823,0.3837959142582665,0.3402916811028703,0.9349458155803644,21.106590316430715
1933958092,0,8.814870459245853,0.4003149604883612,0.3850031552883071,0.8884302190467749,21.653728461127105
1934083726,4,54.04402004801919,0.36805798941801526,0.18816261302753695,0.891127483835377,12.276988230730293
1934582540,3,32.245314369791444,0.3594607638829237,0.19326644522689265,1.0074994739579455,11.508961529901134
1934851190,1,170.8160825454474,0.3384238408075244,0.2724776558961111,1.1072240598356649,18.4598031916196
1935091006,1,86.67829005842867,0.3597297369742624,0.15277769455758394,1.1643763394648738,13.2065492284629
1936130559,3,190.0246851782172,0.34744810535272413,0.3392566437887801,1.0325357758737574,20.94280816843296
1936588352,4,259.21309540332345,0.35671089293771285,0.2434142866655873,1.0246984272208366,16.900473697892682
1937333990,2,167.99197835409296,0.3550173490197385,0.250365755662778,1.0057095196112589,15.713531580434328
1938625249,0,164.541512827154,0.35991134129479396,0.2279201062721062,0.966360745921557,16.320232257121205
1938664551,1,204.39415475752244,0.3499628745572096,0.2698704018266522,1.0243281638476056,17.47249201525124
1939398685,2,174.35840574866677,0.38255464799502553,0.16950540670112096,0.9782110398682122,11.838802422590398
1939581854,3,152.60907985142552,0.37229235528388643,0.31740797013293254,1.0887043186108805,22.713971255366914
1939700854,0,171.08688935649664,0.37367809416344017,0.23886156697537447,0.9471505268665835,16.212315327570064
1939922135,2,166.0979153220798,0.37913500529278027,0.23757805888616915,1.1253819490059478,20.291439308931086
1940131067,0,-30.318403374151885,0.4200059727869069,0.3059750282107738,0.9333646259687236,24.631406736762035
1941096449,3,211.97243487134273,0.3440170225316865,0.25508448831126806,1.1219111118792406,17.866083039446593
1941265933,2,66.9374927510066,0.40199186124858804,0.17980051444667422,0.7515754552556013,12.332417894246195
1941356734,3,291.66515875688503,0.40066596756140604,0.2791461382689494,1.0874720588509368,23.18487036155473
1941491710,3,130.37348052207855,0.41894189413871585,0.26211620346185566,0.9999908657162577,15.78005921546579
1941500497,0,178.01959292417354,0.36331853702456607,0.2049488799365108,0.9533887112682379,13.499684117061019
1941951841,3,-41.51693998070871,0.38168159259810336,0.39883429551975746,0.8850923887985128,14.944495609179123
1942089131,3,44.46277153708477,0.4228198320048002,0.3185741875545224,1.0272655526184362,21.651404265320807
1942247562,1,268.87504774229274,0.40629127161884326,0.1902580479358405,1.0807392408818757,22.099161374270047
1942353441,0,225.8458321504949,0.41694270365462877,0.2079009128802857,1.0690615758404027,21.697540683081357
1942367812,4,28.493041967762252,0.3529723606086458,0.27628109568047937,1.0683831447219403,18.36075600643395
1942693246,1,119.29867269593393,0.328236598424605,0.26510379354077446,1.1937216097016354,19.802886446499848
1942916315,3,191.36341783248446,0.33506936411044663,0.30209968614985316,1.0779918206390435,19.714420866204573
1943060109,1,204.78761618027,0.38515053190093396,0.19176139938519587,1.2275550968730533,22.06923862965563
1944234117,0,245.8790664749473,0.39079136242561374,0.21603166596219572,1.1335151844872677,18.437600142873496
1944443208,1,121.92102336639991,0.3881859508355183,0.19094942118071148,0.8516860981221969,14.426869197239927
1944562220,3,356.9472139619024,0.4285792166622498,0.23909678258134098,0.9901274520796585,24.344952938198055
1944776345,4,19.173279932289603,0.3677775360784683,0.27369109199116,0.9774198993203898,14.62085994714022
1945309092,4,28.07042291983649,0.34743283559012217,0.18626470271846346,1.1034661734766467,14.769769660575024
1945809152,0,64.2774590167479,0.34515822685094566,0.17615748286820482,1.050322455799473,10.804673585335387
1946473006,4,97.74411049282011,0.3757226665675671,0.2448293292581811,1.1041058269360637,16.603316176344265
1947203303,4,267.0017951812048,0.377081782370469,0.2430473979212012,1.0119481109719206,15.998396216209178
1947367944,4,31.674396924166828,0.3580148299558132,0.2476820877798132,1.0234934532138216,11.5247416274972
1947454451,3,271.3964072215747,0.36540082545176045,0.28324895735675676,1.210625732691579,20.362393366789206
1947568782,0,107.6843726821534,0.44392107455875157,0.19590604781977125,0.9944851890145503,16.24068098419179
1947579859,1,26.814649524005432,0.34699826290614255,0.2604888653000865,1.0752907492341346,17.2713753271705
1947586452,1,50.667808042903275,0.34380485915789677,0.2750385953137736,1.0852223535829588,17.56456458222526
1948010634,0,141.67826943677034,0.3466286033434884,0.2180030003860736,1.1821150582997058,19.50430903350244
1948589234,2,109.35418887204567,0.3669368212726447,0.20871950277758058,1.0227169356298635,17.29444027704818
1948698672,2,168.47330530706438,0.3670336318852179,0.139943470469122,1.0217507604363427,12.213800777959587
1949061676,0,226.09472618419375,0.3806835294815172,0.23069564263334774,1.0091209321205623,18.28496951157564
1949190696,3,132.2673436473146,0.3443856663813484,0.29602754518410096,1.2127845840039249,25.188014360845372
1949212177,2,288.6273952399638,0.3745721656774015,0.25564674886449196,1.1115192298350647,22.395908793111328
1949333335,3,181.73693812227805,0.35888686563363564,0.20896306973494932,1.4343547471982423,19.813435804151474
1949514946,0,125.95375827193854,0.31564231884724836,0.21499089546098493,1.1469670920246187,14.765477557436473
1949780423,1,-40.52576712099628,0.4361308020318221,0.18851930074419831,1.1833658162145264,20.679759337893444
1949823161,2,64.02800150122539,0.3516440438407144,0.2644143269041504,1.080950638864412,21.5450482829042
1949953064,4,82.07239782035191,0.4160685098699612,0.2776500869517369,1.0137872725895405,19.349391362768504
1950021660,3,159.98917717877836,0.36510496754999777,0.32474069363423214,1.1580843813474435,25.8125858544463
1950339356,4,-36.34120552306115,0.31518155550583077,0.239753453112344,1.1390422428504738,21.821212408027776
1950809751,4,180.052999155574,0.2752228377231376,0.24488301382448407,1.318269057268716,16.521846178364093
1950874064,1,33.359063597455986,0.3555504979504105,0.24015660572279454,0.9450606594584027,13.388350708985017
1951077384,2,231.5585301307006,0.3778158514640329,0.2210494046000651,1.1320408844124807,22.765255782745637
1951160334,1,287.1972729142153,0.39421397650845424,0.2430349248339999,1.0503856200463808,23.803237432545888
1951638627,0,196.4699251077012,0.37416298867470205,0.23046361850968147,1.0169145192915559,17.516140197178007
1951901460,1,56.77294325916617,0.37926056612795056,0.29506303039168325,0.9645284685700829,18.358507421384033
1952301542,2,18.345807093578927,0.33323273155489325,0.20938592147713997,1.0787975845154112,14.078135271869698
1952404953,0,187.7926947729684,0.3543483468529515,0.22766992781266593,1.201282524866777,21.493794917569048
1952508895,4,261.93524556803436,0.38979089455360816,0.2165655076199536,1.0315103136841546,15.719316283406316
1952671139,2,28.105260239385657,0.3809306735075167,0.23090692590416168,0.9376253498858427,12.014628230361389
1953033868,3,242.43254146258872,0.3486238865827421,0.22852067736794174,1.0269363346659663,17.000562340212774
1953349565,0,26.7844647240967,0.41738667107276645,0.3772268008684269,0.9139916609154499,15.016071664719169
1953482672,0,170.09342394200195,0.35187613169420395,0.18620778041367286,1.2860197932406454,19.926722867466086
1953803634,1,212.11006265706436,0.34558580440219405,0.3026158760995131,1.183842299504029,24.74449102693403
1954306622,3,287.846089888997,0.38547475646241414,0.17838983519433893,1.0270297898321639,16.55927257547312
1954721166,2,42.60456412512792,0.3498967282138527,0.20215795370141068,1.2644724650470582,13.76728982078319
1954861096,3,69.90887113627942,0.3626880080587668,0.20058869973133375,1.1781041700139288,13.9748564819936
1955776885,2,225.00039529252808,0.3646960790139822,0.24397408692554529,1.0044841793077757,17.941459532404497
1956029718,1,2.577582850502594,0.373573979346567,0.3268907192568258,0.9526330896944551,17.791967501998013
1956150521,1,-8.241702721216626,0.36136229044312973,0.20177211943555512,1.0718431788562337,13.70442144045185
1956367813,0,164.6079117480113,0.36306390354154405,0.17470127869795343,1.299321822434199,19.285063011886592
1956396424,1,34.81112737871019,0.3663161028094757,0.26369596766640857,0.9710700067130217,12.000513039545636
1956587899,2,57.55319059739516,0.368766906598942,0.19568478668348932,1.10193302146756,12.731943015333703
1956666408,3,196.06855204917576,0.36945495758643937,0.19642559449002073,0.9745199244187017,13.976729081762304
1956893558,0,199.2870857391549,0.4089676853288976,0.252357088301065,1.199238184257378,24.554308171577034
1957426818,0,221.63351827762517,0.38566130196207044,0.18229371603188932,1.0452528972048003,10.946800864539542
1957470383,3,-13.35880866257628,0.3352917049316869,0.1270068508136096,1.358008683831094,15.009741499069001
1958192948,4,247.99285474808894,0.3813413537514627,0.2175721957202755,1.1602823032263294,22.53435074455269
1958473963,4,154.8623233554046,0.35346656915309954,0.27681090289685156,1.160432732510018,21.58951734454576
1958487458,1,-24.891251878975638,0.3492589276278916,0.20205898822150486,1.0479469159799317,15.062709771551999
1958554605,3,54.87811506163109,0.3796517311003833,0.1856302062343152,1.0008422690315038,12.966502698973178
1958618966,2,32.37729042511606,0.3677381512177193,0.15679543955271089,0.9271456718608821,14.497501040748174
1958858448,4,72.18758534343598,0.4150186143790678,0.19233249212103914,0.8416831084079472,12.72519296514354
1959224488,4,244.86260594737578,0.408882689546138,0.24346122214657226,1.078942831237104,16.806539631614346
1959489258,3,139.8737813088357,0.3623231094164069,0.2690262231972147,0.993993411417771,15.368141836382376
1960180963,0,160.66371853238832,0.35118983704648976,0.1957444312856422,1.162806532676505,14.356831225684306
1960232404,4,19.633468281297198,0.36419603666734524,0.30245213286452777,0.9932401127351786,23.082286163327247
1960719660,2,62.504599762194246,0.33859672968246624,0.28790423486056077,1.0634504942228002,20.182438177945528
1960875010,0,305.0938450306993,0.45247891074181623,0.2973738605008426,1.1704660509851996,28.03550775726354
1960968082,1,50.35765164598166,0.3622095586359708,0.2715438625719293,1.0786127149143696,23.429790744832157
1961009790,1,149.99945520286278,0.3645443404917023,0.23195604583037616,1.0069228640054195,14.627563943056145
1961333233,1,90.92226471454913,0.34387812689229,0.24028515447066892,1.1486299816509362,14.666587834182565
1961335797,4,338.7864669045167,0.41333721846514293,0.2538383266381496,0.9398442609101377,22.721423038531753
1962617217,4,135.38334282321284,0.3618545451973881,0.2883660496475665,0.9446571688987455,18.805143673559996
1962650861,0,60.40152557508206,0.333741663846674,0.23368466617497494,1.1612378060114237,18.186126115026852
1962833245,4,287.4391714311338,0.37644980917085025,0.2406917447656637,1.2003643288721093,16.13535638689185
1963304401,0,-24.177956369886928,0.3682731913338023,0.2671773093846203,0.9610356881039493,17.94516138188177
1963751846,4,84.99530853329563,0.391602705278556,0.18065059974505454,0.8987978068589719,12.994148733194068
1964367064,1,191.71750544792783,0.36718830544314796,0.27452781446106056,1.0412125453582775,21.9180701165792
1964385683,3,216.01519822464678,0.3750555906175891,0.21295524364458707,1.1873557660402976,20.04609963661054
1964501919,4,198.167161263923,0.3821726772988601,0.1869018924637999,1.2282218739809685,20.73151908605758
1964666760,2,25.401538957853873,0.3397969355355027,0.281470271460872,1.0449879703668934,20.15718016388817
1964792280,3,212.24501074431265,0.3874288018543773,0.22939881853278446,1.134760790526328,19.378642985765943
1964948297,2,262.409586441188,0.371908228692249,0.21769791799382227,1.1678100564500844,23.277944718220702
1965550017,4,43.84137620173749,0.3802772043081452,0.20835939150347838,1.0867229274554682,13.15008174998084
1965690727,4,35.121972374045214,0.3521065636230406,0.28875603371368397,1.070891943006548,20.278492161441093
1965799831,4,32.08085198413143,0.3782103245083523,0.34436064110966585,0.8852643388790877,15.52107643760567
1965906081,2,63.82466967023757,0.3694244096236542,0.19579275449695643,1.2189941629561762,15.248381935192498
1965969714,3,-9.17851462564606,0.34615421099492866,0.2524909184620533,1.0997380396273226,16.839326870946294
1966018498,0,6.930411484350387,0.3984383370045748,0.20680039314150822,1.0096626081447908,18.23484167946718
1966201897,0,-23.33433894582768,0.35430035255408565,0.16001414776571962,1.2840429185303555,14.32134915794908
1966629557,4,9.122592455617834,0.3527816240409411,0.28874332860746005,1.0803614602733405,23.3383212744146
1966848887,1,26.795701274524163,0.3763904703631886,0.37356926281021496,0.9140329183515853,22.15486840243362
1967479741,1,265.9046111995251,0.41718958430490755,0.10754003385479977,1.1940813920515185,17.067868292813344
1967596895,1,151.16610149558528,0.38898025001369263,0.22880843973386067,0.913703302991835,12.846912156077405
1967679061,0,60.84844922850745,0.34642869726269854,0.18636578430005218,1.015642370076474,11.411927952603733
1967860241,3,11.938565506567045,0.35513754103780637,0.21968320506882041,1.079500222254741,11.17882820397821
1968301845,3,-22.113127092801165,0.36219495777685684,0.2397046303698729,1.065394899394674,16.874396692392658
1968819662,2,130.2227194323471,0.36884916300816534,0.2525083443048635,1.0772434264642874,22.808647084186354
1968997516,2,17.52645733322069,0.3890668905575578,0.21257151780694153,1.042762917751542,13.929275117134466
1969004591,4,200.01916086134503,0.37370029842178853,0.2466350766409696,1.159689570087055,20.60324397125474
1969083594,1,0.6576298722592071,0.293968154647391,0.24094242148318323,1.1760200747767702,19.531258843922156
1969287325,1,121.03138227811115,0.35783232834105344,0.2404853298220412,1.092722958701505,20.047344817354524
1969520077,1,209.26865624059388,0.3713677556103636,0.2905984861755812,1.0316429184442406,25.1085008438101
1969822510,1,34.162857178131446,0.40401944361034536,0.27977824610066243,0.9008784797673077,16.940285062126538
1969835968,3,120.80125407416539,0.3791955643293821,0.29512816706387673,1.0370604456970918,19.894138787902417
1970056455,0,238.55937779247392,0.3748170796154414,0.2653866437870386,0.966570983329773,18.376586973366052
1970556387,4,148.69705933797277,0.3524462178375078,0.2780512864490339,1.1747617666286865,20.752454216999535
1970744006,0,258.63291964166933,0.377739868103904,0.2029364165070558,1.02462614406578,17.705202469667174
1971561670,0,23.95190438253725,0.33797439161302406,0.2924338822413032,0.9979786705055318,20.18228927912608
1971686624,0,172.95509381244193,0.37597987053347526,0.21224147791830855,1.1798205405936848,22.712259494138486
1971749373,3,4.526066554153715,0.3784120031507027,0.31104671722180977,1.0105918373332556,18.32234810559727
1971998855,2,100.79523496618079,0.3366751002064987,0.24459979026483683,1.1156464530120571,17.712285467237653
1972024406,4,31.444878648353395,0.352141932894376,0.2488698638329009,1.1141403883873122,15.926968901612245
1972032416,4,44.24563119928945,0.3663646908955561,0.2955541389860438,1.0261348049122054,22.039327987449237
1972109782,0,94.07467092751199,0.3409827497211211,0.18829299653037584,1.2622834897424653,14.702017968292935
1972780662,2,24.204383043303352,0.3547909321243458,0.2150523426755303,1.0359026074376447,13.486997736011858
1973157365,3,160.67189301552554,0.38502308341855873,0.2177080133989093,1.1654511452213345,18.936194203889773
1973279343,4,39.792976648509,0.35814188648295925,0.28991611011668816,1.0473410700238146,23.10233504485739
1973417069,3,83.49217088539604,0.37312629767277145,0.15366484602577946,1.0520982540704733,12.525803336940344
1973609313,1,255.54652061204763,0.3679739180188093,0.23661901032769517,1.0226006496589983,15.559000297362502
1974222133,1,262.7171502580695,0.4121872665494474,0.15491099450064083,1.1171832570188303,17.908198021424276
1974242688,4,252.02054783155134,0.3987619977765961,0.2558737813769288,1.068024451683662,19.761708297873348
1974258183,0,54.725437036943354,0.33984903735406297,0.21219207730282605,1.1778645084696067,16.94505475255345
1974383215,3,14.689686968244573,0.3611088289680125,0.28985937613013246,1.033231733038349,21.400116157951782
1974978740,3,95.62141680828077,0.43282424396048075,0.2048309283803162,0.8799664088183266,14.218983994604125
1975082239,4,277.76188631206253,0.4335214256947295,0.24715746361447227,1.1220007001043792,17.36515517898628
1975447756,0,44.09127966366207,0.3421429376860642,0.25068941930439165,1.0933558974698294,20.873331100427407
1975514366,0,105.3010357585836,0.34899989540052057,0.22129192574637063,1.162853849641241,19.85103007454062
1975880565,3,167.59621951027947,0.3669148292527166,0.32302613247254724,1.1562295279245647,25.771872372532076
1976024514,1,145.5149592139875,0.3619797960471128,0.2804737081992698,0.9943852919386442,17.53784139010043
1976774043,1,55.55020408031828,0.360125154858712,0.2256071917704702,1.1105317089782099,19.623095489125234
1977447931,0,245.0679580887885,0.37165965541777046,0.22468943876093161,1.0658236751177361,15.97245548761152
1978316297,3,186.53545877333792,0.34695701895737296,0.24706840250814568,1.1092397831844187,17.225291531156493
1978540220,4,75.70781947218497,0.3430139428605997,0.2687354133306492,1.1264068761218475,21.517733932646987
1978620404,4,18.062882549539808,0.41358133517314166,0.3768248828590772,0.791873179117566,12.117811027652053
1978702733,1,225.0076012014751,0.36806052233585257,0.17398956980901703,1.173164859961401,21.89421361972316
1978759933,1,54.00972063088771,0.38219984584023825,0.29006285444891944,0.9060579016100128,13.099655913848379
1978914025,4,316.9739092897041,0.40039597297761576,0.27698275540019646,0.9461465118056531,24.94980342514468
1978930507,2,151.47418166070855,0.44231336950576716,0.19980965375850154,0.8855855544589275,14.314391024522582
1979011181,0,295.41213539828345,0.41422317839361256,0.24195451400356566,1.1649517005353676,24.076869658427444
1979505726,3,29.22032083651287,0.3467184106526055,0.20622869694965892,1.2718466831174728,17.805262885068913
1979525193,2,58.0302380938657,0.3321190677089932,0.18929606316757586,1.1311436724924864,16.332197734790274
1979934753,0,220.49559674386785,0.38951458258455224,0.2538814447587822,1.0464159779259494,21.70058329830609
1979939370,1,177.60291285904194,0.40800852944353455,0.263060620100958,0.8980651390615619,14.783464954018076
1980536603,3,14.51477364883877,0.35374271560356046,0.2534792590318695,1.1124240010044386,19.912274316656873
1981136743,0,-12.651911174644496,0.3245523974628014,0.2231613928736862,1.1576532445244254,15.48059564718558
1981457097,3,119.0386744896683,0.3579816738924657,0.29087875799634527,1.2418194446978426,21.52742592211099
1981691204,3,145.10930463808785,0.3643633413044714,0.23270767551870922,1.0140055629463438,15.252630722300719
1981721677,2,76.28415637258027,0.3413115488428833,0.23041255147516965,1.2353575908753298,16.651051182196294
1981870695,2,142.94751717819352,0.33188184225061446,0.2288715699408102,1.297385717789795,19.1517769332818
1981886524,0,182.2537372998405,0.38884709799014294,0.24852170507080315,1.0923254694051412,21.980483998155172
1982249582,2,62.67532023567882,0.36601772321344744,0.24704877356512256,0.9785146387503311,13.894573274527882
1982444634,1,177.4127972170137,0.38456726289175347,0.20624735903295838,1.12853394408818,20.528597378199542
1982948729,1,35.2620601018336,0.35737346039504414,0.246902336852757,1.0519879438706177,20.408828305266763
1983222428,1,213.39723775565886,0.3486914163850557,0.3080473774346357,1.1573314568930593,25.324541836628136
1984190839,0,20.78592913891893,0.3713541528327358,0.21121159221024569,1.1466889871837143,20.760667547397496
1984350149,1,108.19273631766944,0.3507473459715427,0.23620687442350666,1.135955358653727,14.867929043879228
1984402033,2,95.50386587868098,0.3691933665055404,0.2824121964505057,1.0039451513768312,23.527955321773586
1984563739,2,142.02369035381582,0.3667246512059294,0.25752281705129576,1.0482700420465265,21.038105705805393
1984715605,2,24.36368598109972,0.39703230309039633,0.16265257570471708,0.8543956852374166,12.303120603649393
1985260994,1,57.27386823118204,0.3931798939322196,0.3945783774297387,0.8505380863483674,15.162981712296656
1985598557,2,-4.105361089973826,0.3786366559602182,0.2928431843863621,0.9318507075360432,19.769627179892787
1985922935,0,216.17093468702427,0.4055706219478391,0.19482648039683326,1.0097761812467974,16.885854009343458
1986596083,3,102.47868047469429,0.3658068748636275,0.25216386774759814,1.1797565495677755,19.780722659712794
1986643136,4,107.88708169039116,0.4102167255105908,0.3383511580170111,0.8442768861654237,18.92318241232438
1986951321,4,145.2808186005451,0.3575966686594004,0.2394325085184277,1.1841977518342253,22.56398652305769
1987297108,1,69.27422233180657,0.33493087102278124,0.1847584801664951,1.0488382438695716,13.586934309926196
1987380350,1,26.795701274524163,0.37639046948570976,0.3735692519931416,0.9140329183515853,22.15486840243362
1987420560,3,149.0208345614248,0.365208003132153,0.22160458363912233,1.3429712973870178,18.933260402441423
1987532740,2,186.13658229089697,0.3417845834775444,0.24646141228488594,1.0464081500474705,17.492560802035953
1987791441,1,84.02346586085395,0.3685286737894063,0.2048076227921313,0.9489360069246128,10.591721475594086
1987932881,0,47.88658819266284,0.34810025175392134,0.23504428147059223,1.0621896166173646,18.60976412620982
1988065987,4,11.348602663189766,0.3589758504265373,0.2361136304074786,1.1137289143755897,18.633652319531354
1988157490,1,279.05038302412254,0.3768800518261592,0.22264328121403762,1.1690587641121617,24.63764140153635
1988158741,3,180.5515310669154,0.3516384498423905,0.18515929890392563,1.020642813226524,13.767386785367343
1988515420,0,183.28612939402177,0.3512327884596363,0.2398721739500928,1.1792292519474434,22.83394033269635
1988563349,2,17.504442886624958,0.3672392743648954,0.23252057005525203,1.0910833070903485,18.23733110678848
1988613729,0,236.28165414550142,0.3698823136346194,0.23098209853107016,1.2087784239190524,20.405504409992215
1988695621,4,31.043380199589052,0.37892575847670557,0.25130438804800537,0.9418632603591497,17.5357514936609
1989009104,0,173.12082809647916,0.33902659733196155,0.24182390429410694,1.1469006500877486,19.33972173698846
1989599237,0,435.0768012204687,0.39436821587902776,0.137879850624552,1.1281223552334316,18.445269700218688
1991040777,0,-52.820628112253004,0.33563960897373984,0.11097885738276811,1.520998119261829,18.94088789461613
1991510657,4,127.64935018553075,0.39174665266518066,0.251660465931233,1.0573040358743666,18.869541720201315
1991701752,0,111.4921581325571,0.35701087944388754,0.19408223331603647,1.0325083576458538,14.070520524956155
1991992647,2,50.133687975486744,0.33097403052551544,0.21137902358169208,0.9918322717551467,14.171404535017297
1992818207,3,18.06053836720642,0.3547135710524203,0.24797834305074853,1.0662794285101609,18.44419609835584
1992987283,2,153.2414310360149,0.3305633768425316,0.16763032215000873,1.2452412106340516,13.757479671637455
1993503133,0,117.17535802273652,0.3486942463657852,0.20280425814816544,1.1045213468749087,17.244425163256818
1994005610,1,111.64694020244056,0.35566801957889294,0.23134920801394399,1.2572133738753482,21.282571683446516
1995309810,0,199.4159843374482,0.3428494773254354,0.20249675102926168,1.1518092773268787,15.203214751269662
1995487445,1,16.66861708674419,0.4093414269343158,0.19975563306789312,0.9260047351084795,12.54141148451005
1995567642,0,20.46747339163828,0.3542707965860427,0.20729804838289292,1.0492671140728984,11.377036276049468
1995858685,4,79.1477691174948,0.32353724492169844,0.26536522113900063,1.0510732270444687,16.80410984044516
1995899423,2,55.536247482004136,0.33195800595768016,0.25554537284831996,1.1481910928947523,17.769635811971714
1997329694,4,-24.828938936406814,0.37460010740867394,0.32976432275582757,0.921743966579552,19.667475094513946
1997475828,4,-19.325431044997657,0.41278049699281294,0.2618987620466978,0.7943311090371423,11.632607891707794
1997665708,3,288.23162212309126,0.3814933194274071,0.20030584996511414,0.9843182793838082,17.460399359296144
1997781379,0,138.53845463151907,0.3638028611881402,0.16250231465621273,1.1665666706563864,15.279169295341367
1998038943,1,232.18469422532212,0.37804824213731597,0.21556215455482342,1.0565350137643992,16.269198024400865
1998309406,1,343.09343492350706,0.4153093154673333,0.19571137271650055,1.1804789886502922,22.547035919563733
1998608102,2,53.57909129020048,0.3751240952922597,0.21993075562867864,0.9803031459210493,11.470967236665025
1999110043,0,70.7616509591845,0.37542166518303277,0.1776703181549824,0.9719995542332809,13.131124959535656
1999630530,4,198.2131813929781,0.3768271860722113,0.260357278595986,1.123413951026134,22.314341002345536
1999832779,0,193.0239144866348,0.3883949831317738,0.19406319143495798,1.0743627439583627,18.922176142664462
2000269306,3,-20.5382190302159,0.36816631329988275,0.2058686456721845,1.011307064052711,16.146834860543663
2000354912,2,195.1071776516672,0.3716856097634653,0.21201136520769087,0.9323385893471321,14.205766521252976
2000390968,2,79.04016705129413,0.3567690058201399,0.1687360075989862,0.959412274170861,12.239434862591306
2000404932,0,23.790970178934316,0.34801056362832994,0.2004036172796663,1.0500916596655447,11.30340874665591
2001829595,0,166.9898365931246,0.35235369207611056,0.24535366155903932,0.9532363968852435,16.946715849650726
2001832914,3,70.34866999553941,0.36262580353860124,0.20055450065235592,1.1779093169711092,13.96171728995403
2002181530,0,179.8601147244633,0.35827479231277165,0.2185814092363076,1.2044693265706325,19.82137342091118
2002293555,4,-12.070194636008708,0.41383591577033196,0.34868077375800516,0.905234593964141,29.276687360764235
2002425196,4,69.8364789400038,0.36844991063251353,0.2158791639566956,1.0449928825919916,12.137243776089853
2002464485,1,205.3932017060688,0.34471093335514313,0.2727225422681518,1.0538049584587934,17.803014593533874
2002874744,0,52.02059828765289,0.3814958864193303,0.3038774905706939,1.0332943064683122,23.9289274683314
2002898366,0,206.15061554495628,0.352255122022492,0.25673233430200004,1.0228340367352406,16.40298231148192
2002993449,0,57.06937220437262,0.3664920561339191,0.20956707747465408,0.9375989162694045,13.247411015757372
2003072511,3,140.77961034604576,0.3350461799905929,0.21575715507304766,1.325807387244986,22.38270467413058
2003251624,3,77.34464487184528,0.34264749376458864,0.27043917875218376,1.2520246357521432,23.890401000170762
2003333074,1,24.839309354970638,0.37779699272228134,0.38035961571999044,0.9094879201242799,22.299095791184428
2003821691,4,163.81884214500576,0.43660224030720546,0.10229486593109732,1.3191897764304688,12.778387742102852
2004147185,4,30.45142105360756,0.38350000541837437,0.26634803090044773,0.9143373773412319,11.665685979011311
2004174775,3,59.99406406716019,0.37746420663370883,0.273417831245023,0.9581527799217924,23.161994922252614
2004281729,1,140.94770890545814,0.40104153288885197,0.19444589952777191,0.8767793214025774,12.79507189666187
2004522316,3,120.55039286898527,0.36477595287070647,0.2664255917133265,1.2506654840160158,22.622862614307373
2004781454,0,138.8728131110332,0.36582774640779264,0.24791978537970227,0.9569188086992299,15.594068845986484
2004817978,1,77.31854237298441,0.358438861948691,0.2887116965177057,0.9753263766202461,16.044916272518893
2004822166,3,207.29345847754286,0.36477843315771497,0.1858429174586037,1.1609782422089339,19.179428198460997
2005210923,2,204.83965869207924,0.36364897101460997,0.2557246932135728,1.1376966069696994,23.48142787031348
2005402308,4,-6.101735907545773,0.35462356598665784,0.23970659800950891,0.9719251831714065,15.871582010730757
2005457521,3,-108.3949230467318,0.3226214704146801,0.24041282784425344,1.080096804193503,19.546858286561726
2005551662,3,81.72041434821917,0.3834727918906723,0.19743905851685686,0.9565632243365465,13.209447949203208
2005844572,4,259.5906261133336,0.3533066031885227,0.24762831881645286,1.0399452501746074,18.633940713349713
2006295259,1,128.05685468086963,0.42251579356732966,0.19134658084680994,1.0164483379767093,18.277412862371744
2006448599,4,326.87734788325184,0.4357098683926147,0.14308868463519525,1.065809738876089,15.865518973684958
2006513781,2,128.1752911236573,0.37160743726641354,0.23833227100106066,0.9244650569745471,13.202863045682928
2006683718,2,118.02659733291264,0.3867624794717104,0.18979163093629842,0.997834752873967,13.251051336227736
2006821254,1,62.66698983188656,0.32394852744595987,0.24949662530763983,1.2065215288504394,25.454771746418288
2006996474,3,25.94320998804048,0.35062437497946103,0.28175103929910866,1.0561429466857999,19.307003660394713
2007281733,0,22.988245494903936,0.4377632865256382,0.33698675129829575,0.9196464965070922,17.064482789931336
2007312638,2,182.1466164409387,0.37361067596446923,0.21903804386250597,1.1708155409075542,22.63217471359826
2007560490,1,325.78144889622195,0.42887807377320636,0.20691291192367922,1.1867912594313421,24.71693405341155
2007665966,4,26.000668909736874,0.3338465867615337,0.11940545568144079,1.5409448602011966,18.71166152192978
2007994317,0,47.080141802432706,0.34232211867097934,0.20769003628037047,1.0679685456972392,15.226820724495344
2008537603,2,86.10575997698318,0.39889748924291846,0.20682359632112535,1.0143974070329989,15.701090330122035
2008605500,1,4.890232198608118,0.36640855080703416,0.20086474005242505,1.002975691421703,13.2101284675526
2008709540,3,183.95644442784413,0.35698709792799876,0.20463704106368857,1.1004825143122197,14.956755587944915
2009603005,0,192.74226154783486,0.3374946170191284,0.25458549592781904,1.0598057499482643,16.796780191017746
2009816260,3,237.7300130060322,0.3588031044374579,0.2562867012511233,1.0203062789329072,18.048303765305523
2010311547,2,129.55944436684635,0.36280687455468696,0.2485755366974012,1.0990242897164384,21.702630210685886
2010970125,3,101.38570607867652,0.3242089931978859,0.27545010457309843,0.9067032076279187,14.863718585021424
2011509747,3,168.62807379790522,0.3645981718008984,0.24472206060896579,1.1567721029122675,17.413658935291433
2011999310,0,-28.43654827850571,0.35497583858688414,0.23221663761082806,1.056184755224195,13.58925027353799
2012503945,4,16.397021173771236,0.3488799105175906,0.2064702906396314,1.0578143777035327,14.024136861005033
2012816779,0,127.26936497492407,0.3468290522286736,0.18617964444668839,1.3238656357661684,19.431915631741372
2013254124,3,54.33378179163105,0.35790876232189817,0.22319308975041316,1.1168939113636234,15.242922687214627
2013412684,1,97.44644116059513,0.3747805124151061,0.2657235320693425,1.0069190435438915,17.497515355518946
2014114432,2,184.06428091292506,0.38039979002388663,0.249335612498435,1.0842159061737464,20.740785145426933
2014263245,3,-18.350623264146463,0.29685865536167777,0.12198114507540647,1.561739049634396,18.875954981934328
2014301760,2,56.28307707062852,0.3381747206440414,0.2623643719275597,1.1390110543043923,21.517085903560986
2014418725,0,41.41295313945545,0.40957315765614477,0.37630936532850445,0.892700579243087,16.729255028896322
2014622631,1,44.53652252758252,0.38677644066072214,0.1676309912001454,1.1106352041459944,14.336619835896208
2014653068,1,16.765759017342745,0.3567390291002816,0.2445670916146966,1.0473513294992576,14.676995970922123
2014740524,0,59.26858823443325,0.3668245489621365,0.2097075490878042,1.0327921479545106,13.35312116478941
2015016927,1,121.88495705860723,0.35903128130799067,0.1961944307622833,1.1068853644058279,18.25668615178715
2015176684,0,74.65053804257036,0.34605713959261647,0.2377877959260234,1.1078724862603024,19.058511175806707
2015484909,4,3.0528014407371273,0.360883920034776,0.2968478628181205,1.0274284695542846,23.31056347403979
2015550348,0,136.45844498254598,0.3783049642038738,0.22526464099587193,1.0287230706579265,17.93001740584951
2015619350,3,55.575483288059196,0.3385842568118796,0.24636305050817903,1.170241373869501,20.53515970224708
2015647676,3,31.297078256746985,0.36171667576538397,0.3292693275578012,1.0233251765865747,22.621808829913554
2015742836,2,99.03538435407006,0.343016386763427,0.271384803538697,1.120749027983293,22.739679083697858
2016514618,0,122.54579321990366,0.3533576903155781,0.21806873339682228,1.1622340552075183,20.443738872568275
2016694996,1,-32.40425588179241,0.40284457656212913,0.3209235888993098,0.8967027671088694,15.327333173497259
2016828093,1,16.324092667529882,0.37077101686110786,0.2362256961311821,1.0274569973186563,14.66405932075789
2017537150,0,-3.922636132188842,0.32093324288665515,0.20557029178827282,1.2639041907489161,15.961935205995424
2017623024,2,70.86866863475569,0.37512166878869335,0.31540633293518505,1.0616244581124206,24.826277972755197
2018770254,2,150.52937803925118,0.3753711639112082,0.21912112813450688,1.0850866894836604,20.123201769638342
2019089439,1,145.74308017715597,0.35643598122745196,0.2585332628299252,1.1432138168158241,23.848451949169878
2019160480,2,325.4149597262481,0.3843268471604917,0.19195295113246125,1.1467338128889133,21.22930945721825
2019662589,2,62.352658710343555,0.3868789444718473,0.24440831408890407,1.0769105710123288,11.239086020504363
2019749596,1,144.76222302048896,0.33634285393315816,0.2369477695824303,1.088078264830888,16.25715174682297
2020299176,0,178.76243496092252,0.3637030951286323,0.22111697260772462,1.1877497738591352,23.45741995422726
2020359190,0,6.228744932094216,0.3990253826453178,0.20766255100642447,0.9997048809113603,18.11218998462508
2020708371,2,-2.368023827024345,0.38205972283816486,0.3378410824100424,0.9130944429292083,21.418016657158937
2020818351,3,76.1249436746063,0.3660579019906581,0.18495728623634516,1.2120758471661528,17.678258289240947
2020857359,1,155.69458143008904,0.3753978609503635,0.1833593404020507,0.957463237384892,14.74762614332817
2020969412,2,140.53182841265698,0.33872259234177926,0.2489665173359516,1.1340894687577454,18.27611610083485
2021130143,1,225.0843439202235,0.3511433750200562,0.20059748262050722,1.0425563869155112,13.544477129000086
2021290286,2,213.30445756096324,0.36748253168356637,0.2587560236267072,1.1488317002002053,24.824146906167144
2021383868,0,290.78296412922936,0.38593085360879686,0.2068542340862854,1.163855581989968,24.00049305099744
2021473660,3,-2.3306504872571594,0.34466324466348813,0.26630058836735937,1.091105896717927,19.70732543760014
2021478343,3,38.14105379924244,0.32504107950097944,0.13756148951177788,1.3830792533661427,14.660061903117294
2022011396,1,225.84199689756758,0.37395473675205454,0.2931694476117272,1.1604952883041528,22.943296024081427
2022159696,0,83.86144115560526,0.3301094389706313,0.2309830016930076,1.1926238010839119,20.336547493976887
2022505233,2,-37.023374544324255,0.3256704305546848,0.12972221065308132,1.3515567406851632,14.04973358638147
2023609610,1,231.68483768923244,0.3379625325926542,0.281299026559496,1.0645897588106945,18.870966507174582
2023841912,4,224.31627484184634,0.3694322576233136,0.22641736635516432,1.1850162605005288,22.628334480980676
2024518785,4,289.06237747918425,0.33886717754345413,0.28672355430608604,1.0834329339154707,19.395863089640052
2024524302,1,-1.2204562463576138,0.335892440496489,0.20327454602513678,1.0352151149879822,14.116798497062199
2024808471,0,56.33585087175467,0.3360063333558394,0.1616237645322707,1.2962482841663503,16.109148113726786
2024926859,4,264.36509802890976,0.3555701344970514,0.3265992723481134,1.0361980993568096,20.72203097129046
2025206311,0,213.02547485567322,0.3674671766309264,0.19238392448556646,0.9978507701899446,14.111251988435216
2025276311,2,39.87866223743738,0.3720858448092301,0.20659608583393496,0.9846268871216093,15.382838865500451
2025508516,0,119.81338030992642,0.33234010348628873,0.20438759732704997,1.2424284655632025,20.40109057255365
2025809998,3,-4.974361179892043,0.3545781350368295,0.18678695297746195,1.1312072410213425,14.040206213885082
2025970688,2,38.553387126756284,0.3564690551997516,0.2907471714461247,0.9854751782474234,16.985994225868804
2026398041,0,184.24841401205128,0.36140760445141,0.21756892566286623,1.2009689281734404,19.799244254839
2026422493,1,236.62620875166016,0.36866292608897955,0.20918199858883363,1.2208793059268612,21.21115455902212
2026602715,3,190.22135993546647,0.3813109935554929,0.20271572121799933,1.0312372993116252,18.46366501668955
2026869258,0,191.24956146635958,0.3645451276126844,0.2219938621630324,1.183149144552069,20.177151272729592
2026975698,4,80.77305228329367,0.3574087373490848,0.20956902907369684,1.1504464249407413,12.07422463419301
2027806037,1,58.54193019820791,0.36896023810151557,0.18457122580927127,1.026240913669883,12.895822234330936
2028307602,4,231.89845346689813,0.3562755476952285,0.24326567818355102,0.960699360589056,16.972237088256414
2028500149,1,21.872058334131125,0.3821503191753525,0.23796998572079564,0.84028612302192,12.443815508296906
2028527037,3,50.42765715021469,0.4029716973081268,0.1464247739474677,1.2072180402325758,18.897481534827865
2028683291,0,218.62100094794704,0.3616253281312637,0.19540092262230463,1.09919710657554,13.513831946175587
2029399840,0,49.21223889957089,0.32862246305390536,0.2248397046056972,1.2190173526533832,22.922457549785797
2030056583,3,43.522887219344064,0.3868023176953204,0.18863154110879773,0.8858969253374873,10.964781229143274
2030717926,4,-5.8673516113373125,0.35123229503925035,0.2977614033598214,0.9788318347755213,20.72484793848575
2030734021,2,171.014468279769,0.3464898257758072,0.23030965134208287,1.2083071564243582,22.234912144514432
2031010727,3,26.077580352323693,0.3802057818374372,0.24100705686124738,0.9581855773131411,11.806113894386346
2031068763,1,144.56954840846464,0.3745046580525727,0.25238637637523664,1.1038069385471616,21.55054386386264
2031096142,3,77.15873724910159,0.35556511713273026,0.28847785559339495,1.1931474895669971,23.543738252778383
2031152163,1,191.34915886472942,0.36940677494602586,0.21816348762874277,1.153072216405425,21.392315173344702
2031378457,4,16.921619585294934,0.40018785358365155,0.21979275464004272,0.8012695610461557,12.619698032010264
2031413397,4,47.96572320360489,0.33214996779040884,0.13397469195731382,1.7082122219491729,19.345103545242726
2031789072,2,76.54925039134862,0.3797929974054157,0.21341886393380674,1.1658572220996744,13.638809626899642
2032432464,4,27.144377825722856,0.3224481595663837,0.21884959207084043,1.0367355949613761,16.99795722655081
2032438783,3,287.98946014789954,0.37649633309316977,0.20435403647803557,1.0081424398466607,17.712504692621664
2033020840,4,52.4220110927521,0.3501317548829299,0.23520510546233006,1.0925109542776772,16.26526524500193
2033581658,3,168.4013058518174,0.377906739215732,0.1816475136803229,1.0319653057042615,11.669310534172421
2033646210,4,232.40339367368767,0.3740805957217002,0.2417500543931084,0.9807578829910268,16.290266910162494
2033898259,3,41.778758421032045,0.36334254041262043,0.3426809987413214,0.9651994647449673,17.61807032602864
2034204725,0,13.203057964138807,0.38071573229277517,0.3896520186879685,0.8904206860300063,21.135483303599006
2034484019,4,67.7474193822332,0.3601414069587149,0.27641336462428145,1.130378240795585,21.004953817996324
2035254874,0,28.486790236046403,0.3498270683903202,0.27353701981891043,0.9618613381719942,15.955799808879599
2035543497,1,72.44126097791982,0.32451261301111406,0.2570632205298321,1.1141926257407406,18.715342922739595
2035696631,3,147.36606997286304,0.370910621557338,0.23362966795341206,0.9316854416956583,17.604053510133685
2035735306,4,147.54529431109341,0.37307711433083046,0.2501511303913824,1.1172156872462677,20.585037908085933
2035749307,1,26.9662553057061,0.3434400016703379,0.2230696632038632,1.0745770821721237,13.169259116601056
2035906358,4,241.0954390782015,0.3941886187550461,0.25761048593842656,1.0436969719510425,27.27276358998145
2036221295,0,183.077542885066,0.3688346086687935,0.23823173255292218,1.0776500756323226,17.273736247329147
2036690814,0,144.2945006738789,0.4125687571738001,0.18011132281404543,0.8860853537781019,14.34039120833766
2036937559,4,211.36505096342887,0.3621019111540729,0.27299838505770335,0.9699686637261149,19.354552872645787
2036966102,0,149.7314169850615,0.29465168592862806,0.40532312242746904,1.2048924376769412,26.07575730093058
2037050348,4,94.94113877061054,0.32583508219038176,0.3050956737602087,1.0772790373867192,15.624721436710107
2037235529,1,120.14511797497187,0.32190796778013714,0.24296225032651864,1.1105823281650427,19.163893968250303
2037427343,0,254.45345673023775,0.37333448464970187,0.3202480997376643,0.9619217312996726,20.72644144292364
2037755126,1,240.46970254236822,0.41870129795877775,0.1666570976328221,1.0464321927930267,18.01704820336687
2038032102,3,20.90181912954715,0.3387583341863747,0.21953857702501958,1.151812006395805,17.229100969687238
2038593828,2,25.793336425455564,0.37141364505657737,0.3306798827949311,0.9433184682101026,21.204474313628953
2038600003,1,80.92353092666107,0.35683818070769135,0.1618420342667535,1.1325920125375821,12.99860521281353
2038692066,1,178.89032538784227,0.4301862474180959,0.18767442241103874,0.9013231034710886,13.956210588834846
2038784698,0,137.92275883493224,0.36271739235315426,0.25339726471953167,0.9798394860177717,22.12594798257308
2038813510,2,198.32410817620325,0.40335256771838546,0.23848221708141626,1.0334549976346274,21.655841459819296
2039137441,1,86.03676353522361,0.3974650937998569,0.21798630937536934,0.8034396393900726,16.703106799548305
2039185015,3,39.23362897944469,0.34966383536854123,0.145602693433319,1.277907362652379,15.262936113799093
2039265517,3,108.33349276643871,0.3383797170270172,0.22836092506707814,1.0762447723285238,15.823029009238825
2039296323,4,307.36542141643065,0.3955141063605395,0.2667006806555831,0.9556993043059375,25.018071418249377
2039689406,4,4.500455449802004,0.35831999852013124,0.2393023495010599,1.1671847841596912,14.407307463911021
2040418137,4,162.04552713269482,0.3905082780711731,0.25262833004552837,1.0516382054281763,17.486095784625906
2040580299,4,127.48413196911281,0.37399787028629256,0.2735773193992805,1.0478094485225316,22.658532257695814
2040837596,4,-12.641188481352046,0.38274844416603915,0.36644600602929506,0.8941842268833562,21.68044999436521
2040930933,4,242.8628139219983,0.34901863293787166,0.24274461610988549,1.0358607257609296,16.81259025112273
2041026757,2,102.69931525807479,0.454246553699957,0.28611346805592425,0.9277022931259677,18.516113477131846
2041864294,2,43.223884899690006,0.37065897757286315,0.29074155793322193,1.0406375812131137,23.170384633961937
2041930704,0,179.74887779198727,0.3706721605368567,0.22129682416356444,1.1410990782299844,21.780847200478156
2042324873,0,127.78592267191046,0.39646516778719215,0.191767051868441,1.050161214777931,16.05335663082652
2042618640,0,51.83572943640481,0.3978596466103665,0.30566097251713065,0.9337739466158508,16.82109215987731
2042805767,3,360.24172327035154,0.39000743098219337,0.24876714939856892,1.117517870859567,28.04634280666435
2042962957,0,85.98878255661451,0.4143497360151152,0.14755507308599908,1.2633394920898389,14.541263239248627
2042985265,3,131.11968670672496,0.3333244000453482,0.2590602246679597,1.092009408302359,16.815813876191736
2043343589,4,253.65238588918552,0.39667389536726405,0.22482625408562873,1.0546966636823238,16.456624179282368
2043894726,3,171.60381846463656,0.3720204534945689,0.30162416626806854,1.208728390552693,25.0187121627726
2044319304,4,235.42058514947803,0.3853406555151504,0.247253313218565,1.131062787912102,20.39148617098904
2044554925,4,315.3347333768466,0.35810192290482384,0.3504888427296893,1.0240334097663686,20.9034975145032
2044694871,0,11.153699787692588,0.37700900079559174,0.24735037561419063,0.9409681690513338,14.04109604763383
2044966386,4,146.22131292809237,0.3779120897098881,0.26191634074807596,0.9188818314375647,15.823341063823559
2045712230,0,147.55598765496137,0.3730290877592525,0.2292508099746371,0.9682725907719347,13.95078665057371
2046153733,1,186.47107614272016,0.35550292543106715,0.2536404064524669,1.0783440770738328,16.592554922609757
2046167476,4,-18.061223416516683,0.41470577584328744,0.2804027666389569,0.9692940634893588,28.60163207673498
2046736007,3,138.97267938776756,0.3495576203157719,0.22840755774813826,1.0508875257544523,14.953488405988868
2046892348,2,34.07116170278148,0.34046911018948545,0.26008051600911736,1.1496385248412797,23.389064937250097
2046956333,2,196.32662607575566,0.3577166661658679,0.26971342957140504,1.0800592999688798,20.69136975052652
2047082921,4,295.38750514936794,0.34730748175651577,0.21299278995314902,1.0464889284017769,16.31293031117121
2047303918,0,181.26543361567587,0.3919507173739105,0.21953347726251085,1.0315196601712693,18.96999727552165
2047470696,3,314.4586914197047,0.38963153666157074,0.24739133849576314,1.0479073042287925,17.548779498782952
2047526312,1,61.08219267265277,0.32988364038656726,0.2604066186967675,1.138216754516628,17.113790984336568
2047662238,1,28.296721845162097,0.36328939954389333,0.236016085587557,1.0053185731999807,14.232026075904354
2047820714,1,42.67113232969367,0.3648548912479894,0.2307659460089363,1.0212262223705353,12.954262569123125
2047965728,2,-13.338949737894097,0.34139147735045833,0.25768585291127677,1.0560494538304341,20.38736432676067
2048401412,0,58.53949546917492,0.4376832237730379,0.18337456922427137,0.9573699920606205,12.94300825269727
2048601766,4,173.96805359313328,0.38516533914027073,0.23230334574126116,1.1700666463659717,22.71138520356902
2049016668,2,38.4595239287018,0.4020621231826649,0.30142013443101734,1.0375438312858662,21.061053253682182
2049074412,4,22.038990640197454,0.45490353714462134,0.15488899010157897,1.0139795994029301,16.947483529679058
2049185141,4,106.51885559634815,0.34082938530463336,0.19554639636824864,1.0697316038403566,15.275754312756828
2049372451,3,34.20650966876643,0.3835349946721158,0.23748515498846212,0.8706419625651265,16.321731033203104
2049646481,0,164.64548388445206,0.32766559385085164,0.19631847268420183,1.2909949945408057,15.409717057628285
2049675087,2,43.91243317382876,0.3534817881830479,0.25242708750155307,1.0868773262972047,18.989652072961814
2049722638,1,319.86384397085726,0.4483257793493349,0.4272275716367422,1.0821841180539291,31.52812446368367
2049724174,0,236.75208832987607,0.3555125261320626,0.2602163611855336,1.0793124122646374,18.200261782525335
2050460955,4,31.04059776771423,0.36274983576596637,0.2536908756014716,1.068597523559391,12.894121981255322
2050550943,3,38.39550293568505,0.3678324162890668,0.21457704127265992,1.120682018763979,14.198051089479955
2051195531,0,261.44587198342714,0.43305819353496094,0.27137416561162647,1.0456189637051059,22.08638735104278
2051477971,1,14.498927103677318,0.3590476682267168,0.2669478882100322,1.035775505177568,21.295413036506517
2052142146,1,109.38037869539843,0.3242917410386165,0.21581335944985022,1.0215542972038316,14.95541123945128
2052261609,0,179.71557969976885,0.3628782398061149,0.23701330463279738,0.9676154712630622,17.56312743013212
2052739724,1,139.8669727755421,0.36454680489123337,0.18765179309353472,1.1518941522442891,11.420403795524004
2053050930,1,26.805686533735653,0.3167827468180126,0.23419235405893088,1.200336872724317,20.28162332762764
2053127764,0,95.59356925620708,0.3624257236666086,0.21885711568503408,1.1538647163657023,19.527363035197983
2053139068,0,55.37641342472251,0.3585631549085198,0.22388443777251668,0.9405967308781554,13.261502459197352
2053145171,4,174.28589790404266,0.3512261332425473,0.2523311090625483,1.1271125233449357,17.190195774185494
2053208810,3,325.090660470122,0.4103164661206571,0.2789181452988641,1.1992653426976445,26.788034173402625
2053534445,1,43.74869612824857,0.38228781134644746,0.19063168046734466,1.08633965179933,16.13349274644401
2053664112,2,47.319941935137194,0.2905119876436098,0.35506957425945984,1.0614780443287972,18.643796679968542
2053842039,4,66.86765001266086,0.37440496407469753,0.2284291885782438,1.1008912059597062,16.702472471118572
2053942851,1,22.248972190589612,0.3791556635237359,0.38714407332477563,0.9053996317911329,22.436586302698352
2054944349,0,16.381894793140063,0.34413587358231984,0.2348891952917975,1.0986073208416165,14.995524337939427
2055026518,1,213.47741002182468,0.3708821451782201,0.27151055274659996,1.1619824098411144,25.728657262333847
2055219346,4,122.29922546891385,0.36449843573781676,0.25135200138472097,1.0861310102454707,20.197705058257224
2055251139,0,25.97847204009939,0.3392069140858096,0.20320410121200372,1.0780859202045339,13.36336179833559
2055325406,3,79.6197741341344,0.3792305726285568,0.16350480618776903,1.1993415161614773,16.152237955915336
2056311741,3,135.8254990891949,0.3922331551723707,0.21912265728649258,1.2177785914571189,19.692838418764254
2057063340,0,182.24011953740285,0.3665695449882431,0.21844596097341462,1.1308016350083727,20.673881149397552
2057209972,3,284.8891668281623,0.3801914243400851,0.26345160449056876,1.0660992951453685,20.540593658825863
2057275568,2,117.94354467948958,0.35632806431705855,0.16232313902090162,1.0339684217304588,15.561934328344726
2057370661,4,117.16930111671564,0.3851457703765058,0.25226665918270513,1.0824214097212803,19.57704863374772
2057806483,1,-39.113585019036634,0.27908698271851407,0.225781214142686,1.224466127554364,19.2856222295008
2058153586,2,158.08050616317124,0.36466933279550673,0.23122386195295241,0.9651671622089589,15.346053940125396
2058169887,1,203.15387212457773,0.36970457110755295,0.24515150834228727,1.11192318123319,20.829448970979804
2058537463,0,180.95249467316836,0.3737099964617037,0.21586808693786258,1.1065644323047892,19.088543181132664
2058722180,2,172.11192167447857,0.3852810483989141,0.23804976788722998,0.9590293189553488,14.057385926142754
2058912273,4,250.31192759571582,0.4013126606120384,0.2288982325925805,1.0672877201871507,16.467682345156398
2059069732,0,163.94340307867895,0.35475984811908495,0.22618428889212525,1.1634823642695122,20.179304155177398
2059156449,1,50.38887701568897,0.3148696321897151,0.2791000534597009,1.1342695863407126,14.498249731945219
2059422357,3,1.3466449849904052,0.3822685356095935,0.3581031924571747,0.886632717848229,15.886358192999625
2059649155,0,0.566846220773698,0.39227310198178633,0.3487588971455944,0.859037919741674,13.594082028329375
2059802205,3,216.9331607500742,0.3787159039460018,0.31450473205461255,1.1732461542905925,26.223845744121604
2060308564,3,160.65000463039343,0.33415757131100277,0.22551423879075816,1.173632467542644,15.983807620056286
2061363511,4,87.96856508624401,0.4165738469821297,0.19259578950586353,1.0299691373345763,17.800228088538876
2061931988,3,214.07918525887172,0.368898936442619,0.2453627394599304,1.0016434671092236,16.852234570819665
2062389305,1,309.7788640729097,0.4202888889693326,0.1795914238242124,1.0794380051292332,19.875035092248726
2062460228,0,-0.0601757930023723,0.3576874869141497,0.21089914502979368,1.1295764972209075,12.369554886140456
2062588877,1,4.874509042755918,0.3766229961331481,0.19556756513449416,1.0080100855915786,14.87875291082279
2062611807,0,-18.463408009199767,0.3942459666554488,0.2877020684930945,0.8821773853789003,11.714556501716928
2062868312,2,149.64458175712807,0.3628676599480532,0.24864734578190334,1.064069149308769,17.18092852773664
2062933383,3,233.4410120014282,0.3606815636696556,0.26565058097820726,1.0333478549427848,18.069145543775225
2063026043,2,156.40765237472337,0.4022731707281688,0.231566599291029,0.9093812232129035,22.503078321114344
2063396498,4,283.83269970888796,0.34054242736174345,0.2822583257008601,1.0835445933983534,18.970855152252735
2063473981,1,17.999578272462315,0.38771758944513435,0.34964083642779076,0.8649053666437733,12.22414339544417
2063616676,1,265.0105281878025,0.3969302879511179,0.2616827196600887,1.0402480567874242,23.87946419362927
2063798200,4,263.81321884346926,0.34949222772529187,0.2756608054411546,1.0424431386951727,19.514085301007793
2064196181,2,125.1136265377383,0.3518861527831824,0.22390167920280296,1.1615086414076954,16.661948871728928
2064758203,2,60.44725274489502,0.33645330684468383,0.2779980220846791,1.0716766676937795,19.806267875238305
2065005983,4,223.00301876310695,0.32613347923320984,0.24196324136002767,1.1159621917675717,18.71169751883599
2065007908,1,276.04116621440403,0.3836943538875552,0.2616519964674306,1.1182043505702923,21.99974546911787
2065090283,1,-49.40845321893062,0.3690846526559251,0.2634697258724668,0.9909395045162531,14.821208068447039
2065153152,4,163.98937286507305,0.33803709350810585,0.26566850196466346,1.064075959349979,19.442996992158392
2065252291,2,11.557341190931965,0.3671375001541745,0.3162166801791046,0.9479983913340184,20.785929214314976
2065279499,2,134.3751520338223,0.36218871044591583,0.2525913770706092,1.0800282159125791,19.46223851381166
2065383771,1,187.70553514033878,0.3824765675906785,0.21525044435986407,1.0563451962215764,19.070015944390327
2065621883,1,337.1295838702751,0.4272874150963668,0.1409562667349441,1.0901819936515549,17.44021851771317
2066065208,4,91.23598858723216,0.36546405116955194,0.2601054391164266,1.0284676256759788,15.315854168660497
2066192425,4,53.69702167475636,0.36588659371800186,0.1867483219706445,0.9539455410926162,12.332377702785287
2066262373,1,35.84363879571041,0.3592704829375308,0.2946434820879634,0.9616026694331925,15.140574605209315
2066820207,2,196.26329554516082,0.36348308538854907,0.2549035567470167,1.1609201213832208,23.638474942167186
2066955666,1,181.24232219727924,0.3830882704266007,0.2232516983231828,1.098852508499363,23.25184784132992
2067168064,4,147.8082988309817,0.3677459248140193,0.20717122025782045,1.03795101374048,13.567978484594047
2067238428,3,28.178557978938727,0.34782148548125824,0.22038832217033638,1.072492724659505,16.32316048325642
2067309904,2,129.26192380070097,0.36855522206263763,0.2080319036356291,1.1235002176437692,18.591500584468516
2067484299,4,28.507911801363022,0.3870641965833083,0.3108386014736974,0.8803817917653618,12.598010035541527
2068061676,1,234.13869205696693,0.3661880229159559,0.22802313102378652,0.9725734216864278,16.850533280003997
2068076576,2,206.40768275131265,0.3682602320151109,0.2584479001643962,1.0486613143957664,20.772595980314456
2068084714,3,123.419635442003,0.33244838666830945,0.28382085233583254,1.081689574271084,17.896392983276744
2068351519,0,35.35334475006669,0.3468020875694026,0.24917929610619846,1.089580879006448,21.164330104157187
2068477355,4,52.75641734408844,0.35217040939708927,0.3051631699719322,0.9920701545962879,19.136683690652106
2068736249,2,37.94072629876136,0.35810138933715324,0.2636204255406203,1.1014971463624188,20.62960141225609
2069332669,3,102.46850464729617,0.39136648221020026,0.17947879238006134,0.9981947779110344,14.816383453635082
2069899879,3,146.76941103492587,0.3734603683384524,0.2730474003922594,1.3281625357293196,25.714666025771407
2070158798,2,137.92141759430672,0.37304790372414415,0.18881945505206074,1.3861573420048257,24.22067341975783
2070291544,4,37.35409099019814,0.3974244203491458,0.1978484962417946,0.7806475363905938,12.810793887157114
2070641529,2,175.68566121005827,0.3777232068945471,0.2203128865561108,1.1028251392550559,13.040030615541554
2070649419,4,157.96970444856987,0.3770829180810165,0.249325755302646,1.0221550352895719,20.15793322067332
2070663964,4,-31.6921242234622,0.32441758632947604,0.12960642887282808,1.5369976224684452,17.239202632009906
2070820503,0,171.27816927407824,0.366976704267072,0.22016389470592562,1.1543300576565938,22.20910745497537
2071087091,2,182.08235677319547,0.3741584813300076,0.1902868936809643,1.121858590920394,18.97343340265815
2071088939,0,343.73090232988267,0.40247770458868515,0.2218047343272358,1.2689109366922338,27.80758912137567
2071134178,1,214.5199001027529,0.37305629793758166,0.24278777228508683,0.9850442334745483,15.572487158601326
2071365385,1,69.23714035035567,0.3755461706815149,0.15900885885915156,1.080542996765176,13.648104947713344
2071704186,4,253.35287974556275,0.3667239634848,0.20948413903033988,1.2023808498262745,21.5847244541499
2071844706,0,56.16271920348642,0.3633976346422884,0.18620634888898818,0.8832471368966555,12.528234124839333
2071858672,4,53.44440274361015,0.36711301282140757,0.3232155665800167,0.9012258193717257,18.818169391261062
2072168111,0,212.35281920050778,0.3845673845020709,0.22724654267469496,0.8938809269403728,14.292984952429268
2072452393,4,126.69049827838147,0.3532834231792382,0.21210107475841147,1.2031091149598578,19.616765778357845
2072866385,3,10.324624493450102,0.3775330730674202,0.3819066483107304,0.9130558274436954,21.52391542668945
2072955704,2,60.28957749261404,0.36395937052507854,0.18803713791356053,0.923897719230374,15.62594634544742
2073349658,4,29.191742965387903,0.3688658331093535,0.30071145293370066,1.0324526505850309,20.924421204567984
2073433279,1,147.82980808913862,0.3793744321792757,0.09872666106504277,1.352107352706538,16.235592193476247
2073505666,3,260.5853756798447,0.3924503667635548,0.2595205555621426,1.1398657871357099,22.677580461672484
2074001151,2,182.15408344824056,0.37330766509909546,0.25422633143309825,1.0793758177942956,22.655863259791943
2074006647,1,157.26450952268323,0.33861061394940895,0.21576187558911386,1.1625159653381332,19.325954749200406
2074158001,0,-64.86955330220458,0.31196253140784896,0.14132819057373586,1.5215314714639887,16.42349132226098
2074267479,1,27.247029714657273,0.3437293468324405,0.25919965302973214,1.098279124112391,17.035035982886114
2074410152,0,42.046225120975116,0.37745170167014025,0.17936061565276246,0.891660365732812,10.810793089430188
2074469442,3,47.22870574291306,0.3652400749471206,0.23324338012057758,0.9893676612522398,11.5553322816782
2074481050,3,56.52272386710345,0.41291337617213764,0.20247660527241446,0.7887495819345565,16.38084079127026
2074575987,2,114.88487605222235,0.3474339319705782,0.1869087950636007,1.152942369684773,20.37909160983709
2075083572,2,51.19397927527292,0.39074384027013814,0.20444383608998398,0.9996795405845544,16.66324412146546
2075349566,0,240.76448214038243,0.3727654245549273,0.2077424769337288,1.2316155069010073,23.910263810043347
2075610197,0,21.118541835754527,0.3609884976537236,0.20739720359087083,1.0672633495097117,13.826234565017796
2076091344,0,42.40851941107174,0.4230212709089565,0.2202592915109132,0.7806267809133409,12.34800450243388
2076186789,2,131.24757805307,0.34012850510188286,0.25401138378978627,1.0405328247203793,21.999462436459265
2076683779,0,51.139221326752384,0.3553039942982572,0.20479296867894328,0.9743555922512186,14.563380243704719
2076949860,0,83.25519346254454,0.2509068038249897,0.1848987682142732,1.2317865911724561,17.95418502461813
2077226118,3,225.09285139897975,0.3656826266550863,0.3356590832604729,1.2260520596588438,27.91276914462273
2077350791,4,115.29701403200168,0.3528316895114345,0.2284839100226802,1.1877978248197731,17.01038704197892
2078434455,4,273.04122533479097,0.405419389951682,0.20882038698574068,1.0781994933454795,16.998722788660793
2078494815,3,30.396387244007784,0.353367318557445,0.20934406968334301,1.1920651582533413,13.838554053476182
2078520197,4,52.72743152180182,0.34423229510444864,0.2031674774415711,1.1771501232238928,19.93000304291679
2078647419,0,45.721229168295835,0.34971839285949274,0.21926355677628268,0.9850309921152998,12.380276732723177
2079303447,3,-33.456308305542024,0.40391781248089553,0.42250906973115254,0.9028277043141705,21.956415244141624
2079401317,4,17.414524156532934,0.35264259806668874,0.1533730903461551,1.28671701948744,15.163275142681423
2079617222,2,221.27760723789902,0.3578294649674136,0.2506827579338968,1.0018751273588058,21.561707373636064
2079708609,3,62.30803251832995,0.3584935458405986,0.18038658947430178,0.9768935567776856,11.996487012080312
2079820575,2,153.51093506522653,0.3702855931739689,0.18440007387207358,0.9594847245526618,14.723666262749326
2080041266,3,119.57823721419082,0.3585724507860825,0.3146655413985042,1.2193206604214955,24.2184622543168
2080614685,3,239.80510674864183,0.3796692469863445,0.242213313791475,1.0925545148658928,17.021812599209188
2080644160,4,224.55995116636234,0.37547882637281227,0.25315418667583406,0.9518460432016841,17.94570135313664
2081117789,0,146.15074109372793,0.35040783863899394,0.24773421423205408,0.9798035059252803,17.659456965355602
2081485306,4,41.41170492247253,0.33129312564695446,0.2363099781519986,1.1128002113897288,13.423056614466603
2081569182,0,71.38461591867565,0.315337692721126,0.2527548097802513,1.1846804470488808,21.562605894191336
2081754132,0,235.58014540410886,0.3715105472295057,0.22881794033493702,0.9994133324371941,15.236738798814846
2081766771,1,-14.337017560355392,0.3677811810914831,0.2246157177546414,0.9555973887692933,11.427969129535239
2081786405,2,235.51544718267343,0.3909771628853222,0.2533191049366494,1.0629684048611427,22.11419739013527
2082251214,3,-4.0416393618038455,0.3885787491521328,0.4321603850828455,0.8779706484066744,22.812307511660478
2082516558,1,278.9550284153511,0.37105128450384117,0.24738019188624558,0.9771182546211953,18.279290816051894
2082878937,0,-117.4455839009873,0.32257540711744737,0.10960597836025418,1.7235692625792636,19.007243330390256
2083351176,2,133.97672513875688,0.41169698988954595,0.16157729633802154,1.0472074274939993,15.603188295354487
2083399085,1,95.52950593675595,0.3718203890686862,0.281900582939852,1.0767423086325236,20.795354998387488
2083473001,4,125.41964840264583,0.3799676455509044,0.27956255776266065,1.0650374311084152,23.16263125798835
2084095989,2,216.84489058168418,0.36111089198276985,0.2552789804897639,1.177375906193157,24.378755660688817
2084277972,4,281.30019492414715,0.35683081594653543,0.30220383940101375,1.0169333862136478,20.40798279968154
2085027374,1,144.5577857203512,0.36771434593564145,0.26346463373517476,0.9302987928163152,18.684796787612374
2085033079,2,185.47231026801808,0.38089146579935534,0.24182994172429337,1.083008211801994,21.2696303513474
2085100639,2,129.24079440810422,0.36573581640792874,0.2122136603728622,1.0677748665944344,13.746590617799495
2085613609,1,191.65101839501426,0.40255306402710794,0.2137410623921012,1.005925046949157,18.37116637196372
2086500241,1,-58.223735519545585,0.38601346396987574,0.23593925461963072,0.8968656177250948,18.085028897829112
2086671305,1,158.62053938096605,0.38312346435089883,0.18717573910276336,0.9097297320878517,13.493934712382334
2087529784,2,172.4924677659551,0.35969215469864557,0.2505953371027743,1.1585017245052347,22.52553558439049
2087902310,3,358.5597117847908,0.42152739469608513,0.25921655292350965,0.9200712068523429,21.619813515169863
2087962619,4,112.37764040469419,0.3647115823082885,0.27963328517600927,1.0658279174294427,21.332302427881224
2088540616,2,155.7665816524618,0.3826300945972323,0.22188027407657024,1.0025367211024718,18.914404529593853
2088836138,0,96.11705665835473,0.33671412162446335,0.22646763968266795,1.1768149636905443,17.74310124399919
2088992800,0,46.413124597914454,0.3636848762484313,0.23029637738492767,1.0639790401759075,17.896934493287855
2089130160,1,-26.31774574611954,0.40013218745021273,0.28917740397779224,0.833295773764238,17.638395945466527
2089319482,2,-26.247947227899473,0.3356611497912312,0.17204951068322322,1.2320995663659802,14.130431228084328
2089653204,4,51.76999671367716,0.35312343802446783,0.2702593964486791,1.0844950632716999,22.57729533270721
2089703645,0,36.58993752628635,0.32920114628237906,0.20933692994971081,1.1702022981311557,14.007635848573106
2089849247,4,122.21856729840316,0.38762931114848603,0.2670690644335569,0.9841380317810741,18.634647954890717
2089875346,4,17.984845041608878,0.3957834529394099,0.1973602847179839,1.0966848361073334,18.376205655342726
2090259325,2,163.830081439548,0.37104298162243216,0.2579166059513504,1.0165736826582177,20.22610526447411
2090445254,0,-46.91504312573228,0.3910183012401532,0.3507798247900942,0.8789174034060234,21.95731280270461
2090672547,2,194.22777307781385,0.3612793031625057,0.24976057790063408,1.1606656296250408,22.53884681129814
2090987332,4,133.30944104838818,0.369606455515206,0.11769725924025073,1.547612142940395,18.99907728481308
2091289727,3,82.76128857477299,0.38950944707645824,0.22497461298634389,1.0975823201613655,15.252849532232666
2091496127,4,31.493189430626387,0.36535598857264484,0.25867452853741124,0.9824924702213205,13.900386473599077
2091819408,2,113.47582769817649,0.4144942474245442,0.20747229686890095,0.8422969056865615,14.420207952026477
2092024077,4,195.91858100430602,0.390264576569181,0.2519420185335303,1.0792614998736454,18.568091210059926
2092061977,2,45.99362239291705,0.36989364718808737,0.20240006253292792,0.9053453452624186,12.93670982165364
2092067263,2,143.34182399429812,0.35429127497179735,0.2691345260196173,1.0310978288272172,18.15315871226391
2092210478,1,61.98977952733155,0.4200066636711413,0.3744043949602622,0.9169581907562546,17.212466152470085
2092278480,3,228.49720351926405,0.35167085440529094,0.28874787136244584,1.143575546178907,22.131798027175606
2092674324,0,6.317894919119695,0.35105317573921196,0.1749364599842425,1.2232597107855732,14.237690782886844
2092935211,4,269.22446647052686,0.3880894448873897,0.23278359982823404,1.1205487671161496,23.602674182248563
2093130856,4,43.97692592944371,0.36911559195233584,0.35398535655186697,0.9256242937248751,21.15204443196148
2093549092,0,230.0436931784405,0.404882514369273,0.23449526832906525,1.0165201988654484,20.16368255931335
2093679226,1,8.402035991783237,0.35415420962789623,0.24637273429236856,1.0824257008118483,20.157787607779774
2094132157,1,22.6226939298365,0.35416283524562464,0.20318149215141385,1.0269589510665982,13.367318719997748
2094564559,2,250.04816948665365,0.3984071544535359,0.1448623419201747,1.2202366299300806,22.75803522771788
2094965474,4,145.5919041903074,0.3633791072916273,0.24753292870745028,1.083085049746754,19.84905130272002
2095077077,1,-17.03607137786878,0.35665361091536085,0.2954448514477336,0.9841321305167839,20.72980096686316
2095656240,4,198.14873250583116,0.38242118856118923,0.25160972454485137,1.2004124072854192,20.52367908860731
2096099449,0,201.58687002976734,0.38386814495481564,0.17637693820513953,1.0317141758366866,14.567386114203632
2097065173,0,134.67167750766805,0.36539472554496155,0.21663367935309413,0.8924701381928383,13.70182897165566
2097105908,3,102.49938624561138,0.38132467903677153,0.20810012222898433,0.9417198688256128,14.484919122260488
2097907422,0,241.38173303152092,0.3797684391982873,0.20368896643102377,1.2287398410780113,25.030381819721196
2098139319,0,20.150622054804174,0.36819051538335024,0.34324033825285877,0.925840609243686,20.5770818717527
2098169121,4,155.75028148669227,0.3821746800572449,0.2701445508084987,1.0436839960435087,21.340547114632276
2098235605,2,73.54392237482551,0.3762820860786327,0.24629605847619343,0.9909318953067751,12.970140824289674
2098276804,4,13.8507077620052,0.38043902648781036,0.28245777336269373,0.9549769151791633,17.203773932778574
2098860245,3,174.59578565856594,0.37101173650364555,0.21124057571087915,1.0742958939173963,15.68463576705265
2098949434,4,67.10374259262503,0.3602480564595491,0.34389255627458437,0.9534609624497066,20.703953827274127
2098983815,0,196.04792570754472,0.3710998373291863,0.1887556496918339,1.2671666665653096,19.574062535371485
2099106036,2,79.1876472275292,0.35990906547275225,0.27992066630778717,1.0472493802266678,22.209284188440222
2099208394,4,123.91626163605119,0.3655494139481549,0.27584101727208676,1.1486187258134481,23.033419665532477
2099643847,4,218.7021555772555,0.37184998780710676,0.18505293244800158,1.1493304442522319,17.60268020652253
2099648126,1,242.60121902456575,0.40707845093310624,0.18306975653068341,0.9245714813076974,13.126484096622427
2100810597,2,220.85154699019824,0.4546438441338949,0.25546994160314473,0.998376731865412,22.66107977651454
2101703893,4,-20.001121978095753,0.4005682590464725,0.24673965129323147,0.9547346039241258,16.65979890618232
2101723306,4,98.01434488692728,0.38570836753719817,0.1949867072350238,1.063757124018209,16.436954311689124
2102034218,1,277.66083593511786,0.37999352953000937,0.1855051665160778,1.2122009451932503,21.79208079139868
2102039309,2,150.09240551657427,0.3538255601849836,0.2597065351104278,1.1476911695929592,22.333409763643452
2102048266,2,152.20739294718743,0.3170439782135604,0.16535567748983948,1.037467804267979,13.102145217311193
2102097019,0,88.3102157031447,0.36865432281717586,0.2824118221709336,0.9312252302840932,15.38101467626114
2102135850,4,-18.545004199513997,0.336353063303971,0.24781058430911437,1.0815491725507593,21.71074766947122
2102234224,2,50.510107205979445,0.3849207050000698,0.19679373642500325,0.9598151448481359,12.715306210265506
2102406766,1,91.9553919661457,0.41369561068428634,0.1417792837628094,1.2584705845114732,13.779119625061005
2102601525,2,1.2009004722389705,0.4231267377885808,0.3467612968957494,0.8256114641334734,18.59538107565434
2102738323,3,99.08407489952947,0.36382785685883895,0.2412820909153809,1.1525984652214578,21.23294272091188
2102908349,1,151.10640428702987,0.3947852416060859,0.25417614905413083,0.9521470767391624,17.916453098946388
2103171558,1,106.90308633894341,0.3560377777861886,0.24596947785328815,1.1129768043561274,15.542599774946789
2103300246,1,105.61492359664551,0.34425927389841554,0.16467797343660318,1.4394124557960957,20.71928114956305
2103389743,1,34.24916305794765,0.36138865605207027,0.23777771900219588,1.0158234484349007,12.155598563969466
2103408562,0,-94.6104308443234,0.3522014954562365,0.13976974430773195,1.6012982619764107,22.614577393725845
2103439506,3,-8.136317474716122,0.40947519241023583,0.24143312528056377,0.8482670254143074,14.858420788618211
2103456476,4,26.4398919581063,0.40411123283555656,0.273832238701616,0.8772598182423899,12.44530139279552
2103595659,3,-38.822383558264534,0.33481577497647114,0.23794217928655667,1.1097977390177196,20.43489945499014
2103648490,4,266.48357695067773,0.35926169708276245,0.2504584281150854,1.0432069844866354,17.466549464553783
2104121723,0,165.48170392428034,0.34422920010965047,0.2536792087117251,1.0100722302001575,18.432730244831657
2104215335,2,432.08663212611424,0.3800820937473833,0.2495964134181977,1.2026608163818295,25.15004743734316
2104280105,0,26.221691458161473,0.3299198766277255,0.1396809689551041,1.3993945438523143,15.52887981975527
2104394110,2,124.71482154489168,0.35893029173995794,0.26918700085996516,1.0102603514640616,18.50121690382516
2104615575,3,86.60148414406143,0.3629976492449236,0.2580239000836668,0.9753602026108644,15.465877358749575
2104808505,1,73.0209006584491,0.34680431198673833,0.23970341361660483,0.9760549111950738,13.843584156740363
2104822360,3,338.95640457353943,0.38520683678127837,0.2978798075545923,1.2932091117299582,33.58344946024481
2105181780,3,358.5981434060606,0.45641803454945173,0.17658651978850698,1.0130490318124223,20.675580313817868
2105271867,4,229.73958398754274,0.3851772527613593,0.25093925020765073,0.9801004013672399,15.958893971733898
2105289986,3,37.28328433292835,0.39392230973701425,0.20748856411265199,0.8973520362855347,12.672437514811133
2105342564,2,192.71407980467973,0.3697762604841115,0.2501605032358642,1.007008936345427,17.860240684742653
2105808752,1,174.26960381837677,0.35419419634202476,0.27580642092900265,0.9886518646061209,18.201400178450882
2106014739,3,51.158883554804255,0.3669121632484588,0.1762070413414415,0.9867132183571171,10.536252838446286
2106275080,1,71.42816607552902,0.3535929916638343,0.3038242730005697,1.1091654228982177,21.125927273154275
2107302149,2,120.95294699631842,0.40698920366179614,0.1504095094150007,1.2381727750157705,16.36345400486601
2107491529,2,32.71890770468269,0.33264930579825025,0.1343451552561597,1.1512815213401772,14.396127735293865
2107706475,1,-53.04387900593693,0.37909018516966564,0.31116767582941174,0.9155647878844307,20.56066963228254
2107751440,2,255.03565562269915,0.38815037855775797,0.2360663864177474,0.9878133665991564,18.72167226022431
2108285261,4,73.32861535989598,0.33375149062951764,0.28061067008215757,1.0969370810819823,18.530936821935335
2108373019,3,38.6433240873746,0.35869637646168295,0.2561412116905616,1.0923428455478805,14.124013861561505
2109042008,3,117.78273485260628,0.3501692575272188,0.20623404088941177,1.2315980724372002,18.20128793455495
2109143268,1,34.871942487818025,0.36748349549229925,0.20797415335851932,0.9584863629326208,10.786975685154374
2109376187,0,36.3807197738762,0.36457914313086504,0.25737301122255274,1.0577200131880415,20.95521194473835
2110077418,0,76.82038481337084,0.3600401153675777,0.24686340605388407,0.9712497310463336,18.376211898069908
2111187299,4,178.76835682974263,0.3963649158049568,0.25085794636941416,0.9605477249583182,17.266919691700167
2111235464,4,51.277700394988535,0.37500685839043896,0.1986495448834707,0.9689895354335936,12.057725215042662
2111449660,1,226.83850466196836,0.374585699811408,0.25057967835684336,0.953589309230608,17.714477439903913
2111641058,0,-11.503745085658835,0.3785880044502535,0.23155022643129594,0.9368689550596705,11.708093155567296
2111688362,1,101.93933376977003,0.37089208920801736,0.21250610957590488,1.049205942630074,14.052548042545363
2112106908,3,64.56853277596501,0.4198027041301238,0.2998980523734914,0.8957416234732972,15.25058196199358
2112160292,0,55.26450908380252,0.3375754321738609,0.1768898092525364,1.0864872826395866,13.105263006525794
2112420491,1,134.43099502268677,0.3487883321761916,0.38847175009395696,1.0885295443141985,25.53250796994353
2112498322,3,58.789397771827055,0.39934860393334015,0.33517040372684936,1.0390070752685208,23.26687428425943
2112731378,1,75.0274464113407,0.3370020125837281,0.26004704295211634,1.167777522144914,21.057809503774195
2112734421,3,129.33580670348513,0.36876496812578113,0.15846084243362704,1.1119629062202827,10.191639910973304
2112770434,0,117.10905773366896,0.4020022831785544,0.2629097020021525,0.9190032706794009,17.91363653818111
2112796549,2,310.72340244405723,0.3708598581401345,0.2478339282300448,1.152180935644345,20.80520102054087
2112814629,2,12.964149781888423,0.3932009301514978,0.17136217910623375,0.8661407941200405,12.645732039725296
2113232814,2,103.44930696491399,0.3762884566589232,0.20908614704501205,1.173508788168152,13.374761562374394
2113271620,2,86.97323327690755,0.3128273837154995,0.18941063448430515,1.0595615493172477,15.803993372280262
2113327142,2,304.89103901315366,0.384452871168398,0.20131541304126305,1.165191493290195,23.056245264647405
2113413468,1,194.59661050485602,0.4116916769883501,0.19077970670796796,1.116797212990512,20.296907180966656
2113953037,4,135.57175228576878,0.35322039124385374,0.26720675555338613,1.162926124646127,22.267917271348935
2113988141,0,194.71117563656387,0.34299050077364635,0.25470920373621847,1.1953937510635306,21.090562716178624
2114154599,2,69.8780626210974,0.4261723143941253,0.15099306859712727,1.0120255735699955,14.792452774364346
2114560231,2,163.25604423242882,0.35300682363993513,0.221026963926702,1.1698560534415843,18.13895438738485
2114893562,2,254.97355942028685,0.3947892241903701,0.24081412599475316,1.1346174590285771,24.11610017157189
2115270537,2,-45.32733773821822,0.3263122788441839,0.1313695225033404,1.370423795959256,13.999616750217172
2115445958,1,212.3202015797836,0.349597337900971,0.2581343311919942,1.2044235389866913,21.660041055800885
2115845960,1,208.5971112845611,0.3534875151884096,0.2582875952623666,1.1581023812902287,20.25369226518596
2116023272,2,82.28215206422705,0.43368258226577056,0.17907123938624128,1.0189512235192315,15.15761354136441
2116043723,3,154.33700950756634,0.36467152804963093,0.29980488844479297,1.2239338701521116,25.41605669442697
2116336179,0,193.69516957038581,0.3404328530399384,0.25770416355043585,1.0480727488280317,16.639502595847944
2116365788,3,169.20158155926038,0.3606312980844665,0.21563441529396882,1.1711843728171512,17.953278002619186
2116457345,2,238.34629070295762,0.3571310093167326,0.17490793392878784,1.2458826953120614,16.70056599204947
2116593356,0,71.40978346369262,0.4410720573079172,0.37902442107320405,0.966585836975553,20.426627755133907
2117478348,4,57.763600861362285,0.3881590285293195,0.24294456211624832,0.9208358197474111,13.567212503915387
2117609308,1,135.94328693281776,0.37760420884983326,0.2154192069301505,1.1229300069299155,20.194618436749575
2117950580,3,111.69205449861106,0.3734435592430057,0.2254108140706462,0.9816094127736928,15.369353503003122
2118544879,0,228.6196605489867,0.371278600462203,0.20120357930119112,1.162854047827481,22.936717044648077
2118719720,3,20.195003352271428,0.38550792780173987,0.18901137724214034,1.0340599150175582,14.349803327024144
2118723389,1,29.509944029926643,0.3350205493678313,0.2501894639279198,1.1548984741523252,17.96588266929392
2118767527,3,167.90304442543103,0.3651299688517371,0.2971299583140262,1.24149749088908,25.731402601437942
2118906166,3,16.56916162053129,0.39619960268455934,0.19726375487083833,1.195957782327348,12.743317098191042
2119541663,3,95.03528280278537,0.368429962244976,0.15479430183983867,1.0539864399084589,12.496584263933155
2119800195,2,43.37491376944978,0.3692130817349695,0.26503236450728057,0.9846199951587375,14.168125756750449
2119910769,0,57.649100274965264,0.3571635104864212,0.14869474372351665,1.0917137097718874,15.562012277082463
2120362276,4,244.8896278904205,0.38450760048892296,0.2557253376700998,0.9367215635789362,17.197405759167342
2120569877,1,47.73287061354776,0.36938896870515575,0.2702652615125239,1.029099343976091,20.332186223565785
2120715373,4,14.484222204498508,0.37005154130742607,0.2952944961277672,0.9787744888751748,18.80776056492774
2120990962,4,82.1850118974063,0.3524516224938458,0.298976169056002,1.0450187686063113,22.860725484649425
2121376176,1,321.96576082072903,0.35115191288989317,0.30334918172932884,1.0820977692320848,20.589538920655883
2121841286,1,119.38522260123943,0.39381620303185894,0.2148361720836837,0.9720363950461115,14.47540586921827
2122013892,2,45.090857140906266,0.3403145866417236,0.22253399414303301,1.1086067110574984,13.59382016480328
2122531737,1,145.68859654020338,0.3925881221523587,0.20605034226701208,1.1648029793405217,18.635075455213627
2123056342,4,196.90823378523237,0.36519307080738245,0.25133092221491565,0.9441424929936352,17.34837217955736
2123073246,2,92.4527992633606,0.3252249614308005,0.19506042919595667,1.0819346032341624,15.761322176346747
2123232751,3,96.4025238927323,0.39189020963465104,0.20717110953376702,1.1194440259852294,15.21789014225166
2124031511,1,19.487896327088805,0.3790549289443646,0.23716514272833739,1.084046660818768,15.822046655108602
2124040823,2,65.52678788784766,0.3656009141936785,0.26778520394318955,0.9921393314467452,18.64631690995836
2124483443,4,59.36069087442026,0.36267771552935757,0.19885455739254745,0.9995727493195073,10.552782186771738
2124605218,0,170.3994981119431,0.36783680324750045,0.19810430233112147,1.2257910115015143,20.596574178336873
2124727719,3,32.30177918748113,0.36389297156504063,0.1860147883840817,1.192638286142481,15.784020708356028
2125797590,3,208.1381122845119,0.34400952516219424,0.23122986263299838,1.197443791241366,16.911893986190904
2125841447,4,447.21421343394127,0.39145166100943196,0.16233159953091408,1.0011039151819348,12.387820472585135
2126001551,4,144.30362529072332,0.3188637244917833,0.22036932318474178,1.283993465107759,18.95888771568967
2126142504,2,23.724697339893268,0.39187023093452183,0.34238544853507996,0.8834345592496011,15.708734452044842
2127024895,1,22.700610609047004,0.37852345400558457,0.22858095668074893,0.936252995882076,14.705024787986485
2127124600,1,248.28082654972815,0.37689781901921765,0.22508315865073655,1.1382220438778436,20.063442655414814
2127233037,2,27.29511368421238,0.39588787365328654,0.34161762806622104,0.876004135829361,13.973557845121821
2127356325,2,60.28978773532645,0.4285734324484842,0.35604907607235714,0.9052748421105271,16.05666467514676
2127384896,0,58.41627806197102,0.3435040241860382,0.22985415077933405,1.1509670188390562,19.53944477157955
2127609495,1,75.58949976843043,0.35390394298924577,0.2855334970334126,1.0987782546834983,22.819373744972694
2127644258,2,243.88855988287975,0.3470775129280743,0.19423176980603768,1.2307112406808862,20.76025027978513
2127806896,2,60.66631886919833,0.35724956736667646,0.3229431241900571,0.9871238245108024,20.840380612062294
2128237869,0,87.7255617965858,0.37104372134194763,0.1552111690212769,1.0619208182719675,14.579632032402378
2128329222,2,51.30467884537728,0.3894303049579604,0.199185767185302,1.0898053423390153,17.077012149487253
2128364241,2,260.12808678234984,0.3983545906673772,0.24087425854431352,1.0897214189681161,20.979527281717942
2128965450,0,52.16969667648626,0.34019740312413693,0.2761249275411161,1.0523753266749403,20.845146555145252
2129332781,4,54.627716018409664,0.3582363694010622,0.3341665375708214,0.9462891195737457,21.030370424238548
2129403327,0,176.2062014415167,0.3612320923226061,0.2210448289691607,0.9691217857781478,15.49680652862913
2130807414,0,53.67429503953127,0.348252674094435,0.17975553947722972,0.9386079030602817,11.48383516612168
2130816588,3,93.8149038573575,0.3352742864141607,0.1640563050411447,1.2230440951939237,12.258743165965594
2130846532,3,221.7230556669443,0.3726922830900856,0.18220611287323035,1.063213698878515,13.676829672489786
2131450394,1,232.3967457802549,0.3570968097203959,0.2657062044699272,1.0162517897217398,17.42933662602849
2131565375,2,173.3575012331121,0.3478817962246913,0.24807300555054254,1.084801820938894,17.662237995201515
2132236820,1,-31.447042816455138,0.34640485901550094,0.21779715932603622,1.0156917565640362,14.625062598863195
2132602127,1,154.0302946165312,0.354514056710854,0.25948064037006685,0.985954080189169,19.059721945729766
2132630814,4,298.34180072324386,0.4524181070108548,0.25857101219745604,1.143475739338571,18.793783998715732
2132767837,0,236.22038407771095,0.3719699572535483,0.23172730082924747,0.9969310755900468,15.504221106637038
2132825345,4,-15.284589353233798,0.42146432476243534,0.1647631886039122,1.0753629196007874,16.42058993325815
2133999177,1,230.35770836322493,0.36950015142596065,0.26258549096996037,0.9758619685213328,17.16330192585046
2134272821,0,100.46163493934286,0.33366984168885494,0.20901267138922405,1.0761807145931872,14.778722939357296
2134740083,0,60.12329187166,0.40743516400310276,0.1468823189507277,1.2130491722300842,16.95097262258153
2135550018,0,192.8876711077317,0.35772311405082596,0.22449423084938336,1.1363756395163642,21.61013348986023
2135749372,4,75.282626674775,0.35858564400848486,0.31674716711990974,0.99190543668014,21.44933255565726
2135907142,2,189.93050698457182,0.3764925187067202,0.20700699069738082,1.0561061338881643,16.0951050771187
2136380644,2,69.49661791157592,0.33497273988324255,0.2536835745698522,1.1401011449423992,17.62727763889641
2136556254,4,148.501392904841,0.37937781401639253,0.24263156156281154,1.098913858384269,16.92033132841822
2136774388,3,165.87554255318042,0.3695460598844649,0.2747906565351347,1.1543614163519735,22.420579454796897
2136777400,2,122.63759302722418,0.3592908708870246,0.23256562531920358,1.2274256057943385,18.8919481020301
2136833669,0,202.02019235938667,0.3730566203029899,0.23770476228876722,0.9405817471726557,16.826272179129372
2137189788,3,31.65881121494364,0.3544308113785628,0.30312006366518074,1.077381980550569,21.032266993201727
2137510659,4,127.6883204087077,0.3569989464662,0.23617385507590993,1.1741289564470763,18.16681165191816
2137901854,1,25.481261273961124,0.40542296762398766,0.14173918487180204,1.078777540225449,17.605326348480332
2138950642,4,296.791973227427,0.37637696668513754,0.2518950281274763,0.9633827918658776,20.253924970567112
2139033638,4,152.07654609156566,0.3720802029644181,0.18561354325067836,1.1838029999859643,16.445774739655203
2139220347,4,121.14659335861305,0.3518122889827066,0.26745156328446706,1.1725294543143439,22.13535322283718
2139752461,4,175.95604293074408,0.3605649528489906,0.2491486661628366,0.9392930480429417,15.873176199298035
2139764431,2,268.5059333345968,0.3815387228522528,0.26637333454341944,1.1655694439010205,25.983370244528395
2140175803,4,49.546623345614506,0.3715406872451978,0.18682436505897165,1.1807121546035806,15.973211950463332
2140329869,4,256.43224239682576,0.3644698957766225,0.21117219270717072,1.0345452942313647,15.986836918986775
2140546586,2,188.12912707861454,0.38750376152094707,0.24002467825001558,1.047808221781489,21.093069952387822
2141222333,0,26.049999814023508,0.39077262761252207,0.2043472335364861,0.8771692191008646,14.30129340921959
2141227349,3,-7.673440934672755,0.3841467170809433,0.26957213920843603,1.2427592422025175,24.16468852147647
2141673799,4,-47.46266337596788,0.34688120824190677,0.26932321204252196,1.0115704717048932,21.314377642863267
2141743526,2,66.29488929155139,0.39868177334478294,0.2866244395395093,0.9840053671456589,19.846660640632777
2141765674,0,236.39043843413913,0.3618117026179927,0.2856425417375512,0.9959723806219416,17.990554337526994
2142082158,2,44.068687592295255,0.34737820216646736,0.20682521241349583,1.0272593686548097,11.835874922097085
2142258643,3,11.476764677758808,0.3468909770776366,0.07042547296322296,1.7723460105534574,19.45759231122451
2142436702,0,41.18527151600477,0.36034741072983567,0.19929086971730942,1.1175507956689903,13.56457684210029
2142712159,4,22.01211105413236,0.34534733606886514,0.2827053702155754,1.0646776238441347,18.29011975175556
2142796643,4,24.754825331629675,0.33144708682550306,0.2638029753423576,1.0900700009511217,20.300829497450536
2143562639,4,406.45407124423855,0.41190702218521175,0.2941035652322968,1.0402413096740866,25.17213371209636
2143661007,0,198.98658755306076,0.3760874058167857,0.19853740882308754,1.2028558923929717,18.67098155558746
2143712913,1,150.30456291026894,0.3599697625565031,0.223161262181217,1.1413761340486985,15.466624363389045
2143907277,1,193.3102796025489,0.424453333698688,0.19333076743336916,1.0698149997449293,19.395580888791926
2144004917,2,140.6280110625709,0.36979028615877085,0.21262894795038567,1.0113779786188215,16.918071492648938
2144112404,1,275.62894780539654,0.40136138799280774,0.21758615337994552,1.0702104852830174,17.631417070926982
2144122430,4,25.103664639470153,0.386304460308507,0.202270001812759,0.9707264953291973,14.226905340843548
2144407419,2,211.427051177391,0.35201617106515287,0.22890823169190372,1.017888494818744,17.941332504121604
2144585137,4,-9.168286430641032,0.40767783149750364,0.36998831396272946,0.8738065598860992,20.626342544164505
2144833176,3,152.7729153495404,0.34831192333328365,0.2366369153286701,1.0495676395424238,16.847660257800708
2144885299,4,159.8468365236705,0.36863846987649296,0.2632733958640767,1.1264794850540654,20.73238273276084
2145754904,2,96.81067354078533,0.3442180393755163,0.2488335054420411,1.1722870737410518,22.173258298841088
2145995824,0,216.79530021792982,0.39515852295578346,0.1884837120571864,1.2083286567634999,21.359470973487046
2146083613,4,-2.9263081781117393,0.3428383089752444,0.2198227731997502,1.007470775832052,15.88823420744816
2146213237,4,142.89845836930974,0.3683557394460211,0.24567792291514537,1.040760907475158,16.355139046871628
2146592435,1,71.12672204810436,0.3693455264790624,0.25017494133084456,1.0460179608772304,18.906059051429324
2146810552,3,119.4228002814334,0.3577035174852433,0.20115437790936835,1.2626303551612708,16.755538528080756
2147191531,4,120.11743813352906,0.3631039244951336,0.29541715854302314,1.0645359328997996,19.806417850615304
2147435020,3,66.86713726449396,0.4191338907826884,0.19119239334085428,0.935058649046092,14.80050344203024
2147438299,2,36.2683608159681,0.3748202830622061,0.30716786862136014,1.0159610013154996,24.18123002363553
