sample_id,fold,Tg,FFV,Tc,Density,Rg
87817,0,101.55803248961693,0.37199987956977226,0.2042080164595142,0.9864051783416837,11.360844742631514
106919,4,230.73060857209106,0.37209855838457967,0.2210233735866508,0.9800814041429113,11.143384264099378
388772,3,219.3577871483007,0.3766674746354785,0.24729001384787924,1.1303114807567227,17.201150186331006
519416,3,168.35583199674744,0.3804520361724324,0.2412629894004601,0.9048656837550576,16.72952210002033
539187,4,137.43150063242362,0.35372554866602784,0.25685550402389884,1.126384951312566,18.03449330321972
950661,0,29.18034925518542,0.3336121001995099,0.2417823341186497,1.0084165183557938,14.89356715307176
1012066,3,143.36995974812584,0.3720327275682211,0.26070866191577957,1.0465051722507663,14.678795450541696
1022104,3,174.9511378451505,0.3793288182487965,0.24761162986636195,1.0728181234992955,18.53243385244504
1722264,4,18.1714685711475,0.34899211034577776,0.21706112197136804,1.060793782938861,13.789756260892268
2265305,0,199.59576378834535,0.3422975545327968,0.28230063955283213,1.0644618135981356,21.06326265206645
2986007,0,97.73047054343749,0.39737946177816547,0.3242548436303067,0.9324391581623737,24.92953051271637
3013292,4,140.45775765950845,0.30436477958903735,0.17969495712844802,1.0326170427874755,12.759062426292113
3053950,2,198.10744967005814,0.3646836341073462,0.23270668556717108,1.140702127238294,20.28811178077497
3128201,2,203.3265418908985,0.37669816555625535,0.29031039305085327,1.1211332455409533,24.471003822584322
3139746,3,15.906617039801759,0.33338915700948746,0.23102110197356213,1.2166593565535158,20.3210886212332
3254580,2,181.53941514144333,0.35571624658628886,0.2337418261760919,1.0140574274054064,17.580556859304
4600132,2,188.31418135766904,0.3415081377616693,0.278423720614874,1.0247460320086672,21.682544142023797
4658296,1,204.21612827014062,0.36351061197820966,0.2879816873910015,1.0772472839477742,19.96825040530074
4834929,0,78.00373368369063,0.3643044932879053,0.18264314339910503,1.0816104642919335,13.73917895306174
5118841,3,42.704755373541644,0.3931231148389959,0.29681888603281814,0.9374050414098972,12.989443569332428
5350166,3,47.314719212387466,0.3161224646929117,0.20604796928487026,1.0893921590735811,13.008538841892515
5650517,3,61.65834970236822,0.3396731054166952,0.23224514178422612,1.0869242293209596,14.256414532829915
5661484,3,251.58520044018573,0.3826888890531095,0.27534175766272456,1.1702694386929735,20.34041038591413
5709902,2,53.307952793450475,0.3368963664962422,0.2928724773984021,1.054741707652464,20.85667059648969
5724071,0,259.39033288149017,0.33414941922504926,0.24988065275536292,1.1771848452759648,20.622580135937223
5857263,4,285.15551958835056,0.37027174267281343,0.285261904443286,1.1292207354482804,24.95202853623088
5905810,1,91.89598453785884,0.3384947551434693,0.24562147096861336,0.9613808424394135,15.76532091728422
5966923,3,47.52246845020955,0.3890513894452245,0.2805492080692358,1.039186338675983,14.57464655873748
6019988,1,27.25141557818148,0.33175091902629295,0.23454033119665388,1.0276442759680955,14.182979741905802
6102563,3,106.24036833294781,0.3338825263468941,0.24940929736583797,1.239032084012716,21.171628787220456
6259923,2,177.60196249542548,0.335286347765669,0.21877720548364862,1.0529130976174912,15.981694170435246
6645418,2,58.7589291620279,0.34426098499275476,0.3197825130764073,0.962271505994769,20.022514305483348
6665789,3,138.9000655386785,0.35532628453281795,0.2442546000129448,1.1614554138045519,18.298560340138216
7586800,2,236.9440531954902,0.3782651579952935,0.22851798819482366,1.0421505340887987,17.778599105898145
7687820,0,23.55728516721439,0.3680542192486251,0.3789818501318536,0.9290467052037557,19.378782913058085
8689461,3,32.970724584131474,0.40839423586481843,0.36440177019077646,0.7781682909272613,11.182354063777538
8973725,2,76.53545914761713,0.4081885687093855,0.22129521117935722,0.8061701953792515,12.820033229530742
9231170,3,76.62221958914681,0.39870920280815214,0.21214350933947038,0.7880812807134923,12.254852269742262
9284896,0,0.8770892276947961,0.3925836129674426,0.24950552301312667,1.0263310205486773,15.637904769272087
10061985,4,184.17539198435725,0.3483406050182181,0.28858586513257894,1.0511113783182422,22.72550603645165
10142210,0,53.324217940457906,0.28426175771940115,0.2229297695769316,1.0592799370809745,15.992198523877356
10557152,1,47.50982142338699,0.4030264288022618,0.2316347760468202,0.8223215129013963,18.55377528382458
11301237,1,277.7957226731586,0.3992201077872763,0.22955509363222323,1.117114204408161,25.7548882681252
11664621,1,25.44124768899667,0.3448046551230307,0.19564422032497808,1.0590094342424563,15.669853629897252
11667291,0,224.02184103816666,0.37772275095539654,0.23463780654330563,1.1370868968997234,24.136494745298748
11796436,3,128.12792329660098,0.37424981813404457,0.20250724350442412,0.9840283340238405,14.296059130875596
11894206,1,29.225331165981345,0.34892435018271034,0.21380283328961877,1.0624240518999841,13.335191308278487
11955349,4,241.36181487019857,0.384553533089544,0.27391781731779025,1.0402411912327398,21.8538345345193
12008966,4,137.17380538079883,0.4207440749277744,0.21158454869167068,0.839063457796301,11.396569201543084
12265790,2,34.09133143912642,0.34892267751293543,0.20030478807198565,0.9828237365581531,12.796731618172457
12381586,0,71.53061398158465,0.35572767104317987,0.22128758952796213,1.067825711222712,13.009949933646874
12395811,0,45.93296860679716,0.3919350692009945,0.33284844768435845,0.9982440377516534,22.321891518564694
12627006,3,212.01045224356545,0.3922796798970629,0.2252783099900609,0.9910102059384684,17.214680309069212
12724819,3,90.35498933086609,0.40087270509094336,0.34620326897758613,0.9589880433536697,19.917694498276262
13021733,2,-35.73282339130493,0.36942607375511743,0.3150215852224245,0.9407472428807688,18.02479273240665
13364814,0,85.57838389879538,0.32513008465416676,0.2777222488120118,1.0354352174519006,18.772273721175445
13630833,1,206.24478471094938,0.412470902833733,0.2525356949180949,1.0406231606536283,23.80551691743457
13838538,3,-22.347765770783255,0.4565351965962663,0.24606848451440685,0.9997337846256086,22.433769508225005
13850404,2,78.91335509009312,0.3051643330681374,0.21864164637129987,1.1565260068460965,15.693486879535419
13874722,2,-60.670864453600885,0.36609151240704907,0.290837019760365,0.9222940925867706,20.69066134499274
15891916,2,205.6256341173489,0.3928678887273947,0.31072237816947096,1.0240679483611421,18.64372090871208
15979280,1,81.10760364018698,0.3286089232577253,0.28001595128811513,1.0579197861618395,21.99004264017269
16364869,4,313.059325297339,0.39063793923095724,0.1761752568893024,1.261194821891083,24.664872564973017
16498242,0,-16.0230010882195,0.4063011148465188,0.3610663863750673,0.8362206471259324,18.557294492003656
16855553,4,54.15477054279463,0.34284649795421496,0.19043884185390914,1.1226002326542952,13.117275174225714
17114758,3,92.61197598821686,0.36102785842072965,0.24898369840976037,1.0856407725721333,21.875949348634133
17899555,3,174.86845507164324,0.38559273049242737,0.251102624241442,1.159544082751796,22.36715486419665
17943713,1,42.71491841681729,0.3605176077419099,0.22070078903680884,1.1497381204568022,19.057319857976328
18227797,3,56.99734971278016,0.35726252019479293,0.2595030482869907,1.0022824975284663,12.270067242201632
18308835,1,81.84829354838182,0.4201486046603321,0.21291657965079336,1.0809011570442864,17.942395346320183
18339242,4,83.80541610126653,0.34557975373703076,0.21037821734268383,1.0879108502952812,14.77263853028624
18520951,3,161.70328628405053,0.3681152865891149,0.18128090126203303,0.9504318346698413,12.528350644816403
18696710,2,112.75399664625938,0.3492864056467138,0.21431147134964423,1.2161465697478184,16.28864683404689
19277692,4,193.07256085499137,0.38778571820443486,0.26648498990929514,1.06777762869066,23.485901334685906
19303052,4,112.59935735625395,0.35789888542303283,0.13232841884278917,1.1983115209987014,13.338122611878163
19522327,4,66.44893284013165,0.38140222417322456,0.13303193127886093,1.2546971647071647,12.700708650867579
20039468,0,238.25824836292537,0.3688846893160717,0.26501787717202574,1.1455346183993536,22.375426399779954
20273521,1,44.15317167443286,0.3472055199158045,0.1877283617474316,1.1151693768140118,14.054214786167847
20627281,1,182.08801561399875,0.35539996468769003,0.1981363009577929,1.0430587968905722,14.976294002457276
20883601,3,145.25304905742001,0.32539572316067117,0.24842002754575881,1.0728083538784772,16.423506376985664
21279513,0,210.80603602098824,0.3906817643064575,0.1700663349237715,1.1130804325257482,18.42875864797808
21520341,4,212.66609022500631,0.37506898925900656,0.2332423098917682,1.0094607198640422,15.739567054561599
22184710,2,83.7076841251278,0.37297810970098777,0.22885443508064357,1.0013645636765653,13.246137347389402
22597605,2,314.3792654959116,0.42770087359824965,0.22159694418700698,0.987141310971118,18.92030967332373
22905078,1,-78.44215745856235,0.3159600962961146,0.11906969275725021,1.4674098204830894,14.078347890378016
22928574,2,9.560157499495531,0.3438212993195576,0.227918219927299,1.000471924389565,13.477776206957698
22953969,4,22.52474500859435,0.349599682341975,0.302032859000595,1.028457211610906,24.569645400528962
23036398,3,187.33866763129157,0.3593048022534981,0.1722410746248575,1.2737213193700403,15.243100569622985
23192453,0,37.74996244412585,0.35719665827892855,0.18981052721811925,1.1528704655475253,17.17858763266777
23694396,4,-0.7120230090448558,0.3671469869874766,0.14897129349754057,1.4096658753149134,21.86787611839911
23713841,1,173.88968251264455,0.36377731752621195,0.22875356472062075,1.112207881100618,18.802623192212558
24351648,4,170.2237544315069,0.36101252704233533,0.2033365502005661,1.0169209345187409,13.656410047046347
24969052,3,12.469819865121394,0.3463702611197815,0.24449967517206522,1.0770004955617005,16.12346117168857
24982830,2,266.10330674532133,0.36538233872787046,0.1958993844856135,1.3015008099482717,22.887977361137914
25581268,3,156.5583932967167,0.37208840927260506,0.257016465673169,1.213311760746883,22.387231867516793
25596707,0,219.5361987495516,0.42759997467289407,0.22484805950431144,1.1411347352376162,20.903985835777103
25599707,1,252.42424745265703,0.39882958053155604,0.28949655091069804,1.0721971781711879,20.596487144479237
25748429,1,132.1406278398693,0.381488932605819,0.19350604188182832,1.0275535237530393,17.800527311807592
26299008,3,137.77396625212694,0.425939168916636,0.20480958999151283,0.8013470860503371,11.012331329367118
26367456,0,47.30266169555332,0.360877483854127,0.2932036026531709,0.9260156861420895,13.743816398396094
26995134,0,131.58906914046975,0.34457461180563875,0.24170643598125363,1.0192212708690003,17.881465885026177
28121925,3,259.90889362311225,0.3841052242178722,0.23960974874625396,1.2343909660509467,24.62076047329254
28200504,2,0.7099023544968901,0.33289794398045863,0.26207898914582545,1.0711079333157403,18.650373736457947
28479659,0,249.77030099492913,0.3597794577410556,0.25854440046158816,1.2090924169848685,24.480113468633224
29482987,0,110.42303555987424,0.392333355061106,0.22781772622942953,1.0301836536981939,17.00564039979537
29766304,2,93.44264484269218,0.3560670399411745,0.1948811927792107,1.0651066692156133,13.292458935031394
29881762,0,54.161361831383466,0.32541054075750914,0.23863571532587133,1.1459395624336866,20.5105614249603
29928066,1,93.63403547525662,0.3584112652368336,0.1571791184462647,1.0367817797020242,11.735516640911596
30582999,2,58.56750656339439,0.343403442318266,0.2784207867650657,1.0708275501143514,18.918309535009712
30682090,0,202.02666260479407,0.38124069848759423,0.23708308625563157,1.1296017494509534,24.184428096704377
31430153,3,123.8303750646831,0.35112576156425374,0.2218602545868786,1.1903807816688898,14.677738619762625
31529134,3,209.60926432367944,0.3451119149343581,0.2718539961443045,1.1684980141780614,20.30189136099297
31841016,2,115.4394115522602,0.3590330600372895,0.18820764100994675,1.1609926926275678,14.31317715227978
32316139,4,73.97060327806388,0.33691756203839107,0.19670381493376354,1.1298858669573786,16.163605133443898
32586958,1,68.8528348299201,0.27500640391387987,0.1792353311771885,1.1173684287393855,17.320539553790123
34026248,4,169.6287087273759,0.36518060165199673,0.27216193252027804,1.0869683554726095,19.121733254651932
34042817,3,11.564311536850994,0.3492955027501268,0.25138202660596787,1.0641803693651202,16.163255953215845
34234994,1,206.47701783337698,0.3589026920379611,0.24394857406328593,1.2286506293680222,25.55310415899281
34546505,3,76.59448494730208,0.37373476780199893,0.26155827893466876,1.1164879022776162,19.171430510016105
35288312,2,139.38013918016983,0.43385354723518527,0.30877680095346965,0.9872824739485718,21.15291698787945
35380876,2,391.2324581481654,0.4201728466247733,0.292849670161041,1.1865141352953479,26.535029562914453
35399593,0,76.68314032180183,0.4010006532143696,0.23986972864565415,0.925961308792563,18.08427133649465
35822036,0,152.48118580230778,0.3743547191001804,0.20239733554406836,1.0584981336540304,19.816892970984497
36217683,0,89.94571797205829,0.4295027566708098,0.3284640936076171,1.0375785190570057,22.040711085022796
36780446,3,63.59346067425049,0.3668410971683453,0.22257328349530142,1.1020827051258273,17.939431916749825
37511814,1,133.3034027011802,0.36876786017275026,0.26694674565665677,0.9091036568475707,14.392765940689033
37571918,0,278.47497925578244,0.33826898033641617,0.26615061207244606,1.0505013684273914,21.828331677690016
37623475,0,125.17942310472353,0.3631214564824977,0.25244346845261817,0.9522439916764239,13.285079963185375
37727451,0,177.39998802098643,0.35533828860829936,0.18856642815623975,1.0001884243697072,14.517677443249635
38112797,4,132.58972298394997,0.4003775538809028,0.21584154966182476,0.8882284081533821,12.629414685274948
38228922,4,342.4708467192575,0.3658776483619127,0.2957006228056517,1.082616048334288,20.603241459842682
38242048,2,-9.387688893087315,0.3346118891327106,0.15535017135655882,1.474619737157465,18.26067659304711
39109326,4,181.5043673876532,0.3623408373508484,0.18706484040777427,1.0643890656299437,11.877921784705991
40088405,3,236.22632905379746,0.39522138374780535,0.23490609011857655,1.1753251435200256,19.340349658256425
40146140,3,295.14104233358705,0.3773294400261084,0.3225559191603074,1.1887509166107488,24.0076195469599
40417262,4,97.04040253330112,0.34013627214826103,0.24479982511863282,1.1216100279025032,18.818905095472093
40655089,0,215.5550383391316,0.3558317327366467,0.270041610036708,1.1528372032902903,21.115035204550523
40953121,1,129.90678223660433,0.36934492233482985,0.223202929547864,1.0893513523662617,17.973416055565338
41386383,4,28.504870538616117,0.40137046496423473,0.3658541013335994,0.8214267867636996,13.880126075364227
41421570,1,214.17877884982204,0.35828727746623107,0.1965065141462741,1.276455981821574,22.6337502771498
41644742,1,117.72421199475775,0.34947953811167265,0.22427700003172885,1.1957055256751676,16.60931489123059
41684723,0,67.97637798535581,0.36539593117980673,0.2942966185998285,1.0152069260056222,21.571296474487124
41977066,1,138.69305188512456,0.35246799963963266,0.10128573183327944,1.2591154457996714,14.762631341381024
42779237,2,45.14653754957876,0.373433862108549,0.3158340997425363,1.0034371403563285,17.15350859537559
43489811,3,21.67033128909084,0.3259106317868695,0.2686407828673131,1.1187481471167975,18.50715653704972
43517583,1,74.59112059233794,0.4138333397746881,0.23434785219298912,0.8878507390153471,13.760754589704275
44130721,0,131.03704673961687,0.36025468254134346,0.23758107204907986,1.0832961621272568,19.64175491971411
44332410,1,28.905156533430755,0.4076595595891995,0.30131186167834334,0.7806232569073425,12.14260566393855
45108843,2,-87.83419576826999,0.37635355991992114,0.15209664563420416,1.438374796421726,15.004604631766972
45704443,2,163.65220932283017,0.37411281878173497,0.22371565733862062,1.1676881016646792,21.063929775719863
45818224,1,-46.65866848077334,0.2968384022160051,0.09894440875211549,1.5939762650674634,17.957949663217207
45908417,3,250.83925817227092,0.3815697692973523,0.2149111309327336,1.159653784371135,16.82165839940887
46067784,4,90.86069191118666,0.3637571573762564,0.15778346086408984,1.031994866006765,9.484483863196473
46369100,4,177.20067000375252,0.350586466519865,0.20517323915214983,1.0079370092263793,16.48804991877298
46473006,3,50.176268111571375,0.4066290435073562,0.21534825826433573,0.9080118061435878,13.860583657290752
46656995,1,-2.331477918082882,0.39886425849825247,0.21244599909915063,0.825694626704586,12.100535132581484
47046176,2,153.97035947498142,0.36396828234571277,0.25340168685543407,1.1680368124921297,20.516382719421756
48005195,1,137.8394771046285,0.37482565431785664,0.21083228645866958,1.1228471314552695,17.110168738674037
48202315,3,219.07465460606682,0.42214540954002217,0.3794810442002512,1.1613369256161779,24.805910232344644
48308812,3,64.86106275827467,0.3223453891722279,0.291383068954141,1.040207390195299,18.62237811208099
48554956,2,176.41620716150572,0.382065250820246,0.2634054451206005,1.1790882509351723,22.69555124107298
48717962,2,169.65248207869274,0.35566920181840056,0.21928033463819738,1.009065969877942,15.86445563137447
49062920,3,1.2974295256243806,0.36424484174571764,0.21591758003765638,1.059202778006747,15.153492869331513
49325830,3,237.20556034957326,0.38346291942685573,0.2759009868105679,1.1472589281158525,23.58674155678918
49367014,2,121.27344166531131,0.36419142386466236,0.2864459737098539,1.1305621983068104,22.24611291907292
49737348,1,183.3780398750631,0.401484077094617,0.2417866791867578,0.9656440279089543,18.100245032882025
49886836,4,197.3482268554462,0.3946309509725575,0.17742918817864653,1.0624868625088861,16.524555782693763
50053709,4,175.42454667647954,0.3740171219757226,0.24660087104947143,1.330814891112702,24.798688412874377
50438012,0,43.71110014235809,0.3367566574250035,0.27163121148539504,1.0598745370889713,18.64290162784369
51223278,4,29.148744686764275,0.3535210736642812,0.2631778470082281,1.0716481690713757,21.498915084935252
51367162,2,101.42643297042623,0.38649293230457804,0.2574419321632825,1.0027875153620192,20.565520657809525
51939851,0,238.69688365828574,0.3849403126188938,0.3452092156598233,1.1261494772789762,24.88882337246948
51976096,0,24.978293088449306,0.3522837186778163,0.28381650186362484,0.9954207591580267,13.481026815981378
52181246,0,69.02538953610936,0.34730722886375515,0.2054937130259585,1.1322450419078631,16.533736959442507
52357313,4,231.64803459816457,0.3994778722471202,0.19861082404940317,1.0956363318926863,19.96859758633557
52649125,0,65.69629375088206,0.351410464640287,0.2211926247831521,1.0186584549792004,15.407431779405348
52868719,3,3.005177903593207,0.38272523008273773,0.22656692818955645,1.1011340340563842,14.059994207960964
53248904,2,87.84227491964623,0.36682507297369354,0.2701483938762341,1.1722523906667117,22.72667595609039
53311142,3,-29.500457074887066,0.3307893711117313,0.22250671113893966,1.084962675631531,13.621813279370068
53548350,4,198.43872661490516,0.3540011826501411,0.27028289500079566,1.0328732928343278,18.27415861192366
53844809,3,27.904819536062533,0.37005619897873177,0.22688116626124752,0.9843560594557658,12.228773887477436
53951865,2,73.26882826317194,0.3108742589941283,0.21539408199629864,1.1378339068220686,19.13149920791218
54084083,2,11.555604993048874,0.4019491899239581,0.2832950645017263,0.8277328614481771,11.38081114144616
54206705,1,32.19961935431007,0.4170617005279252,0.34409556111489215,0.830061787792222,14.936531353979838
54625460,0,138.7476658084766,0.34459820856965134,0.27089861831691764,1.0739720197867304,16.91452280806618
55326263,4,204.87316503313838,0.38590084866795576,0.3057973374988333,1.109713024528942,19.58603474514839
55400154,1,126.2961052509132,0.39338676134124356,0.17537720020738862,1.0968348992948875,20.512052271781847
55701750,4,72.54294718925277,0.40350752679108465,0.19767626194223775,0.9546272719371127,15.012027444140557
55715472,3,159.54130046310055,0.3415012082154765,0.24855215125101204,1.175953705090246,18.034246949047706
55938751,2,75.21650149134267,0.4078608948151514,0.18146178783665057,1.137616067750091,18.131238672767513
56235690,4,382.2857644472258,0.395574454285667,0.23624484103897397,1.0305905069594428,19.296067108565147
56319655,1,224.39376497602402,0.36480922176104164,0.22399015828846253,1.0775391861620576,20.230013801888543
56734204,2,25.86423569369701,0.3773366174578664,0.16045015217909148,0.9152627572937516,10.543514800429291
56881469,1,214.32574814722568,0.37500105533301076,0.22065249080418195,1.2874295726986618,24.9215109957305
57070808,1,152.6256443283229,0.3824041264414226,0.2989397018252508,1.0323892869819669,23.375819270807597
57222914,1,165.0971539400875,0.3606595539959742,0.20979611088711164,1.040340021147759,14.028348039221907
57727191,2,57.94264148504549,0.35101620598739647,0.2791618279947027,0.9383823343940179,17.99453534756204
57989832,3,22.788275882707808,0.34689489441842186,0.1965695979174868,1.1926045665963623,14.128510458643676
58312031,4,200.8618300607912,0.3875968291290033,0.2134102124403629,1.1108021058716107,17.04041400779317
58492814,1,116.53749625435981,0.36919205914622194,0.29684234431275636,1.1919950387824447,25.73940480967674
59233337,3,185.51335938262696,0.37496944389475473,0.18203203176687555,1.3742034615072765,22.963464379565373
59411967,3,212.05520450352117,0.38038404779335777,0.23940367206854674,1.059160411084766,20.630105729110756
59671897,0,150.93107544374743,0.3772969809202561,0.24695427663809588,1.04605273970844,21.370706648349454
59967073,1,102.07853423542173,0.3231103455472772,0.23576255637388835,1.1056011339494933,18.535119169060646
60015302,4,11.394894564660575,0.3439747173479334,0.2425492288842565,1.0890076873527976,19.225478012624354
60029399,4,146.35838652255796,0.3830678527262769,0.27542089139976533,1.1005580699320066,22.905194778970863
60738401,3,56.36397294196949,0.37342305145107196,0.2648900685491658,1.0649087324402617,18.6977483322241
60763059,1,236.86949556922548,0.4084331379802895,0.2568966962486508,1.1510884591127293,22.692276352030042
60840755,0,93.86888104076132,0.34901774703682376,0.19538527996165922,1.0344614128474559,14.163623500511585
61414691,0,3.79477537925807,0.3524447184026371,0.21931130983699168,1.0080611580413137,13.367752694543812
61470142,1,202.59938685529858,0.3760595379654177,0.20840279070814394,1.2140605964406246,23.777666680044046
61636599,1,149.70567159721762,0.36284752046714547,0.21505433622808143,0.9279617458646285,17.06879730305083
61782925,4,17.21480378486727,0.34506689057985185,0.15369487087283012,1.2303894032654057,13.464696942624018
61915107,4,293.5597450631158,0.409926510468481,0.18343402541423842,1.0960439105001187,21.772369908170482
62163979,1,119.1659294250291,0.36874444333170153,0.2557023879096003,1.07872493752816,18.343283913775778
62269402,3,228.66564252695036,0.3899955381233513,0.2335854990367834,1.0565154058673678,15.609043028334678
62619308,1,13.377181500989096,0.36916907314732017,0.13980505970083013,0.9241604450476354,13.295354934247628
62619449,1,122.54892403390419,0.3487043205899706,0.25248428745293927,1.239706469812012,23.489089026620064
63090033,3,83.43903342295536,0.36484832543743756,0.1482168996452857,1.2036257950255427,14.653757210162823
63333676,2,33.45771416012079,0.3801536715688762,0.19179351452290344,1.0924177012215384,14.892499943545136
63397318,3,133.7851421336127,0.36343446360479514,0.2485201770340642,1.301019484245668,20.175143986041423
63969847,3,38.66384277807689,0.4150326731854552,0.36292662927494207,1.02247159620311,23.230405609063798
64606581,1,43.35152156089329,0.36544979935686,0.2813141623494183,0.8868355871796507,23.57017730530743
64725995,0,107.02280159629231,0.3863698354670919,0.21169704565577255,0.9151796305252055,12.609998604596345
65098291,2,290.9230828908778,0.37983595198646497,0.15060682252057953,1.225587080554195,17.47825758452437
66059501,3,213.55797978042688,0.3569618238642374,0.2743604320148217,1.1800968246779122,20.716724263213226
66287866,1,136.30647600432306,0.3661801254960416,0.22555752517806113,1.1040175168327555,19.186318004909168
66714118,0,208.4187258801548,0.3650289770463418,0.17441301647635618,1.218710973242277,18.66499057766267
66764672,3,87.18587930577456,0.4407510708448934,0.19273288407338668,0.9335619005088327,14.837017415650044
66797597,2,185.17008975994696,0.3635641341483709,0.282093077071625,1.0087260820163568,20.241841171588614
67251636,0,8.344396822155346,0.3344554462522844,0.20893864854916494,1.0425644389296316,13.620014463432469
67510171,4,24.629376478706234,0.41803332400834153,0.1986648220904907,0.9623554996190737,17.204107741298373
67637672,3,92.92915378882698,0.373044255203343,0.1645210195941983,1.217219052301477,15.528495079102708
67701587,2,78.64193853040089,0.36719064810067414,0.24994306121819396,1.0118955612815168,16.280311734675717
67919894,3,187.85579075219195,0.379993922902093,0.24719672980065494,1.0846325964213042,18.574306947527674
68067670,3,283.9984111111164,0.37885869388651544,0.2418335417213462,1.028780209227338,17.636885596048693
68287641,4,280.0696870752105,0.3707475979778095,0.2596717869411167,1.0436104615141004,16.729440694005564
68342514,3,-8.85605514968583,0.36410770482527854,0.19191839505007574,1.1645816228697936,11.906889113202256
68581387,3,75.44719047462861,0.3845371488566504,0.289525417265787,1.0624583236282705,20.912361799524174
68792546,4,-18.07662385340521,0.35545095031068175,0.33013042915288815,0.9364537194402609,19.016445931582382
68905066,2,186.0723836613606,0.3439781731784946,0.2360848550892496,1.0548571851006763,18.5297312712003
69087168,0,221.47122295532375,0.35054136493738763,0.24978433587041893,1.0353334735910782,16.712695779341956
69121777,3,109.14000141871688,0.3457599453370948,0.23761573183403167,1.2651816442252726,18.125637711871804
69694252,3,-8.926664567901966,0.33064566921150085,0.2532121691499123,1.0102288171887206,18.47749004276522
70273581,1,113.62391929942387,0.3586640616471943,0.2372022953189838,1.1198566853048222,21.19679828236816
70329705,1,-79.82080913923318,0.33829570782653035,0.12368405073535105,1.392664622961577,17.554449777618146
70414190,3,65.36710137644789,0.34965495919246103,0.23028535197863767,1.0366710092982252,12.885183020886183
71102106,0,207.23814280960585,0.41573528454155384,0.3352402963885215,0.9409777315374008,25.57186063918249
71135797,1,43.3409822978682,0.3329539882468176,0.26604489109375384,1.1183973505454463,21.66560596979601
71203158,1,72.00261691676856,0.36626419324091314,0.22098436131964708,1.0128995931382572,15.606256192643388
71861682,3,172.15932643675302,0.3686467220944368,0.28100924600768046,1.1323516176917887,21.028913320394853
72083210,1,69.67913481552242,0.34554287988866017,0.25594293663521694,1.030555319991095,17.498168577575118
72192148,3,202.363213310952,0.3899133522093535,0.2602116998761317,1.2993958306828646,25.52747704292252
72343609,0,177.46031122359534,0.36359807725745585,0.25872439842336165,1.077205642989723,20.017948255337867
72459734,3,69.36946208479047,0.3031347882132577,0.22059925030184024,1.2112093348669744,16.150107290891693
72780876,3,195.4362342860096,0.3680489309787181,0.2851147984592775,1.1490847597621956,23.035290726500712
73164224,0,108.64586167041229,0.308560297949282,0.24211717555071452,1.0680666891747066,15.062759970677867
73437424,1,163.04244612947332,0.38192198863208277,0.20735106288933866,1.3454039689260047,21.12909583360567
73489735,0,52.46933676600962,0.3344807556268645,0.190807550324966,1.1736807804333376,15.20306065806583
74066581,3,123.42815928429002,0.3535417297665743,0.2760865218856937,1.2218274076701907,21.93113024655741
74313131,2,77.78000105673462,0.3617542269202796,0.22423115869701232,1.1566283013240026,16.594463912514698
74688893,3,68.86784657741012,0.3835296359307487,0.2220762170192685,0.9100058788380194,9.202407625916436
74865291,2,32.96121582174126,0.31766388667990086,0.23134849906355223,1.1244722031922838,16.728490137550956
75135470,0,84.9130401469765,0.3605827280795472,0.1768779666392358,1.1038954004099941,12.366908352639655
75252869,4,5.585040923834029,0.3775579835350903,0.21539537055185648,1.058157208374792,14.78625066270359
75381552,2,242.06363957515606,0.4053739608223257,0.2349597604779285,0.9521984677679656,18.971337714561166
75443529,1,5.8398409020755935,0.37652427800032207,0.31019307374378224,0.9440972640222007,21.208258510060773
75466481,4,158.43667416642586,0.32850073615489594,0.28165945757811345,1.0678104939709991,22.69786097057381
75536580,2,241.81191801020015,0.36763783357021923,0.2493428400969711,1.1353378714255806,21.92539380469923
75538162,3,201.11455309867677,0.37086886875532005,0.253242928167773,1.0694926594071432,17.59054650018793
75851204,1,-3.8604624907398346,0.407664361153819,0.35505790778702884,0.8128682607497042,14.932415829753413
76090504,1,40.038799697657936,0.32446143844082714,0.11255188682827377,1.1693590764107777,14.254228116730149
76415472,2,138.50373226047398,0.3685806125047392,0.30221239428350555,1.1434855110999387,23.904259895604394
76724169,3,18.580146982389195,0.3798010560277329,0.2744979477072382,0.99415317690657,15.570543540014581
76990549,2,35.68497119915838,0.3498377947437846,0.26705595563925283,1.066745431049007,18.12025838699392
77456502,3,370.12533137293406,0.4220328655389802,0.2529556833981552,1.1681867782436068,20.596550722730512
79415769,0,27.95140373039743,0.3597147009975446,0.19202016625487095,1.1258169372842255,15.368762262653803
79940149,3,90.30346292973951,0.35273687706699575,0.31380083749276033,1.0761501905675839,15.682274752257275
80116442,1,17.063179921835427,0.3371715239604089,0.2711030316763408,1.0712027430002524,20.06051930069294
80376161,2,148.03363088343758,0.36560602367784595,0.23744605704999022,1.332655270920166,21.133035947323087
80487296,3,133.67532270680445,0.36668009454900774,0.20693097925396334,1.2374222801706096,14.983560864220964
80883741,4,172.23553679703332,0.32699549226155317,0.2368249998077009,1.1069639745527136,18.929528750602966
80922127,3,167.30456813683577,0.36281483957359817,0.2238459259308505,0.9861458841119349,15.755742173682236
80929895,1,67.13995726521249,0.34803594139096833,0.219802698815441,1.147134873178539,15.756320870350567
81065395,4,180.67017489926752,0.35948541374270154,0.23636583694725577,1.0053637174351582,13.72622506998073
81137216,3,15.927797192692111,0.374152660084449,0.3756851065917478,0.8907097641766659,20.89182439467652
81531670,4,8.888822882730565,0.3409480051248554,0.2303150180513908,1.0613414118586415,14.885408326546278
81725470,2,23.297402764009988,0.3860322498011118,0.25544898558086454,0.9911943150324755,14.937370873767874
82529518,1,156.494411245384,0.36844645160206146,0.29512121272510816,0.9764139464226852,17.684476464285588
82633177,3,115.22765007101684,0.37399561001501824,0.19410933560833066,0.9613295857053589,14.081592549585203
82784880,1,54.04016116185911,0.3242715239244291,0.20681978773897933,1.1163036274330789,14.313028068388462
82911538,1,154.91373943597634,0.3582783245488676,0.21715777023154523,1.0052570116471329,15.387097837674942
82950702,4,15.594768414999749,0.33675131913594974,0.24552462436806374,1.100518835139247,20.38846661655415
82977315,2,-13.688047588808573,0.3810015960744448,0.3446651073626371,0.9044061985153182,19.707631527852964
83711501,4,18.848984261893733,0.32298744238643645,0.35538333620287765,0.9556723698663642,17.98680089056355
83752896,0,125.35769677696388,0.40259561316853487,0.1481756364340389,1.1580151821447364,14.8103728542234
83890516,4,13.48840924881678,0.34670848603228677,0.135841629885968,1.4239056485253672,12.37550841447812
84000426,4,356.84108497074465,0.4060694664821012,0.25325709482112185,1.0791886716056005,23.44700960750655
84183521,4,189.36315856569266,0.36383302580658444,0.23989380809802371,0.9613098950240615,13.18520803334314
84553861,4,70.06147091094181,0.4191712920203998,0.20502156558333157,0.8586677642139137,14.031813131492907
84753546,4,110.16164614302512,0.36463298734397903,0.23380480690169542,1.1730052024968527,21.612690980771575
85350789,0,-54.02486966143583,0.3657149223644946,0.2674974965587652,0.9422241991189173,16.65264425853157
85512320,4,184.11467673254003,0.36250964912238515,0.2269286276530882,1.1881371110240657,22.92672930025808
86043004,4,187.633670090796,0.5102684738022494,0.3375687517475632,0.9757679951168547,19.89610260768613
86169021,4,153.45754791568504,0.3667199991833326,0.24645370401558964,0.9697967746250985,13.467619389125872
86465615,1,65.22996316504663,0.3395461486237269,0.20975605526439778,1.1985997936075117,15.663382505974683
86721128,0,139.59849650409262,0.38615478281480753,0.23720902659184606,0.9975462673547959,15.716076044276054
86909617,2,209.62504732531946,0.3780556360903769,0.22467424092278857,0.9760788980969798,16.688595770131563
86993682,1,123.77258820126227,0.3460184664404252,0.11414785946841702,1.2301852493686998,17.379995048494255
87338341,1,28.466715277246962,0.34741438622179543,0.2651387245749761,1.050062299026477,17.03739526885993
87721068,4,31.472081773008597,0.33787139142021094,0.2411773373014243,1.1035472312249262,15.983399423728041
88136935,4,123.8492665002002,0.3754816159291339,0.18724331205176156,0.9971649683434493,13.525721186206935
88832421,4,11.254737647431398,0.38123262909287703,0.18999378803803912,1.182152787409996,21.21692034450889
89077090,3,27.638657841885916,0.37397635714572613,0.2768139329856192,0.9063192867585255,11.82404995113262
89099554,4,176.68296296419783,0.3547232834662012,0.19177793111377647,1.0782938867120493,10.612509146502166
89164117,4,168.77005672157907,0.363200307678542,0.17638502242630857,1.167251146407552,16.965065262785604
89377326,3,243.3622766786763,0.36539084431781566,0.25529280219652045,1.0175455628659114,15.15497871062486
89692209,1,191.61528514903807,0.3584746964325966,0.27219694878558354,1.2414118480239322,25.92232391497717
90074942,2,87.92029700752327,0.355821358920128,0.24049283131273141,1.226743421773027,19.170798304362247
90183382,4,105.22479587100557,0.3721091731784753,0.1698051706235819,1.0103558535015587,10.704425153666454
90208491,1,217.5941332171656,0.3351934162238807,0.2125273975763102,1.4485096986755719,23.180348253508733
90217162,3,41.342053066752555,0.3430934116384488,0.16856338169326318,1.0959506368924044,11.455212697948944
90460674,1,106.81805499766263,0.3458474931838731,0.2377474393095462,1.1749279627353872,21.590878841080695
90954727,2,27.887855710712643,0.3431898777347072,0.13596609590376385,1.5879125635143172,17.102155044163236
91029862,1,245.6904102419452,0.383980591019343,0.2843824549596676,1.0762213947088102,23.060834216379263
91669068,1,219.90163824414498,0.3780379659817496,0.23640583420625827,1.1157919346290845,21.91442698200987
91718962,2,16.384771584630258,0.3853846252319741,0.22301377022769822,0.988681596687784,13.257593292796866
91927958,4,34.678692151755996,0.369845587788492,0.17730081891474933,1.0428836308368266,10.756709404230698
92209780,0,52.18836767428526,0.3351711705719693,0.20066555506369824,1.1978968102403098,11.604561317816698
92330874,2,74.56216682763639,0.3663775568515799,0.2741317833019381,1.0816872199842493,19.99148959738164
92595615,3,19.286829130940063,0.3506943672357017,0.24274622497029075,1.1003254000183844,13.400746903110445
92619090,0,63.97085552286844,0.3520746995740587,0.20739021254486525,1.040952920552288,12.789885214148063
92814383,2,18.12594747258686,0.3812926528018204,0.3973510136551146,0.8879221318695947,20.395757107697257
92922401,1,187.21533409928583,0.3705344342867575,0.21444145166763168,1.1297304064107443,23.571770869491708
92946122,4,153.5707411268157,0.3645383147046441,0.27841081389452704,1.093873994841882,19.89555009703267
93073928,1,150.04761396294361,0.36573634887114137,0.26189941673890976,0.9889932344692225,18.521213027868953
93319116,2,46.97344499003585,0.33527081168890055,0.24003681098321758,1.1695311391065437,21.454348417491886
93467042,0,129.24215858071648,0.34909780620655667,0.20408712810405055,1.0362281440815497,15.310831371823559
94248723,4,15.909959709470343,0.3409476248101098,0.2022011016626843,1.0389762244902843,12.647518617686604
94344742,2,330.6286534567958,0.3943232207688506,0.24123099488120206,1.027555280455177,18.873268537316125
94543909,1,14.721445373516744,0.362045023880953,0.23186088262734475,1.1241800152191852,15.503932633581638
95310452,4,166.18865231433134,0.37028996746881643,0.1752626058657935,0.9993188176523478,12.330496655151467
95396471,1,130.254854918339,0.41368509497697636,0.3451565213058244,0.8380307041371926,19.202823517974103
95579704,2,137.37654308600506,0.3837306766577436,0.18442118474757555,0.9166521215014638,11.177410446308944
95950675,0,202.6761463648217,0.3916591454247818,0.2574679736086005,1.0072524012857662,20.035325822724694
96953852,3,189.8153958693411,0.35598113420344624,0.23877360235272083,1.0953627458273711,16.23817633484117
97597340,0,12.835832084554866,0.36416404085916976,0.29585521582661733,0.9722694338291263,20.63143489805019
97633900,2,7.832192992305551,0.3679466496235212,0.21465037983311455,1.0999415200551792,14.776906156105605
98585154,4,237.81211769974257,0.3950982025287172,0.2310846736669965,1.17716498541954,22.281322630839917
98641557,2,145.2256868637481,0.372773058496676,0.22723929524141562,1.1710060919024567,19.646990008451645
98940224,2,248.52682609159717,0.36166505537926363,0.25999904649166217,1.1387979064897595,22.991136583964252
99321215,2,122.05127866300398,0.3435260027097037,0.21803831413848135,1.1019633893013652,15.74882792794055
99440116,4,26.712680284959035,0.3688663586589732,0.20344063990465705,1.0021959970387189,12.330062459910668
99885429,2,238.2165234752427,0.36567880758007343,0.2350639877332268,1.2473400469401499,22.641461149647846
99908460,2,70.69744968258203,0.3500403445967104,0.2107374616671027,1.065862418239984,14.636532103523557
100028701,0,156.12991762856637,0.3350872848999641,0.2815158464874207,1.1038217329331335,19.158565620557454
100174621,3,51.51020349461618,0.37225772950356334,0.17951459303938466,0.9430082408333545,10.38133116817715
100767985,3,30.358082570026596,0.35022345697105267,0.26696724885547907,1.0198617024635586,16.79789371362938
101151007,4,0.4779066299221171,0.3743023170376475,0.3145071298951556,1.0217372093122952,20.33906239753251
101268497,1,173.4005894792188,0.36877129681891846,0.150897698021789,0.9792756252782397,11.985734069718738
101351388,4,36.86306294278269,0.35465311975705627,0.32447273978807256,0.9682987240858533,19.0499146829843
101355121,1,127.45993865522507,0.3781594152058528,0.2645286321715917,1.028356127016089,18.60485248376223
101541565,2,88.97445057651181,0.4197287866119367,0.3535469797892892,0.8378718145265108,23.113809133896464
101762204,2,223.90668557450397,0.3702118039803673,0.26305690162284845,1.1404643055586947,22.017070896463295
102315862,1,142.43211595697204,0.36534729621873674,0.20126503666980275,1.1518687104168421,17.252812598107564
102324503,3,109.50506173216255,0.3673855040835326,0.25052382778572735,1.0586210897374781,21.850704616315852
102434627,2,193.94629877804107,0.3637531867432802,0.24859173909367527,1.072752648748627,21.144838991942148
102464376,0,210.77198832716778,0.36995169697945574,0.21265150302681315,1.0992083866756845,18.67931751421416
102545459,2,63.819881562013116,0.34963386446400546,0.31292151064606394,0.9719134487824902,17.20443586362764
102606896,1,26.847546798078724,0.36894240564596287,0.3620125395901761,0.8962736764958582,23.281736180686075
102779162,3,7.992669615914167,0.4230778340153461,0.40513821185451093,0.8732383241184063,15.57119851284357
103257739,3,279.6945505923079,0.39574600313666936,0.19928864357887066,1.1834832031823255,22.077377401049777
103265366,0,142.29522114481327,0.3420796911211185,0.18598052717136482,1.206194884613422,15.680349500417437
103451865,3,58.814864066067294,0.49141194406043,0.20892571554269085,0.9080572962123843,17.701042866791663
103929649,1,163.82522713693356,0.37164318220192627,0.24211987614584576,1.0809708179314954,24.781995489015998
104251154,2,227.2387070290244,0.3454854343683091,0.2776818124747602,1.1188354068145063,21.0335755875237
104578958,4,195.15895769016547,0.38201489203809946,0.1813960267070156,1.071550924339053,15.78419275404529
104743895,4,98.39366739409165,0.3802050500525569,0.15533978291735018,1.1523688420516287,15.619190609736938
104905382,1,233.5942645950177,0.3879567884422377,0.1837567326352268,1.0829315929497094,17.791599420346127
104973461,0,25.78827049675236,0.3516334013920567,0.20064560741791015,1.1515937663066897,15.327141066397814
105391120,4,191.22034125132802,0.36095715548331636,0.2241972361188631,1.1518858821071234,21.2446708896933
105613036,1,199.00127718230723,0.37199383549955856,0.194796973052749,1.1854658512979444,19.55490344807652
105789643,4,135.26769395418336,0.35877780675648535,0.21494339349801037,1.1945189062506534,21.748250864826527
106050783,4,176.20611884857215,0.40078782626319015,0.22266564386931156,1.0371842025286342,21.291690104394185
106083096,2,50.87551582216278,0.3136902114527986,0.22583525880590807,1.0823610510607078,17.843128359325984
106612314,1,289.21767206008826,0.37831461402396105,0.15489330858566994,1.2023154817054298,18.249790355024004
106732867,4,171.95851011465032,0.37394172457741887,0.23424699389688647,1.0768892074344192,16.557164174900574
106795224,2,63.10835240300387,0.3594005574534826,0.24371664260823092,1.0397949946875658,16.732124406974624
106825904,3,-19.17493877919179,0.3782565144536755,0.26720503415472685,0.954259242392589,10.004753447425001
106963136,2,169.54179946364587,0.347062903709336,0.183745176519778,1.295703382770337,19.78873518649074
107158685,3,157.15938180533936,0.4005992736608998,0.2792590977307183,1.1297493143299435,23.06609789338446
107530968,0,41.04826867232064,0.37986597022039,0.34224324226839176,0.9527684688510356,21.896129923372676
107562247,2,159.31312527588844,0.35083229727527826,0.21622667459115905,1.2365737366725282,20.950896332464747
108528555,1,173.15466454825543,0.3570021253581393,0.27332406890155597,0.9377761511923188,17.374800400611853
108998578,1,86.12540084775532,0.36919913294249024,0.249884110453737,1.2106080893255893,20.556411571986175
109027922,3,41.68157359015932,0.36665358968737316,0.24189556959347758,0.973846852569128,13.016841698668648
109081671,3,48.44268930108707,0.34595867257413426,0.22312670958369288,0.9334456046129307,12.70363700313461
109313016,2,90.0115660082668,0.35970066225141556,0.20837780091590694,1.1304129643971115,17.59663582635356
109395625,0,149.87649777232585,0.36463164624429395,0.06141090447296091,1.3580871144015467,16.690123750783965
109705207,4,95.09707223833922,0.32185836815682206,0.20516483695621598,1.0671419232761312,21.372468278112947
110596247,0,80.78348903081458,0.3520523603964671,0.30663076021615815,0.9773877204332733,16.414666186812205
110986650,3,83.79741731123521,0.3556051425143887,0.26475484978989483,1.0870224649026863,18.822934898314816
111009795,4,90.20542192504888,0.34262674930293974,0.3030134134851202,1.0533148172642997,22.451458519969986
111108341,2,118.12938567320988,0.39637008364461757,0.21574953134571995,0.9700078023035508,15.708367435021344
111650158,0,230.1400498615701,0.360227959725615,0.2501231614959585,1.2007729219823453,25.3864258450917
111668732,4,-0.2763135897638591,0.34230790947025724,0.20106544414161276,1.089752727290441,17.249885760349468
111707044,0,97.33464637641657,0.3434566353917454,0.2689640519538729,0.990905728758785,18.024242152288807
111708400,4,39.00981913732493,0.3473623343080265,0.228789041555244,0.9836900103888141,14.054276875242762
112017015,2,169.78932973839966,0.3456914819001842,0.23722294399295035,1.0903344875186207,20.849338334572806
112351140,1,5.501661145583512,0.3492070791537985,0.12465781449779387,1.3725281306011239,17.758935723490143
112553722,2,144.13835902934892,0.3327628880368543,0.23483247447420486,1.137209817397916,18.90386508210465
112989596,3,-14.949531684748749,0.3144261326836337,0.21009770933072683,1.1910204786929368,18.288977869105082
113181684,1,36.008461525535154,0.430643498170466,0.24411206060603285,0.9082496101388986,19.404374435911603
113263690,2,219.93606883610994,0.3688605720344231,0.23712974710321058,0.95516299772787,15.561147365846523
113817075,2,65.17276289723762,0.37063265354987335,0.21649709714695534,1.0461409050524817,13.027529751078955
113985401,1,97.54315398556129,0.3527484691025163,0.22250347594918063,1.140652390753572,18.318252040457907
114257024,0,173.39804918019317,0.3717052111275828,0.2736616119191492,1.117319355429783,23.616643148845675
114287113,2,-3.237953914773513,0.3695501857821936,0.23528612016468092,0.9732284109021015,15.90355241578407
114988183,2,250.15236848773088,0.4113877671033318,0.19448119386361606,1.0006128053544114,16.435416771989676
115242060,4,89.41008803902659,0.34581483360841525,0.2353956137342615,1.0857497080701302,18.59248260208962
115627985,3,93.46844424482262,0.36988620868776234,0.304309696191422,0.9379282598470029,12.274784635988741
116018739,2,-12.496351202757623,0.39986867510992435,0.2713465444247803,0.8618855103608694,14.424141928805103
116082085,1,127.39536093688332,0.34667246902489424,0.29908481556886746,0.9791759208193263,22.36898488524981
116488904,2,-12.817642759450749,0.37918711909564,0.33910525193731295,0.9083697738048919,19.7077426776005
116842973,2,233.2543749770535,0.3559849789430252,0.2292517583466182,0.9986813267444384,15.754289865534268
116907306,2,32.085643090872054,0.35616821088743283,0.18817587034635863,1.0858592160199858,13.354532865464842
117726673,2,150.56465812279737,0.3679260533635444,0.22617997880035312,1.050886939989114,19.534181371828762
118056137,0,47.136342196230224,0.3372164252879173,0.12553601628472094,1.3759079880472367,14.131505778026671
118556246,0,162.0515204177419,0.3995201515388479,0.2467554274483042,1.062063371982655,17.323179228431695
118829848,4,185.10269240820048,0.363995972793278,0.20413452839691687,1.072112406509676,15.798630024847629
118919299,0,137.97357722073593,0.43655969391483557,0.18551488082192974,0.8677277422486569,12.170103000308039
118991284,0,43.30192945032131,0.3443118156551992,0.2143182246144225,1.0811695246818092,20.543761531276978
119301714,0,35.44269200067166,0.30352280802806986,0.2942066251498326,1.0561874307384314,18.93899012970579
119392727,0,214.28434526547028,0.3520532292417864,0.2204194687120411,1.1755620302829566,22.22051283966227
120060047,3,105.67602917247712,0.3832379513965935,0.19932355269180163,1.1838131431993792,16.13425833917126
120425171,1,90.21614027494661,0.37134125135975465,0.2851984868623999,0.9455908914734575,17.280245944799262
120794322,2,304.5143790208451,0.4314811850856689,0.20829910470928287,1.0057994682039006,19.09581038897599
121214961,3,196.3409141161859,0.3686227434872749,0.22762785504993183,1.293022940861294,21.57136910219752
122170493,3,87.65086717967073,0.4553272020627737,0.2693373728881395,1.0091002563425375,22.08857167478381
122752033,3,28.19578272157321,0.33830111114172634,0.2853784853166631,1.0238380207825177,17.19970275598213
122815777,4,254.598917446824,0.3745526029567422,0.2917839027330027,1.1471970787162302,26.150806436307125
123479038,2,50.62601876074456,0.33865178361524756,0.18073032409482848,1.0896566814073128,14.763928657011352
123524661,4,89.30696901074502,0.35374688467216536,0.14488169610013574,1.2728865444773034,18.24052661873776
123705047,4,44.61597935259944,0.37113515178773987,0.2670684991072361,0.9056703265183456,13.011492823934326
124053674,1,170.25136799146742,0.3663387491143527,0.19846065090299286,1.2598920121821375,22.85870387020341
124111614,4,274.58969396852945,0.3835798261562988,0.28963916184274296,1.044662461941832,23.88008420043436
124665758,2,11.270665079532904,0.40271987685793476,0.25389733556255767,0.8366936285215689,11.570520081968628
124836094,2,216.29176235141483,0.3459298601046237,0.2083632132741786,1.3032275507624447,18.465349799579645
125425163,4,253.59618076531422,0.3994307236860513,0.23935832886354189,0.9636436896389073,24.581527728127732
125472122,0,25.874172210168865,0.30600620800279926,0.25792446600837005,1.1643389251976353,19.91799856632569
125514208,4,316.02742949824005,0.4129400233275004,0.21239154799570933,1.1426584063123009,25.191071433312324
125846951,4,60.446098136471115,0.37828377846341504,0.283835310170919,0.938200483647338,12.688202097848713
125969488,1,21.843032491469415,0.309376045579332,0.18288877066748138,1.1172136443990137,15.213365345916953
126334280,4,184.00238295868985,0.36400286948716704,0.2868171010761848,1.1315541528055035,21.944355312760713
126444620,3,139.6810853468691,0.35164325045397865,0.20279007725484027,1.273626928999713,18.136390524647492
126841859,0,77.481759457584,0.3345709077337708,0.27101011456906365,1.0897680741676352,19.720164175432878
127626732,1,77.3684010673861,0.319315326460709,0.13803750664278586,1.1532067424923411,17.151781215898286
127834200,3,23.002382507115115,0.3194394873472773,0.17492540870155296,1.3125833398599909,14.678441937401033
127883611,1,151.92587815421481,0.364535757651071,0.17887592850571138,0.9420200084544177,12.898729751711706
127891371,2,118.21858114394782,0.36423205211273013,0.2836882137542937,1.1274968376487247,21.77797302526602
128067074,3,302.4467518905283,0.42362467601076853,0.18075968295438982,1.0290563815315985,17.809109939834933
128211105,4,141.80911687800332,0.3911116491595389,0.16970151496150027,0.9743292376317614,13.376758175027277
129058504,2,-0.42581521387042187,0.331461991697815,0.21491310722060367,1.1113691006472464,16.790652200819935
129677973,4,92.30433646827377,0.37037606710723886,0.17522643033980545,1.2771352549177482,20.532345413538856
130236950,1,199.59966725381292,0.3669866907325904,0.21565592235538922,1.2387082439322055,22.682245853958552
130348754,4,27.955890258942844,0.38444836733958626,0.20210913298359479,1.0358733068639745,19.635126153845526
130603875,1,185.78030593529934,0.34751545775306986,0.236300520531997,1.046336508248637,16.41262362215909
131030961,4,150.46608746396495,0.38386626770852506,0.23664294061895738,1.0329035260847415,21.50336698138236
131086449,3,200.82360995747482,0.38844656976294717,0.2730468491816905,1.0470752509394636,21.311594030421965
131094319,0,101.08958409194254,0.3788793112672023,0.2227857607964242,0.953395245220829,14.001489810043203
131123838,2,65.00015702136439,0.3560726351518362,0.2723533017425319,1.049660887939526,16.92607141912071
131275030,3,21.575641974654886,0.3738251196241183,0.225616972162021,0.9184154997117082,11.596555966896219
131448132,3,177.43629805573872,0.3146113413567116,0.185219416891495,1.124555642969894,13.635359627421025
131486630,2,43.38097350698314,0.34987037102476315,0.25271657539871684,1.0359616555060003,16.36162004708971
131992742,4,206.95794417536203,0.4364364649476623,0.27389832829571664,0.9805962253580072,17.636756859166148
132133665,4,1.8050813388073976,0.35886363576956415,0.16741472444623426,1.1615528542589442,15.198529787104626
132181866,2,233.40294197247118,0.35974853886094016,0.2942316057306872,1.1544514683881546,23.252251019438678
132706466,3,228.37943652404473,0.39860321726669384,0.2875842485010157,0.9750910862042752,21.973581492580095
132725176,4,133.51057851907848,0.3929208971213619,0.1916298745617027,1.0652331927208578,19.539593155221574
133123853,3,94.2657749004466,0.32389124869760144,0.2569188385070765,1.1506573642288624,17.816758486039742
133124835,0,103.90599676565733,0.3707496149620653,0.2326336121209838,1.0202240767265258,18.386700877344595
133986624,2,-3.2282284938190315,0.49601441943128277,0.2739915805996738,0.8591295041041117,14.879601001415304
134240821,2,142.18700485820534,0.42302785619958455,0.2922524330580569,0.8866695840640673,18.084647985736755
134957671,3,72.45183078144686,0.355773116974478,0.2198716790438802,1.0147633566779664,11.681196734713055
135202428,2,260.166907081892,0.39065407666942303,0.2974499627144363,1.035950625679571,20.293228012011074
135272498,4,38.75153828085206,0.35626687721685535,0.2791538000400035,0.9258670984855236,14.16447638078108
135399849,1,215.60152659594075,0.37357713870939824,0.2880217565350571,1.0689752607583454,23.549935545029772
135571738,0,127.27852458046519,0.364833377572042,0.25751880835153984,0.9873551211164207,16.495418402055208
136037972,3,173.3014778738784,0.3847570537282945,0.27773250604628436,0.9654235309549352,13.568354781177462
136482029,1,92.7338666656889,0.3578721650062876,0.24113713556463448,1.213693126885775,18.291868668522824
136535007,4,130.09382335529256,0.366532656990153,0.20880002987964846,1.010656543180349,17.143293758714133
136564910,2,32.40419471028095,0.3369048928730147,0.2289119561961748,1.0927353906621566,14.955337715100733
136668087,1,15.062988724591293,0.3507806129521449,0.2812684061290349,1.0264206968536995,19.745719652378575
136676580,3,13.089416173680846,0.3487867491999958,0.22617982888934693,1.089475161702456,17.2494936050097
137060513,1,84.78608508666983,0.35907963039617324,0.20402963724073317,1.1346410317320759,15.948702513903555
137117611,1,154.35914864216127,0.380461372330355,0.1956708411425581,0.9220871829475702,14.715773837146205
137415290,2,52.722708293355495,0.319173991190481,0.276127661392971,1.0334798326496555,18.536158735172346
138808143,4,-1.3446897804321054,0.3205328003014283,0.20949329678088255,1.149899734778301,19.92735517746696
138809640,2,53.639037591327906,0.3534776289748661,0.1532629613035713,1.18771762185994,14.134037466321667
139085360,3,22.311067661923175,0.31251051652648437,0.19838964983792937,0.9318713863754164,14.644798585848505
139188730,2,246.4857898395668,0.37226627018449615,0.260742771397868,1.0708493590893364,20.712224396014285
139200098,1,34.8931463242546,0.3313503428820452,0.18394519850466884,1.0912185497689704,15.650352538373852
139585639,2,194.90912901658146,0.3694819079876233,0.26643188845970395,1.1245281938858622,21.8974726538338
139914608,4,206.18554108691274,0.35661327940121135,0.3027471421087503,1.089159625666977,21.621152207051455
139977598,0,143.36728294483058,0.3948381895394347,0.2407567429846409,0.9855425980226388,15.53542961011925
140168832,1,55.67340397600577,0.34401005935698337,0.2463129679337611,1.0395629258291712,15.069131403783617
140415340,1,6.044387024391,0.4185385115804968,0.29651562272421855,0.8336757262115565,20.110565844699543
141066783,3,247.83318646643255,0.35034102414010554,0.28500349930246677,1.1407579109786894,21.239428077756894
141135744,4,173.5365372339799,0.4203890772812565,0.1969455173889876,1.019509498663606,16.96505682165062
141962685,1,194.73154340988123,0.38256049493892375,0.16554009959326188,1.0378759634098833,17.626458754401934
142147775,4,7.733511872903776,0.3457619977717937,0.29354573015506247,1.0939276180649022,21.775393648292138
142186672,2,25.396072647331337,0.39107215955874525,0.1979412369262424,0.8662960353459197,16.55608042603848
142224028,2,279.0646207606007,0.4192959887309095,0.19918876391287643,0.9845926046842277,20.03797470608078
142367496,3,85.06961455303552,0.4108355163827855,0.22785131821693988,0.8854446606202331,13.859750007344209
142490647,4,97.93131133653043,0.37552447024824803,0.33215231472033224,1.0687881176197462,25.719887751110946
142802262,2,22.239407179002825,0.4024769719290734,0.2228034427623676,0.9086394494799744,14.267478588222648
143774509,3,117.79533938207872,0.3539440987385358,0.21579434109936987,1.0529732310544746,13.861700488614115
143809812,2,231.15932669400388,0.36545563087816674,0.20937259674203226,1.0391975308346797,15.321092882536387
143899690,2,222.31989565768262,0.36658845335687296,0.16720073054961662,1.1860141940879925,15.527896041373795
143924095,2,62.525881750308045,0.35775400312672856,0.27836036390752156,1.0397360719581468,16.94358983111499
144238786,1,27.325348706160966,0.35575639662271297,0.24680636777775905,1.0545426921143353,14.805748775596644
144472572,2,205.9807001484865,0.3813931631152274,0.20271619053553339,0.9679075906264416,14.46364243194055
144839830,2,192.03686089993045,0.3611312389367606,0.27895931075061287,1.0579233962729753,23.759876094987256
145920765,4,287.7220865158565,0.3469746313379551,0.2296515526888595,1.0499625016423775,18.023293242564236
146156380,3,126.57962739457165,0.3706470567229241,0.2912454478243518,1.1115340259560647,20.778790786513206
146165767,2,60.045811240614604,0.35424857048106767,0.18681601423737687,1.0644932604594233,12.422988781380045
146221251,2,178.35194572473597,0.38108086753469284,0.2170818443175132,1.0757332086632567,18.577566055405207
146716935,2,156.65952314418487,0.35407389987229454,0.2072896142154444,1.0430097459290213,14.195137652538312
147030895,3,235.94780670257126,0.37422847445148383,0.2615601801440039,1.2172328672238808,23.38824545150043
147633092,1,87.10094550356706,0.351179843043738,0.18712972327261895,1.0842264197596791,15.411414573124643
147677118,2,23.355945186380396,0.35467977907845133,0.2059288590881903,0.9890992243462083,13.821974382286614
148111753,1,-44.3264707123885,0.31960297808850685,0.23271546387532321,1.1636400427524622,20.21897053315916
148248890,2,8.23942634421158,0.36627534083703733,0.20757475284415078,0.9581220754440282,12.576101040742735
148252767,3,58.494589419758526,0.35685659553623317,0.18625838341603282,1.2109598137055246,13.625182316554731
148616974,0,38.111638641673395,0.34323215442417115,0.24732757077527054,1.0126189997649977,17.08829944933571
149053950,0,340.9505116296464,0.385269562000509,0.19972579294423898,1.223946822478725,22.832838600838993
149101883,1,166.1866024395005,0.3751281730709009,0.3407528745085648,1.188782210255291,23.369657999002587
149152941,1,88.93379951915396,0.36652638745044686,0.301828084871099,1.2010928987540628,27.564383129947174
150274872,0,19.202757404435587,0.3655570798175494,0.23691229104550154,1.0369300536806016,17.918194380210164
150383443,1,-15.634072393625488,0.32315202579571045,0.25491906075215537,1.166554939193547,21.853630160084318
150398974,1,180.9997410750479,0.37228782120889986,0.13941667268124014,1.0882952167967468,10.139942752660446
150541495,2,115.15429869715823,0.35886311066763127,0.2690186061754795,1.062814345402381,19.07114322357658
151009154,2,120.01107829530599,0.3468765209854546,0.2190524923704541,1.167052507916694,17.4665821253298
151282337,1,169.207743521778,0.3752101102969683,0.22885473139937623,1.1510738604757744,24.698106731529123
151355449,0,65.10412492387606,0.3391775274082464,0.20405291206131437,1.1347377788846564,21.875459598430233
151560379,2,-10.634278973145001,0.3569857104265996,0.2569884730993674,1.0371038244722046,15.180026163670522
151874358,4,31.46238208607754,0.3401088511061948,0.24309388462418266,1.0682075269118625,20.331430495324383
151905187,4,3.674066712209438,0.33035974254411515,0.2342724255435076,1.15162529359761,18.095322633322112
152255453,1,120.10076963993029,0.3491643108315114,0.25868149155264075,1.2016165984080163,21.94324329720779
152289390,4,149.24816850156887,0.3627040693349761,0.2769024375339317,1.170887365937413,24.717348799037048
152393943,0,50.35262622807188,0.369388832557953,0.23789845668830795,0.98465325481958,14.111587814879442
152467749,2,212.60342697352831,0.36533256582418455,0.2289990111322118,1.2036303130571726,19.37984117239808
152612020,3,18.240395949432056,0.3712578034913396,0.21570742066471837,0.9786047035803577,10.907000042730875
152623829,1,135.0812273201053,0.36022379006978067,0.2356942154564286,1.116586625889316,24.394726079208976
153052486,3,258.40341904596437,0.40020547398057615,0.2887773030705952,1.0823629473433833,21.278787375201233
153647431,0,266.34415022762545,0.3241324889985575,0.18835422934807033,1.283576090842666,19.932826616740048
153735651,3,128.7753544685488,0.35071429994531644,0.20299717760931835,1.188089766438939,13.322974806874132
153736542,2,50.73943114004123,0.346988403685543,0.24972324656822315,1.0861597787901829,15.888749233336686
153783159,1,36.27219372193513,0.3692976569331065,0.2360182557629032,1.0211321687125203,13.973567768570575
153852064,0,89.41681897237989,0.36319965614410393,0.22812712296091708,0.9025096007346384,13.81315336491415
154178646,3,117.11602272602018,0.3531415733184251,0.2515094516748825,1.0289838140408993,16.620030179614503
154318869,2,94.21422796744368,0.34400327722684315,0.1676822832656295,1.5439200649901537,15.389418638055114
154607078,4,61.29037855809594,0.36551548143352874,0.21739524858186418,1.1362973163877959,17.22241984186532
154881704,4,231.65336651412935,0.3655760439399118,0.16385630873156448,1.137725736575356,14.300953767375717
154956060,0,202.77252934976192,0.3196612067618938,0.22302460678590608,1.0872982524748112,16.946034211799066
155701787,2,19.749712978699606,0.3525107672501595,0.2283865174750943,0.9855221126432766,15.446557617197842
155951033,4,50.007306708664935,0.34163918356080203,0.2422858779139989,1.1275314986419467,21.58600639048424
156397667,2,221.1760125336464,0.40588675175036526,0.22937908180943653,1.0501876069154283,21.326702821712622
156526173,3,134.24793849642117,0.37424538613153163,0.1602045897278083,0.9926157633013568,9.755763639050638
157448813,1,78.76198446988971,0.371439351747425,0.2839684882658101,0.9820361550180989,17.51944563576311
157842166,4,115.05353830141155,0.38953594585361373,0.21990716221930626,0.9915390707262884,13.830654885354283
157943579,2,128.88412103752017,0.41208925341842284,0.21348186477975975,0.903298900631859,14.286882854861958
158153643,3,296.05293811490577,0.3794884407575046,0.24599840069313755,1.2230338644957204,23.41935142904185
159062110,0,358.9615180952855,0.402534632767154,0.26396707623762655,1.0707639873819434,20.108883699226116
159202130,0,196.67910340739542,0.3214647934958477,0.21208939794135168,1.0769072818635659,16.238263811169386
159242278,1,61.25021741261436,0.36102258106251767,0.2672848981874854,1.0715695249381443,18.45620948047682
159632571,1,126.46033770286513,0.4042345909104055,0.20199992700086816,0.895322120413177,13.167309485299524
159895291,1,193.97461591372155,0.34370229766742566,0.19286881890628102,1.2005714911566359,20.810725957102584
160086436,1,108.8230393171868,0.370628566714777,0.22377206445504175,1.0248313253527395,16.798987820405536
160203629,2,40.38389582141619,0.35782726524825886,0.19256188617558412,1.0846887652179944,12.69269573305166
160829220,2,70.75411687559824,0.4030953816462587,0.1987785172592371,1.0016703447991,16.286713178394365
161010769,2,48.93747815314205,0.37532332315692657,0.20546058294559197,0.8923686828461638,13.459812290618196
161201125,4,96.70764471108131,0.3725219524978698,0.15048269207657133,0.9056826619652641,10.054237313775381
161607336,1,265.5184705414571,0.36035654122230115,0.2869386510906544,1.106298448069746,23.723795691218218
161723503,0,176.36845073564962,0.3618836792869639,0.20724278111897537,1.1944426387835352,21.987193340630206
162025525,1,146.66616265040636,0.3746102788732788,0.22352065944415744,1.0504416520128577,19.83732556390521
162133188,2,177.4898285274607,0.3586519080482016,0.22959600742673011,0.9661939835422781,14.788238416079723
163611533,2,173.73421548160445,0.3568513160122276,0.2051763968481503,1.0223927487082947,13.376491765587256
163724879,1,121.16378094545337,0.3597886649482368,0.17439437173745614,1.2542654541890743,16.735097153415825
163827064,0,15.794470155220864,0.37066595389105367,0.2881523090341502,1.0708502892315868,18.975844525256313
164182648,1,98.81489364754609,0.3482647352431049,0.19903664924322811,1.0769101929575058,13.575376873726112
164916720,0,0.7980391359393479,0.3722668434905941,0.2282387246253353,1.2091806263770692,19.84881638401238
164960718,0,337.0546611419045,0.3833304712254139,0.1895791615958079,1.2390532052608814,22.550355215973568
165064963,0,92.88815125063475,0.3515921088464683,0.1971422760986571,1.0273039663460832,16.677702508378303
165170378,3,106.79310684974155,0.3908584815267182,0.2066151689642331,0.8871528479368125,12.685121603384493
165675920,4,109.16611628360972,0.39011886717387284,0.18058570242684369,0.9598484340875005,9.79084767198977
165704886,0,117.22544982102241,0.34834480394408873,0.17985829692186872,1.218247481689623,17.67012477566685
165718490,2,91.18541719634949,0.3444047340400114,0.2829496648922778,1.1716841039277324,23.66886868741635
166073456,0,69.24618172904626,0.3509455517799359,0.17878591835562002,1.1321957595962497,15.54689511188567
166405771,4,9.049945100597895,0.37326086959333804,0.3054146785614413,0.8931030328570316,13.992089847875521
166484126,2,108.92435273305033,0.35662501295723126,0.21333577966180584,0.9774819936328462,13.618497915892934
166538508,1,90.52856297615921,0.37375157976262,0.23691404329977597,1.1199061055697799,13.86755724919385
166991206,4,-20.45495602919388,0.37425293892499695,0.34362320909434596,0.9054558687199971,20.24909580421926
167315243,4,85.98786507306805,0.40008272621408103,0.24659681329253846,0.9969798620654892,19.996253255953228
167636925,4,194.3287317848944,0.4056001127274627,0.2566386477944377,1.1570283772697476,24.202329621010954
168537867,2,156.14535085391736,0.43085480116245245,0.32621043485925416,1.0088662892844185,24.863296688670648
169123787,2,168.6175318077744,0.41622233388461405,0.19118950267508142,0.8915022058240035,13.482055611523146
169172468,1,246.64551281656404,0.37432797021459063,0.3065117424297876,1.1821862357698418,27.38570843206285
169292990,1,60.13272906542219,0.36710600658608294,0.18567639537909406,1.0080896188511064,11.608172403893793
169412293,2,-70.3335923876552,0.39384390608838754,0.36455300763888204,0.8741158510313494,20.42923156737744
169491723,3,265.7999025957032,0.36989775206347175,0.2742684959643882,1.1901656412211299,22.3124068178821
169582663,3,-7.778092270547049,0.36764568732089387,0.19467476287211116,1.1501460381084605,11.357460817817461
169699943,1,58.51491591701219,0.3324854390759459,0.21432775611363764,1.1589329344195016,16.044405654797064
169832897,0,103.96361088177456,0.38305318954249595,0.18873836207918718,1.147204585201898,13.919668944611605
170092813,0,293.5358299846737,0.3742016769236245,0.22982137927514334,1.1945956055295688,23.81259497684826
170253465,1,116.77549530338298,0.34726608000055964,0.22970742506805045,1.189105302069542,20.115731548475786
170762410,1,144.7005373339598,0.3690756488447846,0.2358147474007967,0.941118538214647,12.703692622947598
171128702,0,49.029128981906624,0.34189536334733245,0.28275758223218433,1.1045563184884615,24.526244136854285
171195170,0,59.558299390455474,0.3804678148944998,0.217766220997682,0.8744736302499455,11.631192493044079
172004497,0,238.8588765097653,0.39527053234463,0.2467140746043218,1.0433618660384745,24.238359888844666
172704550,1,92.58454285207752,0.3902875900536135,0.2466637074815977,1.1028639424140476,20.21973372916585
173018796,0,273.1215744809782,0.3816548618241287,0.20736625142441573,1.1710962667120284,21.974054372850144
173214636,0,249.4128462379827,0.36555679766674987,0.23399838090546596,1.1258309259296466,19.65832650363479
173616711,1,265.2366672682807,0.38339567761467697,0.17063101455604607,1.2621703163697244,23.844624227659395
174572139,1,20.601747375433447,0.3734422307137062,0.17276132898685095,0.851674258768676,12.025413162568968
174718000,3,179.53603293521255,0.3785926181201168,0.21907266662530803,0.9478178129827582,15.515482908082957
175197734,0,27.072180230239717,0.3489396763584402,0.2745182167696749,1.0051706385725379,13.435999538019868
175226564,2,246.44954670875734,0.3732201872701182,0.16639951262220057,1.169971669657905,18.09845660080035
175456331,2,-33.273960267472475,0.34230677027199796,0.26244705016973074,0.9945840774788786,18.31071905080892
175513548,2,-8.825866109356582,0.3602716426532321,0.3172702760812795,0.9391822251060584,20.22675851299032
175985223,2,12.427474739370552,0.3860421261277812,0.21999159187408907,1.067767919236229,13.885308567000369
176911109,3,117.84932705728131,0.29771753537160695,0.1861172254629806,1.2106060542567698,17.316097056883546
177156003,3,34.69669992017123,0.34158479901689315,0.23351463177579512,1.07403895201992,13.160176243957888
177272960,3,138.79197660385717,0.38085758613638976,0.22969566878052441,1.0985408652465063,19.022933003983894
177304158,2,1.5921214678872957,0.3419126117935314,0.13532239882077768,1.2559815578362148,13.938101075658555
177634653,2,109.48958433108179,0.35405779190440106,0.20961162857648646,1.0886662173184165,15.897972921314512
177677392,2,50.558581715234816,0.33986401710953024,0.2268451399445911,0.9622473111035961,14.131269308323565
177977769,0,402.2440406351891,0.40688838979076875,0.30958030490975386,1.1474731275567351,27.030382250096313
177999649,0,110.00345592629287,0.4003505132805411,0.21590166269864886,1.0216811584765577,14.514091148505731
178586120,1,87.04359951357762,0.34598677190203764,0.18219780306286198,1.063206679008843,13.282698987301599
179710096,0,39.85840106263019,0.3328982533022881,0.2529318653081047,1.083278143694961,18.84176740670081
179732838,4,169.7073221339972,0.33633957434244566,0.28006281261259464,1.0417072889286867,22.24561704842884
179923409,2,-6.783771861741201,0.34894219889995737,0.2517012680426044,1.0335879598645088,16.981865388818502
179976364,1,183.15217779649169,0.35495640260638434,0.3105330273173281,1.18780498313951,26.673095800629696
180279074,2,181.05875960874698,0.3598613300432467,0.2336840803059926,1.1540689876700456,19.627129582134174
180321996,3,-11.971588825493455,0.4408463458585057,0.3686563043154136,0.8548698188595315,19.186025874205704
180324539,0,112.12734028307152,0.34745335789786314,0.1486937130257437,1.2526417952415678,20.137255643956163
180355416,4,115.58108900256988,0.3846750767974427,0.262813236984391,1.0731541288605477,23.31263176139506
180651708,3,-31.7022976630266,0.39284997899170143,0.31242723677083134,0.9614969828948372,20.657247697182818
180714059,4,78.79649194637796,0.3408826904287161,0.2745368188274453,1.068169011540616,17.07089937607003
180949734,1,58.60038419582452,0.36119999150438575,0.21651639079555296,1.1008493745922712,17.499313781171566
181297795,2,186.66041218188917,0.3646682649815527,0.24398499688687095,1.0667108733136037,20.06260760727231
181346795,3,20.810083009930594,0.3620909269936665,0.23285484740595883,1.095516858768417,13.654592119768946
181691220,3,-2.700942365281122,0.30516423154832395,0.13597417390854385,1.517794825417115,15.582106492589766
182042962,1,113.4400263073732,0.3953945629642345,0.2184667172381748,0.8273106852367793,16.595246852478127
182803961,1,195.25944309139183,0.36832278114977135,0.21421353052304817,1.004692616970327,14.913482561520143
182838821,1,0.7939873585193311,0.40769805283421573,0.3242894889451035,0.8220940351067187,14.597314758074642
182963487,4,202.1850575988773,0.37270245502256516,0.31311207065025715,1.0802237436941933,25.750929362278633
183287787,0,141.8387170568772,0.3995290191354059,0.23557308668911575,1.0659161372563313,20.93572157295673
183910750,2,30.967938575541794,0.32406814938553935,0.20734430984497687,1.0745779238726052,15.117703817729899
184043122,3,20.162651837982764,0.4095801312410183,0.3383383563432766,0.8132311381596159,14.021577965429142
184129336,1,123.32315260749223,0.3662376679308102,0.2528375326744135,0.9265403490485713,18.086416576579023
184214887,0,208.05453785969507,0.3815776017694709,0.2620183478659455,1.098072358376259,24.56325304020919
184273461,2,25.504883424035526,0.3391461557049858,0.24586921075448667,1.1148451253786353,20.82683454997376
184399060,1,42.38667115726876,0.4132014566786929,0.17979234014511097,1.2275235017553923,19.636753557482553
184854748,3,172.82355473941578,0.3678117883079711,0.16679220466636446,1.0232908915681913,13.432086790058536
184918589,0,46.90212457284568,0.3594028106079793,0.2723882485885565,0.9750918598090342,18.275363631469105
185502634,1,124.50186497136893,0.35801497469960364,0.27251867288622134,1.0150751294452265,17.187258498318833
185789282,4,120.03394091189028,0.4059117998516282,0.16535836201103615,1.1726502995816672,12.301821910328542
185974329,1,55.8884497896453,0.4011702555356765,0.15073254294547372,0.9985896726593834,13.914622277208661
186514002,2,59.020681338972466,0.35218699082083366,0.2834801445372424,1.1079686642474664,22.587210044302726
187577688,0,47.4398026237431,0.33554436561240575,0.24589126544882936,0.9821337957314629,13.60870637167427
187968183,2,-47.65816983221883,0.3213296083963893,0.18298966403917116,1.4063930268453888,16.03213999870941
188178084,3,192.76610519446987,0.370466260491736,0.28217782576027994,1.1061785338330234,22.249515121533662
188574710,1,83.06015380710463,0.34537332990290714,0.3084537099789576,1.0469564919079182,21.816506340304077
188691845,1,141.17394691518876,0.36303404352753943,0.24623370515252632,0.920539762692751,18.333034560033674
189225250,4,212.2174327913497,0.37064783426734527,0.21639922934130268,1.0894958762634221,19.67061212722414
189385552,0,35.38530802539719,0.3310624780885454,0.12290729969791309,1.4903733905671928,12.970648012858792
189585434,0,206.9479023296453,0.35766234503861566,0.31881470105702614,1.107478128674275,25.339139270541622
189637201,0,28.713294853472775,0.38804298791712877,0.21974298480427307,0.9458588707579682,12.320151361190101
189875275,1,54.73064777208965,0.3849312727346811,0.19195791315723015,1.044849950910205,15.69727243627147
189877162,3,157.3928980020326,0.3809583076968328,0.2336647932796897,1.0045686877575746,18.927975851191476
190124790,4,150.2135979482548,0.346229467398335,0.25144478389257796,1.089204212253919,17.088300950241912
190194752,2,46.50848644952862,0.3626906193077213,0.3528988304253353,0.9800900809196426,20.83995718445264
190344544,3,223.23122954433438,0.31217516920413607,0.21731155820018142,1.251271896472609,17.59875995217952
190407869,2,51.73156649988171,0.3047777920360347,0.20914155974864268,1.0214456877026201,16.23695520670512
190689808,0,94.55402389147443,0.3880348619741011,0.19745128761986586,0.9383926810616924,12.019015926851981
190870051,2,162.80502614015865,0.3759374885097282,0.1863308440430777,1.049875284667135,12.35932839026438
191380298,0,83.36149716167009,0.35549446310658894,0.16683044364888389,1.1258782594099026,14.605071369253208
191414295,0,171.63325686807073,0.34256619254836274,0.2753867253986469,1.0737155833080367,16.688595636812593
191656364,3,105.36495319351593,0.3854454537796561,0.2916020316803782,0.9997470188514944,22.023632277740504
191836476,2,93.84893846053893,0.3390852125485506,0.23917622039073327,1.1237905384322817,18.4671071634451
192948428,3,-25.62688105012853,0.3405510939819861,0.2336032098461042,1.0606396778294749,18.603012638394283
192960125,2,208.2435899362653,0.3472612190580699,0.2119015672498837,1.1032887232179882,17.900847949649908
193203313,4,33.06739232382104,0.33400063865736107,0.24303636334085887,1.1026123517421729,19.674627596064173
193475796,0,230.06782508966512,0.36146324011050174,0.2342679630313141,1.1995286261917057,22.23717314810031
193587045,0,47.488378780193216,0.32492725495366326,0.2975628790202087,1.2168299546099375,18.39207727905643
194134308,0,24.113147632414723,0.3390762415412173,0.2541394451992382,1.0489730552396956,22.08656590567897
195032699,3,126.74743166581487,0.3508506053219337,0.26413760673066106,1.0186703915951478,14.782008307364624
195040498,1,167.3840157297274,0.3883136205076456,0.25881477344618453,1.037735892309293,20.475986277164367
195313590,3,11.33293339975549,0.3498701538660638,0.204859602007102,1.0845094800599335,11.816429749555802
195349220,3,45.12482169153231,0.3572413477763544,0.21930951366540338,1.3033424443087838,20.52241018261659
195585477,1,66.64622115220621,0.3814417961934961,0.22875906790670114,0.9855895544944208,14.63440198813578
196134048,0,89.77050804978693,0.40845882501829167,0.1408753602743869,1.1709479243115888,13.648716430199066
196264517,1,1.9443894679935312,0.3490843865420736,0.27439870457750476,1.025973803132397,19.634847888455468
197075441,4,244.53304953950496,0.38524255524555717,0.20119164855400662,1.0874740035150747,20.33524867879472
197916751,1,112.1621324214771,0.35102996262532987,0.2351354406012774,1.172983135141238,16.723586068744236
197924325,3,54.18210316676032,0.37201528644730814,0.1762416301383034,0.9569813388788035,10.262242935553026
198466108,1,142.8478496520824,0.35539589230804836,0.2483542896258289,1.1229888510734387,19.814851830762183
199188552,3,170.1608554049783,0.3492473714462576,0.2581024642728656,1.1099756974891866,16.948678492066158
199261804,0,330.02794832769393,0.35560951434976995,0.21016156625125534,1.2364003007713447,21.169295360325165
199401973,2,83.62070468039884,0.35844694155190127,0.2487999474445068,1.203824015431055,19.17730404672792
199573915,3,43.63659858276388,0.34339113823173795,0.130725368028211,1.404984918133902,15.407429941127912
199989730,0,334.2754540231452,0.38254526973455527,0.18927584494007205,1.1251681085663818,17.526990155330193
200483739,2,121.17020232048586,0.35592953777362013,0.2619536095424561,1.0737093966635518,19.42790605608034
200513526,0,183.67268052894337,0.3445862758301214,0.23448301447776432,1.1206965150169015,20.181620943042017
200916875,2,295.06741436590244,0.4336974693626417,0.3028955090366939,0.9457810157285397,22.998260196355062
200989241,4,82.46288139781649,0.3763639147366569,0.21180516527891025,1.0890924387164063,19.277069113459714
201251785,2,152.52908803424793,0.3730684783589276,0.20906380537068486,1.0207387447649208,15.994952538534388
201564281,0,67.1651331585545,0.348071456249462,0.25535899654089395,1.1515407845186012,23.605919367460395
201596108,0,20.917852445431123,0.37367439664439056,0.33086117388380964,0.906666342411264,15.219150061548689
201709435,3,159.2591500919944,0.3676623749231371,0.2780064136555749,1.2919073771776244,21.954932316781996
201838282,2,-55.841277376594675,0.40454771977492865,0.32112616545129025,0.8656730471138536,13.122026815009146
202074426,4,16.51625808576486,0.3569000166568751,0.2614309032751629,1.143554910798737,21.21265150209646
202457389,2,258.83621991687227,0.3814785837496407,0.2351888094636504,1.0743115696793453,21.820247814957078
203166993,2,36.50894629918954,0.33756325429465256,0.22167558152933942,1.1082454305252536,16.30675061033657
203328995,2,-70.30536560800907,0.3935447281484847,0.3633888217866124,0.874760809388462,20.42872930423257
203569820,3,-15.878906103279192,0.38936616768568666,0.20371763251194316,1.1043679786373988,17.687294662604938
204188551,1,110.02436361052627,0.395328943336059,0.16686491524653502,1.1034597184301655,15.566027298304974
204433294,1,66.63264805877341,0.32967076400193757,0.18308055737845003,1.179146915921763,13.55290013694943
204583818,2,79.37331867067498,0.3286219552724579,0.19671992595458535,1.1088214524671833,14.64327853105682
204710529,2,251.32822206809868,0.3911921652641231,0.3037580849611963,1.046844477268062,20.900622660942403
204753687,2,8.31896590973058,0.35365477000987827,0.2896591506359386,1.0735885430702334,20.02918551890174
204849258,2,28.57376238690037,0.36400970680426925,0.2601262947018349,1.001712802244808,13.851002294923855
205078323,3,37.51598539439996,0.3646252015392527,0.2798320978002325,1.0566989407653213,16.644799708946493
205238044,3,78.54176281458287,0.35152132083129495,0.20566076588193827,0.9848731713361368,11.760498116345424
205810542,4,133.8831040870998,0.35742483181552975,0.24455787081187252,1.0529710127419676,16.627724232639412
206145001,0,206.39814188450396,0.3692193423333572,0.2384821621798753,1.2004508363117403,23.82736083718035
206778782,0,311.1700367116708,0.42130737050916034,0.16404446756853272,1.0525543218804585,21.639311970857158
207198573,1,21.701167943490944,0.38852960141267434,0.18851574733559406,0.9055306757152487,13.504302982711526
207258565,1,202.36419904586515,0.40918840163147846,0.38469805179039873,0.861005176811054,22.377815568203804
207627808,0,228.37944611278556,0.35954388063346504,0.20995457819293817,1.1810075770765616,20.75274010851118
207945160,0,123.24148926115384,0.3786396102793539,0.24827778497700712,1.0844795156491784,23.763081168152024
208376671,4,221.726594317464,0.3950778452224524,0.2220758182884261,0.9863420086482476,21.23769865171991
208448147,1,121.91524095159562,0.34757403649043633,0.1910699071525177,1.0795933272213283,14.357057515005637
208451383,4,10.343982987085639,0.3437207665380052,0.21151012388342771,1.173967823575023,16.238406809190806
209437861,4,40.81160554556424,0.339852737038081,0.23752593478443326,1.0338733940186406,12.184711975458118
210091509,4,62.08304163305699,0.3639824402176763,0.2909731470900931,1.0133475722502228,18.69615341292913
210562725,2,144.91726080464957,0.3506626266801339,0.31281265986822226,1.123645592904774,27.022282199022836
210731746,3,147.44504120853733,0.32781117670126403,0.2044653676664532,1.1910626716234518,19.29692754249937
210803302,3,79.48859916673442,0.3342928473641647,0.19922745253246982,0.915969553780821,13.246042453354866
210909359,3,31.49169513163342,0.35673440423588054,0.1992781905978156,1.1777175261780921,16.187084646198496
210914084,0,2.3164163600119423,0.3478457123211658,0.2604508423261132,1.0075959839700621,18.386394211138942
210989195,2,198.91708757350784,0.37619416902292935,0.21303988492162695,1.0733867294765906,19.597485192325774
211760119,3,68.9124585272047,0.43824182368187736,0.29945679830319893,0.8316058897121216,11.759730427262145
211825763,4,15.785462060001777,0.394492610611585,0.16394852926219025,1.0275979152541865,17.6241848699108
212654540,1,81.08386886370917,0.3710913357126699,0.19077136133585781,0.9559083679463608,12.17190611027059
212760661,1,50.86649095819159,0.33318588837431107,0.2672801643657489,1.1446477979037735,20.496217661253027
213054047,4,101.9668089796324,0.3943041384867231,0.17258978053084065,1.0493057092814273,12.973015200699283
213771383,3,54.097155386366666,0.35311012157520966,0.3155618284686616,1.109365596413513,20.770324484545775
213984999,1,118.91701518182163,0.38279221957063436,0.21389643342554726,1.0217886864304975,17.88935458914314
214162824,3,30.970249121483818,0.4034797866664336,0.22968585109300643,0.8122031791790979,13.92447509780768
214279994,2,5.147814040315055,0.37502214718361054,0.27814257940669995,0.9913490045432135,20.546506808140563
214573613,1,59.295705148856925,0.3412740432478183,0.2182295150446341,1.0449203611235862,17.01052012017778
214883571,1,213.275858158216,0.36529055909024183,0.22283588190977788,1.275145789417273,27.04215499874217
215105340,0,267.3171068053055,0.4094230820937101,0.1916193445487028,1.1199392619104043,19.408586335281676
215128069,2,52.186090898032965,0.3615591631938904,0.2967889167193139,0.9199490458450954,18.015894763331836
215274198,0,240.15417492724202,0.4855482886155191,0.2739702811758197,1.0823406649767073,22.41393892112383
215595067,1,96.29309673027169,0.35547915715971323,0.18376974016596226,1.1660107168180769,14.470198387628425
215880524,1,168.65780240282697,0.3407756264496588,0.2599613210259415,1.0580162552948096,21.782390523103338
215968936,3,61.79890707661246,0.47148248237845286,0.3446086928767858,0.9150829541668882,17.90414417941936
216165703,2,206.18002380389265,0.3809184513515775,0.20926518546368614,1.07737339398886,18.169906527794243
216288111,0,126.44631556675328,0.3587744258443731,0.24038786249834634,1.0996824481611243,18.804324278371517
216414863,2,248.72225686581237,0.36189181021032113,0.2076998020047921,1.0567210735699382,14.719902771297745
216608930,0,65.28880966244995,0.33068337131707026,0.24469211105650476,1.1037129947496005,20.033911758454185
216626801,1,18.448967699247888,0.3919313432246046,0.3087149206668579,0.852321738290676,16.340251043574753
216772383,1,71.39762166884258,0.37957654102014693,0.18867647822889827,0.9280905858882378,11.698073889848416
218059466,0,177.21628960031,0.37685137344461356,0.2099904548043086,0.998943979939388,18.13231276044323
218216912,2,68.80585869794542,0.3347607887856164,0.24337346111231742,1.090376664070819,18.14042106262486
218350404,4,-17.476123288645198,0.36287593583641864,0.31824508360393444,0.9301330662688481,20.221710529966856
219039564,2,252.12040304439574,0.400058213095185,0.25186948814095234,1.0407919405900452,22.183877417577897
219386483,4,141.00820680438073,0.3759929752729612,0.2654750706073482,1.0556982826705605,17.288013948500776
219718402,2,129.239285407991,0.35670186687772365,0.270795768639623,1.0393810941838615,18.851612443648772
219873035,1,41.24361289596629,0.3816435751022955,0.22175521571542162,1.0119997493770603,15.502379345394136
220000766,4,40.69382455722604,0.38677954320821134,0.2143636044687729,0.8826597522520497,11.327754278700617
220223317,1,158.12684943494423,0.3668606626041422,0.2953654460163437,1.1799906219292584,26.345150340025473
220286370,4,48.035267823545816,0.36017155431669207,0.22620083029866683,1.0714664010847048,16.725149650012902
221632888,0,90.0498308125541,0.3738360708439798,0.2480893110877142,1.058413169561505,16.742149175052532
222144803,2,239.55852305459445,0.33358309464686353,0.2687504231384152,1.072459660031319,20.8073671870492
222164121,3,69.10516785204378,0.3426444736043827,0.2388288862369473,1.1665307448689735,15.192680509589529
222724508,2,129.4681447734786,0.37272288222150696,0.18679532611451485,1.0031950291754401,12.334031654866404
223538531,0,140.61959854607426,0.33765673638997923,0.24080470426712222,1.081873606071738,17.476978549575477
223648222,0,218.18398321393852,0.34457979800604993,0.19968616313542253,1.1058807062932325,15.784949210980603
223739255,1,111.67175001012805,0.35220325021150023,0.1857630022770845,1.052199350822802,13.887092609446709
223791997,2,119.61559310270849,0.4058700539637254,0.19582441278326052,1.077498419578214,17.412440080451244
224878400,3,61.89681684331755,0.38656097959692987,0.19858560319320268,0.902862050229567,9.739935680898133
225113015,0,54.09237218218215,0.3306863164339877,0.20850107049463834,1.1158609028915927,17.58263120733147
225199973,1,111.04384604498202,0.33638816694429696,0.1983289422175583,1.0052829273131887,14.509350206242905
225304239,2,223.9026027966695,0.35801531613731835,0.23529271831664392,1.1784421287165046,21.04784955510172
225689380,4,118.355102403273,0.3727557448817212,0.29187289742054673,1.1615214980090958,21.878557991032643
225811773,4,295.899550263596,0.3442185898171047,0.234377988847013,1.0512236563281572,16.890692654813204
226076507,0,96.0465793129914,0.3474292523666945,0.18169311594627052,1.0951472863752498,13.216855231738569
226216876,0,87.95474077389457,0.3642806345267217,0.1700615562340968,1.1067201901736987,13.933013277863317
226520604,4,84.51206320666492,0.39807486323780616,0.16214429700752692,1.0842505213713003,13.260809070620683
226546629,0,52.26437004373754,0.34045019411765187,0.2462235223281453,0.9614989050860837,13.769843086023865
226561298,2,104.02053471901336,0.3759761243267645,0.29842628050428577,1.0402117376992985,21.60712277047924
226567495,3,97.11084988339383,0.361900343930723,0.2456223496280115,0.9461352981069933,13.529103829086836
226643768,0,146.43895633427232,0.35501739357750195,0.14956512114289522,1.0762849275242465,13.693834091080134
226759816,2,118.23441547210227,0.3638540829487395,0.23282781222546944,0.9983252500162618,15.839326212560737
227298587,0,22.477411729449173,0.3433427002117272,0.2626153971196533,1.0334875008921314,22.17901519436971
227838325,2,52.28801113938866,0.40216143144905214,0.1589489522032825,1.158328094266786,14.149301195937248
228251537,2,142.19682861849304,0.3626194798165734,0.23156842675971948,0.9993454048848854,14.268342018404304
228252916,4,66.89032359705472,0.4136421227281585,0.2905577983591461,0.9051300058683255,15.235441265873742
228347866,1,48.17198788628979,0.333854927437457,0.27553379146801915,1.0465486821581977,19.593338490477205
228476998,0,207.51661322932327,0.32031309871783015,0.20277571614872494,1.0784326222576657,19.29456510365584
228510296,1,169.24695907743958,0.3561858383133284,0.18830815147188537,1.0423021273218789,13.298130837862665
228992973,4,161.84364552324732,0.39723233697876426,0.23663879042715205,1.1913131990823107,18.784887181966127
229505065,4,123.52277238508464,0.3752406751981731,0.191256828851036,1.1410060530186599,19.397550479499376
229703472,3,161.23972155607413,0.37403139552295056,0.27902734371612165,1.1189253574249607,20.35544336996763
229766352,3,182.63228398602286,0.38206790968807225,0.19883263094569437,1.2142543421150147,19.52441463925607
230018905,3,167.1690686098275,0.37317597296182364,0.1804292876063131,1.2601811642895417,20.901484349856254
230210475,4,58.36236078850758,0.36738252513376807,0.26925575066133006,1.035096129840938,22.279186814404778
230305493,2,-4.750209399035683,0.36152182264750543,0.30337432723879515,0.9436759214283876,18.907543052321913
230397925,4,31.86032161035085,0.40223528324996716,0.3460223361118803,0.8157661150961637,17.47429152008537
230432971,3,197.53600925410092,0.3616292050057063,0.17534112557323617,1.2324226005956227,18.14975144055273
231066951,3,108.19059104325271,0.3603119013635512,0.22606194723731615,0.9543779480702956,13.466004183832132
231144775,0,65.81544095289576,0.389914873058916,0.2525072721585077,0.9236756516630101,17.853234351681863
231347203,0,14.250889221141733,0.3318286384311585,0.3073753716850565,0.9143349029671464,14.114244022393041
231567628,0,59.75266319532981,0.34500278773616855,0.15961597568160424,1.1343261130336924,13.157258337704556
231654446,0,307.2757906343753,0.3707542874688779,0.26274612981009626,1.1989223084222846,24.4711249287433
232089797,4,158.94413797421814,0.35650160468650316,0.21868410149805828,1.0401999692573864,13.06015952494734
232335054,0,349.2950240603013,0.37864624933245367,0.244383573239828,1.1984953822308615,24.496480792683712
232528549,4,274.09488699038167,0.37609260029066277,0.260463924660152,1.1212964303102855,19.89861792638829
232607063,2,30.74947605128378,0.3624906420684769,0.3145894678087911,1.0075230565199962,20.157384634852306
232782325,0,267.59729999361724,0.4082145343774369,0.30282812051028635,1.1486323849350095,25.01280994287734
232863145,3,73.90657321320155,0.3461905781053877,0.21851862659778412,1.1697045753984707,14.088508638814417
233782359,4,149.9345426789119,0.42296525260678514,0.28704794176408877,1.0624239920873935,19.25521480570337
233996434,4,202.9594278019544,0.36627760754164224,0.23766632326100876,1.0778222269493583,21.723806454097762
234298821,1,160.55962527662857,0.3568818879324169,0.2643801103737944,0.9762584480185494,19.08201846448698
234298840,1,74.75743715387432,0.37979460330516057,0.23964440512920082,1.0408123875511155,13.364120123209773
234377391,4,25.60875367401114,0.3673165247153138,0.3847654938708781,0.8960346228820424,19.810320864004154
234483624,1,57.89772598990387,0.2936014035603349,0.21089282961835892,1.1829361966653935,17.926943152967524
234538951,2,204.2972799682345,0.35120532805183896,0.18344869848798195,1.2442752055433735,17.110574010754625
234724783,2,167.00300341696152,0.36611985642478834,0.2615782941635185,1.0022863722437887,20.021996999515505
234741357,0,38.52652340206282,0.330059074605049,0.28492016314839214,1.0033141269074055,21.724430569050956
234747929,2,179.70451169589185,0.37146326736824287,0.19518206957898207,1.0094240318853482,14.976365353052707
235082589,1,124.4512923375289,0.3524326688286239,0.19622770407998996,1.2657572261532475,18.942375712928428
235587729,0,222.71758685418098,0.3731887958604129,0.2983200592758386,1.1104157524704672,18.795771621858172
235628108,3,216.96711580906117,0.4067939891136293,0.2628822246599606,1.0786740846752574,22.605309607393544
236163730,3,154.87996974241844,0.3689346540317212,0.21109024070244714,1.152919949253262,18.64670627979329
236477815,0,90.94367606457594,0.3614296856625563,0.22704268314850684,1.0680767140953331,15.598955535350536
236843078,0,271.0325663250539,0.37011317412134365,0.2194439002560596,1.0831687779216688,22.79747096285513
238179937,0,176.31196759738813,0.3369197101327849,0.22149128768227666,1.0021819756262946,18.337146575994797
238223157,3,137.77514218490572,0.37103378306459617,0.1926286425472985,1.1178676111054564,14.523476823029187
238571886,1,130.9212687438126,0.35171589842245116,0.28827204468311524,1.2268641299862593,27.84593828787917
238619204,2,89.76772684952032,0.3434408841557122,0.24865919890972005,1.1183918681286642,21.14402779378471
238841218,4,221.19509806319945,0.39300460125664227,0.15758000769112068,0.9935974941452108,12.435614039338214
238997456,0,170.88410239677796,0.3419481568969415,0.19743865376383046,1.1637869104579008,17.015141040462698
239786978,3,124.45760491415018,0.35892277111338966,0.2701916411632821,1.2242128132704688,23.164578786751683
240082161,1,1.7879229623570154,0.35607476615486666,0.40550512511339276,0.8791422641852153,18.629995218467833
240111092,1,121.23715677197751,0.3824753847491019,0.20780798688584332,0.9158863281527253,12.862879199544775
240232361,1,71.56951454257401,0.39408644196807974,0.2980426635642689,0.9697099157973533,17.36513436617898
240796718,1,37.29433075799765,0.35232860333929356,0.14681351726109976,1.0157125018795037,16.014956119012552
241359312,1,277.20086767360624,0.37231684908886664,0.19026126601517004,1.2835616391537554,25.265959511881213
241371117,3,115.21460122603423,0.4807114938474094,0.36503230169560197,0.9603560773541385,21.051185840320315
241512397,0,180.80823581748524,0.3557991537243226,0.2573700391007628,1.0946548678893548,21.762333903989003
241814157,1,-21.04885290532775,0.3626221005214347,0.32399340401263677,0.9377382088411991,21.762259624213414
241915001,2,36.336194609822215,0.35030382326397413,0.26007890493358987,1.0759147531602795,14.777085555698116
242653142,2,162.88523034392978,0.32277305083928437,0.21232908254617067,1.2574435470049612,19.39277827872694
242836460,0,5.843515463155214,0.3279720544050296,0.18038585801530263,1.2129903769789636,15.681259410421054
242840603,2,136.8571791571457,0.41517131990471334,0.3291596589503238,0.9859092309020433,20.409066663180134
242927288,0,23.49533782780098,0.3449448832263615,0.21903051757147635,1.111292536652803,13.76249857550864
243127357,4,172.7726043858193,0.3750576879795496,0.21367117350029752,1.0244013192961037,11.88258770926987
243290882,0,135.98696201347374,0.3788228784201371,0.20898647188472214,1.0096076073343851,16.341912635374733
243418714,0,22.21234208223194,0.3438262672706558,0.22887097962589079,1.0905178044547827,12.71059064805822
243622593,2,82.9857106507281,0.3337874587750823,0.24929555334123646,1.1173909292857727,19.782074558762588
243711331,0,23.282247133780118,0.3674118239623687,0.245928751874777,1.070973082122621,17.498729323547124
243853291,3,98.28029331721287,0.34525263318754573,0.22408420104675397,1.1938689799792301,16.11036327141431
243952176,3,-21.83273393942693,0.3248972106834319,0.19814703710859016,1.3546734414185504,18.681487522462874
244278527,1,34.18415334853696,0.36175984411125695,0.2962364800329281,1.0222845177625466,20.58081882603202
244304146,2,212.210422305836,0.39259089442630246,0.2411621089439098,1.058117725341541,17.409834329227106
244332189,2,84.89756123351415,0.3637397661258456,0.18642090105798836,1.214026354200232,14.60776799742996
244803582,0,167.7933437560203,0.36322110587488926,0.24981223238236525,1.0864040857076989,21.811003033167907
244913940,3,184.60598693364474,0.3526865428022855,0.3020922761714546,1.190542732925481,22.0698928298424
245591935,0,180.92111003767104,0.3196850973210246,0.22940394927986066,1.181677264896137,19.795792843473514
245779778,2,103.39534240805564,0.3600926380419678,0.18054742738940233,1.016468397951393,17.47606042701501
246955408,2,195.6131572581739,0.36540518232724656,0.22044163078887735,1.1438363885004377,20.240563645918964
247237663,4,192.63235424930804,0.36306895385645577,0.19218884029157862,1.1587990490819835,17.52643380610671
247440971,4,189.03247624352832,0.36008839797421033,0.2258665804416742,1.0137866101953423,12.344076697303592
247441113,1,240.50054208799108,0.37386474646325035,0.23474208854500753,1.0610704558791084,21.49699344466538
247473503,3,-8.55138833844073,0.3924638783726281,0.22391953990213137,1.1196793842413433,14.686190484512998
247558689,3,25.297001518925114,0.3621807658927803,0.21983312633566315,0.9951407263690999,12.92706260609392
247866107,2,214.61614149759077,0.35299708983785644,0.2117760364723108,1.1557048935662388,18.135964347747873
247996319,1,51.24374117410833,0.3546383691486548,0.2056440421739103,1.0823001842702027,14.55817167730353
248016214,3,97.60786459553621,0.3563955481724294,0.1724721773301136,1.0429333188435532,10.805715415320368
248038345,2,31.416420191217142,0.3508210028737503,0.2005968405793102,1.1073434199145398,14.68434320921082
248424742,3,240.5954271160827,0.372600050840066,0.25116079564156635,0.9857791068391801,15.681868788309682
248434754,2,102.69478062795925,0.3518367012321114,0.24435950488853567,1.0705329498964289,19.109390158130818
248544464,1,59.084989138831894,0.3618432116279548,0.2717579054113705,1.1095851777886834,22.50900937134051
249614010,2,308.75270933438384,0.36431319969856535,0.26586946557175073,1.0496080799596617,20.011147781301347
250010482,3,170.52948360537772,0.36296756544128334,0.269698096829359,1.1515485485179253,19.619758815426913
250039671,2,250.65471292991987,0.36685652026270976,0.2252416498838087,1.193828145701741,19.346031870621317
250587037,0,228.01627071203387,0.4077697679798922,0.19916668104675456,1.0541355673096828,20.250249219022624
251202338,4,9.711659166603894,0.3462811448450894,0.26644992092250375,1.0120150083991994,16.404562720616568
251297590,1,181.7367376244855,0.38523932399228056,0.2510589669905879,1.1693913062517847,24.815407909825595
252276774,4,47.03749422400811,0.33557420661810944,0.22742513420196622,1.0909108029108963,14.619506016993462
252299281,4,45.047541007155424,0.3671164320559562,0.21337880601793424,0.950750300629945,12.356143753211754
252836035,2,266.43450005556645,0.3755114430673287,0.19027145518265676,1.243604033442929,19.414744421690045
253276168,0,51.39716318329727,0.3096608365480449,0.21415694644067346,1.0406437004717457,12.110229153107674
253355524,1,168.45287375406883,0.3636751785418382,0.2920491584775921,1.2047382207166097,22.018400218593776
253518655,4,17.904497468144683,0.40730037434624217,0.33139482031880296,0.8085850601154628,13.96028504648702
253610686,3,273.5866755621413,0.40862190413042887,0.29239073526012643,0.933939374994409,21.069584947624755
253726027,0,337.58485303996014,0.34954099435105745,0.27008359014877953,1.1719551398129484,23.648282145897337
254267891,3,-26.609559967005723,0.4298252196598194,0.25935672990860026,0.9667625355667416,22.05224922608023
254408923,0,135.62821846780798,0.3518783100775201,0.2501630698013954,1.1462329441305703,22.458008195418103
254419051,0,263.98598249293576,0.3571720959321797,0.21220419580997496,1.0632891869064394,14.788508065100935
254630145,2,153.7064709607979,0.36599860519790867,0.21625677029808504,1.1093460317283808,16.342332214337716
254694603,2,50.476119097811086,0.3436054507570232,0.22341314839258103,1.0792374167498398,16.12499746457808
254845509,0,63.164777357986694,0.33926019490537096,0.10031519575703815,1.3883352892406917,11.813346967595699
255108764,4,304.6350404299878,0.3629291921127359,0.2556448650758965,1.1576252865631709,24.240929466299644
255514575,0,162.27250823039512,0.38396455453945466,0.27711956781005587,1.0402604495729033,17.38165041287663
255574677,3,140.9090164032004,0.35740553182236834,0.28769168251059263,1.1942340488732779,22.36524809193252
255628383,0,78.9336933764939,0.37199885845259284,0.21183138513772792,1.0378635191275007,13.683718114098848
255934897,3,53.47628960492105,0.33881910426084655,0.24007618366352868,1.1102725269302527,16.285007618527732
256392827,3,235.76381331131122,0.373143923967583,0.23937566977085575,1.2237353806876519,19.883374716746452
256452381,3,162.5536259932624,0.3495321706410832,0.25299171495197836,1.0165383306187856,17.808044102351644
256964530,2,150.42322581555544,0.34616721464187705,0.2007251754376849,1.048532510732749,14.693123621409791
257055666,0,275.06275331043054,0.37486599336762716,0.21536514026068881,1.2278295551634009,27.70782849021358
257349913,3,77.02886182105087,0.38199104774100046,0.24584929890157162,0.9613966333167979,12.08651935198548
257379568,2,203.6095557098879,0.3857195580201426,0.21499914540978504,1.0673538620588539,20.551834753181492
257538013,0,96.3822163070801,0.4099597991975438,0.23116787920187673,0.9377359661830594,18.741354747076223
257696451,0,58.247660441946834,0.32557108545818325,0.13977332572221582,1.3163827839746753,14.636617081181475
257850952,4,58.43506638047374,0.3504455686294569,0.2629450296876551,1.0293909417739249,21.07377906553282
258103927,0,222.2242043400587,0.43433949137168293,0.23485491417975748,0.9581014520537925,19.02512864524872
258160847,4,177.6349946778679,0.3591144847463842,0.2569723879199965,1.134088516874123,20.46790983523951
258763444,2,130.9992746276964,0.43115210566591133,0.2824891641874752,0.9351832639488211,16.3672849496242
258775514,0,27.06519709952567,0.38702109146408326,0.312105035543466,0.8856799060204096,11.54165314740257
258956403,0,261.7962515533224,0.34426734152345184,0.23718438094232006,1.0237479436776062,15.600161608345912
258994540,3,123.75667548220454,0.3634202904119807,0.20968359937799028,1.145624347888982,18.88655534299593
258997794,1,145.9413673754346,0.3910848744150545,0.27525460550843517,0.948929620020945,20.480371309247182
259074348,2,59.36892804600285,0.34203628907578687,0.23211737373836147,1.1791978150714069,16.400399796170316
259180745,2,66.49268699178685,0.3899652777320484,0.18076110476805718,1.2336822569307646,14.854914893201775
259297341,0,120.1895290787561,0.3838701065746603,0.17762598253411155,1.2563107014890924,15.907058159154765
259345713,3,101.49900653376739,0.36817605405550374,0.22439040986231285,0.9269906865146951,12.874631666891664
259345728,3,249.12115356812544,0.3401426386134783,0.23545364908430227,1.352440817724603,23.298272714784957
259439423,2,229.0580525138579,0.3613446072128642,0.2147327898414112,0.9665370093536714,14.352054213974172
259788945,4,59.898929672902376,0.33666327452779365,0.19487053937427795,1.0064339819572163,13.333503287960308
259984370,3,121.33006970849104,0.3975370676782792,0.26471208892931997,0.8792435873713783,15.469977064814138
260073812,2,66.28024351292432,0.36052745905507827,0.25665503832610725,1.1048135698634876,19.29116289525106
260077968,1,24.30221584826792,0.35192763057457643,0.23991336084163878,1.1020005070892178,20.28408303053579
260201518,4,-5.1332360796398575,0.3365237269291885,0.19067729703187813,1.1715468999962024,14.294692119492746
260366998,4,19.912947386193096,0.35111865420198146,0.28294925091866113,1.035894578052491,19.362102735393247
260773607,3,266.836019639652,0.37701793492991087,0.24962700885743022,1.2436541151106606,23.75332743883022
260812845,2,42.32691488631633,0.3837589897503358,0.24562414533013935,0.9219718372277441,11.510527632521576
261071879,2,90.7558269056872,0.4122672603575521,0.18925018112789171,0.9076181520126511,13.656751536146274
261334701,1,218.56836211392007,0.3634727636801955,0.281668453953725,1.0293929079313562,21.87494285228979
262074826,4,151.46546581490955,0.3634785166377214,0.2323006718281419,1.12442375562744,22.699736158246154
262353559,1,181.85777426718664,0.3785712748514607,0.16754526589363516,0.9334955857633839,13.093771249397498
262479772,4,126.04053513396772,0.3623743460456878,0.17845105703220854,1.0432704076344126,13.744388997236069
262850499,2,252.72918455524564,0.4045864290952131,0.17672693151256522,1.1282064440388286,16.704804585993326
263068772,4,6.817897662934797,0.37609631010399486,0.33648385034886746,0.9598320453144963,19.114083493513593
263087206,1,43.483229372289394,0.35726765661998444,0.20262029697609457,1.095893719175791,15.399275114638957
263236795,0,14.045840305711536,0.320274385836695,0.32666180923514004,1.016364383192219,18.669378295266686
263279017,4,167.53064509064296,0.3603346561333566,0.23422417186086467,1.1103136713048598,15.834444923444812
263293393,3,119.50570855341387,0.37825496003616016,0.2881879268420482,1.067806534208458,19.116116895657104
264131865,0,112.70762397941307,0.38670334846078963,0.27104388814053365,1.0697578371316223,21.174785224387087
264402592,1,211.5288203226458,0.3060652123378898,0.25591971440687844,1.2378488285218996,24.92617481962828
264552260,1,47.66240330704492,0.3319091039051469,0.17701991342159254,1.1493761518376167,15.051305247610859
264939963,2,76.25985468873426,0.34751005623687664,0.18591635916044025,1.0843552024963217,11.493625070914163
265038627,0,-42.536317697202335,0.38300232357549224,0.3214624803470897,0.8990901366430969,20.761727542799644
265862660,0,283.05468997000503,0.37486533053717735,0.23424418670768754,1.2121099841555125,24.28128597122674
265889946,1,122.62406739640502,0.35625814959570495,0.24259325967162723,1.2314361832961822,19.87859630953648
265939765,4,11.666142847824446,0.3093095865519378,0.3409018246397806,1.0013590597762185,18.851271476502053
266241866,3,26.19663686473791,0.37351328851753585,0.23864124908761805,0.9609731554876002,12.25248377143529
266415058,4,-3.3884571709753004,0.3187943676430504,0.09917662239932834,1.433647808998733,13.854239556020776
266479070,4,79.66724753083027,0.3453025670918004,0.23568009344085017,1.143603585805497,14.562371113555951
266620737,1,125.15778240316017,0.3549741636570904,0.24253221622229423,1.1523081329154277,19.750365727532014
266988735,2,15.024541927506036,0.35744204817100195,0.30362325362554415,1.072657713456861,20.63284007632834
267049794,2,-47.86298692623946,0.31698778587681553,0.18435726882945247,1.401991266633126,17.60359661411421
267912832,3,49.81276457277032,0.36134535080631647,0.3198801215068535,1.0758721696039966,22.56829894052628
268323392,2,140.02698818601104,0.3583973860206257,0.24236878143649573,1.0542535303995955,17.651647012115085
268434909,4,141.8154776466846,0.36831817322462607,0.18222888366186976,1.304836580277082,21.061128803934896
268436916,4,66.69545306885456,0.3792308528970939,0.174691996021272,1.2037367488159476,17.837279508768958
268533943,4,4.102612987105729,0.3583655795912971,0.1589209831582385,1.227882728151605,18.705866159552833
268805413,4,106.56674335191458,0.38180141509099963,0.2610974227040464,1.0010187909474202,16.047895624724084
269136469,0,265.0065453478001,0.33970684230824616,0.19504948070944172,1.1021777285279941,15.755023896195777
269301575,0,189.15090054594543,0.34850921097570814,0.22691003546845157,1.1151066390942115,19.160935200891906
269388015,1,114.81398709265818,0.3546513163500366,0.1979034526362863,1.101205992141027,17.0092536107402
269527017,4,170.03827622857722,0.3656858463023234,0.250500197290487,1.1266789490552702,13.066716821839067
270193915,3,-16.942684293274056,0.3628874425210013,0.22383486167996358,1.0909350544974212,12.97915950253081
270468068,4,225.2301807680596,0.37119711125298754,0.2512896018175175,1.2275886953151685,23.170172749362273
270662526,1,120.57898540205184,0.42292642912985196,0.27653460873097707,1.0445215344723302,19.599731861246678
270794936,1,181.07781604106225,0.3510141609850396,0.2345907847311511,1.0483137640348388,18.321042143068418
271080458,2,119.94969081429515,0.3445715415940065,0.2148715222742093,1.297822004722871,15.371514266223219
271082869,4,16.309788699109802,0.33639393143804935,0.20922241705725309,1.063944006916369,13.895007587055611
271540328,2,101.0560408389813,0.3702616788474003,0.23826076560279041,1.0015998852920167,16.805305024680273
271698010,2,229.02808953632865,0.3892944494424383,0.21830714735840334,1.2112541434095159,21.129627355065388
271737793,3,177.85549136562526,0.3484893720898394,0.2436744595643902,1.1549147440122778,18.62970162222466
272150874,3,43.57842999883222,0.4011099745797301,0.32445570308895066,0.8341115234154343,11.400780416088244
272832139,0,66.24548870709553,0.3423075829783588,0.20243991169096315,1.0894139236149936,14.092980818666344
273139332,1,36.167157236993,0.4067104222367508,0.41601887693552475,0.9242737387570719,15.932751853892501
273204422,2,121.52676209218498,0.3990723947035329,0.19237942827669563,0.9256070692670805,12.900098654812478
273571217,4,138.05335150874402,0.36519333347315713,0.2037406004429121,1.1267958638245712,18.835685932296187
273593115,3,211.57974013759596,0.40037682156144816,0.23437556929842648,0.9973918007705743,20.517284838108893
273667291,3,127.39394748099741,0.35775017087536753,0.20769168720927203,1.197953133859055,13.920110025097438
274064100,3,218.60756876119035,0.340217198492552,0.24437991299777875,1.1194113938857733,16.32576563726981
274098381,0,147.1430689549142,0.375929567076637,0.1808970424663437,1.3310085320944407,22.767853558077604
274614510,4,144.66354579527456,0.346920392872639,0.19033623646631923,1.0445066589303784,16.08922879323413
275666084,4,68.37697371238374,0.3664275769418553,0.18493070407475498,1.041809815267727,9.047828554761
276378650,0,12.945352823889309,0.3727107271592087,0.31532412852687186,0.9645165589632079,13.393081747648761
277002638,4,45.85677896408705,0.3327295325713541,0.29199017449976084,1.0591791378606223,19.370248918982345
277986602,4,56.45269043740108,0.37912630472245695,0.3340488050154246,0.9704445588636279,24.688525601856732
278061089,4,178.40526241162257,0.39279975815209145,0.23790720317983238,1.0314652708786922,18.298454709817925
278123349,4,41.77319458918572,0.37224625527334587,0.19227807611357228,0.9803998978591304,11.873198097664707
278169291,4,72.33214238549044,0.34530477570862544,0.25820898834059125,1.0488612603214518,17.77586125253822
278692232,1,226.2581856672391,0.36838755115898797,0.2767464083798268,1.1053852927494898,25.385742237694256
278844630,0,64.60464696514744,0.33102404467105934,0.20952443365568332,1.1654002125114018,18.931793216985806
278926278,4,156.16442382355754,0.38052050368835366,0.25257866974526255,1.0161794105344066,20.35225930982241
279552323,2,214.44359326891288,0.3624975518219831,0.20332025054504857,1.1291730847769714,18.337205144219666
279624532,4,-12.530408868103507,0.37683153875702835,0.3343506731951034,0.990787230829664,15.761052114983503
279990409,4,44.804608821396656,0.3475132320338541,0.3415672914182438,0.9405404196653439,17.0183697744997
280111011,0,131.62463905157864,0.36147635430052255,0.21097863369137612,0.986173253991297,15.858195687920109
280819340,2,222.19623225065044,0.3709450322697525,0.24029162647478028,0.9513424610234099,15.507987213380549
280901586,2,266.07883720640655,0.3887657065168121,0.30636587475555427,1.035140385552472,20.811190571221882
281000054,1,132.52686742718976,0.36594902124192347,0.24856492373502226,1.0834608199861333,17.39301170453683
281136178,1,108.64096167691814,0.3377764509041542,0.2106884410169064,1.1062871464679487,16.447909747189854
281150361,0,91.31037837374264,0.3988881194163342,0.18852696492484117,0.9607593607458825,13.500236364991526
281517661,0,164.29524897451512,0.35720594507096026,0.2139875215900825,1.0747804792629185,18.133390169068413
281814625,4,182.96660651635955,0.34916044149019343,0.31211312564504007,1.1267986362294262,23.24697061400986
281920156,1,27.913687565620208,0.3525786786875407,0.24068951560336793,1.0550190079073993,13.955205736847502
281967969,0,112.1351617839984,0.3542020082211067,0.25894340315536724,0.9910606030473758,16.799502976469412
282298315,2,135.2928004352645,0.42457126305981285,0.2001004005488115,0.9689910080851672,18.51970453326081
282747611,1,124.12287689825125,0.37374550409861684,0.21210465012313917,1.042830763712967,14.20069271570118
283523819,1,83.27323752390438,0.3920129382338954,0.3007564347074022,0.9524602245543283,17.104770833536726
283582804,2,-8.023512098588256,0.40466651536585707,0.28630499373137497,0.9103128496238021,14.679696648336476
284421147,0,258.17433442296954,0.38142348204557563,0.23354181042253178,1.0584683726870305,21.03598276518096
284595179,1,45.573591285477825,0.34865624001033585,0.18779139824253424,1.1794657586158375,16.830996042480102
285133703,4,108.26180408543924,0.3705540509190265,0.2010761022842865,1.0278289109739018,16.110737328382662
285241910,0,35.23446056615898,0.3805771344457237,0.16592744828887168,1.0559080624602488,10.445661020038134
285299858,1,42.59750918003845,0.3131393701275127,0.18404773895174315,1.1543614276769043,17.636724628129155
285419416,3,22.852357537714525,0.35421020580193135,0.2511366137803246,1.1116482078556542,16.92329369225209
285781116,1,102.81927525706367,0.36149709533504937,0.17201806624099197,0.9388565120362011,12.29249681353759
286143083,2,148.33472218468233,0.3675414024629831,0.20509727253758703,0.9417298285222155,15.235852238652532
286285970,2,-54.34418649571761,0.33515717208190776,0.15569259029233062,1.5178395390424602,13.980324608323182
286520814,3,4.622867202442478,0.3472245891553761,0.22599275629708948,1.02381513220516,16.316385618404343
286659449,4,103.99847056719233,0.3781525995337749,0.15369775376913902,1.001800300949722,11.766936625761202
286702486,1,84.0882760629389,0.35651008081185603,0.28829821659215016,0.9952804121900806,19.518572860639548
286760389,3,123.65606307453916,0.38424133311889747,0.2557643962044831,1.0101771112748,20.75325121708323
286863590,3,221.56816661195882,0.38473583958052676,0.2767162152301384,1.0882962216272807,20.210343510651136
286904793,2,155.92607448690165,0.3532151157100187,0.2514303190527454,0.9831148731688518,17.827246063258276
286907970,4,21.27120121204291,0.4392232090336815,0.22309690479466265,1.042686149631499,19.66503483912784
286918876,4,9.319019204436344,0.37170378208361005,0.30190173008688537,0.8947815134344023,13.984643511114138
287377564,0,272.79431420259954,0.40588625105942794,0.15830392864987303,1.3316995084192675,24.376611482122115
287416791,3,99.28210807628493,0.3478731255262302,0.24298630586803377,1.2478849089980648,18.489293063743343
287463310,4,121.29432431423635,0.30830108605316475,0.1641973478629501,1.0712913710946437,14.104522138259115
287576128,2,48.5589937966517,0.35756231561965324,0.22879880832504335,1.174854068881272,16.17757763264715
287781923,3,13.554551039174342,0.39643533688177335,0.3473646069177233,0.921071705629733,15.960453169786314
288191338,4,109.61176399953196,0.34713311965762605,0.22058774544848972,1.1231440275838174,16.705326969971882
288320875,4,242.35536305574965,0.4165679643155152,0.18409667359891263,1.052655217404762,18.586946891815224
288350972,3,96.11559692109705,0.35922230163080865,0.23072332013992122,1.1906566799365912,18.650027634426195
288433754,4,112.66725112053892,0.3395768064782487,0.19415630449301258,1.118116692503877,12.075328260271004
288686571,2,250.4080507541076,0.35650181972075556,0.1953668874008354,1.1184298726848265,17.56656773036471
288758624,4,34.73135129267986,0.3668156087620622,0.23059110092058896,1.0303324978392565,14.298212142542267
288986880,3,46.55059007501919,0.3518169227062354,0.22723405313597633,1.0783782469855476,12.87561101352413
289030100,4,192.5317919847347,0.37627789033251613,0.21790884888394946,1.022853102266474,15.785189156780561
289287510,1,160.20716013608623,0.33718150616053894,0.21537235277681935,1.0972900047494774,16.761327408298765
289478370,3,203.06918722726112,0.36057602367572333,0.22229831884298287,1.2543673612458015,17.576425444936774
289637508,0,77.37889143246795,0.3568138127854299,0.1959954166044502,1.0405921720494153,11.557974588992366
289857593,3,-4.346593474807392,0.37794868849334196,0.30971768314229525,0.9923479251883196,18.036008157077443
289881295,4,-29.359993358339096,0.43567776145418835,0.3447970891049557,0.8818055181662209,25.295280523470282
289972048,1,102.94967308027556,0.3409655041119425,0.1679567311392743,1.2055311135940276,15.139368919353306
290244345,4,132.7658023908374,0.3216229847314664,0.2062634830185407,1.241837119130645,17.33122076993135
290253227,0,121.44228431758887,0.38150399086515424,0.25375057477210805,1.0596330306403376,18.297121315449893
290300802,1,-41.401858199344474,0.28542289292805567,0.1153215768322279,1.5170955408487765,17.025531052440343
290418374,0,234.2853204192229,0.3525090926750642,0.2650322887214423,1.1108272118774316,23.421509465925322
291057839,1,36.43402878833661,0.3771339722870092,0.28569919566766505,0.9365497246384685,13.40471013623114
291499422,3,59.89214543870929,0.33790484073736543,0.20441342841584828,1.0772316606234829,11.447127856395564
291719291,3,70.29835376955236,0.3931686936988914,0.24009621542970017,0.9829676102753737,13.855006917959763
291812607,3,68.39636434748576,0.3617427374702353,0.2156357579521585,1.1323044138070517,14.317575749904185
292223018,3,32.89164310475918,0.3457679104228193,0.21045669822657206,1.1412185359858869,16.648258581383182
292271271,4,185.93859965111363,0.3607322743275394,0.24427085383501937,1.0805094768629304,20.68847822710738
292300264,2,205.8840563210099,0.3668215806730306,0.29526708213363534,1.0820031278214102,22.011130095671554
292368159,1,19.528681560222182,0.31421761270759263,0.19000594522372338,1.1743545607172112,14.595269829668878
292543407,1,93.9789725118946,0.3904162705814502,0.19081743125136913,0.9814499340126269,13.722832349486263
293023790,1,74.81064625229149,0.37988201775461156,0.27254541404374266,0.9666650443238984,15.654154182883035
293350949,3,333.78457203527375,0.43340693840463457,0.18829438175306185,1.3747865417082736,23.50309364566114
293363115,4,61.63392153921656,0.39624375764549274,0.25737853536223637,0.7969192542505776,14.900265421731511
293508970,0,213.9817429345282,0.3574118506630375,0.20809279444902118,1.051343445244494,15.536532309377886
293562405,3,61.24174210830771,0.3516263396432919,0.16953813018454716,0.9984659849338328,11.761507397024271
293886642,4,106.89071063064151,0.42869103066596737,0.2950612360575519,1.0606801231132348,22.27160960517043
294224638,0,74.88840832990185,0.3603384929731355,0.19523267422472723,0.9460607110564955,13.354281217123914
294498348,4,51.471610013576104,0.3611198473276634,0.24901738386082425,1.0552038733958782,21.029648532793853
294894075,2,352.76851322148315,0.4507066444454415,0.23200320376907516,0.9664664703906551,19.043398965166496
295260492,0,0.9231108207904839,0.36313080194398134,0.2750958083494526,0.962380478769213,14.756129973471609
295275980,3,59.67109680204549,0.3646570492764157,0.2597533519386141,0.9890216096254305,11.779241067828643
295305734,1,108.58350109387797,0.3511984491066386,0.15981540148426415,1.0151844098518406,11.861304449579439
295343824,0,214.86837696982218,0.39168637521623273,0.2321183673453825,0.9968543702897303,14.92602457160602
295492872,1,144.82228626727837,0.37611731731949316,0.14693456031218488,1.0841629650562963,15.034311780605332
295884244,3,162.94554568040496,0.3971857171581557,0.28943771472606683,0.9546075994063233,18.343607106394842
296205481,0,6.502448148640582,0.3651551078587778,0.31755210669622047,0.9333882390334117,20.695509201606864
296253043,4,93.88488071783429,0.34774337479179873,0.2798584029396419,1.0502765642265486,18.948522280975848
296446712,1,28.449211394851105,0.3626439357067402,0.2024856352296282,0.9408130864200498,14.51595191996519
296474292,3,74.46311346721757,0.34296508004116627,0.12388005347346087,1.5107633778965788,19.573157862886088
296559312,3,210.08877763996787,0.3627955154167019,0.27854914919516,1.2854838210411428,23.95337852511236
296620653,3,108.96718774065044,0.34994726271166704,0.2718060061239015,1.0585786793176306,17.72093033196857
296709911,2,154.45730533399245,0.35746754214511756,0.24206311522390453,1.0239118790030026,14.502926764138438
296780712,1,31.51394730103091,0.33159496645379727,0.23905235695634292,1.1083362097404528,17.419608129668415
296827731,2,54.92793053972842,0.36166999712812264,0.23489855766852014,1.1160415123877416,15.586575865230925
296831504,0,60.90455099051523,0.3727182561069732,0.24524963005743095,0.9612975519953957,16.03498226007114
297020286,3,65.93591208812421,0.38332952640967716,0.23008131865052125,0.9181220196063632,12.9532543668707
297297701,1,64.8187406438469,0.36509496026543636,0.18188787768500983,1.190169927063808,17.814197940814754
297474668,3,202.77751580950869,0.3652054993723968,0.2205937728970586,1.237357085568284,21.189686169570642
297502549,2,51.79771835203658,0.3510023802057165,0.286155317891631,0.9006247138424202,15.750654934504961
297731512,0,337.13543400225416,0.3547707579500018,0.2515154767195322,1.224251880648233,23.253772587245113
298003696,1,172.0915576111217,0.35372223377817613,0.26337384874259256,1.0944261065661127,23.895136607940568
298173145,2,70.6216334476795,0.34979464654442355,0.2793512907442963,1.075839970578978,16.30069434194996
298248052,0,254.17701154993648,0.3814121548106188,0.25020900287367576,1.1358778121976765,22.24470561086416
298750870,0,190.64708561732508,0.3889983308187143,0.22893802703657723,0.9798686513938324,15.57636229306448
299097300,0,58.3760658812914,0.3227025379977174,0.19062461188135155,1.1043126072179106,16.743384477386574
299152684,3,19.613344238699796,0.3591910620116837,0.35060031172136685,0.909627047219008,20.65638543770522
299349220,0,64.73412749100024,0.28553088813878535,0.22907775685966347,1.0479801669519166,16.248451721345823
299618473,0,370.6221102026474,0.3646531365062656,0.2896302645712924,1.0856300198018645,19.775591846351894
299922696,3,252.94403085467198,0.3832240659622788,0.285762819221476,1.0883992245751772,18.07761356761258
300005769,0,127.15260794994856,0.3678964274216451,0.19658535573532632,1.1038309073044812,17.11416423544932
300892142,4,47.887242447805534,0.3370034119862265,0.2039918678979715,1.1674119458891479,19.119966894835574
300941372,2,143.2387575910587,0.34118365139853307,0.2591704606821077,1.138628842169719,19.773024629318655
301268217,0,-50.064158908756596,0.39465633215264934,0.3784432428733982,0.872351270324172,22.416870423401583
301459957,3,197.6467473783926,0.3780916644771153,0.21142714380532776,1.0489728149174689,18.171863959026744
301935252,4,42.894229920777846,0.349026221787152,0.30964399461750597,1.050701224708199,22.18833229740501
302206099,2,177.15238219202723,0.3728157217538763,0.25272561240530844,0.9298184306817208,13.876622729586579
302309984,1,190.42502114611983,0.3689080979753683,0.26823020628627664,1.2275955781175565,26.276798560277687
302979803,3,56.99875949582743,0.34838258673623673,0.25160801426399554,1.0194356495606636,13.090901178444586
303176560,0,193.02888552883798,0.35319668611217325,0.17271915318072517,0.9900290508951091,12.657900446360292
303191070,2,132.07271966105387,0.40153888403683086,0.25832333195177415,0.9789997776530822,18.34035006921912
303219921,1,85.61330346549883,0.36265048169944153,0.2955030986835987,1.0047515999595822,19.363971740407443
303267980,3,30.269767345766468,0.3472742331474313,0.26050107841789727,0.98107980830606,18.809357821508282
303343344,4,67.2289423208341,0.43625586778042136,0.22201504972784727,0.9925216343662023,19.656931349543783
303682893,3,156.63323206407466,0.386639135153209,0.20742901735540586,1.0159872691973266,14.184961699216664
303795473,0,65.21975754644846,0.34109719008542805,0.25209463972299784,1.0329638680734787,15.961601970804624
304139587,0,179.28265847276117,0.36672220390996296,0.2028175166695178,0.9969807429197197,18.040142083321033
305079648,1,52.741226672792926,0.3589004667514342,0.22635299382430435,1.0947014971578013,19.888130934996823
305318799,1,97.91946437357998,0.4175350688129947,0.35170517752807123,0.8293859484785044,17.203700115904137
305819221,2,168.5495216813228,0.40739554754457785,0.1475220232632634,1.2040717388866533,18.79288414847317
307030577,0,184.16170351795887,0.3734759062440411,0.21984991188990277,1.003170914640359,14.215622424895102
307396008,0,38.83198605490754,0.3538995094224415,0.21105574341920985,0.9896185999670835,13.547626866079078
307817942,0,194.38853132594534,0.3543451446653056,0.1960978408942535,1.2025128980740751,17.431576196317824
308504449,1,-29.660248611976783,0.43074492771313755,0.3224758551544745,0.8978307674660999,22.304117320545096
308535213,3,64.59325743078227,0.37009138832234023,0.18982916552096307,1.1022449521679105,12.392822263055832
308745808,3,52.568997333173755,0.36262048261443874,0.24413896591199888,1.1299995053585374,16.354733882256586
308992648,0,10.426592809134476,0.3231425642618293,0.1461260262404023,1.2733955279559366,14.189617296495848
309072874,1,114.99899963408214,0.386379783337306,0.21024878647804762,0.976284567545402,13.987948074293799
309419979,4,271.96941963506765,0.40075724756199815,0.30839336419085017,1.079896687655622,23.426793298505665
309733373,3,61.93087880528442,0.35680806519565283,0.26535012116876366,1.0651232117204508,18.000525186187843
310196546,3,32.93368270160022,0.3459417617634475,0.3179914899160161,1.0690898691632578,20.12566777562968
310395295,2,255.477965597462,0.40152992022609435,0.30049974842082483,0.996551806459449,19.11945882097508
310494439,0,47.310516073743464,0.39660440517605594,0.21484432555267802,1.0864997848882096,16.304989277932986
310611274,3,49.2337780336959,0.34128840602341864,0.21228003872532408,1.1399503991856457,14.851268538306268
310843241,1,40.39113293253038,0.3499642715036413,0.1501579832759976,0.9492168367427515,10.467541430105992
310898724,0,221.8596349433452,0.37962966579073837,0.2595127637935544,0.9630721146826188,18.983216399407738
311037297,3,5.730729508768732,0.3323328972721098,0.10512002751393196,1.4741172953189823,12.195641666389431
311737289,0,120.60900679282138,0.3816154108723306,0.21631196630377397,1.0307152635129957,15.240959294197664
311750318,3,150.72162756426465,0.3510138887099242,0.24277156330600702,1.2318701950900885,16.95306760472958
312401249,3,156.64694905268158,0.383255870666071,0.21661082675951157,1.0888031457635918,16.31889353850588
312938401,4,172.58833621721655,0.3551465772671158,0.21727574770717012,1.1532664519906335,20.42272925321319
313210022,1,-8.06117002610668,0.39912913779326425,0.34044943937473865,0.815283788598427,20.60656242399799
313256095,1,211.10880628854716,0.3682613475347569,0.2630667614943676,1.002394273817385,19.98619875475185
313737003,2,114.1304556843767,0.37330741769791914,0.293958978439604,1.171977862584223,24.96222163540046
313765532,1,40.80164975839614,0.3414177093605548,0.14760164922732522,1.3278593693484055,17.719999074268607
313831314,2,10.799111021676822,0.39641913361696757,0.20315609408956103,0.864627702476247,12.151950539875187
313842947,1,325.9182086947753,0.44166316619038964,0.2658752334106455,0.9482890916011425,20.864654014967908
313907766,4,98.95180947778995,0.37038916703120345,0.3341769117106989,0.9922717428649788,20.763407043089884
313933456,2,217.67231094938958,0.36676882730227484,0.18787266038011857,1.255426001952091,17.437170759992107
314234289,4,142.2614723577447,0.33835203249780194,0.2456751887184137,1.1389900584704797,15.919985850614701
314354319,2,63.192764852034585,0.36069439344699533,0.24756442877336743,1.0998651975955127,15.642052960648465
314797178,1,234.1019695184665,0.34069975611280545,0.24880228277612693,1.246695179367717,23.90327645515326
314863833,0,65.9072408473391,0.3759167359331326,0.23778186681105665,0.8345505481992281,16.73014144486886
314916411,0,124.24057339993776,0.2902090308016608,0.22654656093992084,1.151010091315158,16.745876088482447
315380987,0,300.3200927087822,0.40492777673182556,0.24638353165046925,1.1865384760774111,25.421157209433908
315519001,4,98.120370302806,0.34667332959764385,0.18900408116151463,1.267067073670915,17.586177787629996
315538569,0,287.6458156700276,0.4055231955334397,0.26732848164478845,1.0742160778832008,21.523403477534877
315696598,4,6.230222167886154,0.3460763942023804,0.1793163706839831,1.0916574922539597,14.506914251943982
316809152,2,321.9416958611292,0.44554147439657643,0.26640637145819024,0.9191084513133627,23.008165059571375
317007708,2,43.87556948791654,0.3520420083532197,0.29163315930480227,1.08613993942706,22.29389282483105
317020980,4,3.381335466663245,0.5094831273418309,0.22956558825756584,0.9204625408766275,10.558210743464858
317112247,2,56.39342058452639,0.3839297395882928,0.24569520790839747,0.9181797076980082,14.126522044106531
317286954,1,0.8484512096214303,0.43134399309773475,0.22138093686378318,0.9428167405265181,16.895773054456473
317794773,1,63.889992822074255,0.3422209026650053,0.2384273126532836,1.0835556934951367,17.64368739226999
317893081,1,228.5597945107739,0.33543886462581235,0.25286185570898484,1.0806039478375835,20.70459611155236
318193611,2,217.8130786183794,0.3846050820529898,0.2113305943235697,1.1766337027267306,19.150617800200372
318514421,1,-45.93170995281517,0.3698766021649364,0.26722913752636274,0.9689271255998569,17.742806483805253
318909763,3,208.75410061750011,0.3705046512573244,0.2977532613528923,1.1540480403224869,21.735192045267333
318923469,4,65.73773678215653,0.32513552636265486,0.25535914218725636,1.2870018402191363,16.963544253975332
318933021,1,43.68367322827089,0.37169115923904916,0.28862520049471735,1.0137019605839526,19.29215267518811
319236312,0,194.47650430694648,0.3681218591926281,0.19023267083377277,1.1544880286051804,19.254656484065226
319319228,0,64.79421397731377,0.34030883925421607,0.2657904254958388,1.0463746024195253,17.81945739780214
320070845,0,245.3474148264034,0.3596260680263719,0.2124552540064033,0.9160233754098258,13.55244728845547
321187243,3,30.79772775625301,0.35629589853413196,0.2512451715654439,1.0554888083700715,20.472980595144342
321215899,2,52.58673890562462,0.3510419679794531,0.22580256771885066,1.1304497424222504,17.62367516136481
321268777,4,72.0140457144808,0.3486568471965148,0.2549103213154288,0.9881587508542959,16.24406659019717
321308254,0,156.39521741662634,0.4026628349247456,0.32216151207002763,0.8771507630072896,22.632995055688497
321519190,1,4.219129126569527,0.3656255436856394,0.3101946800791787,0.937975300049886,20.409154062989835
321552204,3,-36.88165349850189,0.3967615593907879,0.3454809135329513,0.8581148988943725,15.940339642956044
321955140,4,20.870608671330828,0.35221139267232904,0.261618031645892,0.9811261741651012,13.494087997975946
322065979,0,198.67250448179217,0.3791552699763711,0.22102831698261585,1.022130347588911,17.156825664481318
322351570,3,64.77153819405456,0.347081062866073,0.22379967229047215,1.085183462102364,15.251447002953363
322605911,3,11.678029581707051,0.3474870127361025,0.2568869885794367,1.0449295403325904,13.238607948826832
323040540,3,25.88890995569352,0.37603592036291533,0.3179252485529258,0.8536584467750862,16.258533009572517
323411656,1,100.04607478926764,0.3480421750011761,0.22853544654878488,0.9907878453067996,15.661150464844916
323702728,2,150.7208548940685,0.36539178680848194,0.2542174141618271,0.9606509093544151,12.899633998725044
324341393,3,174.26742647440312,0.36951438775822926,0.32493898529680987,1.1704144779790653,23.584760081860633
324348126,2,116.66005361239328,0.4322516999144794,0.2054857929163118,0.8819440644255376,12.566266934508558
324392817,0,-14.440243607253095,0.3788678281775181,0.3012326107688098,0.8882549811220515,12.109993107195436
324827592,2,25.706607915576896,0.3864873747419214,0.2818962081238831,1.0656571399200196,20.436026744799975
324904007,2,68.45630645149123,0.37164127565194377,0.21362374912781024,1.0294800567893296,14.175156605066249
324919224,2,29.93510429579345,0.345182443223319,0.24953902876079712,1.1313945115159398,16.65001890329102
325038822,2,200.60861905324487,0.3826796913620373,0.23421754865158279,1.0285674460856842,13.966415568487692
325850735,1,117.994405920162,0.35295134047256416,0.22931435966422506,1.0523948720601355,15.459834239919132
325853121,0,184.09314784863244,0.45374321862181977,0.17245386823170322,1.276245710331607,21.531157060591216
326740697,2,40.16308671720681,0.3538788079099015,0.17124199427660164,1.0468064592827278,13.535502204409926
327326654,0,264.4513667296754,0.3850602311872966,0.21957438242968275,1.1246017088087468,22.090137551203497
327432808,3,256.49385120483913,0.38740656533804235,0.23301746119703975,1.2001204585557972,18.864586931789447
327552819,3,105.05501806979322,0.3648963574168094,0.22102541481597734,1.0024198235553794,11.591387178285814
327962548,3,-29.635983327640318,0.35375227422804645,0.14117986524597556,1.4048896404070979,20.54767981582301
328019914,2,55.285929795805224,0.35710574929807715,0.2134900255111008,1.1977943172978605,16.265865636461893
328180933,4,194.43918785955282,0.36978923752960036,0.21835477078383814,1.0765459380915054,17.53036577049571
328387168,1,176.8512813755288,0.35908120283838785,0.20892724028520257,1.0195371640418656,15.926411865884855
328610666,0,120.48421127698153,0.3166046519229287,0.20510853918598007,1.2541754099111764,17.550685267673785
328753275,0,64.74036759556486,0.32082812514305276,0.2594187406015711,1.0285085835999763,17.872846616024717
328792977,0,230.44599252245825,0.39977974460592464,0.18238444346363264,1.0780159439463886,18.99303579879671
329116469,2,122.59234676090767,0.3861211134352289,0.21900876690436372,1.1084197143167291,20.033510051936112
329479579,3,146.69384399101742,0.35839752230714256,0.2657744011566942,1.0951032027574774,16.99334929464734
329844440,1,107.10912134650783,0.38809266429717226,0.261454498341719,1.1145203369304533,23.608401001121642
330131370,4,31.76148704184861,0.405479162171002,0.2715404647410576,1.0113269957766136,16.030274441519747
330131913,0,-34.33084978827944,0.3411489141491492,0.22739925512528525,1.1772361424810154,20.235797902306608
330440675,0,289.6685564141476,0.3420102300728477,0.1813495812552114,1.0601945748350992,13.526678482368823
330874137,1,157.0702322567696,0.35433454207454923,0.25737747222998464,1.1130643256530413,22.354642807591322
330921769,2,-32.05931351565444,0.3948402462010821,0.3795088294575499,0.862885151050488,16.912312180730673
331019668,2,-1.899847216612713,0.3358050870785133,0.2627058818113731,1.0193523752625175,19.612124087646322
331170381,1,-58.61520516667764,0.3233073079743156,0.10504289083164464,1.6282465300568592,13.863613205143526
331790904,4,129.66449411700822,0.37064552577428544,0.2155208247681848,1.1008953206998233,17.664273773267425
333349586,0,40.12568992511672,0.34903701569714257,0.3291985698817479,0.957890084364678,20.426414650452017
333365529,3,173.16674003060186,0.36420266773828236,0.26978366259396824,0.9887603793820395,17.765060268716148
333446735,3,152.02977260341143,0.3602314141809991,0.2399853727232879,1.1797068402059274,20.54568853948105
333695147,2,164.44786269489344,0.3562073603308244,0.23934704991637312,0.9582277361676629,16.274150636616504
334420972,2,164.4679646110086,0.37048043235689915,0.20133167563965354,1.1645065518122764,18.21540201374122
334571792,0,229.6029142855163,0.3642906396836463,0.1684581548874494,1.1328899564474721,18.93742819123968
334621145,0,45.003521799300565,0.36129383677043786,0.23371452777989754,1.0090595976082453,19.664496312596135
334995050,4,164.80102118450088,0.3556725080738428,0.22947291225075744,1.0471770857860085,14.89602267009994
335146594,3,159.7704470004909,0.35979605556616634,0.17298648214926537,1.1701398846473592,15.255349819814633
335695120,3,153.3738804731362,0.33752061793810934,0.2725869994289364,1.2972453309608887,20.21203809555995
335867964,2,52.166890990974274,0.4653147229870281,0.31887249788414196,0.9328769379858036,18.31856847940825
336148935,4,123.3112881502831,0.3807598472718395,0.28701917174497604,1.049174335894401,24.662447657105062
336321161,3,161.61629398416653,0.3804859542928799,0.308612544656482,1.0477963368215382,17.82009441034124
336593955,0,27.370350706095856,0.31410704587937,0.1623333010436221,1.3495028756137812,16.23054346525701
336780982,0,108.44528241892077,0.39539443864433343,0.3230619567133289,0.9834843193465989,18.858128649943254
337489231,1,239.05062177387276,0.38974369352332144,0.20177945881984122,1.1158925294638027,22.86557509178208
337825369,3,54.26762555067087,0.3335665136137744,0.22036882559893037,1.007418311288824,15.221176529679944
338101273,1,115.46618313573734,0.37993146369143715,0.2302623571578846,1.2026874472173126,18.42464729800044
338143659,0,279.4212000429886,0.36214973360735087,0.25329834603847323,1.1830134365244123,22.779511019897946
338510207,4,128.71391185622178,0.3893652543153874,0.12787078597272664,0.9066035390488125,7.505459905862882
339460948,1,161.2807535739771,0.359761113865283,0.17159862881227422,1.226683656981584,16.91440650543917
339625856,4,110.20648940045878,0.39306593311533167,0.20268721263751155,0.9315154259327079,10.206466276817705
340997850,2,216.05961370478155,0.3688243759425739,0.20696811885970115,1.1512130146584918,17.20903276925763
341123684,1,6.925424565360473,0.3334955366435347,0.21881785566559214,0.9680355640967634,18.402941948958606
341439882,4,40.0847049244259,0.34105865578105155,0.29537340067823,1.0696378070672368,20.52322284874953
341816925,1,104.04074319501788,0.33366248227186984,0.2516015405740892,1.2145745813011457,21.599313044391856
341876947,1,294.2452434777963,0.37768473070241176,0.2798123820799709,1.4439542186974577,34.93029115752813
342399286,2,65.10425768310841,0.34823837840855054,0.271184048209882,1.1185879250840003,19.88383591333548
342537511,2,81.18989878563804,0.35324440406521906,0.1969311417355898,1.0522472479454659,14.188566863891815
343006911,0,3.228674934282054,0.3961739845791651,0.28495205231282267,0.8899503653098416,13.344877800285193
343110199,1,60.19668352947367,0.3326766206718963,0.25851770280790637,1.1359756433539887,20.680681726484
343123949,1,12.977414987220271,0.34628831051113457,0.23480038851410537,0.9792652856790136,16.58179469515432
343155685,0,47.20460197018741,0.40686248207735015,0.24320579541520404,0.9585222386006642,13.550844719135613
343326237,3,199.15302372788963,0.38942760716814895,0.24270888679383573,1.0128993295550406,16.652597826044556
343355330,4,179.1188591259362,0.39530257809036984,0.2985332238269304,0.9378035735345378,21.039284541826795
343928203,2,242.755121074234,0.46090044060698493,0.22434813274710041,1.0258070395369703,21.26003525885604
344065840,2,272.01599645640965,0.37453384807564627,0.1719651795584994,1.2327901301904876,19.123972503579814
344567495,0,26.814264675505427,0.414412518598746,0.4010257477905693,0.8931083391735762,15.80301073107215
344756877,2,34.83112806991971,0.4041008415399966,0.30639090278209996,0.8794586917914501,12.25043060904407
344924762,3,246.9880382331815,0.32752018765593005,0.2539037528975087,1.185039295858865,17.1063143591425
345530183,0,93.11835435469372,0.33840723960250807,0.14237211042925296,0.9950995075211806,12.612457738649256
346660576,2,113.55842426055409,0.39697559264539095,0.26140473748200344,0.923224546183333,19.842112693820155
346744541,0,219.4338058008895,0.3397507933413683,0.21887023105391795,1.1967635648060004,21.716062271581478
346973737,3,-19.38657995362543,0.3252927769053614,0.11517951095527962,1.5436328017122851,14.797722357199044
347210288,4,61.55511077405531,0.36534409359657394,0.17271736744741237,0.9329217502290413,13.953915547408311
347336274,2,99.95914229852687,0.39464100937260455,0.15432895081478618,1.264950668901678,19.612460601167676
347361170,4,258.68262153100363,0.39192290761498283,0.2992781042174723,1.077474483155571,20.98941040970393
347389709,3,18.523461677303487,0.3150468703663056,0.2320968754837404,1.0243405733832445,15.498295070044662
348198056,2,210.04904583803406,0.3670066340637798,0.24310514964407134,1.113330001453511,20.398051138200866
348809308,2,16.74343208794768,0.3716506719665483,0.37319681146494316,0.93703631955284,18.8884392242859
348992789,3,80.99069126678428,0.35172774191341866,0.2572438493753978,1.1491102669111173,20.260854962242124
349443030,0,139.3800698302465,0.39235233350917387,0.2727214763018858,1.0712737719370948,22.562815897256396
349759369,3,172.7870340089115,0.3753326177248381,0.2587997352990014,1.0744429950023608,20.861822533111326
350457801,4,269.25135899813563,0.34637208891703947,0.22852767860456,1.038656634643269,16.72342301934012
350689430,4,101.52756975433347,0.3308560009501561,0.24296070874692283,1.1635250167354276,15.602377961693405
350799877,4,164.81617573206094,0.3916921036676412,0.14276426770520428,1.0220884405457344,13.063662665726895
351260510,3,64.13274611916893,0.3366455399935351,0.2525052215755264,1.2266616561592658,18.808442846320688
351343100,2,115.38843278101916,0.37274884948482945,0.21753761982508682,1.1423492778276652,17.623998442773367
351687879,4,-43.39527857827261,0.3675026229260015,0.20533115542394187,0.956869559644874,11.225610127348517
351780192,3,-27.6071652124498,0.3364085904296061,0.24932915261703573,1.0484400312995175,20.207408384687458
351892249,1,118.6553967737818,0.3438689379330986,0.21021611891645003,1.2268227319191454,21.500521348925297
351941026,2,157.3715270448028,0.35081385513106905,0.17873049005583236,1.343817097155313,19.481120320923402
351987442,1,256.0203257783319,0.3530525348508866,0.23360947065149137,1.2873321074026627,21.707151138320565
352084468,0,420.9819765421647,0.4411250909096351,0.276337371009868,1.1059138446840677,24.722762032805655
352515684,4,234.59654530204955,0.3812679050300891,0.19567987768247802,0.9933298287652346,11.915498090056857
353134698,4,224.17000951603617,0.3826021520866713,0.20001051843427792,1.072363519711457,19.03644402677973
353348926,4,-26.30344664844958,0.32583828520814695,0.11932755317857982,1.5879042396679803,12.330373316914685
354177724,4,3.120945138582954,0.341803142830207,0.2675422197902598,1.0969495919975625,22.117888863363767
354467864,4,190.18418303346144,0.48761371756173794,0.11809792824175855,1.1285894167502946,14.048104382487963
354485735,2,42.526197849584605,0.3508277866857157,0.26805478768283,1.0705673822928954,20.29369517523567
354498686,1,138.56713143499536,0.3594795115771209,0.17339167230373068,1.229007520200441,17.851916070472836
354785060,0,110.51989526513157,0.36173933810363673,0.22831820808137346,1.061083894297098,19.037053109822253
354906741,0,211.8595155918173,0.3657529990627555,0.2310125041153729,1.1538194803564834,20.991887785652683
355069751,2,89.00239081568702,0.36056480497974963,0.23245048676475483,1.0412464911967543,15.435616888477254
355158617,4,58.943688456418556,0.3684912575401147,0.24257392373117045,1.0011367113714886,10.049685518937395
355564083,2,130.77541361314564,0.38304279561458837,0.24707583374755465,1.0030212422633207,18.51992279347934
355968898,2,63.60313149855775,0.39574219021567303,0.2058405465968319,0.8941406531109216,13.266467165497838
356782883,4,224.5132580770398,0.3589266807891715,0.2841717865026632,1.1466070653412124,23.740715899511528
356916100,4,139.1688510950596,0.38345403443736614,0.18343496851786364,0.8914646644157292,13.27045624148501
356993441,1,105.64640618240912,0.3511060856761105,0.2373069856593917,1.3022087884455362,28.051643504223044
357011061,1,173.92838363619347,0.34372211465122815,0.26869493885762513,1.158549896511474,22.679107875958948
357282616,4,284.5412751042833,0.3691177693850963,0.28214380023364344,1.1329202816181545,24.93323424454819
357513605,1,46.05195709029889,0.3482226180101723,0.33245634689328263,0.9453044020388183,22.039054841970582
357543937,1,134.53400016031244,0.3755233614946144,0.26485666871061186,1.1541523744904607,22.890977094683876
358009894,1,203.25799186511404,0.3445652788751867,0.19132287523050495,1.161468248668553,14.435754082128565
358172536,1,37.66786123402318,0.3608849291902604,0.2645477466163154,0.9676901445664811,15.986476483841912
358272082,1,102.51087155673085,0.2709001114671386,0.183319160382993,1.2510193026862624,18.723009424593577
359188290,3,280.3422222959605,0.39920750663874505,0.29588291447099957,1.0529657711703682,18.34876000082133
359434805,0,267.3649497987852,0.36437101190640925,0.1623945182446836,1.0381271398573848,12.858870875801419
359677253,0,188.11919229883972,0.3465554680648053,0.26360621131352674,1.1301879513170416,20.351724085252286
359720037,4,159.7705267118107,0.33639081564843676,0.2522819946638838,1.0614182671324728,17.77193145075405
359727146,0,202.8594305319812,0.36209555527953186,0.21739134892988898,1.0990939010911993,20.61850240134325
359769379,2,24.5829759121614,0.3611214984118238,0.2553469978442982,1.017641606209992,15.993786162612274
360768817,2,68.17659547769347,0.3660940000886237,0.19695177099416017,1.0010188274106662,12.723145471030788
360823125,1,106.66055797898002,0.349842494979903,0.12176509110125328,1.1861423958598238,14.093121672110414
360959263,2,128.089139085732,0.336458505854911,0.2800247223215098,1.1008337542288307,20.497686719030828
361088502,1,79.98135675651338,0.3499283527817599,0.17423593947224447,1.040021460552949,12.163374971509564
361254383,2,261.1276891494922,0.3602332268977493,0.2247666311041679,0.9804800495201215,15.665265011495894
361271652,3,204.2668413552572,0.34511289209615187,0.22047974571505932,1.253946075709076,17.32130028289244
361586466,4,-15.549256861475143,0.45218795727465794,0.18614664329192382,1.3004605322288305,19.582932593161267
362892396,2,102.48494992345006,0.3479608659991978,0.2673392427184222,1.032880788630889,18.94253405141456
363282083,3,166.05053604982112,0.3714646627314206,0.29058432880422763,1.2055205446915847,23.905373321422303
363316865,2,137.7311988047523,0.4047522775214594,0.2022440186470883,0.9703046966716541,14.749546882535348
363884489,3,101.35355751301373,0.3640514728153648,0.19022386431991203,0.9897497117133731,12.872701848060853
363982437,1,47.98787395224203,0.42347620125895474,0.37961703444975425,0.8846819532359149,15.551282733736336
364021169,2,142.0766545622845,0.36930090310199326,0.18393664065528748,1.1168812474524799,15.092057475983163
364113470,2,275.7303883665885,0.4068123154062468,0.2102248125512059,1.0475885518657575,17.215706071956987
364555377,1,47.66564818652448,0.3314012436789108,0.20734414537091425,1.0400636740632503,14.546596492359106
364982310,3,113.62904462443667,0.3661445668526642,0.20872746125032113,1.0286875065742314,14.116907704382927
365169812,1,197.87376070656086,0.3673209795968937,0.298276490830916,1.1597344842181092,21.837878559067498
366601299,0,55.90781520606572,0.34650830319971854,0.21613403299101164,1.159013644420508,20.208371246826978
366883952,4,-29.932540188914885,0.35740093217398594,0.25427777340824775,1.0286803814283088,18.210016589789685
366967975,4,145.13336265272338,0.34916431267560794,0.23619152889143208,1.070492286809192,16.116467568449632
367099874,0,47.77186627028244,0.35603144892546984,0.17599466905888494,1.1910864869378284,13.413212815477882
367205774,0,319.5174028887755,0.35819419840009475,0.20967509251904412,1.2233677883483072,22.6678148681477
367282123,1,98.17675359631312,0.35979883931624906,0.22438299112521032,1.0907957094177956,19.959018054609416
367646881,3,243.2184654449817,0.3958674928626736,0.28480822128023914,1.1046432505358226,22.51824550633522
367702294,4,150.3528133681868,0.3873069978907651,0.29799582623393817,1.057565019188369,20.357725258650667
367735151,1,51.71006069362569,0.3491135521862299,0.2689170525859395,1.1787388064415736,25.25235796644818
367931242,4,20.22231498604198,0.32589435546466866,0.2481898827700236,1.1629933291435641,22.88531723155245
367944221,0,208.47269719550405,0.3216175705402237,0.2064279468573627,1.2189457248432398,17.940926790080304
368322688,2,136.2148571516442,0.35288426683402174,0.20315817574496542,1.2837561827578532,20.711933846674242
368356823,4,139.27529852658677,0.3683871979521678,0.16490574729053437,1.1180802652097048,12.268520586397365
368542881,2,31.635710122278823,0.36876370259684194,0.2545798753855339,1.0159016242324352,15.577501282271562
368592179,4,215.93483942536733,0.33223589449901864,0.25831563139057667,1.1248827465527549,21.31592690505923
368595823,2,96.90211576857388,0.3545081660255204,0.28264701681245796,1.0519353599070604,17.588102227879688
368968267,4,230.29975870243328,0.3617429184581638,0.24339603948592933,1.0997025373780809,12.648818691996938
369213312,1,104.48223724304944,0.3375070438179442,0.2747413597151264,1.0995089182262152,22.163642289405722
369610662,1,52.330729632777654,0.3587283229380103,0.24159053725162086,1.224074802980432,18.75188403759022
369639389,3,-35.96022998910061,0.32969983223426064,0.16038737275404036,1.4453530261530518,16.444693605608975
369676731,2,90.29103622024874,0.3700383544667117,0.2805518547287998,1.0541855161208755,21.49479689704552
369827633,1,123.30838247010507,0.34077728839472265,0.21351220557067063,1.2136990509703363,20.806552817721446
370323439,2,207.46063251122212,0.3642166520617896,0.2559216430997157,1.0748977888390534,20.738255165459258
370727281,1,136.32931547106642,0.37368745448103574,0.2707135994570358,0.8878037871189569,11.564640468233392
370833911,1,-0.18832735580009796,0.4771392245289048,0.15601123148500384,1.3651283847853568,20.18206133665665
370860168,1,22.144199516987285,0.34217770613300796,0.2724538380526698,1.0471240985414365,19.99379767484853
370933065,2,321.260550165074,0.4560285449322717,0.14225363705364663,0.9993777524024319,17.684874240213976
371139580,3,213.42643566367445,0.36517161059288394,0.25750887855731047,0.9719174383658172,15.878556797726132
371520322,4,86.26304839433396,0.3813261542458639,0.26324264519338747,0.95281331419939,16.279169224429225
371572748,0,107.99167481787688,0.33759095494642155,0.2213811409674925,1.0479579700930666,15.610719687712006
371620331,4,102.41013773271014,0.36715961751494475,0.28962980046755393,1.1651370999712052,22.550364065946308
371754917,3,131.69901733976587,0.33700266307087423,0.2659284958749873,1.1810270700511014,20.127326598624677
371907376,3,-8.7244776257522,0.34116762917345606,0.12874512070300922,1.6044070812465578,19.61673865557927
372375740,0,245.83202568669088,0.36840184426088557,0.28780106232919883,1.1745773089198066,21.694105579337446
372416932,4,176.58647728585967,0.37418988125730746,0.19026424979528922,0.9834277565720331,13.852746382027515
372715194,4,59.80275459161072,0.34903234694803087,0.19790603092147668,1.0574911995223852,13.860706721124085
372897734,0,62.30894931835683,0.3509007731044684,0.22477455982145528,0.9812388289938517,14.39200372501004
373230047,4,119.36753877171381,0.36151328467648985,0.24848093071109306,1.0332554460326777,17.692019156104823
373313460,2,10.588746232857886,0.34166095101434263,0.20166848106252253,1.01919084023146,13.744169559012988
373751734,4,79.88511356432141,0.3489071448914101,0.24963465188171363,1.1760190697773418,22.346236493614022
373797398,1,-24.113219475631823,0.3474610698549985,0.09835002138713989,1.2118434020062816,15.148185403311825
373831673,4,67.31188143840495,0.30825959336551345,0.26025857556757265,1.0323624377593263,20.105313836121802
373885914,2,21.26264666525985,0.35651148987977804,0.23553926605088074,1.1015011661611742,18.176827201360297
374709833,4,-19.011184483210144,0.36961620762267194,0.33308700007399417,0.9157705395693747,20.229800625353253
374925730,0,72.17051401937528,0.40480415347863846,0.19224368191636587,1.2212753049981733,22.178151166826787
375189153,4,91.8180062011865,0.3541097415752367,0.2529388408857727,1.105331098280523,18.689445431313736
375346790,0,136.45966472901253,0.3762570895162155,0.24820997885823778,1.0103454691559886,17.79164378181064
375374780,4,52.29354686016896,0.34957849113457085,0.35103905795831525,0.9598155951274605,17.759934853906497
375389813,0,167.71211718943778,0.3729599527519056,0.30428583949393134,1.0459696253541522,25.300623432393362
375630257,4,48.973037956164504,0.3720947177290186,0.18826973566714997,1.1372198604236305,19.387645191284317
376977834,2,48.34585855144511,0.3641493401178262,0.3531207381022214,0.9278710843861818,20.05102463358195
377086807,0,178.52547537378302,0.3637783863977109,0.27373692573419667,1.0811492188499965,21.657259752198254
377154393,1,78.48573112777439,0.36284673249108035,0.20157920774895527,1.023969183717507,13.199521544876415
377318088,0,168.96030248867896,0.37813200218086795,0.167144296326299,1.1850383383667973,14.815683610848401
377845835,0,419.4751195111345,0.3749634621374106,0.2725570084308621,1.135119419520301,25.405629036893437
377905218,0,89.87021698087055,0.3321276788671661,0.26537063738898464,1.0817897650345714,19.150333864868593
378178373,2,304.8603435771425,0.40758695000247175,0.15807840284291247,1.264861678256624,18.904864036978474
378689716,0,126.56446329996422,0.36266493111448694,0.13929827815976054,1.0653199269851366,12.677765340637322
378754763,2,188.19852073775422,0.3414326158634523,0.18731635001372232,1.0350056238135708,14.33268407225735
378853299,4,56.018336644812585,0.34182591461173717,0.26424014942026797,0.9449498857202191,16.329908520566807
378871007,3,176.41345702560477,0.34498715119472817,0.2611362424938722,1.1325126641927563,19.40515210041497
378915192,1,100.75931512755609,0.3830894041293581,0.1820930721584289,1.052810774532516,14.437936631567378
379560437,4,146.10267132710453,0.35180750887994156,0.30067646968360245,0.9774738246785118,18.36791004273599
379965710,0,60.60932302971986,0.39158037787870914,0.2213256342485368,1.1262565143639518,18.990143545370877
380076712,1,180.58692909052587,0.37682249798416473,0.22554236504972372,0.9429113671986646,15.217959813182997
380209354,3,30.000371836448238,0.3306410998499458,0.11450561933189995,1.523931191239749,20.168896512149058
380408256,2,186.0300367098684,0.36471749647107016,0.2444704319704825,1.09443691149171,21.09726857142248
380596855,0,35.72727430362706,0.3749653059704929,0.269272442713923,0.967177411546734,20.184605790590332
380971589,4,93.24733013142955,0.3695827410154161,0.2078878772006688,1.0448334605393903,10.783607185497448
381746717,4,28.73799303432321,0.34478488894059534,0.2139751315118731,1.1309713511924822,19.492362981907554
381822281,3,76.35402673835232,0.36033384403585916,0.19675416937510468,1.073775224455268,13.631906880867724
382336764,1,234.2941428889452,0.39014899752396,0.26244201871722866,1.18592972827655,25.856976861117626
382786072,1,42.940332016111036,0.37683265041520414,0.38176917773463326,0.8990129749601881,22.76573103230486
382859238,0,-11.427016128688763,0.4043895118293199,0.33645224080321073,0.8472078197506124,18.384774504996415
382866074,4,-30.922231794472026,0.34483197120826825,0.3029583705280843,1.0717649961063458,23.42045449446326
382983445,1,24.76732843090568,0.352954795984529,0.2919256085697519,1.072455739778609,22.523536582055364
383068073,0,31.561392989643615,0.36210973805972374,0.35345875405729654,0.9294387258437062,20.763216787969597
383183030,3,88.12563333550854,0.35869079429453204,0.20322423899350264,1.402883866786575,23.526154517108978
383211120,0,33.24294007122007,0.4115048928046809,0.3451392947886789,0.9371957104935491,14.790511691351307
383339614,4,179.3333328573102,0.31690214128417704,0.22689450980773695,1.1771346819816617,15.821734108911638
383541557,4,148.51649245084073,0.35637797709803765,0.24997126083740517,1.0664565602303373,20.47314864079912
384321860,3,3.2046922712457757,0.3730727224301546,0.33924891349431247,0.9427917432521595,19.008758570765078
384392762,1,94.49889932007014,0.3934575563400561,0.15234749954939308,1.055969025667527,13.278005946240057
384493304,0,12.835799207291615,0.36416406190851514,0.2958551559628578,0.9722695675016162,20.631434621649824
384566125,4,58.40574731343933,0.35359784839511527,0.14924051743128258,1.3086767821261873,14.559926114391505
384803806,3,9.633376462620603,0.37322330097610434,0.17606414834301498,1.1960945570188029,15.529521048674669
384892683,2,335.2175601022588,0.43342379346428417,0.2135823728820862,0.9794315165733126,19.175758814523483
386257654,3,91.90290606138865,0.3564454755761792,0.21436692727783171,1.0325291337495413,14.18560898985676
386866912,4,70.93324240656699,0.344418638862386,0.26821067127735515,1.050518000331636,15.198983376027453
387403474,0,234.16324056532738,0.37186791405794445,0.16945658869680358,1.150605774870584,18.604151263985198
387542061,2,59.37896544001446,0.3831606338705301,0.34649509116375427,0.8936908295726822,14.049449583455127
387982325,2,62.70285863999242,0.36403256093612296,0.22029060107042564,1.0378817495355892,16.666998176331333
388271536,2,23.55044004142421,0.3499178379881371,0.16985243845683767,1.0242102349126356,10.168271581330572
388880540,2,58.63354990318157,0.37707239479431154,0.2699851243985956,0.9709153703531898,12.819182474320295
389198623,3,216.00977289841745,0.3872642961447835,0.2150626457720201,1.1381885442013657,17.310660385048344
389422500,3,127.34615516755116,0.353817171159311,0.2704062555988812,0.9426519063109022,15.627648031546634
389523248,1,60.440435314525395,0.32559966196957874,0.22679589078090778,1.0617157050537958,16.2466961151262
390128853,0,143.36268341570207,0.34646487884808896,0.26251737086409715,0.9953215029474007,17.01604376405681
390205045,3,156.49822696334837,0.3547067048390333,0.2046076253713427,1.0568845896595873,13.963459027608469
390452260,2,152.26176103441315,0.3609611990326139,0.2410927614570581,1.066489864957084,19.304567164804514
390786079,3,21.45937162115399,0.3688195121625919,0.2061700791090132,0.9269303810725652,13.914513947842682
390859311,0,203.58958194511615,0.3606725837041847,0.21460613025623465,1.1703476512224795,20.22933621455917
391030269,0,94.15828499985506,0.3469854658833552,0.25701693661926567,1.1150370922395854,23.12419167343713
391108347,0,-1.2520554912036488,0.33756324505075297,0.2698712195576479,1.1010425342623273,24.597844545966396
391439612,0,30.346091529103887,0.39195687990565997,0.26845595569199254,1.0985211924049327,21.88080407589984
391755316,4,53.506890986901105,0.38667528114191513,0.224712848553967,0.90653842262845,13.765967886803036
391808404,1,-34.815808101189674,0.3813531611708752,0.18398997037137493,1.0582503888690167,18.53072335120243
391913299,4,139.93699965104915,0.3770451317175712,0.23440767517703429,1.0060383220586309,19.595213677186198
392174026,4,80.90557854287545,0.33937178368370347,0.23162310010030718,1.1921900335317686,19.176716436044586
392422616,1,144.70543433195485,0.3662145099460412,0.24798613797019126,1.0978153264742037,21.190578030120417
392652504,1,55.408586855470865,0.3984326441698451,0.22974200184309904,0.9063594216461063,13.94891940465929
392657358,3,133.97316109020917,0.3386442861907569,0.25744714430824245,1.1891018921960472,16.350402187332573
392908557,2,52.919878656465244,0.380126600860452,0.2880056901428527,1.033864779858983,18.979022925676357
393047512,3,65.34583102416826,0.3634684147609617,0.28090662207774125,0.9725529508951061,15.89459932736154
393084491,4,243.5976994755402,0.38690098922057914,0.1944043568220769,0.9971676968811389,12.225826581357396
393235817,1,45.82847261142744,0.40565808283422344,0.2909564664019093,0.8001966262415818,15.38638037881713
393266857,2,129.0902029788267,0.3687033176617204,0.3042220961183003,1.0728495267939118,24.82916675190789
393468444,1,-24.375342422859006,0.3604699606368588,0.25219453321266627,0.9774086063914722,15.357073242573762
393692859,2,77.80437564732766,0.3557166651962502,0.2246884807300663,1.0792195828097042,17.53170640597752
393870517,2,63.549750195675756,0.38172728826404856,0.22935273201197856,0.9956746985691713,13.160764034164036
394096295,3,36.20843500307882,0.38285244368174026,0.2039565295748808,0.8857174705394124,14.352092884217651
394475074,3,126.80012147202727,0.3754214785927971,0.2130319646817382,0.9304985589100582,12.600695142147497
394508821,4,187.7535217261108,0.3650967781231824,0.17245205525029772,1.0486212367390915,11.947603981846916
394549340,4,226.55919964690844,0.4143538800298777,0.20145455476516827,1.0071279210338515,19.736547576615575
395181216,2,192.34410010500733,0.36368051309592475,0.24724815494785765,1.0715306478325286,21.106199551136594
395216039,0,339.6848158999989,0.3728448213420688,0.14533379445217476,1.2734444799571505,25.374042003110514
395903864,2,204.4373694349262,0.34554092214953,0.25206234896556345,0.9925387620178469,17.765009029623872
396309311,4,129.3083493078034,0.3693830764282176,0.27135564322322997,1.0831354355729654,18.851463460001842
396421326,0,106.20658408342463,0.36917122576914485,0.25089583019798367,1.1809669984439763,23.430358700030975
396650322,1,133.073280069471,0.3599470200580001,0.26406286656973577,0.9921526724046564,17.937727972673535
396757724,2,352.7680249158285,0.4507068380637534,0.232002620477458,0.9664664435323116,19.043373615224073
397033633,2,99.51894068515823,0.3417212469836426,0.21465866899563738,1.0017962432846204,13.659337508843908
397580304,4,91.50951053783794,0.37571480294960596,0.18228074900271385,1.0127899131030669,11.828612162205317
398123321,2,341.8718097701154,0.374347668382078,0.21600253542248987,1.2086104229344752,22.992709951819066
398381683,3,89.89766965782809,0.3866173750467166,0.2766504543411517,1.0438640035451943,23.57538251334852
398390180,3,62.253842729681004,0.39222884140295733,0.2623949525150656,0.8863431612504431,9.388762164109588
398441562,1,72.09339110115265,0.3903382574410879,0.25675176909954994,1.1409730318304598,19.052924176646908
398923440,4,229.3231509974596,0.3742452528163264,0.27159479903073874,1.1039884647216756,19.616521892342128
400083990,2,2.3697210947756417,0.33627574451056713,0.22644545140435235,0.9971482424211443,15.297496264705325
400248641,2,46.29781646967555,0.3682999024800015,0.23616971331694858,1.0157701974045283,13.324251105675597
400445600,4,365.6223882014939,0.383655979822686,0.16719134820918222,1.1387991485665334,24.485807768828117
400718320,3,50.1281016376955,0.3799260597110061,0.20007110099527137,1.0120168317899196,13.08597371652668
400901906,4,236.46698659910703,0.3624803295595766,0.2501204373250339,1.0815298446776715,19.60179999483952
400957282,0,392.67136515861165,0.40704397938597225,0.26805300296612333,1.197878197249295,25.914873492915525
401075968,3,-4.640743705405981,0.35830452588878065,0.3259615356228062,0.9292318444900518,20.371658616401625
401205052,4,135.1112921643455,0.38253110126721396,0.17882738217139021,0.9623619393189586,10.720063995617174
401382872,0,121.78071957774583,0.3515011505944204,0.21793222580566265,1.0761744882421556,16.00726752631044
401549184,4,-21.179682471006785,0.35221669614401,0.24362864581385893,1.0647861161176733,19.20396693118304
401691844,4,117.46230575237047,0.34750738076937454,0.1349250939185484,1.4043387169326997,19.224381362690977
401918606,3,17.438129173988656,0.36923006366920463,0.3664112623730873,0.8971481965834941,20.805411955158863
402031428,4,118.04768412342943,0.3328462543069745,0.2685174023351015,1.039221713921457,20.03789637456849
402151358,3,200.20247691857946,0.3689920963008539,0.20598852396104603,1.1011584102607765,14.907908654764826
402476752,4,-13.413669219062982,0.3422067719163888,0.2748259376929177,0.9849199025908115,20.264227340933623
402492102,0,68.61201384210305,0.3489426573040306,0.30922455801174825,1.0283721819204805,22.90718974638974
402626556,4,166.21733077495736,0.3837867732038915,0.2308486164371655,0.939457155108811,18.321467615671825
403135402,3,60.923324901274505,0.37838267264839187,0.22236349782444403,0.9566104021225637,9.145358101770434
403160938,0,104.60490573745852,0.3578324882407762,0.16106958228524593,1.0720322637075903,11.455561619921795
404125467,3,-7.674616867451519,0.354585246410026,0.2667497889454661,1.1089694439440572,16.463475133601083
404307501,1,27.59274788018419,0.3592626575805723,0.3460376584689427,0.9112027222147658,23.084223238615106
404342250,4,21.2769860820338,0.4047523806922708,0.20843281426411953,0.9246993238347921,14.388401274868713
404367957,4,90.45703384233343,0.37633164206474046,0.20204888152244685,0.9488256726139201,12.598970511132034
404981014,4,10.798114693686657,0.35337880803643956,0.22775264301145584,0.9770344983067795,16.36064461148111
404993408,3,173.56026326244276,0.35727663687914063,0.2574263351082782,1.175377828135943,20.944977724537882
405636435,2,80.3145871626536,0.3292550441261053,0.23326373976416173,1.1475562869915121,17.24623506332753
406335515,1,46.8618051412228,0.3738775269436384,0.3037294938036431,1.1133290141038703,20.049027125260512
406786412,1,136.85267100224894,0.35341726071660834,0.1892417189896604,1.0611234288316824,15.657591295489201
406938063,2,126.72570153173785,0.34612078389502426,0.25863997016731655,1.1204517240254501,21.276323850429456
407026307,3,60.64212329411487,0.3496425864463324,0.22607074525201415,1.164631088643589,14.428688545940904
407061099,0,192.8457854743527,0.34881063939276863,0.21512958938075388,1.153440795998915,15.462247776315252
407729292,1,31.228951910642905,0.3413325903959439,0.2568287080691932,1.0226093330269939,17.482749970307907
407820973,2,113.00624890451357,0.36003638475130995,0.2138239947453726,1.023801992566645,16.409932123179242
407930180,2,103.17689344784358,0.33107365790356497,0.23076730515568974,1.1499432237963874,16.252352558896654
408163304,0,83.22498172341362,0.35885222691199264,0.2572809112351814,1.0591848407169429,18.177131494328883
408357369,4,159.55629886976516,0.3636371222792577,0.24485617823951172,1.1361629775803865,23.190123406776245
408389877,1,98.76312025990474,0.34370019873786245,0.2105244055076856,1.1144455982564774,15.984765095300968
408594368,3,116.92365749514762,0.3424867402171851,0.29539356494293145,1.1208627784980492,20.21656846778295
409036126,0,52.85326429532396,0.36740374364491674,0.24306491386543963,1.015658774116692,20.025618089083427
409348345,1,-35.44636996558421,0.31971020601184463,0.1400310932661094,1.2613543971398145,15.409290321484551
410114761,1,3.141618090282577,0.3839884286610063,0.23820544771765687,0.7873041432715054,16.118886963403245
410273784,1,137.7766933033974,0.35880884391310985,0.24986836079490057,1.0851142743021207,22.8963912808809
410419753,2,-85.32317888771509,0.3673073690176076,0.14622198932848607,1.544944334780833,15.935880974495632
410618641,2,121.8424720439649,0.3842429028657067,0.2878119570564655,1.0296304814189272,23.579386176381785
410876568,4,254.5226399888232,0.3829461851544014,0.3014934546331275,1.110673066217785,23.08055775373759
410915024,3,157.63203328660626,0.37043512432657316,0.2217817184253359,1.0552346242373318,14.475644601040782
410978773,1,92.68320911757387,0.36115307446179146,0.28426730450930443,1.0169878858792052,19.35008539589213
411320818,0,68.25873614145243,0.36619678756145757,0.3128742900591182,1.066915094997702,21.894533987661593
411535293,2,145.2689832984576,0.3545320070729362,0.24615397077877185,1.150188870206749,21.14594157515202
411815101,2,249.38307005697106,0.39715588714902017,0.2572674413455939,1.0590086389799664,22.806773974155234
411845496,2,-9.297786396453631,0.36495769612185125,0.24483627621867757,1.017415888690565,13.41757872940492
412332648,0,41.04946540470289,0.41985291269601444,0.23542297701067944,1.0409990236263058,17.785291272207623
413205726,4,139.84812036496413,0.36093847993583456,0.20673826603277862,0.9975896814656982,14.559380858928446
413548295,1,104.83190515897945,0.35122868352011266,0.25241428341044786,1.0058680816308154,18.498200005955546
414071257,4,224.20738469396395,0.37205944048338424,0.27575898601159377,1.1382870081835847,24.23052440708441
414579766,2,207.03950957625136,0.3960399034689015,0.20623032988217732,1.1443291495772767,20.529127890472292
414690406,4,192.78356324477485,0.3285411925720938,0.3151911640262405,1.028867874080068,24.54266502170998
414711304,4,114.54597419665635,0.3811669672286902,0.21448853354785535,0.9170276628626517,13.439252431803334
414802450,3,31.20214841060627,0.3740746784003751,0.22684376936017983,1.2327345324959413,19.598736108163603
414910324,3,14.97070817662565,0.410531240023523,0.3812031274509588,0.790652178615717,14.995273950608416
415110926,0,211.85841091577214,0.36228984252868446,0.24104994787055856,1.1603244977566574,21.26028414948398
415720254,1,114.73894925469327,0.3568284793008139,0.177207070425156,1.0284609841943868,13.531996211979026
416197163,3,110.93293643842503,0.37105250997046724,0.2960469136290793,0.9342728339888636,11.806113364580217
416481975,0,297.96942099011324,0.36982453183801717,0.18624823269849,1.257033536251956,21.70390728910302
416508716,3,3.158663856967678,0.3530924196459888,0.23381054242973237,1.239842275274337,18.76786525967897
416714038,1,31.717820704429826,0.345113487336864,0.20452751467704197,1.0663717754588273,13.220729109903864
416985872,3,168.47043199118758,0.4139863937126614,0.22681079282086575,1.0708051118337851,16.707803624855973
417097500,2,108.78827822396325,0.3810276180170128,0.19991748243818838,0.9346416967853108,12.287574681817642
417759199,0,345.51024611871907,0.3645438834620158,0.17679281955099058,1.2927482160795576,24.680839283750778
417837947,2,274.8774269003373,0.377519521326801,0.30725290611758366,1.161233629875022,22.80146330050365
418211347,4,41.6117617742719,0.3377517004382744,0.08774522048962102,1.659510894890076,19.11828871348714
418914987,3,156.6567373567776,0.36884230485264347,0.30883082938037293,1.3301586006260373,24.248508619596965
418998358,1,165.89200431634367,0.3593327093547444,0.22485806076230438,1.192398687568009,19.921219509486587
419242334,4,124.06300418128174,0.31202390335825086,0.2171207411244036,1.194360738798983,16.498662056120907
419308262,2,101.48829180203425,0.3413013121710222,0.20907114735324223,0.9238790258232439,12.810486608357854
419514472,2,143.95514606953367,0.3592382685564797,0.20996043696355088,1.2156488130190741,18.27843088486275
419730462,1,28.28369616025938,0.3555285030639425,0.3067195330008171,0.9833857002698436,21.320656665997262
420554258,4,130.91619050821024,0.3606773554826327,0.2604982712483214,1.1371190887712075,17.74147848666892
420766140,4,75.6357965466439,0.34738740193453427,0.2235811777891294,1.0671184455691938,13.655100206133554
421125375,2,66.41142479243072,0.33579054060645014,0.23244248657239097,1.1242626902068154,17.236487174754657
421588558,3,236.29065792194518,0.3722682357315682,0.26740101954160705,1.374356782787152,26.600316444035368
421601596,0,261.3953067525505,0.3531194054560285,0.21871908547216437,1.0407214307665207,18.418415055295707
422376704,2,218.68299514208258,0.3807866277581247,0.231076294525109,1.1589702593561666,21.194806235589088
423361710,0,71.40286115591557,0.3744984046187924,0.2275829223451028,1.0118748352080829,14.966003811490049
423638166,1,183.92374682201034,0.3676215780970187,0.22605241169358128,1.0365722592886735,14.616960024013618
424246919,1,216.3801921465001,0.36631437538254785,0.25045339612387496,1.0104184882299638,17.63572796786997
424737952,0,164.5140405859833,0.40901348512154456,0.2743772063826889,1.1541253808175103,21.1202995259141
425753328,1,83.59063719092444,0.367909523954465,0.2004259941477299,1.1199016096127465,13.069141999518578
425876006,2,293.19073365878916,0.39825353266513414,0.30099894972173136,1.0070780943419444,20.600462349871314
426452864,3,99.20194921531845,0.4410400534049783,0.34179225511459144,0.936312592492491,17.305603517983034
426568984,4,2.588905339487056,0.3770488729330383,0.34372330668365964,0.9456184081612049,20.566615305388293
426591461,3,217.66345509430784,0.3699349376773372,0.2783848750991209,1.1729000852646367,22.000360013646546
427022128,0,116.99015053567697,0.4046187866733365,0.2813864002171148,0.8805913669644025,22.903854146777455
427272579,1,18.081663170841693,0.3828547276585795,0.26370238421912223,0.9085762370095621,11.944630708399488
427458054,3,72.5255387157207,0.3966229936755018,0.22562999567953057,0.8275912628221269,18.539927827711235
427930827,2,203.16446510570296,0.3671703833896469,0.2497118543210535,1.0589455576836837,19.20505861225745
428473296,3,191.8875364171313,0.3551033560235238,0.2735733500351733,1.0626021014762337,21.38649378272108
428642513,2,76.68048931805038,0.3458243542594932,0.20544990175230884,1.0811743867719765,15.392443011542674
428683484,2,230.79290755639641,0.36738734312856974,0.1949239978218318,1.1631960437013082,18.17373576195364
428785387,0,228.92251274712947,0.3675620886890002,0.228665857755208,1.1690867573342625,23.335619157910713
428829541,4,318.8233852861234,0.3935656597127219,0.22767288645260436,1.1696083222215712,20.72906041364969
428976415,3,93.55808489899745,0.3533058755975386,0.2166151430185427,1.084297923836374,16.027509903917796
429074783,2,-36.332191454257455,0.3365415681107195,0.1858160704613826,1.3262224469554325,14.70111177826544
429504710,1,6.571442509614258,0.33776050184740636,0.22035873154249125,1.0122967712522202,14.713334203972043
429609044,0,355.3211370938921,0.39262514735657345,0.1937008230845927,1.0962589625404684,21.844393855736865
429737042,3,307.3060001156009,0.4392701734528614,0.21884485783696248,1.1069321082715944,22.919976302945052
429776664,2,36.53996727230379,0.35710080486007495,0.23702414456400758,1.0382050076061091,13.797304709750037
429914397,2,44.82441519507047,0.3663850011843489,0.26213338443368805,0.9272518205110919,14.132708822910985
430188200,2,236.6069866533437,0.3503600550414862,0.2595544792803468,1.1192500280170965,21.37964464431737
430475615,1,140.5900466815217,0.36393604863569007,0.2662752312063712,1.088197531110697,22.63150355917375
430498669,4,40.01990014482986,0.4102762779149661,0.35753264793059375,0.9078116583315889,14.897888091169825
431067883,3,38.031271120333514,0.35334508725727626,0.321772207172636,0.9360144494158561,18.00533900469073
431258453,3,67.8718181509194,0.33659395558766875,0.2760431364087841,1.2155518138764305,20.906256313674817
431336110,0,4.736919385821366,0.39913036065709556,0.3488792909743488,0.8341669422167062,18.31430236217676
431834567,0,81.07281470092519,0.35693314018072886,0.17119549036178702,1.1177764059296456,14.63707535298767
431972606,1,105.51474124035573,0.3485617758952867,0.2774108322385139,1.151622367233829,21.55380034886293
432187357,2,-3.3152282846169214,0.34440320481389974,0.2782280396555634,1.0346408248383172,18.679482991767568
432686237,3,225.62200778655378,0.36488740951844456,0.23509262618141824,1.2626259705763263,23.047225139399234
432789142,1,-28.630843573502716,0.30576800671967214,0.19820996522748813,1.1469941232765926,16.403496330381387
432947505,4,193.5853242248894,0.36276773978043797,0.2648865813132044,1.125282306242347,20.435781340740903
433053026,4,90.91339796520609,0.34658669808556064,0.18168807803532272,1.070577704953715,13.526895968959995
433063842,1,224.88395282650995,0.37206713043579814,0.20473958340059195,1.3610448216148958,25.506471381167117
433310037,3,220.59436064241234,0.3908885683731221,0.27558618551645536,1.086173751930484,19.389909048230678
433650150,0,246.10382859742145,0.39328468515131987,0.2535452368713365,1.0428265650049575,20.782262431562934
433804845,2,94.45450995513671,0.47494944985846166,0.16567871401976386,0.9728392916967384,15.23174861225925
433899559,0,236.80358727502897,0.44364602500215916,0.2746361015260729,1.0021259900780102,25.080426317119418
434366510,4,12.296104836598516,0.3439860866653494,0.22604750093996112,1.0462149998872563,20.685856871007086
434463983,0,44.2130077308408,0.34871155340625937,0.3123955257380271,0.9520066492032645,19.635736025352394
434558166,1,64.28602970302663,0.3190116415381875,0.19036679197449632,1.1066651506672196,15.709425274579816
434569704,1,102.12669917858085,0.3716844079162819,0.220522932012081,1.0292374271584244,15.498928989494116
434774652,0,62.60965134348313,0.3514111525508079,0.1726396541080541,1.1422286572188587,12.77404443279408
435176754,2,204.69877572869876,0.3509252591636641,0.25255265440039587,1.1672929438084017,21.974932606462193
435414001,0,37.19941294466653,0.3687899744276638,0.24001727199074663,0.9562434581207421,12.881323706701737
436053156,4,-0.08824060734160355,0.3713633763986078,0.3197517237964924,1.0332218788776917,22.902539937376417
436095263,4,71.35876036025999,0.3680423949869554,0.21691192940810933,1.118930445969448,9.023524783107659
436303110,0,182.07408278254368,0.37543929736871406,0.2448705063613244,1.039581025854301,19.059187803901743
436672073,3,195.09556789628718,0.3434310297317983,0.23783152876978586,1.1115487717328116,16.2456476277824
438056577,1,49.05865120408053,0.34568122321430206,0.21189354411911976,1.054459062905716,18.590229020241523
438250982,3,194.2210681136206,0.38940904978767804,0.26435815969271625,1.0439644923164062,20.37686449144117
439011698,2,181.68681562890836,0.3678227239316607,0.288116494144917,1.0954547173743683,20.207763606135472
439136445,3,16.63581562849157,0.3855145540714836,0.18362059660277907,1.1465990654808913,17.15486201808455
439339917,1,52.13809789009604,0.34612074713764374,0.23199661796834378,0.9483016890964375,14.273672275742854
439415309,4,238.4194255164382,0.39706497057771684,0.183215916625275,1.0502446859574315,17.249614109278184
439660621,1,222.0527295277558,0.3797096106975133,0.17072740008836906,1.0794127836918368,20.759711423885342
440187772,2,227.34667683487902,0.38624818441622927,0.16236261020409617,1.0264921600705126,14.906613175773963
440221059,2,48.940496153368514,0.37353426216708396,0.2662009223710293,1.0716271230026597,16.833338961896665
440284269,0,20.908863801658896,0.3590488269019849,0.2536282962109677,1.0200568818600315,21.314678635836312
440459365,2,171.36955465697554,0.36921496099789036,0.15433002107463417,1.1406078723578987,11.524443915197756
440694575,2,14.518480936723563,0.33450823879640257,0.20171750431486055,0.9949692770447258,15.337368172354303
440852775,1,134.0703253494766,0.350477659847038,0.20426767775746058,1.0306547776131518,15.569554519920873
440867054,0,119.18914957580017,0.3657276534116439,0.2957083986549558,1.0654782777906826,22.12237965385294
440998252,0,47.6009439541045,0.3406357293177168,0.259557947592801,1.0572896930572626,18.423605715961845
441045416,1,102.19683713311414,0.35220395219463174,0.2454249355624323,1.1303679066712509,16.315609471971396
441295392,0,257.7504807451659,0.41209370121613353,0.2817637657406313,1.06882670037304,21.99540408989128
441800426,0,114.12171781218674,0.32956136059460145,0.2611149728265454,1.1485636473408622,22.425659955028262
441855685,2,35.76465996918296,0.351381043840944,0.26871844912545595,1.0276707355214365,15.289113790888187
441924430,0,65.843353749394,0.3785436664674634,0.3470338630506474,0.9407035573902511,20.64744566562903
442093631,1,34.898567647287535,0.355610029629878,0.25969664617029237,1.0511321869351524,19.907329069107192
442452634,2,38.76833656311024,0.37338840752068536,0.17519891617626437,1.104238810263706,14.234903772927577
442573599,0,86.04260181462124,0.4587486132177928,0.3511065976284817,0.9100164495766592,16.710364290432892
442588281,0,112.70677410215808,0.3504436279004154,0.2956594717440053,1.1581008316313408,23.029860651057255
442933041,1,64.70815093020192,0.3814611718054046,0.26411688771024605,0.9510393743055966,18.32949245677829
443073633,4,260.87763674164444,0.4178504379743751,0.2800559563564101,0.9726410711842641,23.842657463624025
443095393,1,70.86890417217856,0.38362277968746666,0.23072177178553424,1.0771745993090702,15.037811150345496
443473345,3,272.0879225098539,0.3938485218505321,0.20474389316573993,1.1288580604442942,18.51948711248242
444454370,0,64.75803254910845,0.3255512722020354,0.21056941544223923,1.0392999564775607,16.555885110764798
444535836,4,72.189675402728,0.36038283834803436,0.1994789830876834,1.0332916101238574,15.283398213933689
445398297,2,124.35897388560554,0.3492446826932598,0.20036519353780727,1.0556900310002866,15.133493767578791
445451403,4,220.72573415977675,0.3483233966482639,0.2529621947572195,1.0565061974164132,18.23140614679182
445559767,4,10.662933799973146,0.3774396576737427,0.272056382613131,0.947981229679415,14.097167607560857
445698643,2,128.58393513634334,0.38303251950196004,0.25702301055189075,1.0051994416173982,21.520497838668238
445846164,3,176.2234637045985,0.36019021603131596,0.22802495888869964,1.1312152794270736,19.078241055378523
445938720,0,243.37783004150407,0.3784801431260191,0.25563723386019366,1.1875796474878448,24.26345648924213
446207313,0,138.17017667951117,0.3733779855851199,0.290176263702665,0.9640482159765604,18.073080576691652
446600296,3,34.662464240862036,0.35168448772490796,0.26766633333769363,1.133702644026452,18.546817161730853
447303285,0,92.15244522387391,0.3482196131864596,0.2015313099597313,1.0004090221700492,12.867675056647478
447418869,3,140.21954229369342,0.3801019401402701,0.20341605493288337,1.0209359953714834,19.00164539365527
447438744,4,62.242685279567596,0.37854310776123545,0.18769848279742946,0.9285514049122955,13.428045115957449
447444897,3,88.14364732279923,0.35414328847564136,0.23661698633057077,1.1570367265329695,18.601590108933546
447477268,3,221.39820423680908,0.3797620495371975,0.30333247592780477,1.1408716665991872,23.004264219878888
447614903,1,17.581199868670467,0.3858970295377682,0.29096058500259747,0.9375942765069214,17.692605252665267
447641645,3,201.48855985525182,0.40290681167855563,0.2609176901725986,1.0436354092073226,20.07148423774731
447643667,3,57.78291623833414,0.35524072897548153,0.25457029927302877,1.0079637701850765,12.27018830290248
447646076,2,194.25720027552762,0.3838660875682531,0.1865420651753814,1.1803588117364592,14.998162960684338
447692460,3,-12.263480730641916,0.38905184846784646,0.24169540942049672,0.9407952477265633,15.084619926671357
447769500,0,31.077531730958185,0.3555763558086607,0.3549398355237956,0.9574341238891338,19.10831299368392
448340777,2,23.244258831932328,0.3711890549858127,0.3725049312835996,0.9066005609967415,20.408967491976817
449447335,0,126.45886153040902,0.36063789796589046,0.21396134811330209,0.930102922252889,15.287581402268794
450028530,3,105.14286225279821,0.39147240863510874,0.2042668357668236,0.8615105511439257,13.789090823314641
450668833,3,38.43576527048545,0.3604201072530711,0.28321653069336133,1.0429698353024885,19.54743180169813
450754739,1,16.488400965242008,0.37275355279497746,0.3200003408695361,0.9744652972650578,17.695111511895114
450878191,1,276.8120097587382,0.39851873538109317,0.2605727554224917,1.042671064674466,23.50982065224155
453918545,1,150.53607055151213,0.377180207528487,0.318909493104864,1.1513671026615655,24.616695698752338
454048621,0,167.09227556995523,0.3472934706533378,0.2299527047469444,1.073716830229795,18.365705090971638
454723677,2,122.4555669214306,0.3532012513839526,0.291062448592151,1.1574664606992509,25.5959913672804
454925520,0,171.04596373920452,0.3419579685790321,0.30673396533760766,1.135228256796954,26.91683808550154
454931454,4,118.20187452700398,0.36819915248200746,0.2143770919223223,0.9595553356216877,13.720019928869135
455272434,0,33.51852386722427,0.3579862890894821,0.1889357667304334,1.1035091271709958,15.827802461866337
455575558,1,176.8834004061497,0.35767383809953734,0.24825350289677578,0.9961217528613576,17.167406937359086
455581331,1,45.146579655590955,0.40560771203462215,0.3211602177879615,0.8895162971529161,16.995974443942373
455634892,4,66.06471458746428,0.3596339475855924,0.1927754239537524,1.0123082516266582,15.352300059538049
455687362,4,99.25200394976316,0.35100989465213467,0.19384117391860406,1.1021215132547564,11.61893520635519
455760856,4,65.86116351889189,0.3568130187865508,0.25241448196832633,1.0899108070077805,19.687917709646126
455774790,2,166.56538660210146,0.37709403701895367,0.20621254751480267,1.136789117256896,17.8713240417107
455931063,2,63.2371260643521,0.38562882094958156,0.20509641632970863,0.9713901206724646,13.479950173448309
456072913,4,144.75371600033407,0.3608267912646219,0.26117734772210366,1.1724447029507352,23.639821315182754
456108334,3,9.750441907034414,0.39984459526360266,0.32807858460252043,0.8467552048663022,11.740700320856124
456414718,2,142.2344891921055,0.3983657918452735,0.24652284653798642,0.926910209239127,15.792694993479186
457126750,2,98.8702851179455,0.357277750484013,0.23715193091421016,1.154891103661397,19.31164648443879
457390290,0,60.58513193942139,0.32620833065261284,0.20207073969418735,1.2164368852344685,13.40944907169925
457518738,4,113.05652142829062,0.34991054777694247,0.2433091774986287,1.1113797662528437,15.489809915535613
457660714,0,142.4971269938769,0.3652196460473837,0.2784293452244688,1.0521514422861227,19.664447942532153
458141446,0,16.406546165124013,0.3529832977017479,0.23879057636487475,1.075226579973036,13.867379523443823
458250694,0,97.54015886125858,0.3325789983289955,0.26059534368125076,1.1348345598317258,20.76261395877218
458811601,1,44.75585527549383,0.3615066589777372,0.3539896352544939,0.9220441760330865,22.360790972631275
459396662,2,245.28736568671889,0.35478971752799104,0.24483820134857917,1.1524078349308895,22.873385822852654
459959706,0,164.98978773609895,0.3863852686679702,0.2654127905854044,1.084467244617835,19.950623759881882
459974276,0,26.026209826336668,0.37979447410349493,0.22913115793594663,0.8815501341879075,10.169640981322338
460632304,3,112.91840372491183,0.3396095551256607,0.22888760476369954,1.1440591206604753,15.288345615824001
461284204,2,29.35003273728448,0.42497285612290425,0.25144295213242635,1.1371484371300598,20.492774958758858
461293601,0,146.0009983105349,0.395250348261717,0.1892864954837261,1.0531820272482508,14.587444765136961
461562711,2,83.52178039769493,0.3584402939898591,0.19682161134274462,1.037963900255812,13.33164075317642
461922685,2,231.39941030752476,0.36832447878399294,0.17346822038124696,1.1298167986974983,17.003345982884486
462593659,4,11.642175109070209,0.3739533869814278,0.26943432947618384,0.8719127353936386,16.9375425584843
462771322,0,135.82295707348337,0.3461757611630581,0.18748058284686642,1.0112067700383451,12.923371388721876
462814038,4,-8.64457451485417,0.3140361312312842,0.20465967635986781,1.2064075222221846,20.579930533090856
462826166,1,88.71759293561931,0.37216138088473166,0.3573748816360218,1.0448426515917275,23.676490645568386
462869039,1,8.286176646625734,0.33279123345777756,0.19022550477058672,1.033282787917506,14.228236309401002
463127063,3,123.24979166234658,0.3364232026497389,0.28349940982188726,1.1499441558104129,20.12662036705255
463296831,3,56.30124093708386,0.33441215151654846,0.22822964619545713,1.269688127590619,16.174166052186568
463338969,0,15.700697624982595,0.39200997979042285,0.34049283114494344,0.9019121517994453,13.385369624647263
463490376,0,146.917405995427,0.3321335834324702,0.18501803243991274,1.211804661737685,16.05013045120897
463727468,4,28.2862490425171,0.3068139507243115,0.11258348345711072,1.4220934783746357,14.884746988036834
463770035,1,90.2207157528713,0.4068366809227837,0.25598203562300403,0.8577976993543299,14.02985204051166
464374325,4,-22.408533802362186,0.35584606331232055,0.28790672335154993,0.9668359054605222,20.104027435054913
465735962,2,22.92576146870728,0.37754069922604705,0.23935687490177784,0.9023407381775057,15.907843729251038
466297996,2,179.20581598206655,0.4049388287649827,0.1352502633070219,1.2726061025716309,19.023851095281938
466352320,2,41.48975553361046,0.34573689435813737,0.2540735742483606,1.0902673058485517,17.990287142925723
466488035,4,310.7440702050752,0.38570555006786766,0.17733389184415213,1.0572495089877385,15.74703097120741
466577746,3,44.449739395692774,0.3698546148040191,0.19790003071050308,1.101551413484697,16.21500615776601
467415058,2,240.47100355452528,0.34535987827132325,0.20213880675272983,1.0623417459887878,16.34659107430697
467619338,4,51.61025924097543,0.37477728959373874,0.21517398233437807,0.8314631204484313,15.861494645141265
467841477,0,179.63844964018716,0.36754742949942254,0.21174410898186077,1.1298741564374655,21.273898525892903
467957331,3,248.89880873283047,0.3635946870593128,0.2603418229406034,1.252236574756928,22.565756400905396
468123146,0,153.95869001270944,0.3528098188501346,0.19809353205994829,1.1106502728541505,17.19009639109141
468202587,0,101.42288803323794,0.34289438319269194,0.274849190482319,1.0561509479548008,17.6234191946853
468435322,4,88.16108429774064,0.4167566318314391,0.24709526901155104,0.9736484872184122,13.449898865622224
468647784,2,92.6612218503484,0.36078190578664393,0.31195254019007107,0.983690157625431,16.23954050038644
469117883,1,37.90405152654783,0.35292941753936713,0.30155659796349094,1.0283140942256292,21.35605148502102
469170848,2,83.58636051602399,0.3183107296047423,0.2067621152441565,1.1007062218607424,15.826334959033439
469302506,0,208.85178519166817,0.3531389983658376,0.26328460953271615,1.1689934776774284,23.67329361498219
469358545,2,183.55033921143888,0.3338365195040052,0.29237625677117224,0.9749387804367663,22.671920080463234
469373885,0,63.99987299541185,0.3702103703692834,0.20163914801561486,0.9288132748443909,13.819571657804186
469522235,0,194.18462653927617,0.35181607388115194,0.21642683965278975,1.0288763842298794,15.810981564815869
469762118,1,28.55713661396406,0.409187053823866,0.3292308470513816,0.7778464480563922,12.250891572339878
470248513,4,62.38944238403471,0.3972424379988408,0.17434272616733898,1.080744289026038,12.279962300702294
470644305,1,48.81120935791333,0.398172871802115,0.23102548545899987,0.8174406314213002,16.14060562400333
470882237,3,56.65375351326516,0.34748032908853105,0.18370613700903282,0.9656445697133939,12.472984049844339
471167389,1,119.14846181669246,0.4061149159066303,0.23810614968832722,1.0739984348707423,24.616885200730387
471229336,0,71.91219243043986,0.35762832033933756,0.28078768974407975,1.0373105217143277,19.731703890697464
471232533,2,131.00267920323276,0.3971754515623336,0.22065471417331659,0.9569071293195095,16.390060445213223
471408495,0,202.65138321014268,0.37446010779812205,0.15832659358978984,1.2888210236151019,19.949902354927616
471856670,1,125.79453394111482,0.39054115162558756,0.2602061891441709,1.2200709857458978,25.580743049796865
471964961,3,250.851137765911,0.39773820304536195,0.2884704029061872,1.2182443144142714,25.00960002713194
472043812,0,208.8154360894203,0.3593844905117771,0.28004876533233786,1.1437720655918142,23.68344580041137
472240930,3,100.12550577324029,0.36299015057138984,0.2170488189445003,1.1364821054990202,15.251191570172633
472323951,4,72.62488657258025,0.34048252778932053,0.20045922141815237,1.0487404326009946,12.847477525043125
472677846,1,48.09311818861426,0.35923814959449357,0.17771195732501288,1.1202034646417172,16.767324162896603
472726378,1,90.67127419365637,0.41902042300027675,0.37019663995331764,0.8201154613880143,17.43299013678682
472812489,3,61.2379971632935,0.3329650931331105,0.1881895262878412,1.2169032925889054,14.677134243419111
473402909,1,222.59702508403512,0.38564331177454747,0.1846370422922317,1.0502154436648719,18.32315192265543
473547925,1,124.80311443793047,0.290096408804549,0.24032883651723233,1.1892791281102897,23.18778852713676
473567594,3,136.73805633270166,0.3409300414985336,0.19320860682201507,1.1519891993048212,17.088652145939996
473657934,4,206.6504207454767,0.36482059896311514,0.22138170205807498,1.0723273029796787,14.385215827714898
474558626,1,83.03771995029624,0.33742584542912274,0.24557041235407412,1.061903900525846,14.84224428982719
475124319,4,72.61209709211379,0.3579430533981258,0.15414954327396874,1.064915875193012,12.262623232786158
475611696,1,180.07343350816842,0.3629072399271006,0.2453902675183271,0.9865822452781052,16.444759225606507
475921569,3,132.45015776507773,0.3866960852553306,0.2067784394032557,0.9514829867127825,15.037070356253643
476061574,1,79.37870613186989,0.3698991660964803,0.20078470993504763,0.9504858911401983,10.858106099093249
476584063,2,185.5712735473541,0.3641661075980946,0.23851287066128804,1.079454915616132,18.615112105837156
476711294,2,69.23207154116326,0.36399824321081364,0.1825274990803049,1.0134030999627757,12.353238275526078
476733840,2,-5.568501163808932,0.33721301311050833,0.24623065355905685,1.057682535124161,17.034390469512697
477018729,3,62.90730055712004,0.3365125764407035,0.2127251499349486,1.2963386266330548,17.04654977725433
477055088,1,56.037565851826585,0.43356144549286607,0.31481312691101593,0.9198802278349804,15.45105079593085
477209068,3,58.79220397504912,0.39051865525636154,0.2483024221663376,1.0438607499047792,18.669041316842165
477797468,1,44.12554403187211,0.35378105996459647,0.1760550142507819,1.1274355377069507,14.534406791274051
477893372,4,62.47620572774049,0.4148013325399495,0.20822276472431714,0.8616438881852678,11.750604634081599
478096853,0,134.4989568051904,0.32505618443331596,0.2192551732471747,1.1599224604538403,19.96932970742587
478367903,2,385.60856053964613,0.4241574254312554,0.23400033406413023,1.0132758988475918,17.367354302502225
478448217,4,172.8121472723007,0.3514383104901727,0.27020241235932363,1.1116283176121635,21.923246615340755
478818056,1,199.45414891877817,0.38765637827102467,0.32471369129464367,1.107634126379504,24.286506796863332
478981386,3,175.66564395554195,0.3618468382369882,0.2849757706080848,1.1674851228585026,20.042632850194778
479722574,0,229.54562894203156,0.3856397366838148,0.2668755524400977,1.1264116116120622,23.30329247674939
479745021,3,191.2180832313265,0.36846292004749964,0.32457780223589133,1.146092558924099,23.421989863572378
479794111,0,163.94834781907159,0.36892384244202586,0.27125029317788835,1.055308276578979,20.09726106385184
479814581,4,100.94936746920281,0.39771782794164245,0.17262781547136252,1.0761575557556649,13.516309250939006
479850250,1,137.4309223756025,0.35835005406272397,0.2286494125296133,0.9880206785205653,15.277126208147564
479918416,3,107.04220415575352,0.36617615617226207,0.2554190310851145,0.9915830456542426,12.549120104749273
480111697,0,128.47159772332242,0.3104033392179014,0.19631285590189354,1.2038268728435004,14.264975092178181
480125029,0,34.63083401291077,0.3353427970811905,0.29183147583180946,0.9855776145377615,21.7044059153626
480361178,4,130.5804609840404,0.33194012127902217,0.2175292711089694,1.1122186819245048,15.03734261724009
480471385,0,311.2601598656884,0.40226241725859285,0.1777885672994819,1.3874817011061646,28.856043149857317
480495862,2,12.51322663793998,0.39336723393932954,0.19872241958930373,0.8082611353323381,11.477085208482912
481255154,3,157.95568873965397,0.38123580947520225,0.2567666274808335,1.095781508487839,17.127911508702944
481310813,4,29.954640490060214,0.36713786608473026,0.2349714475202729,1.0151348587513647,14.176884151592207
481600989,2,156.13764647581115,0.3621229483448287,0.24064600288870397,1.0703991058176,19.657964583523924
482356088,1,141.7811021184594,0.365572060248959,0.15665560454605315,1.1985071416302189,18.870494936690307
482559838,4,-18.5855112309939,0.34860050129903075,0.23404130621135075,1.1288770449805785,16.741446883051964
482933364,1,150.12835672113175,0.3579116796367601,0.20625679152094284,1.0174580021001445,15.244043231338708
483443678,0,135.9265566177067,0.3814955030525296,0.26476561063862497,0.9197568325671831,14.234616381620066
483503968,3,192.91598317227312,0.38628809760305505,0.2611525405758632,1.0678547907415645,21.871782423416747
483514243,3,-14.186558435850515,0.407283056852677,0.3556663879614792,0.8002751072289107,19.28342755248484
483787501,4,134.50046748317558,0.37157924383323093,0.21745229027556037,0.9871310347410062,17.042358119774303
484741548,1,217.62435280613988,0.3798118545406174,0.10609723097367041,1.1012398528684086,12.139126636989978
484824618,3,159.2000126998075,0.35676727999245733,0.2524049399568425,1.2345742486612745,19.541845260953725
484906065,2,56.93165549232984,0.3439904894544465,0.2466361161511756,1.0627719629362156,17.648699872380668
484910075,4,358.50583337376327,0.36490393586787284,0.312506067627073,1.0687913111493894,22.69445996055141
484914577,4,285.40685730667997,0.43482485155585526,0.21441361039508317,1.0614381740521444,19.25553487121828
485094036,0,16.01710840648917,0.36355454362837375,0.23839116536121405,1.1036337202537074,19.340303283357724
485407995,3,37.26227789738032,0.32529359758217036,0.18671145981857568,1.1844391818933422,13.985452074800026
485725497,2,278.27565446319653,0.386932870757238,0.21497904592983946,0.9958050309195774,19.342980127553066
486162047,1,138.3278248710193,0.36690011317865395,0.21779697273152046,1.074140639347023,20.24572662872542
487578819,3,103.87044076529399,0.34713161794848396,0.23692547072487058,1.1376279784960743,18.517400073682342
487601527,1,191.27396603760238,0.3701986709288234,0.30271431687577766,1.2362003814678628,24.235243508167702
488191156,3,38.10890940947731,0.3426369675412802,0.2582169969536614,1.0942034145904187,17.99180510708384
488617798,3,333.45397456996955,0.3854570267136404,0.3566767929698554,1.137364068240383,24.0205568828637
489644096,3,40.42966619986997,0.35528407792434413,0.23610003356524778,0.9708473658383907,12.289306357126184
489823970,4,168.5315246606456,0.38981236140197467,0.2313826113551463,1.0643069638431273,19.357180925844915
489861944,1,328.0287257943246,0.4058957006143231,0.24184010606429945,1.172213339141128,26.145082124884517
490110901,1,48.16027796044433,0.3623302510345104,0.2505145490960759,1.1276706233661766,14.19940333768916
491061236,1,279.4472608037205,0.3738917219200364,0.27563511769860694,1.124189148182884,21.743835881471554
491271299,3,184.793641751966,0.38673447797698135,0.23166768131344967,1.057172763025218,14.989402903971865
491291994,3,16.506536518625538,0.37242986124808125,0.3722921159209727,0.8930561608902576,20.86034808264979
492004375,1,234.67562727686575,0.35664077603128014,0.24524200262602247,1.2623212218452045,25.52647339686736
492439302,1,170.2776304103447,0.3819077076627511,0.24350292957004482,0.9314117008628774,16.732221925096876
492508713,3,177.92052846601473,0.3547522350147113,0.2489641417790914,1.0310551650449733,16.28164162772832
492534708,4,242.87310244916333,0.35506186826351693,0.23171244041389566,1.0839600505486968,16.65748420395891
492635161,3,33.50388983345132,0.35272681855991955,0.21742145597418983,1.071238072197882,13.637682032594633
492640026,1,155.70750159045582,0.34562665280061644,0.24225037061479376,1.1389442444426157,21.788189174408565
493007317,0,257.79564095396444,0.3818598036249033,0.20484876690838025,1.1357973816153852,20.44099311133622
493762918,2,-65.26226688352084,0.35723812147674705,0.21181772844468996,0.9460854729585554,14.93629712263537
494086930,3,182.45014803403836,0.38549524556308584,0.24072721806607733,1.2640731793934172,24.7563103122014
494165732,0,135.39797570555024,0.3783527677150561,0.21886570743591435,1.087057035047777,19.49999580579696
494602606,1,46.47131489368976,0.3440319173567407,0.3257850358760176,0.9527452109288223,21.93946090325978
494975376,3,149.67282915432662,0.3763494562864707,0.21380235685953608,1.2271350695392171,23.230192626999283
495203055,2,209.42387895966252,0.4101976096821309,0.20428799555351548,1.124699827654105,20.136317439847325
495342241,0,85.90656967213452,0.36346812755634056,0.1936353841870974,1.0331382306756431,13.806744469636545
495385866,4,159.35782088628545,0.35886319352283025,0.1867387033853759,1.161856643152972,17.524842617281617
496258709,0,122.93639483365752,0.3474433276608675,0.19051557655027715,1.082943555775733,13.757141383622216
496344217,4,130.69370272595958,0.38552452024898953,0.22570422729600892,1.0488619665828152,17.297427627804858
496407382,2,101.0248253065828,0.3327055017205194,0.16672277390669304,1.24735093352208,18.27075110587808
496740168,1,280.33902227565295,0.3848514151336408,0.22658994452088904,1.3650188597457864,29.969804370632865
496873266,0,108.8697295313261,0.36115467283035363,0.24179649189778124,1.1352399828161381,18.029698433706308
497236966,0,103.96043329428156,0.3902090228810643,0.18562367149242165,0.9592852122703937,12.44743981036564
497317849,3,60.77127545669229,0.353509165241245,0.23978189594434154,1.2218355678699482,16.099149990885337
497633362,1,120.73196300271948,0.3603776384478397,0.21764358663103903,1.2408082966468275,24.312857948000996
498302991,2,201.22875367056469,0.3737690956325677,0.2518761872986885,1.2464950834511954,21.19752787226429
498538377,2,241.20773471093122,0.3931982194951311,0.2069974332769381,1.208613663841267,20.42172770585033
498645722,2,124.09126031046084,0.3710250490708633,0.2130692635544548,0.9778436580155846,13.367500614581243
499146119,1,67.48859054604421,0.3582843150974161,0.20882553816131497,1.023889841095373,14.77646525883613
499802239,0,137.81180464692014,0.36746900753209705,0.24851671165242573,1.0687684996806386,19.269753195634962
499947957,1,151.51745533085872,0.3738652360964846,0.220537483680041,1.1434071782306614,18.770482127613036
500257329,1,140.0026905193032,0.3695975428106682,0.22150348078379933,1.051164280134328,17.258756311265582
500559499,4,25.22748285789953,0.3162679158536569,0.22679850078698033,1.1435740193359978,20.38668965299798
501088576,0,29.936394800855126,0.36542372101820186,0.2758080764701796,1.002856145345104,12.71381015951695
501489325,2,67.52564673896035,0.32372548441422955,0.22965212650186043,1.2029757931297465,16.14107517805906
502239610,2,186.75777490380176,0.33781239086473797,0.28614372162617785,0.9753827813099376,20.519661497688602
502600207,0,25.53958687753834,0.34604375220896433,0.2701590119788714,0.9391263004591015,17.769969847140636
503030513,4,44.95457542867751,0.3639216011980494,0.2581315794935341,1.0263773859503105,19.271705853480185
503126715,1,-61.788604963721866,0.3183555470439866,0.08638426135443489,1.412755838390025,13.696278316547891
503535995,1,198.58237115583577,0.38838600900816667,0.18833762258830017,1.0302418415908532,15.99733598480296
503739413,3,58.012954747462906,0.41621094948161913,0.21657318428279088,1.0317441538513497,19.324447262342566
503770614,0,171.11553860369168,0.36309203128911105,0.16110772851393462,1.0921512554426565,13.011630447869837
503797851,4,160.62659040888678,0.3686355093529921,0.22171552859014493,1.0749763182718632,20.48473629604938
504470036,1,112.288122122083,0.3633288957473087,0.2194136113903499,1.0367868839355971,13.51598001814271
504498894,4,18.80314531444907,0.3534542237526554,0.28845579988971937,1.026820470641441,19.34889773077559
504683650,0,213.4169378537242,0.39638002811163325,0.19245401713967308,0.9898509062388697,13.999126586917162
504741555,1,69.97737683281022,0.33115989836838283,0.2574574154727415,1.1942838687988506,22.317579060484235
505042674,0,120.14768618581932,0.3274443195495074,0.15149766905613452,1.0707789008964832,13.702798031337519
505139445,4,26.155074466473835,0.3598913077078668,0.20166649587076443,0.9228833328539519,14.721755787175024
505192232,3,57.55453472539363,0.3937537528050372,0.2683556468451503,0.9912855131789088,16.791652398733287
505306090,1,205.49231562643237,0.35710430602276155,0.16216616787048593,1.2332641336386714,18.685691187798394
505372159,0,91.20924544619454,0.3632204336394128,0.22263682496822934,1.0209019479862502,13.99130113976576
505451918,0,381.9433300478497,0.4183507776677584,0.17553329646132665,1.1403315855011011,24.82711809644653
505548035,3,189.4821124666672,0.3531451376986336,0.287242449900879,1.2175084349077967,21.072612259855163
505708528,1,-80.94091251633114,0.3146278200604047,0.11408401710134783,1.4841040670892653,14.045826456534371
506323355,1,48.10028396413163,0.3380351071187051,0.28508770380541254,1.0504612623195644,22.003926527169554
506576027,4,12.60408769128179,0.37073382029109886,0.3419798028005002,0.9067643209835423,18.05537583403128
506639284,3,282.4109686741392,0.38547273606738863,0.22283246190401437,1.165463690006036,21.86228405910685
506748374,3,15.43449339199806,0.3416110259003395,0.27708080698789234,1.0478759031189586,19.54817458989327
506781855,0,342.1033462900134,0.45613684627357626,0.25496731772260967,0.9894585181285996,21.996903838275127
506857730,2,104.67890977291047,0.3836286613205139,0.17629513517688622,1.0016411016584321,13.803665595301881
506874673,1,171.4641087205368,0.376909745712622,0.3547358835126048,1.0118280258573957,22.25633933912296
506900433,1,229.74504609823595,0.4316762346940459,0.18095315274038348,1.1780095445795786,19.694524355026655
507068449,3,106.24790332267087,0.35939431601158794,0.24425332275261924,1.0124616105243474,15.902374530344453
507545745,4,88.35380652970257,0.38482621003928247,0.2803312863502711,0.9319877524763133,14.582219779735661
507783555,4,132.8539634212524,0.37426048241563786,0.16247920596534854,0.9466379951404013,14.620599597423212
507898117,3,228.02410438176886,0.38823903068254345,0.24799212932089768,1.2588116426620384,25.108241981562873
508336740,1,102.70886361607306,0.3895796839394339,0.22413470413572686,0.9286459379612656,12.526080119147718
508339615,2,133.4698163951018,0.35972620911201453,0.2505212169259129,0.9546034533797251,12.848393965111985
508597876,4,135.9608042049722,0.37967241227317283,0.27596587401083433,1.0879378900160515,22.64386784362483
509167762,2,250.23630280414147,0.3508291635270448,0.199016896235184,1.1146619604282164,17.65162932286955
509179600,0,310.895195941816,0.45602661577834225,0.1758080190621789,1.0624044587589943,20.217838235749788
509220897,1,153.1281125966766,0.3773372604595414,0.18870323966843222,1.0855364446675415,17.801578856645435
509241405,3,133.29819237878576,0.36018553017538335,0.2689336158176864,1.0974091725539346,19.590489940643447
509577164,4,64.63581287508131,0.3563540207581946,0.16937579054693797,1.0056670742376066,12.41100638682547
509659753,2,214.89731060632943,0.3610000459473931,0.2110607015463982,1.1639915878380798,16.18371686289889
509959736,1,119.07877934892554,0.37020135557556194,0.25147316151905336,1.0070373753698858,14.240330303795414
509992676,4,199.40379693375607,0.35064682316780776,0.29056030347815054,1.0623575245583359,21.394994528118545
510587206,1,1.154722984564458,0.3206864539528322,0.2400747394072114,1.0050298335829242,17.939752421758907
510665412,3,62.22435421082247,0.3628105831820126,0.20739721530834515,1.0932019197118856,12.557104812943965
510669742,2,246.13817046966216,0.35733978543259587,0.25916895797038986,1.115324725867121,21.79260244917951
510815019,1,41.710984363201106,0.3412657212377943,0.2177423654408466,1.014236789935464,16.04305292742062
510908370,1,100.06543689278823,0.41906486204241683,0.19526022503717902,0.8590664231667008,12.325681777362005
511605655,0,226.13386327836514,0.34457619364155,0.25043586700154674,1.067805653123699,17.199535463577295
512074662,0,245.5441918224002,0.36882150254022406,0.171912491623676,1.3945123579606684,22.721241953220368
512260776,4,128.12309803684923,0.3537190431904034,0.19934555000034393,1.227088416613752,14.71843876993378
512380282,3,58.013940259308754,0.38087505246877246,0.17057999556951037,0.9359821739989055,10.412892778990908
512910152,0,37.8510666040686,0.36857101913717705,0.24836113940593127,0.9930900838176746,16.9554041496435
513101692,2,186.06976580049,0.41851977650399486,0.20887215393970202,1.0068081008431295,17.568232887296748
513259550,1,234.22110671952106,0.40305941498961134,0.30448151297040055,1.0663851310958965,23.870557054545806
513674501,1,38.131799856198825,0.3268715185171598,0.24205841218278523,1.220132536279243,22.222387356485374
513989706,0,66.34366021515649,0.36274776611065757,0.25228264706538217,1.0427155476796675,17.167898055827735
514517104,0,46.57082039108739,0.35234609102314174,0.20099532629560712,0.9895830451492315,15.748409082645786
514560887,2,84.69998055801406,0.37213725360837546,0.288272768136624,1.1684929745994534,23.610118663718673
515010874,0,28.910814875618996,0.3356919403334677,0.24158699476710765,1.0767483860458604,19.787537593753576
515242470,1,79.80681587645869,0.37242025032665876,0.21473930519159545,0.9602239004607317,13.611459524857512
515253113,4,208.68864915535744,0.3823768906161488,0.19009260493549812,1.0004926722922076,16.616382992257293
515420444,1,34.368728952429365,0.3522644438360316,0.21202444693258773,1.0538697839882913,12.345083612445896
515584536,4,175.40250722772225,0.3663706038739537,0.2633103497184828,1.0884957048916446,18.25050836549779
516007514,1,298.06772469528914,0.36885639538214465,0.24185160190903052,1.1076593830793082,25.11455562314905
516038607,1,14.842930495495523,0.3237913534228153,0.12035480434269422,1.3813179910691593,19.45267122678373
516307046,0,35.60234070328158,0.3273523652603512,0.24618355936449313,1.0779506663536766,17.07974354511807
516348325,4,93.92620711079361,0.37821851087047825,0.275124419273215,1.0214185275156045,20.10763382277476
516368509,4,201.44859964778755,0.3662065083105602,0.17655958769221186,1.2208093056480003,20.002552156448438
516575920,4,190.18799431805274,0.409966049245513,0.36742265413573616,0.9623449583392212,18.131128114124063
516647275,0,101.50206223666216,0.36397039807827203,0.15858810972473286,1.2671518686594097,21.05113309842163
517724366,2,-6.657490593838432,0.3633883643523062,0.2996972408302919,0.9406481445457483,19.695291398739556
517814653,3,-13.714207619214562,0.38911006957578875,0.2616953361747113,0.9625562864379624,17.084099124504913
518335451,0,5.480109921560782,0.36715241670055065,0.19353204892704018,1.1751917853560967,14.840575398574941
518421541,0,-17.787859154868443,0.3816697343062751,0.31955883361584814,0.9596544642016149,18.358815259057856
518799909,0,0.02754732079810651,0.38452434889154297,0.2462796563151901,0.9406433748354525,16.317893374502358
519498812,3,55.963694778086904,0.35263964251362984,0.202077806427781,1.0818656536347175,12.439588515109413
519962205,1,-2.2917347397417274,0.3069285392723431,0.21865623777227103,1.1957908254403706,21.96550732210998
520233682,0,15.825407659937994,0.4050685081763518,0.3872435903251847,0.8303678771562375,14.429113238098033
520243279,2,279.8833194467528,0.36538616627505494,0.24087035075804347,1.0598316323438746,22.5246943005871
520514597,1,211.06762533840407,0.37938293407247714,0.21520425816081395,1.2480421680948743,25.395264848619966
520557915,1,5.830198597605829,0.3305268815696302,0.19733473418643357,1.1332440320946255,15.762680655034593
520586980,3,206.52897522405368,0.3688755501963266,0.18631982003808661,1.0154994841222802,15.132724601462437
520661031,1,225.5611301546475,0.36408045095323577,0.20218841991299363,1.2994361758211503,25.262207154269777
520740305,3,-3.916315662193682,0.36883914320393046,0.24243815164827962,1.0879553723453061,16.990843907681366
521246166,2,104.73483857317463,0.3395365637250402,0.23428374689883172,1.1578610455775322,19.679149335404745
521384312,2,163.36414967874302,0.3491157060060969,0.18748158743165633,1.316116189434014,20.534722149194028
521718706,2,206.93461880883007,0.3736136125088665,0.2221619718198653,1.074423004946849,18.072134864159143
522844869,2,33.06692043192025,0.36296290491903366,0.21296347907107765,0.9650082592955721,12.103786484989616
522894499,4,197.2286728756343,0.3489809887563152,0.20676953849162416,1.0874379096113598,14.612375001968648
523250559,3,-13.411865947782033,0.3559957325138026,0.21893941780986204,0.9650974057007742,13.720602255002255
523651487,4,130.72654189285421,0.34285529055200176,0.2933995383760658,1.1255696186290396,23.257893024109695
523668736,2,18.22425967771676,0.3546347565462652,0.23811889730863767,1.0610914408549492,14.772600287314555
523674609,0,150.9237766913062,0.3745232831535802,0.2129478754864422,1.102414742755194,16.218719714066705
523947346,4,67.28151087095273,0.35203758185536405,0.2289874443011292,1.10890390343604,20.74742664909885
524444446,1,37.12406691928949,0.3476744534224407,0.2330450114242807,0.9576824814072774,14.685496936817769
525351897,3,203.8237485479294,0.4390664717320285,0.25464480846099025,1.0768369174849017,20.446586183522594
525571828,4,179.09794559147247,0.38991255165810534,0.27690394328460605,1.024144898167306,15.547324879331715
525996171,0,65.60676238760288,0.3459657639365286,0.3150940278518274,1.0452907383899492,21.257960728010584
526128388,1,102.17463411122807,0.35838268399363427,0.24231813146669368,1.1478439473118942,20.912105146436552
526195593,1,91.0008223728743,0.35481007773253725,0.233163682832028,1.1605488342708585,20.672344458622707
526647748,4,189.0712038127627,0.3640522750766857,0.2601328661506184,1.0542112778835704,20.933247143688305
527877967,2,140.5318487587259,0.365025464996067,0.1885139012167536,0.9168374977888372,12.368648811951058
527882654,0,10.505458788215734,0.3256302565115795,0.08259484621200258,1.2616527290034771,12.42254360023325
527894949,0,241.7675542911984,0.34620851752731335,0.22382840008804156,1.0574176140172498,18.06499890640132
528293396,2,58.85001851268323,0.3838403040630507,0.34874030367810327,0.8922746249269546,14.048474028528151
528559472,1,47.26871104937503,0.3844171209846288,0.24391854181118974,0.9331945241385956,15.118604117232778
528637709,4,163.7921566820947,0.34055116587807566,0.2607859178540152,1.114212900811766,20.657707569396514
528781081,4,182.7223348808378,0.2980219670236587,0.2045285528047015,1.1277220751554355,8.356564617288921
528835439,3,163.28536352772454,0.35713594557614486,0.21391005779917058,0.9501341961684578,14.073374196886904
528964340,3,140.8196321491414,0.38129565628826406,0.25202085896825915,1.0787165037946784,18.748949061591038
530057519,1,233.26946007345362,0.40147700110465134,0.2795055963576663,1.2668657528456027,26.974072999908373
530220535,1,140.1842520786384,0.37423050512165434,0.21172213677439275,1.0893327073679768,17.627194849441302
530546443,4,168.637179422627,0.3583233620376973,0.19527715635887669,1.2039033738571123,21.328415878193667
530898286,2,164.62155030343212,0.3569664749851402,0.26846819026519614,1.008246835162728,16.937278949020996
531021171,4,216.120188212861,0.3841782444301573,0.27571011609646845,1.068173731647616,23.881028491369364
531044594,0,122.6032922655995,0.33604420784602723,0.2948086541573639,0.9399053540519693,15.219521405439897
531093523,1,53.138364966088986,0.3616272868815766,0.22879519422751093,1.0117519053378021,15.468011496023747
531126908,4,57.30031624804749,0.3467478102280632,0.2818511862582872,1.0592046948712013,20.99632293187942
531544469,3,147.881696452045,0.3475506464857956,0.2596547182793732,0.944154022484889,16.535109657604252
531780740,4,116.34531303546159,0.3644763277625283,0.13800537752940203,1.2938012508606063,19.182146108920847
531904856,4,204.86837666200498,0.37022444320704045,0.2186356870591156,1.048668753652684,16.44846480641986
531967957,2,114.98421573383385,0.36352377772786365,0.2745926251520672,1.1635865998280528,20.464751850982154
532718186,3,64.09835342610803,0.30961540868803833,0.21085857744407008,1.1546713647495794,17.631679721009142
532722806,0,27.852916600609284,0.3043685366875964,0.2295217871863598,1.2231595606724284,20.833878541440065
533889632,4,102.27576406777892,0.2988259942652482,0.19363568449917135,1.3546407629687922,19.50347486409511
533973730,4,93.27958288462965,0.3208696824052043,0.1696806166425322,1.110009882410832,11.38228540592226
534049242,3,95.20684329396649,0.35763546998961887,0.14848668051588593,1.2216864223852575,15.71697592797537
534118680,2,44.023797382185236,0.3924156698540258,0.16483611984662383,1.041181341808016,14.029523553715238
534605075,3,38.82248680023096,0.36901655033982705,0.28422925532393795,1.0203106874416779,17.555204325277543
535310373,0,145.32405874796814,0.3374339608672379,0.25688951855916076,1.2356584401294666,22.883903015586352
535364463,1,150.8932908914544,0.3485044273833582,0.23556514748903215,1.2139045602847651,19.38584665822214
535689766,1,250.52662610432787,0.3756348662501809,0.16325788100102817,1.1957316551195725,19.43936977165887
535937381,0,-34.31992138597553,0.4111049588256131,0.16655608023058885,0.9783011262328296,12.750116453142452
536002998,0,42.562565828024056,0.3612873020683481,0.19826703285173242,1.119177549613513,12.800485444569913
536465827,1,67.75425186286648,0.40279858262735274,0.21960414872934356,0.8884277818771598,13.360461151299337
536792438,0,108.00285308738148,0.3800337003614266,0.22125240785675682,0.9996913897959785,16.301684600611598
537109947,0,73.65399860396191,0.3476214499084966,0.23500250437474873,1.066792954469707,13.68754377155938
537336269,2,21.077063388412824,0.34715689105767017,0.22885566052816955,1.0802648737306235,14.241500607943484
537664135,1,35.667656846212054,0.34863828854670537,0.26550842510030787,1.063624520913669,19.330538840277452
538207206,3,133.7044871760052,0.33881801929828553,0.1886320749689129,1.070751217977179,12.67094478603809
538524881,4,171.88964816113452,0.4320111574597942,0.2239080703661366,0.9712373328573327,16.430263434708305
538540896,0,146.28488690323573,0.35478534917706545,0.12880457755568528,1.06907838038198,14.832099857763604
538764320,3,193.5782604955529,0.3563793458909792,0.2884346396170719,1.2407971056416778,22.991790464339388
538774618,3,34.08355787902253,0.3589763533108947,0.12773110680025446,1.4555377906092393,20.936450494865426
539017358,1,294.40454595533566,0.4325167892957131,0.32761636639869085,1.0163738968293017,25.53571257399882
539302432,4,159.06965800563142,0.38455810384474265,0.23365815428797282,1.1507517930527247,20.775164916268736
539590566,3,56.97100815039208,0.3651936764971174,0.22866388000523508,1.008453138582464,12.271245531036147
540095012,0,51.877864936984494,0.3404390388603253,0.24412614866271107,1.095351467748734,19.572956933909012
540297296,4,82.65689616644582,0.38005895161968795,0.23155379002166807,0.9336737211788225,10.151929010588802
540769722,3,186.37389496354564,0.3486793535549526,0.2357156702981285,1.05336769580671,14.981951445647649
541086746,4,157.7689940488185,0.27465396362458083,0.26254480611506115,1.212384739355455,17.762264328116128
541170005,1,161.88052865501675,0.3740451684127526,0.23512976704629132,0.9220636144355537,15.209829932572895
541335135,0,139.10649483502678,0.36571737595680487,0.20636554279219896,1.1822825256722795,19.1961884091244
541484216,3,90.39144951085444,0.2941778519711434,0.21671103230312905,1.1768415835414543,17.882010468700123
541941802,0,36.166540842441805,0.3309389408241734,0.26661621938029884,1.0790881893076603,18.53512911748358
541986160,3,54.939971798368894,0.3821327049040967,0.22697713562485114,0.9091111016251827,10.889978961172197
542632051,1,83.70914454240521,0.3589632275533067,0.26525446726010665,0.9859111443504767,15.863620904268116
543084242,2,140.59977071887877,0.41685303119355693,0.3493094785678726,0.9648776829818785,19.45594142097206
543416509,2,95.73767887614143,0.36728390982852915,0.20078818698623638,0.9957152373219601,13.595903038643655
543539170,4,100.11644203882061,0.39183394536666094,0.22643394836748398,1.0384480374982217,9.31482960709058
543597205,0,152.00443918338937,0.3362725403959449,0.2084276827309848,1.120892339537277,16.82134250950847
543958331,4,152.75169024444648,0.35075787158438,0.2344634254617891,1.1485716651183762,14.941755762779717
544070601,1,3.4339342453500876,0.35503723596397746,0.20522927772089128,1.0958456741447495,18.02963424756595
544223047,0,10.14359847799399,0.3710570368443247,0.221840116411897,0.9343077653814498,11.191762346971473
544292910,2,226.03180534745047,0.37421765727115613,0.23520298773098688,0.9429764451102028,15.3594483204156
544581036,1,81.31276642150918,0.3938556404441871,0.3127946934701461,0.945792491068388,17.254179319686273
544904323,1,40.82934994907534,0.3678727360897189,0.2473679165361643,1.0497683031067124,16.264226993631073
545195322,0,34.93298921307266,0.3166212155184389,0.1884162638195882,1.1243592114289143,15.151364115682302
545255610,0,193.6605892649007,0.3493447248805732,0.2380086892945732,1.0412096625681013,16.36705124862777
545546596,3,57.61392267143964,0.3930291560379777,0.28180869352224647,0.9210349368831717,13.456813636884132
545845623,2,132.8810452430568,0.3568864604249821,0.26636534438474163,1.1094736894354056,22.50604231438191
546152235,0,209.78635427677892,0.39477026912410124,0.2107523799135752,1.2230511362837748,21.844926202841044
546427927,4,93.76515040949077,0.37151593451232107,0.2898139468089226,1.036875013586542,21.06376522850756
546647857,1,59.10430672418889,0.3704748813284263,0.319472202670456,1.0243757152049338,17.83903266654163
547172331,2,180.55561488784627,0.3577186283440381,0.2245370871232663,1.0514579752319195,16.320557075181835
547602790,4,108.82541963323546,0.37810379625465024,0.1902370980562607,1.0714789821877497,13.067012331324932
547840653,2,30.178321203931446,0.363715773365933,0.2592045263841574,1.002659683075761,13.58180568495019
548011241,4,70.84061654360869,0.37827398274187274,0.2682998843255397,0.9498322705254331,15.69250361110386
548292823,1,68.90223020565627,0.32195001656971445,0.22853668780795483,1.253110398749226,17.02904776133844
549125416,0,200.51544604865705,0.36514074615915026,0.25013444906809723,1.0743452292494264,21.520736766807385
549389508,4,144.1965890189622,0.3617189581930539,0.19311691856132063,1.1045608961367894,11.329347072038972
549579953,0,245.8146664916955,0.3462610011589013,0.17386387319622149,1.0628048940563735,15.926502233875139
549581828,4,199.95010478467515,0.3845798411003824,0.18230103108919954,1.015242032816582,14.619164883521819
549614488,1,212.14872420891234,0.36681342659796246,0.30214602570032334,1.2076233380540509,27.608131327230936
550069426,2,188.4924807418347,0.36702367001017977,0.23702284419829225,1.2146747504253226,20.307386929850416
550478997,3,167.61521483351834,0.3611074605937568,0.20367752894009156,0.9930917724164923,13.413807948745745
550776469,4,360.1007492074958,0.4359229283891449,0.289746697090192,1.0255182299685204,23.718353728427257
550796562,0,197.83048489272682,0.40255379394145396,0.24900967539700292,1.004107458167294,21.340492771582923
551339545,2,49.62322545178973,0.3727906459415315,0.2955580590298126,0.9836979935471697,20.367335643682523
551390778,0,72.20464390635388,0.3518488875712839,0.21757946168454553,0.9896992411222545,14.842934337495315
551461476,4,198.54850325852442,0.3660637180053804,0.1881659031731386,1.2213302019171683,17.72598293472858
551862261,0,76.76019640754123,0.34186347761983016,0.27313620201690053,1.0448916078186483,20.476292202029406
552032340,1,98.68761745445343,0.35005405865607675,0.21491149677414226,1.1227206011193909,19.510951549819236
552315395,2,22.611455395684388,0.3228295909718858,0.19048534661328126,1.3415139404768377,16.460399767028857
552340314,1,86.84368328027573,0.3297735975108721,0.253218365320384,1.0766779194753262,18.799519619471216
552823663,0,35.68281109280937,0.38525811115663045,0.28404229234798234,0.9164797487733694,10.363700019621165
553001434,4,80.1401994772171,0.34433927868910746,0.26417624008348267,1.0882622789309646,19.053768305269283
553487456,0,148.13202360889116,0.3510840206437647,0.24544183957545784,0.9037271661561939,18.18208790568516
553498968,2,109.5382216088887,0.36503791191956036,0.23328927081283599,1.0709027176652441,19.583856951852475
553763789,4,75.68247184134397,0.3623279781765851,0.31263442081534026,1.0088779796650524,17.478320871453185
553989373,4,-6.309052965306876,0.34686535016375547,0.25511612688891766,1.0348309440524877,15.478935780356512
554199455,4,202.79203540621103,0.38230154468245514,0.1615156327046208,1.1988420855911301,19.152214262838413
554208834,0,215.02495164831834,0.33651880519667987,0.22967070219237745,1.1047876844078288,19.385775565907878
554219011,4,178.64818812660954,0.36496480541735316,0.24829080289573774,1.103903099217751,15.201540272551513
554452518,1,207.25164707043734,0.3653238188316429,0.1989775988396648,0.9940479596212705,14.706357445628939
554573258,3,193.74108709679513,0.3556073611237282,0.2797170135752052,1.2510142847079886,22.660538717674708
555027003,4,16.44060182185703,0.36564800672970504,0.2723222413816648,0.8972577271885294,12.687570338192435
555056741,4,72.0184328977625,0.32832674041424736,0.2735353807599462,1.181628136111467,22.264774657723052
555131075,2,113.27005772992706,0.3626873636516618,0.22533444141263104,1.0649173716100777,17.004514030231373
555208717,1,144.16819572901525,0.39589737768671285,0.21800060684210495,0.991674693217685,13.886186058197257
555363148,4,221.5591825094052,0.3789817083583766,0.3271074015774637,1.0637815053887545,21.60379165260991
555506282,1,163.8211776328676,0.41076474687226655,0.22652578305015522,0.9852956445267761,15.731827057043855
555542733,4,86.50030733091542,0.36797485837169785,0.18977530950958627,1.060290503723329,14.164759612252423
555601753,3,132.38668412076913,0.391772767653586,0.20211496309179686,0.9442050498320922,13.787937700271328
555803922,4,31.805242400773068,0.36797236473688405,0.2065549984925153,1.0064386713572007,12.403267889127637
556338128,1,57.28166385627319,0.3434779210441441,0.24898810927966505,1.124172424985841,15.814716491959896
556552879,1,1.5151947992697927,0.3453926133795297,0.22736889820035439,1.0381064032468417,15.452353553765528
556865522,3,171.91491949898366,0.37500868250468417,0.2799401457489418,0.9998655570624149,18.827193215089736
557037726,3,151.37980248569124,0.3607955382042666,0.20304888196147258,1.1053703782715552,12.599536985945944
558140001,1,13.035321576306785,0.35779322524819174,0.29298687434300713,1.063327911167904,20.916885838989383
558319108,4,233.05730398890057,0.38119200432534456,0.29295225808544423,1.1699936163089657,21.951229326617934
558482820,0,93.76311591230436,0.34177324848127705,0.2278717701904347,1.009210786871441,14.75400749506402
558675719,2,329.29452102410175,0.37798703156490526,0.19714039894107238,1.2026820523788182,20.50108528273988
558794697,1,260.19860934981557,0.4262054976345934,0.2912450875537461,0.9835221095897425,24.867638368559042
559219019,0,61.622935631133416,0.35490817255512863,0.2108934085199663,1.0288045169446964,12.72621086192044
559323860,1,86.74071771435104,0.36357129754244955,0.202763531253212,1.0386020869175567,15.365577758218276
559874694,2,45.560227387362524,0.37352135920971935,0.21664106315041018,1.103475281272479,19.176302863287727
559980070,0,169.35007559539895,0.38380201776456385,0.3110380915654748,1.001560471836254,22.598967959477886
560279885,2,204.40954957665892,0.3868339282143287,0.2445499763580361,1.0624296309653647,22.409681890398453
560554259,4,82.623083148395,0.3617781516535811,0.14400628159419326,0.9737448074502235,10.649809754617872
561158280,4,129.26515043525393,0.33057591484113175,0.23898438559686822,1.1089804253194142,14.977079191988818
561427423,0,132.57566649467176,0.3686977780710359,0.16775191869118927,1.000116024459005,12.037917842255194
562022603,0,339.5619864445014,0.39027087571063174,0.2205254666080118,1.09179327328938,19.120875113900933
562176358,4,-20.074034634759585,0.4522906213211977,0.17218357079553462,1.139560156152393,21.5688428423666
563610141,3,24.037811363130885,0.32592482671370965,0.19952364346296753,1.208969803711825,13.625076355328606
563697228,2,0.4152098919345093,0.3642566591177734,0.21333079760221335,1.0690463674377464,13.817518920978205
563771441,0,140.24050068673117,0.36108188061121416,0.11820482960296835,1.0746452997319011,13.607937702257484
563896548,1,96.35114635456901,0.36178986354239695,0.15469190549646938,1.0277182432768943,12.069241638788675
564164424,1,50.43281149669123,0.3475266596488909,0.26476100251366846,1.1854207859403876,25.191987660502036
564537590,4,66.22393116303596,0.3553389624469055,0.19214862442392341,0.9732404107186522,11.402995625961845
564783421,0,243.17964589864022,0.380658113516635,0.1100111675180967,1.076552478947885,18.281870648876502
564916558,4,20.944893131616652,0.35873049769561555,0.23926661471526034,1.0082490056670588,12.388176814052038
565093443,3,61.53693130224209,0.37628768296937426,0.15660579598263505,1.1695761000999458,18.60754301061728
565283885,2,149.88635748538263,0.3819690063843685,0.2319278360705784,0.8875290242002102,14.230010955469726
565371765,4,274.9528207405085,0.37971688205767395,0.1393005481681765,1.0762653637014228,16.08670904468014
565873116,0,50.127170395343136,0.36298115408633014,0.13484423746136862,0.993936767432631,12.675715831926258
566342268,1,254.55951005587974,0.3634820316124892,0.2559854713959353,1.078845878772354,22.801155887665196
566400652,0,82.38207527017212,0.3517989370268743,0.15361665874430752,1.116619559817288,13.948951075745635
566589613,0,189.94284148763018,0.3861548258092151,0.28818947922328114,1.0798148474133988,21.31279247974133
567353481,0,304.92493480303216,0.3807153749017624,0.19427013784892067,1.2597350128857472,24.303938086790673
567577514,4,26.033669845926568,0.3539829685395868,0.10895633906575261,1.1399472224732707,14.456628806334649
567731832,1,147.74726481855637,0.3250593139640165,0.22822469636908774,1.2462739346405092,19.57215358923099
567984921,2,230.4800257081995,0.35749593860114964,0.19901524803501808,1.1830509488521892,17.358419701367765
567993142,2,159.92769863436396,0.34578126880680726,0.19339900061830234,1.2311318423413131,16.585158916685838
568593240,0,218.5831263406844,0.3589064061355285,0.24194728740668014,1.1265668244688125,23.118747139035168
569949305,2,111.73467385179457,0.35713976695982214,0.22298354073829124,1.1152515189753096,19.228301445177816
570358353,3,326.80426178623964,0.40559429871666147,0.3011170205130612,1.1522024084473081,23.70179955417762
571029938,2,53.69869226546716,0.37132037884681696,0.28377553090399343,0.9358771895426664,15.52467311655151
571882834,3,-20.131346288761463,0.456788104151197,0.2768044195983669,0.9360176465090446,22.6243264686463
571931187,1,167.21216902298045,0.36108170822420566,0.1954374952356762,0.985524746596127,16.614782605251296
572496153,1,111.44971979126727,0.3759169283372941,0.22494349400783345,1.2217329206710341,19.483739721109803
572616024,0,41.607622702878,0.3315553803082142,0.21744780826345306,1.1029510016888695,15.34889667737586
573332233,3,129.75544766959996,0.37898655515948265,0.20643694510338462,0.929632568585278,11.514742774398545
573587884,3,44.8088899787815,0.3354292552332941,0.2795042996816161,1.042927437932001,17.487080263583028
573601315,0,55.76087356570147,0.3534021886316797,0.2587873334540448,1.0806899304971769,22.261209476695264
573843297,2,228.67277935236376,0.3580850420355131,0.21330751409921994,0.933863852296957,14.433729639170373
574000870,1,32.570155571628845,0.3766870705209554,0.18594190585366155,0.8705089511779569,10.843036595974358
574282474,0,286.6465441308432,0.34312284293439865,0.21006537299798866,1.2773884191588634,23.893478015839314
574709027,4,96.97935686769874,0.328000918840227,0.24638799889697252,1.0887113207831605,16.290600509397954
574749285,3,238.07997327356867,0.3713712377180727,0.23025049358241761,1.2728329537427272,21.247041921660145
574869526,4,111.2439628026941,0.3838141262079986,0.18014932945116044,0.9865700175623368,11.272432893817061
575252558,1,14.441066681575265,0.3340271660186037,0.16465523053982867,1.3098692645068228,17.533968272763072
575704525,2,55.52382620691477,0.3734062069596648,0.23975734071823118,1.0038337787787956,12.975183234264883
575774487,2,214.63822376441632,0.3552997637371831,0.28399905467325004,1.1422444586654625,23.830216335215983
575975970,2,39.44879049282139,0.36016390168189444,0.24415746123442864,0.9738684295621912,12.988275504527017
576074717,2,100.73384049120874,0.34266503406675136,0.19235261826750302,0.9187763389422433,14.2570621297398
576198194,3,38.53743000435911,0.42236441896980903,0.23209366698444822,0.7715697689725285,12.209323115003698
576207142,1,158.3967416261286,0.35026430611387893,0.276237137860984,1.1581039152049812,25.073773377573588
576510280,4,179.4279225995104,0.3728416868552577,0.24199196181261462,1.0776191921608875,20.214499149756083
576593207,4,26.551066288434754,0.33263599956783346,0.22477370553051068,1.0787198895289618,17.060203132578597
576673479,1,2.5756108607375694,0.3187568848399321,0.19813088701256787,1.0733319136483663,15.622608452127373
577459185,0,95.92791951640537,0.34113778218046,0.2602499362956268,0.9795489480869841,16.633343652875972
578229955,1,92.5467139547708,0.33997193298222717,0.25397179019963007,1.1188923113367955,21.821507117286743
578399710,4,264.62592189870077,0.369744298457638,0.18622435824576844,1.3292439552780968,22.019845568861783
578503320,0,298.86761467116554,0.36296848954615496,0.2299743936473035,1.212308897078124,22.11835084212368
578621214,3,220.46059828882724,0.35701535737752504,0.29151185736832474,1.2761293612600506,20.96570268075578
579082920,0,74.58377089636467,0.3549703344070004,0.2672727771151491,1.0682332399359216,18.742329887566125
579371916,2,169.78734938768923,0.35758834383688876,0.19449331990769397,0.9696572181066357,13.40809506523189
579657278,3,203.3468677175207,0.34223185399655814,0.2362251516911397,1.1935485398962222,17.195362716611562
579662449,3,317.03532049245973,0.371683228787084,0.3168590017765028,1.133247743338487,21.947759271579425
579955066,0,194.1590085757527,0.40388294455378354,0.2727864519059377,1.065809835111995,23.84674755882486
580099798,4,104.61981429677274,0.3554477830564591,0.19639395180744368,1.2109120835182765,13.88192982731572
580261809,1,63.640301984235236,0.3759022876016076,0.2882311723713614,0.9931955118424157,20.3606281767869
580635980,0,93.48226702807376,0.3456550935132776,0.35320450486220745,1.0608007852536403,25.17492428532013
580687337,3,65.82745567430952,0.35066230867848974,0.23888961549434853,1.1697545979449575,16.559793457681735
581074933,1,138.09227432099368,0.35268611545086015,0.2127334060345009,1.0487318924467306,16.923532295400044
581609876,0,314.8670586621892,0.41801687235009183,0.25180012434130067,1.1288339594427104,22.771036584688073
581660606,1,7.470709414164034,0.3387179331305538,0.22483829796924518,1.0837310534506368,13.992666236655026
582946121,0,75.88527489727963,0.34663431980825943,0.18033986182579753,1.0607229971545453,12.38951458574289
583194891,1,17.012237952119676,0.3796239187391713,0.27298673982043814,1.0043611955141116,17.24074290584002
583338677,4,101.63091687732106,0.30597044750995994,0.184192002084667,1.0714738585028276,12.184642772103544
584085881,0,206.82296872929982,0.3565744405256559,0.2102229864685449,1.1490720445923357,19.346731250260554
584252027,4,-13.919075321422255,0.36265154490285956,0.3191352930479976,0.9654316319541725,20.629364889057236
584265872,2,57.725759172142006,0.34956941287204807,0.2101429804832272,1.0761103893348996,15.706695035248615
584442637,3,69.23018921666394,0.3327753429180303,0.19544287546721725,1.0659472440031952,13.645340380212858
584754403,0,60.00077803788963,0.37084180191366656,0.2015512159611649,1.0894495806226254,15.443460843464136
584859367,3,129.24453160296935,0.3790598101276556,0.26799344945001286,1.0670517766279177,21.170242814382732
585087137,3,69.2406740604883,0.3406036972789754,0.22606028693235797,1.0940885541241117,12.811569637872234
585151885,3,65.9835373656644,0.3336405623085645,0.2624264869647436,1.2359484854575078,20.883627234223443
585470216,2,71.20261205531955,0.329171960357151,0.2216090916362819,1.1973109387357113,19.477576621829726
586106490,1,7.164437639221006,0.404414979515709,0.3535118451234456,0.8960479794527898,21.21774453126738
586189423,0,10.547383874310626,0.4061614260163757,0.19624062376907636,1.0415322849931057,14.85053603855075
587160342,4,233.15490911076046,0.39915885446900634,0.1738970721946166,1.0558239094589157,14.657629252082094
587553432,3,237.0027520338529,0.37057915158516774,0.2629162355532478,1.1758958355286409,23.290278999886045
588836303,0,300.9181169763728,0.3908677778193065,0.27221222050501087,1.1216203271423737,22.552253533684638
589424672,1,156.44215021896923,0.3395619432441858,0.24676550831127986,1.056684782027218,17.023453220593144
589547196,0,166.266812970662,0.35770579984461726,0.1852777578676138,0.9683589339103781,12.52454666756161
589661282,3,188.94119675130543,0.3434784916276771,0.3076705004358534,1.0773133670159356,20.067088701184556
589948553,0,123.73878088187642,0.3885796996466615,0.14905741399545183,1.018395214106276,15.320534268458427
590016095,0,182.14778703129488,0.3758657454614903,0.23675339180550123,1.1032499821470259,23.023363031262285
590232504,3,56.36653193205057,0.36345501703818284,0.21662135448098271,0.9946360521599341,9.443594979405042
590474607,3,110.11484969231726,0.3416905759117051,0.2494431274140112,1.073157528652102,15.107879342966646
590866562,2,67.72283405712756,0.3679577374092117,0.24746296947760105,1.1086232199860175,20.485914317199306
590983717,4,110.70181242265774,0.3448803235178437,0.20781018903954085,1.053959967279545,12.757851088541273
591078724,4,171.2827156492034,0.3831071891339947,0.23915611887262417,1.0330952475312483,19.8700673569395
591131573,1,179.895492759472,0.32483324380643014,0.22972946485505547,1.122167536695089,18.51918748655316
591186983,4,67.2459766276026,0.369597687995513,0.15263873413470377,1.233449611819454,20.379895446235146
591253647,2,135.2938584308495,0.368394928734,0.2957165163516095,1.0068376942613615,14.403433254414347
592007373,1,226.45038541885177,0.3825494966182108,0.18905340455924566,1.0775034300802402,16.17356814827607
592083344,4,-31.563226449168326,0.36807730478399675,0.2857017229623273,0.9808690972221803,19.133033213698297
592184260,1,112.50243750807545,0.38932693842285027,0.30748444071050285,0.9649389252043117,25.060421406791757
592652494,0,60.04785170340928,0.355950737673889,0.24693930939682443,1.1124081104807362,15.624284726655667
592669794,3,193.767011069418,0.3841498798163575,0.2287228501935568,1.1769545388012081,20.756729129427736
592686193,3,266.0767946764861,0.3785321992674996,0.20214727230596696,1.2187183889617939,20.64702482298929
593164560,1,65.08364350306724,0.3747425123132398,0.23799969075642222,1.1057411433408695,19.212378349697236
593363809,4,-14.005990728265388,0.32145603353642555,0.16784685881414735,1.4704309536167994,19.081214690548506
593654363,3,37.45370104574261,0.3356089069506909,0.29880373523221265,1.0896067340490763,19.01358775364575
594032602,2,-7.652250596572472,0.38400351354341616,0.2523622705584205,0.9626414572955988,19.895111902008843
594346248,4,220.0947562598298,0.3865278899878239,0.2740445334710716,1.1004006569955815,20.5161554561636
594528040,1,147.22532067804178,0.3481317743731239,0.27609960012513357,1.2502886655903516,29.87554488529835
594735990,0,42.43799058984798,0.3612926580070974,0.24060833682057936,1.011662875024689,13.278862336960778
594803927,0,24.28430666488805,0.31266401024716434,0.17662199961452507,1.1292114546828407,15.486278576902889
595568506,2,26.71919107470454,0.3606963578661182,0.2663840465066732,1.1035579423012298,16.564970717005732
595580163,2,77.6806376380427,0.31545094052604633,0.17827285764742246,1.0472241423364859,14.514256238404597
595611477,3,76.51687338390325,0.36118679848103197,0.28101744609904944,1.0608376975169764,18.953698998445716
595928255,0,75.25071083931428,0.3049446689145552,0.26535559987286506,0.9619086303634503,13.068954501697366
595965977,4,89.76760060762105,0.3937184782024708,0.2543738293162585,0.9478146835991479,16.611029446559137
596712589,2,205.28706196610062,0.35822369246722285,0.19608688865968532,1.3292349503933574,21.372019047352488
597209826,0,112.59115463049099,0.3448402043840029,0.259392132461841,1.0675652449571438,19.14219359770075
597331938,2,190.4603932220859,0.38465764225362425,0.22263210486329996,1.0851746684644397,19.987936148310112
597719463,3,97.23518201610656,0.36178568042749853,0.2739381940418317,1.144723663665873,20.543545473682656
598302444,4,-24.612711625874496,0.4091230728892034,0.18259694056870074,1.1994102355708982,19.091383956075774
598348393,4,229.25524671817044,0.3362598827021871,0.22968581253560882,1.1437923549917703,16.868975323656365
598697113,0,68.24613921803864,0.37278724421676096,0.2949092591094316,0.959745503941052,17.114198232694292
598835608,1,128.55056771038366,0.3599960176031004,0.12148516687641134,1.2745725813423416,15.50910311586597
599456393,2,50.37812903877278,0.3634139576006257,0.34854296916732747,0.9342753579316921,17.27207097250082
599659861,2,37.47571011105879,0.36463604097833613,0.24796687055706518,1.0853730441901046,16.140351625238257
599773122,2,75.88781325407568,0.3605961101923657,0.207299770981402,0.9515058895676897,16.70455829458847
599869327,4,171.1080177520957,0.3732036405108084,0.1765612649162726,1.033456761228264,12.80589830791253
600169729,4,44.3326177846224,0.3473607170980764,0.3063821849929697,1.0567835695034196,22.223762182580927
600653180,1,200.80037818578737,0.36358296099217957,0.21595171522687473,1.2657142412777689,23.978898666698605
601022774,2,32.80744023267427,0.3537694978234944,0.21840423598051542,1.0684320186395313,16.847074626233102
601302526,3,2.5666017471656772,0.3155568166797648,0.3358333832494749,0.9445536721828123,17.77768780048506
601597696,3,116.51675969830727,0.34315726620584264,0.24641158306392402,1.1562454481437074,18.494626224705776
601947802,0,55.684966540312615,0.3333877732952293,0.2455420098645758,0.9749459859627212,14.073993771950521
602240929,4,139.80151463106097,0.3691693035596099,0.30482015889660297,1.1022290053569233,16.7140597775616
602268285,3,63.04774100623002,0.32949736848352945,0.2476753287206538,1.1747758176634404,16.272418963353207
602457926,2,231.04038357496637,0.36653202538395335,0.27524449500681775,1.0862725122109596,23.708616282847693
602531963,0,33.92577452708732,0.3414619815106213,0.28730608534036056,1.015564709972659,20.185705311244767
603228174,2,187.52148494762542,0.3689504795043005,0.25719871929184085,1.1342442354862214,22.050396877909307
603751130,1,77.0221157074786,0.3545539951636422,0.22099989734128433,1.1539101922716037,16.992373223715447
603788368,4,177.02044606752597,0.357847159128513,0.25352584586341537,1.1391689487710985,20.433407777297305
604020908,2,190.17381205900858,0.36495126593221944,0.18888247730321073,1.1833589424307758,17.435814747000734
604200639,2,91.16639107862969,0.36843121199890855,0.19510603831937956,1.1887919197919232,13.503932890402382
604209273,4,218.70471800288905,0.3608709470277735,0.21337857560057125,1.0699313310445542,17.308271626039225
604265550,1,-16.61836569299342,0.33815634662534777,0.21540307326520913,1.1039833034812927,22.037806422599353
604677160,0,273.04474689221837,0.3989746743244751,0.2736395651376189,1.0923053865328483,20.64262883645739
604776418,0,17.970675388733653,0.34818258783582096,0.18641121308522773,1.349238693356218,19.89776025515471
605651145,2,336.06837844924803,0.38204364982913325,0.18264411994464316,1.066440642566087,16.96364859983909
605771725,3,171.44923675571823,0.3725837129382956,0.2781098517221897,1.0032790108138374,18.72323068259197
605793172,0,314.2554889621401,0.3624718956295959,0.27586989100745046,1.1823284553333375,24.201097802754852
605814238,2,56.59427358611472,0.3463342964884807,0.24516349746460767,1.0700479061169779,17.460115034662046
606001217,2,43.72908118254242,0.3726925276210195,0.36929766219187593,0.9125162051739333,20.062795921130288
606308469,3,21.12781202903078,0.3586314917014728,0.2209132454671789,1.0665095844214403,11.995481704947444
606742148,2,-2.6834285877701376,0.31607933234286784,0.2995647854715024,0.9389592158029422,19.19701181624928
607683819,2,-21.756064203199998,0.32931439889527797,0.3254413996454677,0.9408497880365485,19.32009999380886
607770016,2,149.938012763416,0.36742424500846677,0.3123492587592316,1.1310966793440067,22.969019734200607
607998522,4,28.993601462041894,0.3784096957908875,0.2706517798025704,1.2134771019620978,20.412570591425737
608351613,1,63.08947379965409,0.33842433570563213,0.1816363482777817,1.064288591398682,14.113894256372692
608511939,3,95.95054373122687,0.3500452605640142,0.2273105526211797,1.124369706989709,15.433533820312775
608604797,0,79.34211117920228,0.35332872193777176,0.21543053751382965,1.0655756202654312,15.358090997337989
609443471,0,124.77236642071364,0.3499797809430849,0.2021492965633387,1.058151134321539,14.454094303142668
609699139,4,247.75971284006647,0.392669987084835,0.2851590150528998,1.0904044705406504,19.854902892822558
610205689,4,163.83480553904104,0.3767972162235247,0.16656304828722218,0.9877390835527505,12.01191566381791
610301577,0,22.01432890113699,0.33640409970019297,0.24863495949553915,1.0615107544264415,22.052908080356826
610345428,1,93.53540795705081,0.3674039367825142,0.2717485635163756,0.9529171812853434,17.16656721695852
610467941,3,268.4008654592553,0.37820842661785764,0.24792185064068634,1.121958324463551,21.021503451851892
611038154,0,86.08199946110386,0.2826922683688444,0.21080738169473306,1.0956052452287113,14.67009151486103
611092350,2,103.65525411351378,0.3609726458189244,0.2167177205120238,0.9226850963525749,15.319130003066313
611474327,1,155.2371721385735,0.37567656141575567,0.14905969336484237,1.27476024787827,20.53785676159379
611875813,0,159.85689734135713,0.44264048612975426,0.2535517916276598,0.9801925006123049,15.965367372985451
612139638,4,45.52804110884917,0.34987898514218857,0.22821405646009751,1.037056263940661,13.904240374929843
612238315,2,38.7561560498367,0.3660703952376208,0.24528849177443177,1.0920284253425043,15.961591317882707
612321381,2,127.44245284844233,0.3776202046417553,0.2579459785639666,1.0185259887945375,19.54246634586736
613718745,1,-1.4848149946896143,0.4662071780434559,0.20645191529904824,1.0554479045771659,13.114474750085645
614253049,4,24.66254565496277,0.3464395790833057,0.26280738746453375,1.066469088692784,16.446935679121292
614398604,4,32.988138310791356,0.34088210774465644,0.34219723641300465,0.9387822850889875,19.757059674148113
615042961,1,188.4847415041447,0.37124223576157656,0.24207346819679143,1.1548811426787422,20.6433367300435
615903439,0,124.99768745666304,0.38717672942799525,0.21472808835105356,1.1220298790067804,21.466097942531846
616073908,2,191.99501581813882,0.3424370108564747,0.20649349072490486,1.2436513757498753,18.264398298879314
616177559,4,128.23952339849492,0.4166282459472467,0.22616769306674414,1.204369260700833,24.41945849453816
616276017,4,307.6853234327731,0.39290706273635206,0.24411817553932766,1.0791003757750253,16.836091138292407
616326539,4,146.15377424741004,0.37012179137244205,0.20630682827549782,1.0684351624067059,14.868208502476646
616797364,2,168.09461070786162,0.352925019006773,0.21375685199380778,1.0451992962905534,14.572145756913974
616888672,1,75.29376231004986,0.3881071251496813,0.18441869425758656,0.9362456480777874,14.758461205633548
617569770,3,76.85810101427009,0.38526123617814834,0.28228276130451785,0.9402232290330196,18.939172244150033
617741611,3,208.53016560037935,0.3758501318260328,0.298120800018482,1.1377353138314752,22.726029642900002
617827761,2,306.45542112604636,0.36078174443805067,0.27297202966326406,1.0875638255590507,22.45276119254785
618105578,2,135.64882951366536,0.37484973276599975,0.24926954736475468,1.1408871454144196,16.34240775055007
618173505,3,64.12216940559625,0.3979216938610516,0.18265165650954812,0.9763468815723408,13.382157065598976
618916633,1,73.21794959225151,0.331218408662394,0.26624768552901745,1.0851164341246171,19.818196240311366
619288860,4,214.31303106402612,0.3700832016377109,0.17534384674114606,1.1652441358548515,16.7821197420339
619459444,3,75.14483042924643,0.356646184956359,0.23758820066789232,1.12225898171687,16.525888713029506
619582212,0,36.75084871580501,0.34535053904450125,0.27145313241739205,1.0402658253746562,18.07877622082578
620886467,1,46.92073070160931,0.36391899307803116,0.29354269613712647,0.964645881369566,15.469764252791888
621166590,4,281.892438784088,0.36321541166931365,0.27273344661898563,1.1217167479425585,20.005806667433937
621229234,3,164.20410778119236,0.3951950160278727,0.30164416466798283,1.0438345946376466,18.135216739165088
621730557,2,289.67242359703164,0.424253158929921,0.15450070611519456,1.227242270741077,19.32075853517019
622020530,3,60.52944755331272,0.37595503327429103,0.24792350827634393,0.961901961081408,12.849255807556052
622295554,2,-29.2168591720271,0.4024930565910589,0.33843827135133336,0.9297692843893642,20.30080123766634
622583757,2,61.63655846784524,0.3612619487767294,0.3401482522669926,0.936124622032876,18.91148232194566
622739506,0,82.86067205707985,0.36427685773673313,0.23616768998769178,1.101976379566186,17.41716633965665
622744419,4,22.15070851535728,0.3755976520514745,0.2284735305242594,0.9370719481760825,15.57163799901884
622964705,2,-14.771801297096886,0.37056179193685823,0.324297431001727,0.9260241435317174,19.708810160890096
623331916,3,0.24094746400687939,0.3497741138147482,0.21915024717724457,1.172418198500289,14.924098867859149
623402372,1,46.985001739268554,0.35664606810661276,0.2627587040898742,0.9822280254942435,14.806120133939793
623537081,2,195.06554959461096,0.35565160227240056,0.2067450874099747,1.1345218075143157,17.920899336247917
624096781,0,180.77167630075255,0.36209716936124875,0.18844597706649802,1.04614899215887,15.954986673553993
624193573,2,10.363867914860023,0.36309499697861797,0.20559711064310315,1.078020465202334,13.93811751133551
624503496,0,-24.76549936595383,0.3547435765272594,0.26614034283491256,1.0053494314629363,16.381852626406843
624653441,2,145.5123833212161,0.3623284141253871,0.2555761297751583,1.033286166086898,17.878648085789106
624903152,2,208.25148421101494,0.37179767891081705,0.2659756139434762,1.0801474848636266,19.6031535508792
625017301,2,30.272726963824383,0.3516458634942939,0.29489241091734375,0.9440126981985084,15.834350415827078
625314216,2,254.0306547652641,0.3729324018854709,0.2734984021860619,1.1388281668901905,22.499105901565898
625438419,0,83.62779395273809,0.33470894844495763,0.20121765509299983,1.1758316956931525,19.913390143029726
625535971,1,103.72102693467019,0.34659541935638,0.24255673447123666,1.1672623031001093,20.852098007105404
626242594,1,217.21595966155957,0.36764505394852437,0.22690159251767644,1.0337710929293256,16.711998289017767
626677373,4,123.66303930543444,0.3408080370865545,0.2403505033492676,1.028202088950205,17.514704953689456
626841881,4,188.56323528476986,0.37795745794436153,0.21335195435733192,0.9939297341860566,17.348382504251386
627271746,4,343.4535240081814,0.4064544182762381,0.2312297803409698,1.2277244554187376,24.957690933291474
627600990,0,-38.418835002447466,0.37694636690095373,0.29161520108244693,0.9319728424558035,21.083254690511662
627652902,0,111.75544090051675,0.34110135516865986,0.25401204015299406,0.9788817417242853,17.715741615608223
628380881,2,208.3760564091266,0.3532840483109633,0.23407554657494903,1.1808438197047852,18.789688384303478
628657458,4,163.16379944472754,0.42905571412655513,0.375188555200964,0.9288241665602155,18.22578853657965
628680153,3,-5.569637060526929,0.352203953541607,0.14533406570056756,1.254552192380177,12.00298111072648
629088925,3,143.16970374105028,0.34075250058970913,0.22646681607145913,1.1323878949124582,15.418493087844617
630629376,0,124.6694145585763,0.34893541632922503,0.2526373313816559,1.1034291259922238,19.268997240634995
630773371,1,138.02182350269956,0.37924590608772796,0.12694969273655296,1.251836826355741,20.55036361908735
630928117,4,84.01134679616906,0.35865013090945547,0.12854455849334384,1.1034593740660052,12.479331305270222
631598953,4,88.31168342296515,0.3343629076426836,0.23302703845149544,1.15518263996403,20.745763536222782
631618960,2,106.46883908081755,0.34710578478713716,0.22049781407959856,1.106712956110178,14.287794199220496
631651015,1,44.429408528339444,0.33462573299517756,0.2707617408420988,1.0430856800689505,19.22296588528345
633021524,3,-13.1167602718007,0.40716347450476476,0.34292710291581385,0.867591622478652,15.348266159391875
633348725,4,32.11335467089238,0.3843004196698812,0.19834921460572624,1.0738204360096795,14.502855810053124
633555318,2,30.96689414400275,0.3556175021435969,0.32721608312023825,1.0151171143984834,20.836216535806315
633682320,4,135.45941968728778,0.35996830574277167,0.2677639080861644,1.1209497919690667,16.911766855198046
633891368,2,31.496122525287674,0.35973595725619045,0.24255063330074528,1.0574767151609343,15.182785407403157
634005101,3,110.28323357815458,0.34627890692439856,0.2053977330031938,1.1823043936007498,17.317772634997425
634098628,2,200.45142532459556,0.380029547888846,0.24708806681761739,1.1043020348044879,21.409754804496387
634363683,2,179.11044717491032,0.4140142998990431,0.2835236827078594,0.9749593460942633,24.605207532038868
634587841,0,79.52999980707976,0.3692181646896628,0.259503535990229,1.0634326324552057,20.131411158225152
634645972,4,46.502820820788834,0.37650086293631313,0.2932594794499048,0.897950214261989,13.580482247155066
635174783,1,171.82939509219352,0.3829036786972973,0.2723159717482156,1.0831880828906546,22.244305690459306
635384570,3,64.85741469408599,0.36002697176457166,0.23290081009257443,1.0310642821977938,13.997505958981003
635778401,0,205.72818216492493,0.3578716740603944,0.22531898167290265,1.17411566710539,19.016067135662272
636010546,0,325.31387481402606,0.3765341159198386,0.22464816920565817,1.1541626563461,23.074780685676902
636356107,1,-39.81720943398932,0.3357162883593841,0.09020277479299268,1.6392872605589763,18.780669360749943
636526191,2,1.3336857001803537,0.3508350097244071,0.24120099282201277,1.1222903925100927,15.954526275001719
636697748,0,77.80467829335068,0.3543339096891816,0.23007999852467895,1.10150695894186,16.918537454276702
636769312,4,112.86758459783282,0.3740149046360823,0.2646957414814048,1.0716988268740129,20.522521606692894
636957306,2,205.70364094567424,0.37913095096118415,0.2491377930261656,0.9251722684956821,15.600880266668387
637091082,1,143.56393585519896,0.3400505480731247,0.21324991317543268,1.0309008783671092,16.684015516292092
637512395,0,391.96342562452764,0.41337441862835356,0.16647194822348368,1.1795462012913354,27.072096593275514
637669265,3,34.8296204127897,0.3927665133782726,0.22845887238240845,0.9414164059599036,11.765671143404873
638093915,2,147.80904758343937,0.36208514123209495,0.23866410105346125,1.0297176770313523,17.23430582613796
638503428,3,-14.586188500417535,0.3682626711026535,0.3157918901466931,0.9140164473770688,19.5881495220614
638750992,0,49.27382130136224,0.35865638648986714,0.21831991912908616,1.061270404064206,16.403415793630327
638889974,0,108.50691906819648,0.3522689160615822,0.24026916567703638,0.9122152763599293,14.342708825403374
639451609,1,98.01745400421026,0.3512205773699016,0.1166854475289276,1.1733366055200707,13.659310412660252
639553637,0,222.68477534545866,0.3502207950517973,0.2514000847681648,1.0723492791135623,18.126724221450782
639559230,3,165.34659329012987,0.357566191478781,0.3023041011879519,1.1883328847144383,20.979524263091598
639745269,0,128.36522005035454,0.3647163783686979,0.26539715963723365,0.9453145130261833,18.21289493763631
639748056,0,280.85538517133364,0.35896283539972634,0.2458637385305289,1.2076135512639858,24.10884862792882
639770063,2,6.563100159997532,0.3688017284265577,0.24099018507757536,1.0298116364699683,12.975233098437336
639796745,4,111.86685385558164,0.35318099203186604,0.3095891499265731,1.0926315187951416,24.298026140464668
639845225,3,236.90432111512084,0.3939915369555516,0.2936279827700397,0.9949043013278098,21.205712275216
639994792,3,44.324756449331,0.33984113899333435,0.18328789497900483,1.1163626545207863,15.780146501025811
640271931,1,252.78886110539725,0.40018391307725787,0.3233569815005194,0.8974434363598858,29.422197173364907
640368237,0,142.13917907798177,0.4024634411939791,0.29961483431155606,0.9994255126331776,20.922913456414317
640431640,1,143.54030165679447,0.3987293303205454,0.15046075315981108,1.131590533700628,15.354405879356815
640690307,4,143.18639477295073,0.37792752473149904,0.19834050161427955,1.2026819365029118,21.716916813676605
641501724,1,98.76189848363728,0.3556918089097408,0.29386725160672067,0.9614995952104046,18.0836726207038
642211921,0,39.14608885253406,0.3238416604943927,0.2950938945604904,0.9174094404239537,16.79516248877787
642330071,1,97.34095001329706,0.36688918593373315,0.23464922937860536,1.0266938394668716,16.47383218082117
642473337,2,328.5786106782469,0.3615482936769914,0.1824404923059611,1.2043159349464618,20.882923386858934
642535209,4,52.08597744230758,0.34446626543373143,0.28098782579555465,1.05915453715425,20.945832666664206
642639550,1,46.6443949184503,0.37878966706854617,0.20280254843688172,1.0830450233009774,14.665341735800977
642668949,2,138.4365291947571,0.3536158105992743,0.28909717324364714,1.1619335404030946,21.70389547924052
642673445,1,52.23246650398494,0.339131818874975,0.2531182448554442,1.1200404377134512,16.748059129672946
643189465,2,252.37651936024326,0.3632675328558643,0.26841714154609575,1.0123308387885137,18.552866157937284
643385335,1,-12.504359754452466,0.3246528095722231,0.11702338371828869,1.3651319815509835,16.580490529366365
643400948,4,66.31678673839323,0.4289865526688842,0.17854517448717142,1.047865909951155,18.445297531126382
643664826,4,16.68469227576834,0.36366123519363475,0.22564561822839013,1.004271383342173,17.584868365285878
644108438,1,46.850523908804526,0.3159861398702935,0.1822911598146395,1.0842007575421815,15.002543849223393
644505079,2,142.95740536769955,0.3764573106509094,0.24096949561688855,1.077327421457436,20.123041312859947
644711726,0,60.60346758913525,0.3484559856905899,0.15429356690393664,1.2585114771037198,13.55980672459044
644898772,2,165.18669627842345,0.35934467078268384,0.27606552478184526,1.0027235488594959,18.849567734007422
645076897,3,203.93207467373736,0.3603910610318159,0.21801717713020566,1.116997323191465,14.352652491943127
645165602,1,28.7278225508159,0.3924808398253283,0.28374237627674886,0.8567524334221129,12.31785867697141
645691711,2,31.401282715923955,0.34390753117884254,0.27397776622068565,1.0661004726918943,18.836813927262217
646292703,2,36.484883681653606,0.42680957321252727,0.34607355862001765,0.9391429403021854,16.33311275715385
646573750,2,133.69020162287487,0.37957057388770615,0.25585785293712476,0.9825777230837626,21.213055965565108
646596041,0,204.01593429492675,0.36112664585092935,0.22763039430641918,1.0497284338346753,14.345020361661046
646682941,3,199.33735119096184,0.36996597212725996,0.2905196463126736,1.176565894063512,22.39666453586649
647076607,1,54.26231339346455,0.34196459633898707,0.21776556265470293,1.2908803166932918,15.301773752886033
647273188,0,69.37550937562494,0.37303856489110926,0.2971600375628491,0.9771029443545179,14.77604461981445
647435977,1,72.43642498629708,0.32814925066355155,0.2298390039486045,1.0600814907892302,15.890123329319094
647484326,3,62.98283419384728,0.36323655182839854,0.24377445289861194,1.1174158857617469,15.45541322408931
648079347,1,185.70753357721497,0.35513689124428405,0.18962770461896078,1.1405204564536515,17.188090777899653
648145091,4,93.55319138180828,0.35955722431936843,0.25285621482697057,1.1668923656349424,22.504317046758885
648159856,3,143.06120389790001,0.3766859894172591,0.2257379475334192,0.940168317326337,15.805315073712817
648267860,4,9.110770355535763,0.3274342777823779,0.22906210756455012,1.1646588952274324,18.1181330914593
648602021,0,265.68180488221486,0.41628961502101547,0.22688739655625628,1.1360013648026297,19.954079040852484
648833303,2,189.10477534058865,0.34931515079498354,0.2834538643066745,1.1439695342623337,22.620971710473402
649508995,4,-30.50962950129562,0.3122710451385834,0.17724143553762006,1.4181886689642869,18.822560595250028
649600195,1,13.936501113070122,0.3505236502718987,0.2809824730199323,1.068245831399912,20.63982084031822
650082699,1,59.25357777553231,0.40929159666172577,0.25667440133435737,0.8931049788724463,12.844540377718149
650711958,3,12.746230882494785,0.41815294900719957,0.23805835392086921,0.9299538655762563,16.551174902677513
651742804,1,49.33548163350167,0.32018003981184695,0.27975022447208014,1.059548759551001,20.04347231439678
651985897,3,172.64307578361957,0.36398700143632273,0.20083602110688875,1.1001107119484361,14.308940969587212
652006110,4,192.0876899744266,0.3374326826601605,0.2729566018161255,1.0370088435348324,22.02566813820272
652579546,3,163.30925634372954,0.35679223065391685,0.2575499407417314,1.213275988101465,21.470938522269584
652611709,2,186.9653454991526,0.36606210797049965,0.25539000958085245,1.1121210715979537,22.26764588444852
652803633,3,128.32588757104517,0.3583910481755785,0.24449514136503714,1.0970821294947901,17.16600516552698
652821562,1,-8.467492251669597,0.35702081916893136,0.3177288636311654,0.9538623328331528,21.378719635178985
654743416,0,231.84760285837638,0.3464363466843759,0.2402266988465721,1.0807392458398302,18.411654993353583
655941482,3,107.79238078388732,0.3570687883062115,0.24963699337623418,1.1227240783047447,22.85679851128608
656702107,0,211.70058690127254,0.38041258589084614,0.27494137286369635,1.1081515242280855,24.972437247072854
657146499,1,110.88230281987519,0.3494129901108058,0.2907247998456691,1.0584894856271647,22.10464600932923
657445738,0,48.29396378612624,0.33974508762519917,0.2677394723817622,1.074710453458213,19.80512163221352
658598412,1,37.19075842599142,0.4255390313396245,0.17748147253403912,0.9281389747277582,18.80244502212513
658967063,3,115.49456175641173,0.35045934243708526,0.23724044018491944,1.218931232722202,16.33891463900102
659061902,1,79.5118154410087,0.37833753289572586,0.20420311064647512,1.0038406265008275,15.253354086091544
659538579,3,178.31245483459355,0.3426881781219051,0.21750877947322828,1.11220201399249,14.48054385078223
659864655,0,172.51123760767763,0.35287003968364866,0.2326716568415585,1.1070825076509694,22.8742699100438
660205165,0,113.83141322156288,0.3846474203831664,0.24991402159576298,0.9431872190888166,16.352932476101635
660253930,4,135.50684397382392,0.4471783397943405,0.31717062064763607,0.9876461235458112,19.021063581225526
660384405,1,155.26689048600218,0.35467851380898796,0.22886004528667253,0.9711489945071742,14.609539820119577
660515467,0,326.8504791928438,0.41149351361814823,0.19822313449658344,1.0954636907069824,24.36016179076267
661619581,0,96.46735074736553,0.4189999932218246,0.2521507776142009,1.0152386853505393,14.003383152547693
661822184,1,64.63273386343606,0.3619186888542545,0.23875676960925155,1.0418755932334551,16.51131560040143
661865874,3,109.5234924740389,0.4169092202580752,0.2289062578361236,0.8666177574449262,15.836459131069876
662156764,1,79.52141322731487,0.36068073809192525,0.2777115225399707,0.9735563789435254,16.000703331190984
662815164,3,99.07631148820487,0.3800947852990223,0.24169646646352475,1.0285555688455321,17.750547686734457
663037039,2,341.8467976693622,0.38116060869862345,0.18635682995218733,1.1378409616136484,20.342036401147386
663206655,3,124.99605852025637,0.3849376008875486,0.24744595171821995,1.1034575682913381,19.986380154469238
663317313,4,55.81659739234472,0.3886249263045501,0.3396838384590615,0.9711113924187448,14.441595214690672
663564627,3,80.64655554129266,0.3643011454779161,0.25936127038887974,1.159418391316728,15.898673735183367
663877510,2,1.5917688026923003,0.4074811698647327,0.39269385284469543,0.9032933857186445,14.748270471148883
663963917,3,111.44706293517042,0.3740551125611135,0.2142806421367173,1.0552319491185416,14.242776925672956
664013994,3,55.47855569248183,0.3300540168713304,0.24389864077325316,1.1226012055314265,14.533525126102674
664173456,0,151.3873263767565,0.3463697788014467,0.15498519634286861,1.0707253245496757,12.733877931662343
664256549,1,123.63596690366235,0.3702265971340131,0.23368310787850316,0.9356787343427025,13.840085196586607
664408041,1,288.12620540392584,0.3715075160644522,0.2851441905625856,1.0774202813219314,21.89506555945156
664447199,3,106.32077774777339,0.41224539045639946,0.22424601938626326,0.9793952729543957,17.215303824659195
664683374,0,222.3335541176242,0.33995212182047474,0.22029589950125888,1.0895570553688803,18.643759989179117
664875746,4,18.877649780976157,0.36106349794105325,0.24507079325822714,0.9993379897969984,12.405027551845166
664999383,3,35.97747779646663,0.3730151124830139,0.31560137682599343,0.9378085015209268,19.723816713028192
665327981,0,10.475454997774861,0.40995866342861087,0.32858636143232234,0.8514464040864875,13.886549547201687
665803754,3,0.8915924067876091,0.3421584555838158,0.32411726246893835,0.9918867096975843,18.885155330295746
666199912,1,39.9362958015779,0.33995142279008234,0.14928495891791188,1.0473654036078919,17.392117440879613
666249832,4,-17.15195056291357,0.4223899026901758,0.32639482784462914,0.868269725226569,24.88078926361203
666714004,2,188.1908977439238,0.39488633990865124,0.26434233855112377,1.006910149119553,19.39391763328186
666813875,1,102.62698069825073,0.34833612692757926,0.23585641747171204,1.1674518209124631,16.47497601912959
666970760,3,269.72154487279397,0.3723806962739516,0.29870691436172536,1.1077342176296177,19.825771015387815
667460496,0,66.92870125149014,0.34831431016053105,0.23543960612197118,1.087436768140864,20.453544451938974
667477556,0,160.22227551874647,0.3597889630879923,0.2505444468474942,0.9497294872443002,16.643466470766306
667584010,4,182.45938212712394,0.3731965109177518,0.25204805137939457,1.1482229737938152,22.841167165608564
667591489,1,53.41565047007128,0.3435140889700372,0.2534633133835463,1.221156450823353,22.797658019741863
667840086,2,23.696850353534046,0.3560127335902086,0.3030016413545217,0.9452818041728515,19.757939742153994
668141599,0,94.63909791978864,0.326926767202841,0.26263294923902014,1.1701788626083074,24.00979613450344
668621779,0,123.17470896404285,0.34095855999257096,0.19311709937362026,1.0768823929749596,14.074418046511747
668704885,4,287.05284047147313,0.40616768538198206,0.23048634675712568,1.0366764093817795,20.9845572454186
668824734,2,-3.570381553201159,0.3421347153031977,0.22601964852382223,0.9465290743138659,15.279365623744521
668903098,4,71.33915715708613,0.3685895702102597,0.17174408450617945,1.056740391052488,14.722098873967159
669620499,1,25.118474514749025,0.36187264753561676,0.2152867004855544,1.196693190463747,18.896926639821523
669636470,1,181.16309305665322,0.35990529242570546,0.2485892188818263,1.203472917357825,23.31324320552619
669639800,1,51.938277288404834,0.3558519049376702,0.25604501194813606,1.023739711392871,18.730305523806027
670004959,4,49.2902804852963,0.3571814582913916,0.20696091886648177,1.0760187074036494,15.07077453459845
670279906,2,228.61114432751413,0.37484282077154085,0.18667524295956833,1.0464834742720341,15.163658040134898
670455816,1,-47.40504352334091,0.3253724300299098,0.2212448607849728,1.1004319822831485,20.699023005829076
670472475,4,199.82527712584468,0.36844695894086316,0.21459900527704656,1.1854325423535823,21.418101193356062
670589484,4,195.66278492420508,0.34625168440881426,0.24999598917521487,1.1016082849661053,18.28323345988382
670939419,2,74.64188272575288,0.3451512545402425,0.2456294752241824,1.159764908214819,19.72197458098835
671093250,0,295.44891848040623,0.3949145780616227,0.23508450471145978,1.0835799070182335,21.212962195687098
671188865,3,35.95085895447447,0.33238334803119757,0.21257616559260797,1.0905831219590598,12.586476205213708
671342841,3,74.06697111236942,0.3517263196387793,0.2763812086653169,1.0401576590845178,17.364575642351316
671423635,1,60.39166978836301,0.3577260840715787,0.19417206531524106,0.9996443216980068,11.846633610564222
671507896,3,-11.235461587419636,0.3767063376814445,0.2715061569169646,0.9201732006497362,12.534177717544111
671591388,0,76.06054851924853,0.29256642849931835,0.21331014493146566,1.2151769492464102,14.615589370566287
671751803,2,208.70181053694108,0.4005464467673309,0.21496188431317664,1.1971400480483076,21.16308259336066
672322123,3,67.98744708654095,0.36792032281595904,0.36223314498533565,1.0360437265652802,21.83373333653345
672610446,1,291.0962726108177,0.40870031977997257,0.3151561254907173,1.0496002645086948,25.41004709513813
673060988,1,212.2631655681184,0.39458370575894575,0.23294987932033526,1.0365125688473558,18.363124142844907
673094713,4,256.0360629224826,0.3432655071082715,0.2459043099837282,1.0781031698236307,15.818528430938441
673172746,2,183.60889519785525,0.3634954740472727,0.1998101407267324,1.1568095235209026,20.25806457759581
673214221,1,134.3127020179196,0.36645005994707913,0.17243304162694184,1.120858402163031,16.82126816049964
673225351,4,274.5362842180765,0.4053600643405035,0.15582961807978846,1.0670469069958124,16.180410630939203
673445970,2,56.18125855961755,0.3791388229797729,0.28131343023144556,0.9622270420069761,12.842727277983334
673499218,3,99.22062215925861,0.344775194021588,0.27955948480172127,1.1753826303004056,22.776226124746334
673704172,1,2.1284770209073116,0.3338724629760821,0.1987287520666341,1.0412625165983616,14.778421716577792
673883343,2,16.16283666460606,0.4109725275347752,0.2713740527785237,0.8541303964251183,14.203230830583987
673984159,1,45.85950342027164,0.35786422733202805,0.21050059712918354,1.009321046055206,15.184335226614117
674610445,2,183.5321905179422,0.3701783393857448,0.23343926237923512,0.9592688595689371,16.064280522133792
674648279,4,64.00916392146982,0.3633614804446107,0.21967458536336493,1.0711315717844194,12.21434970728361
674773828,1,134.07560817155613,0.39554940640338243,0.24552429173353135,1.0621060202412957,18.314216112523415
674973559,2,67.72626915176733,0.3271535898501911,0.21012815738433227,1.0714764476951888,15.373253383701547
675621867,1,68.71704453804057,0.3511181001174063,0.25338934944711516,1.0890367940547718,20.669666036572746
676068988,0,33.453998950372146,0.3593300389903268,0.348023666067539,0.9349765778784664,20.689396331120836
676116191,2,49.037204410063445,0.32391904535774874,0.19612639195067533,1.1871098175447765,16.850295357310372
676718973,2,228.50725729949397,0.35341675483977364,0.20428948321470422,1.0847164651230041,16.80509090820233
676741869,0,196.10900508720835,0.36875275112360706,0.2598263569257839,1.153109742400962,18.044820297709315
677190542,2,305.5631103624605,0.3552009807501049,0.18751372733489202,1.2243951609829038,18.66754456174174
677732142,2,205.8324722542178,0.3529997969086988,0.25705798614203934,1.1571141329481986,21.988448861475568
677771115,1,88.14031106893952,0.3463302645329891,0.25408921781295585,1.0685273576506107,18.600338158903327
677895437,0,135.42988637725952,0.484030184747724,0.22361130806822266,0.9990872582685145,14.52638211996407
678137113,2,251.44377417564579,0.3801080780419462,0.17626096177993933,1.1448761107914553,20.142690582514184
678912517,1,33.40221653736408,0.3513655860253771,0.2080987065499152,1.0031553809397482,13.889923397640402
678917308,0,55.09863013980696,0.32570673997975086,0.17733122379321797,1.0024187379918148,14.583682403360157
679096847,4,81.32400129528767,0.43011682017962677,0.34106839495904273,0.9287768251152847,14.446246628873752
679122345,4,117.09909971343683,0.34679545947872836,0.130227591215079,1.4409645714424046,20.024067423576522
679270138,0,152.61796836832812,0.400056789819601,0.22117272919280712,0.8696505699198198,18.095306206491433
679274532,4,80.66618910467822,0.36045997071429425,0.3007725001385324,1.0243953621350383,17.466346807552735
679404420,0,285.7651441558584,0.3996361289532249,0.26126220936987027,1.1007260143219548,20.350961220243178
679533117,3,167.88839203575012,0.36420996080793333,0.2271173379682972,0.9869270008558569,13.313623463765486
679561961,2,-13.424606688141793,0.38865884534349826,0.22840616744590375,0.855215070630504,15.392339592134725
679722974,2,236.1092404227357,0.39257032248066226,0.2645406423159744,1.0499154647491273,18.99095327714911
679930104,4,287.35840325750246,0.3167807929673402,0.2740729471470532,1.0953340169354169,24.204328146920083
680389374,1,88.1797261319268,0.37402893242039975,0.2819392080046118,1.119894239769453,23.568487624846103
680463465,3,332.4178174374033,0.3789538854414692,0.2607686858105036,1.194362071793991,18.533036506918627
680864768,3,154.5437732335426,0.3732455557490208,0.23273837781393267,0.9200492317301818,12.464305825424656
680937306,1,251.72459339836837,0.4102139498477918,0.358680242782827,0.9259210618218502,29.32554133448666
680984529,1,35.18729596813374,0.35342051440842287,0.23012906377120035,1.0143160488093788,13.269658848304973
681027587,2,222.7579058298756,0.36349212920129637,0.18083865579664388,0.9547734711709626,13.429728316093986
681043697,4,69.12131306352822,0.30331580871656205,0.24774149727984118,1.1680571090645429,17.43932589733354
681148438,0,302.2436230233226,0.35818080743357533,0.2202165930337272,1.1917884295679202,21.8979956258406
681382026,2,124.92536944833108,0.36182180329665975,0.1796195067498798,1.08737629165141,11.646680223263708
681607778,2,37.443400553578186,0.35680254033248615,0.2503122874875087,1.036665290391049,15.514908095874699
682136136,1,64.23629796783223,0.3667688366294491,0.21824998635599946,0.9478794922842106,16.51963708211992
682392464,3,59.59132045330393,0.3703503466300152,0.1948101284429138,0.9364534820821179,13.260021653014546
682727526,0,149.76624715774727,0.3551984403405616,0.147025700463146,1.0503146522162836,11.974785787544915
682848245,0,227.95338308289155,0.36292974307563897,0.24879640424670604,1.2090170896982502,25.81315484156339
683188751,2,51.04033932666554,0.3511978396843497,0.26178643762984677,1.0233374193213909,16.917020305750896
683707675,0,58.451584954973924,0.37449414862030295,0.25101643615266855,1.072697409759172,22.723708550083153
684755734,1,148.6401375957577,0.34866704879560323,0.248357519874366,1.1919252897392154,22.760535838307252
684934727,0,109.84983033831016,0.3624689303590499,0.23652741522293472,0.9321922015921471,14.618168876978425
685115474,4,157.01403616114715,0.4035106530480755,0.21844214183275465,1.0217648456265154,15.980414470970443
685261613,3,17.10387696305952,0.3727736509353575,0.2821530146114274,0.883810410977148,17.734764762103055
685427135,0,5.01669174516347,0.34595500637747184,0.2115421182460792,1.0785983224696019,14.34082598611278
685579898,0,187.0650420318404,0.39225243242035474,0.2106849577036986,0.994489135191605,12.873026720526589
686272948,2,286.442620792878,0.3750522180794882,0.19606719587848198,1.1556430119426357,20.50046295558201
686526509,1,0.8302614177420935,0.6000727498446962,0.372024930878372,0.785748841868475,19.785702112228247
686833175,3,1.993240977407865,0.39545578956137095,0.36407562436921653,0.8727338271630465,17.07865523406118
687447085,2,255.36473294177426,0.4011906364041944,0.29905541135074054,0.9980854799876554,19.109448379427146
687545221,4,69.95520142563919,0.3825706068975479,0.23164535681000817,1.019135724093853,16.880704908568806
687772920,1,-4.383231041691303,0.3537481790747166,0.24624211813134506,1.049443730271321,15.470632712505406
687864744,4,124.715400335893,0.37798143347439817,0.21370996935397157,0.9888974262145752,16.89975480619017
688101886,0,222.22870194967112,0.37218308277108575,0.24540511185759306,1.1682203861872726,25.197766011534874
688122210,3,152.54668191835202,0.35924461986708006,0.25240473842464906,1.1265448961007163,16.334006341164244
688609690,4,127.23785115894655,0.37245620733079726,0.2458679147574638,1.057199390751236,18.81530359105348
688616302,1,50.52158401253457,0.3423880483585329,0.32206135571975325,0.9947866354442787,19.86043770572932
688656899,0,33.62818926651701,0.3624609602707496,0.2974480759460411,1.0270417824664373,20.273343022370813
688760840,0,87.70256969898143,0.3573456697297763,0.1632838438453431,1.1587118067773956,15.329060528736855
689174669,4,34.28590983260881,0.41664090798588493,0.3359707430327681,0.8372566394397518,22.219095420879697
689311182,1,73.08207191286566,0.34173182399745267,0.19859989368003428,1.2164338446620309,17.173790136732762
689497002,0,19.81023059748391,0.3478621272276832,0.22611547159637407,1.094919140982278,13.780254534995997
689573357,0,99.98211758906417,0.441585876306861,0.19214378752109623,0.963220105096039,13.65801370929739
689602556,4,112.42259851832732,0.4053685533843191,0.3809270406820362,0.9508166058504908,18.561003865700396
689672575,3,179.54681009187254,0.38550023047921156,0.23568093202043436,1.0403137294295568,20.86302307380333
690246774,0,101.21442399208777,0.3334319643804603,0.2429750414443489,1.1920741480635342,16.66845720982374
690444653,2,347.61458267744246,0.4274559607757833,0.30568251919390016,0.9409824682538224,23.286948683483324
690772081,3,-22.44713209058932,0.33176888365769264,0.2352263074235575,1.0798768876800002,20.029373392163556
691002570,3,254.43610247071638,0.3960156876206888,0.2636085907287106,1.0435573087880035,21.49342773290247
691154706,3,97.58604845343349,0.369017902848244,0.20929977530958732,0.9489510802980977,8.543344693599375
691219107,4,-21.46457761190088,0.4478549999765606,0.22444107663287388,0.9721226621833757,21.258495375952712
691290005,0,115.60352565634768,0.4600337232253179,0.1755824107718722,1.140355417396429,14.96923078575865
691340990,1,322.5206879740024,0.48069023427896096,0.3528302613299805,0.9694116266794023,26.61894847750735
691396928,3,144.68679399510663,0.33288639509555085,0.20881937060774888,1.2312882110353274,18.56928676953691
691744465,0,18.048331484527353,0.3836873480967499,0.24310084383363922,1.0378519747790365,14.718142474622228
691831381,0,113.14941056045583,0.3549847464906992,0.16645195893334114,1.0273275752818913,13.214844971879423
691986630,3,158.2835067274811,0.3641381146393038,0.2418240256647933,1.1883515018013047,21.018088851339996
692037059,3,128.05245647423618,0.4065846539333449,0.19226503042285592,0.8910974519612989,12.848668782363315
692373242,0,116.32167029294416,0.3527803211036853,0.22230128339045507,1.2287469757826417,22.413949424337723
692434994,2,134.4326601976881,0.41149511052966325,0.18393408808554995,0.9416378789829772,13.799652225846446
692810892,0,127.51601020381668,0.3610714311787449,0.20935036025402534,1.000301755932234,16.14476903809569
693011985,4,196.68485627185893,0.32897420358921325,0.26708019010913575,1.0825063453269836,21.665087965832786
695348815,2,15.281132984962198,0.39634102655573417,0.3176395692418348,0.8938269655634965,15.698832862035376
695374943,1,72.69407303367286,0.3324591954365745,0.18359552038215732,1.0997987223272163,12.064573992084423
695536292,0,66.95981629342882,0.37305528031062113,0.24883873833579045,1.0811301103933824,18.550496977811992
695925726,2,0.5863610238783679,0.3834892597214644,0.23351059519810488,0.8782389738345558,18.318814318135562
695940452,4,-24.988275221256828,0.44845434810252627,0.1887960464340025,1.0771489536943566,21.397157132949
696483165,1,50.328150942908316,0.36846992010468127,0.2859687192764553,1.0266237774697704,19.961324026085805
696705390,0,257.8936678020671,0.37673323645697376,0.19201780814329944,1.2943114430764862,21.75461514737873
696713776,0,275.3471021848169,0.3640384882319437,0.18846280659124565,1.2691185698093932,18.457949981592005
698037323,3,106.54885525536484,0.382857823287772,0.17607088565766843,0.8695534458548528,11.263103405564912
698053626,0,4.372284234581429,0.3217169234503465,0.06833263345053844,1.3564111194342106,12.14550392056869
698200988,0,303.95836956532764,0.3631972462179888,0.2792814928276809,1.1123908104735596,21.329117790936245
698615321,4,11.45339681252156,0.3763806538191499,0.23864419043605634,0.9108384444922968,14.706546257163872
699007218,3,69.41381512893065,0.42474986216776833,0.29945696113053405,0.8457610611272093,11.39394114874797
699175207,3,199.98308527810394,0.3552786226839031,0.29131727336424684,1.1713883778110843,22.634120994583213
699184717,0,134.59112492498213,0.3850798724658142,0.2511199256269759,1.0347547945443396,21.790695898305888
699462327,4,170.92502432553795,0.35560665605228325,0.17229692542103475,1.3098541066588325,19.362413313351478
699667055,1,178.29505488542975,0.364417657763984,0.2579518632207228,1.0796847009363273,23.244584509030098
699908244,0,75.42698064235962,0.33789044682370845,0.2807538432949894,1.0836286030288877,22.388003169216347
699928185,2,180.91034181783482,0.3677058077157008,0.1672817278149139,1.3171459025156584,19.34793005202406
700020481,3,222.70041616057205,0.39336541271195974,0.27213738243993985,1.0861005276220006,20.358602868827628
700619853,2,43.16305015355209,0.35423875779745445,0.1974498485222263,1.1169323678330894,14.627986526505463
700771684,0,261.59093961978624,0.3911972529215614,0.2822876621308724,1.0914176030142073,24.372501961486094
700931497,4,61.83129625610404,0.30597887026037957,0.16220336958914333,1.5680625592447992,21.736361282037358
700994258,3,118.241689389575,0.3845616891797054,0.25269820933785997,1.2713899555191146,19.771644961470617
701170718,2,89.58433501384896,0.36905726627798524,0.19027255755030023,1.0398180346699648,12.338458423382843
701980913,4,157.57683153861745,0.3886234800617792,0.2607744418636665,1.167073361559502,25.179052373279113
702351726,1,100.75178413821519,0.3606428301253449,0.20140030958091493,1.0868361376898295,9.933728556940377
702495781,3,125.32217775291872,0.3604209748753755,0.2120801561596031,0.9953923626143086,14.64676098775635
702860275,2,356.20501852204603,0.3928372109815302,0.16894970638283802,1.231861010558323,22.140919572295477
703506417,3,113.99497352459395,0.3437427686861119,0.2763077695332238,1.1752103439507318,22.516842579701315
703616126,2,282.4406304161747,0.40516416821032486,0.3100324191045546,1.0555175601470024,24.80511049226372
704321363,0,332.4331700015453,0.41107317879269606,0.2635038891825305,1.120328152859319,23.974414676501297
704562669,3,7.10308315021085,0.3485822337572422,0.2962783313118034,1.0216708135300152,18.670129538634473
704596053,4,26.173755584665912,0.4036588152990361,0.22662229580681956,0.937394012131228,18.590155360246268
704720758,1,155.43368520559193,0.36474851952470233,0.23712519121995473,0.9862921601797896,14.695197854359714
704923125,2,141.81210480086037,0.34651299184827455,0.22463589886373367,1.1427488762634141,17.94326773544019
705117177,1,-25.837938871854803,0.34701618804540557,0.2794997902935314,1.031046194750905,21.538537520959515
705738216,4,243.68684082788317,0.3833016625557588,0.22585378691948543,1.0921135528526242,19.919137837202797
705844179,3,226.70375904004237,0.3939936425479577,0.23961805427499572,1.1062563776149301,19.61844012796778
705855235,4,205.6371172936144,0.36768115583901,0.24153659280084372,1.033695951334481,20.24989806084991
707258420,4,10.512443060176338,0.36173008763305015,0.21508820813137244,0.9881614486849699,11.279165710507286
707285446,0,108.46534905654468,0.35211778355329515,0.21288207220084537,1.1444100436130324,20.61283951065245
707686102,0,136.8672375860554,0.3724793769393108,0.18376868098382654,1.0884394914207898,15.19471682202871
707792324,1,80.194781779234,0.35343066332954665,0.1954821697487219,1.0112524948713304,12.425819919880087
707895073,1,262.8435290804016,0.38270201122832,0.23836249404534215,1.1781429775318435,24.868121134405136
708266844,4,253.3135374530072,0.3730727359137083,0.28961851001676786,1.1507316317034935,26.18675646282549
708515334,0,229.7837655351954,0.3890569124904404,0.22303833380624616,1.0847354814355525,19.483626823344277
708745541,4,108.09439551276635,0.39513643637258555,0.17681907515273204,0.921778437398146,11.230990130075124
708888125,1,100.07453261313833,0.32175803120307844,0.17104158198459496,1.0346071117318545,13.935043436332974
709065178,3,216.15856848354935,0.34217225755947195,0.2845829109572326,1.0918271609412542,18.23301299056001
709226489,4,78.3816345892286,0.47819029973144966,0.27405086459001027,1.214231125895221,20.37556493470433
709267633,3,287.4602503088356,0.40082032435037684,0.3232661453031256,1.10056769183442,22.952545075213134
709856096,0,152.64877436399226,0.3722685650583299,0.25570660457037403,1.0820688773221943,23.042194188171898
709886400,2,277.89803142362473,0.3524108888854094,0.2797247365130619,1.0673586697023543,20.885697673414544
710418627,1,43.69079613444554,0.35338021706675865,0.2722389988062012,0.9971116631490656,15.435792883064332
711711106,0,332.2176792673073,0.38811077039207137,0.27397379621961365,1.082172016744455,23.880424732172596
712008066,0,84.01980024756423,0.3569807672356968,0.18500021906729092,1.066838149190126,13.921801926233085
712061261,3,15.191115395410122,0.3963393472533973,0.20577199563693405,1.0609562466023637,12.996405751695008
712113333,2,211.95453657876988,0.4206519156968222,0.24639592576043592,0.9904862350915646,21.645512611851736
712239619,3,65.5015185107848,0.344041150777615,0.32990341457099376,0.947987358966842,19.079258548052394
712424232,3,29.662110763773285,0.38002520251182514,0.25785669509559545,1.0514092087168703,14.265415541634683
712525184,1,68.72257138560941,0.3673514786799453,0.2317950228760908,0.9909682844265046,13.407711312370513
712532019,4,208.82246471622076,0.34769057035731216,0.20405778869795746,1.103959582579957,14.291206419074728
713020314,2,-18.568771119090115,0.3938214266438226,0.2795505115880543,0.8668500871628029,20.564842059350898
713163686,0,70.39599990051016,0.3640132491711342,0.2177238634836482,1.0293190992584016,15.748819260788364
713393124,4,97.30160696535873,0.36240836371679797,0.21260414284359117,0.958675496271398,12.358297707622889
714476191,2,203.3563149717843,0.3820257867470976,0.2807034276041243,1.0454591149535428,18.677531881913616
714511257,0,345.8254470169381,0.43901567062328006,0.2767859275573401,1.0485515956853848,24.2798890437789
714806677,3,271.96893949323834,0.3879298772079225,0.26385557844169366,1.0964388743452627,22.854028684835157
714836323,1,240.29040316527184,0.39365805325216163,0.33443918134566974,1.120723823182503,26.471855622246977
715482561,3,210.89032282029706,0.3541605513775438,0.2967939921356477,1.2500374270210468,21.3415153614553
716027443,3,25.633846127116556,0.3574814226931735,0.2415009361923927,1.0976449309904204,16.834134274172897
716481605,3,196.94873773408514,0.3440774935459653,0.23248950023614193,1.1324904628816894,16.51080301326601
716683288,0,285.64924522745366,0.37351291815892734,0.2405000901294676,1.1884418897548403,23.880344576066566
717229286,2,44.49036665315042,0.3673794662919327,0.2686350544780991,0.9890549701892247,19.81729426447861
717633419,2,40.748022635256156,0.41213317609103156,0.20758068208370875,1.0227696966076265,19.150957099429686
717936443,2,108.1191553591473,0.338635114512802,0.2205104752536005,1.2011284404473472,19.35012073276242
718095822,4,-4.447748398033681,0.36822003686438465,0.30272255711197454,0.9199281335205073,18.766257527296332
718575580,3,54.906574639308204,0.33804229888670384,0.27687940959409457,1.109734362626214,14.70430495347376
719137941,0,130.7056373506162,0.3674710906895183,0.2783962236474234,1.0952179893162743,18.19304386337756
719507082,0,170.97333128923526,0.3921856406082195,0.2513951629260216,1.0520185171235823,17.93214817626807
719751111,2,189.1876109692763,0.3808119702438389,0.21811074932499455,0.9323241798458027,14.084394479081066
720344171,1,186.81005392851515,0.3455917940732636,0.3169123152131794,1.1507155238846236,26.69542972827883
720567395,4,53.07374075786775,0.36533519567079276,0.2768565951957851,0.9900081949354924,16.651580397413934
720781054,1,172.16897304878657,0.36499699566762805,0.24644900277247925,1.2011387927782098,24.010133180048676
720835147,2,140.44277705990737,0.3373126906858979,0.21357561419114604,1.1598511772143905,17.58352280256714
721329227,4,208.09314402642852,0.3800741676986357,0.3061520141229814,1.1299795672227346,24.32594690357767
721426023,1,89.79391517205627,0.36712862865060497,0.2169247975136948,1.0510061502729875,14.196855710232118
721715227,2,253.3993976302558,0.4034208110022844,0.23625452338295438,1.1274064503698045,20.06080246851537
721925849,0,216.34795902326118,0.3661305947599484,0.15802594217273966,1.036241315208732,14.24194651931628
722303181,2,58.37894597845879,0.39691698007974724,0.2164365150882588,1.043576031721404,18.60563470950703
722323887,4,126.40132433963336,0.34668710641207295,0.23353113001845024,1.091627223909814,15.133493562753982
722337542,1,-26.63160209708188,0.4000071080958407,0.2864292778096145,0.8799674045348443,14.268242252204724
722624089,3,46.137263066154,0.36501281745459513,0.17882730152711424,1.040800509703887,10.571713292575335
722656060,2,65.70297128084329,0.40139854661594054,0.2104191931448012,0.8437647052103018,14.849266313174851
722657419,2,73.45923186285259,0.35761126340456084,0.20094674598271883,1.0349618268079768,12.798979963065552
722671179,0,80.26419676745748,0.3305764119796777,0.28063817349769454,1.0462898530287597,17.83179204051825
722858579,3,208.50531065755533,0.3753162198371569,0.2744062652403594,0.9321497161738559,15.810682009816077
722954203,4,165.14235439705118,0.3539410798361225,0.324609237962194,1.1837083170961027,21.36389822397708
722996762,0,372.3523748129059,0.36167451104635506,0.2856546862724217,1.0880881402487843,21.122084519475266
723086841,0,114.11648046415121,0.3758090206107405,0.20039060862444072,1.015037584121531,16.39067104187173
723328836,2,174.67543819492795,0.36456920097900797,0.24173363840534476,1.0391869889348253,19.87591530989782
723637794,1,145.93289903142696,0.3605441058501665,0.25042888869200586,1.247805222343621,22.888781711537614
723638059,3,36.00441734739845,0.3170743559003403,0.25221538091109863,0.8928129643185986,15.375435544931197
723903020,0,224.08959450226985,0.3901084482131935,0.2233074812691446,1.1756827917650334,23.797605785020746
725291191,0,208.7715120657199,0.3772495141985996,0.20614437483118692,0.921279142363367,13.639742539528518
726324276,3,77.39077350766702,0.3724531809882551,0.1788565303684198,1.1179743809685925,10.659778727220548
726632865,3,0.9264093710499424,0.3252718670339529,0.35426695908717826,0.9127932351733594,17.843564954379584
726852979,2,-9.360235264060975,0.3492130942242245,0.3130216334548451,0.9669737663077602,19.531666713254857
726901134,0,110.72989056481754,0.36663918350040975,0.22085301767527335,1.0385207294717331,17.097395232567496
727287922,0,156.19361403838462,0.36526537216732186,0.17606168523630553,1.1100436412898498,20.27921017293181
727715310,2,207.12842189752985,0.3699924044042096,0.2827384919216672,1.1544421037790271,19.968919234362396
727880096,0,161.92503501057107,0.3557661232707192,0.21472120141593415,1.0473140712579363,16.98022662997836
727931995,0,32.81602223248158,0.389844104264082,0.3854149450763321,0.9375039809316927,13.965678549472525
727964996,3,253.4063595169434,0.40483560734886614,0.28749300113013077,1.0821099289534661,21.438054515353777
728252718,4,103.49114749868674,0.3654022664877152,0.19310598713293733,1.033904925737151,18.315528823761607
728371459,1,151.82049871453094,0.36601030064001866,0.3293615497489921,1.1884740168084638,29.030518975463416
728455428,1,143.65126070631516,0.38693745979646954,0.16165804666568942,1.11756974182725,15.356536001735419
729133742,3,70.34874182097903,0.3473175221103831,0.23628746384378238,1.0568631756599043,15.549154736715007
729574569,0,50.221787871246896,0.3234656815660672,0.09388460988491606,1.1792522085202124,14.864524246454172
729669366,0,188.99954020140055,0.3615438783611614,0.2568600694936246,1.179345735909846,26.31603324436454
730173328,2,38.406732661819134,0.36436010306233924,0.2282460458700432,1.0745196233614793,13.445475923181913
730265166,3,294.5385772275547,0.4106610738766593,0.231112821810649,1.045785891530152,18.96426810094561
730340221,1,43.57725832907829,0.3532367668138351,0.21469521480051207,1.1834449626895154,19.94385216215587
730399756,4,14.031882901686629,0.3750539092559769,0.25180788414683314,0.887133571438609,10.270209821571305
730567526,3,71.35570942895862,0.4159917800894034,0.2674245400836312,0.9809132528002987,19.64466076317868
730591910,0,223.69293689662555,0.38772777262671265,0.1774792798844248,1.1547876531686159,20.979030193444824
731184698,4,135.54775219315553,0.3445108372751711,0.18715544265831582,0.9861321612889857,14.071824390359975
731417662,4,41.10677627207975,0.34449355214444255,0.280464660493634,1.0538118366353249,17.01141797663003
731595810,2,153.07009000742758,0.3654791655873506,0.2007871327802861,1.0490310015895512,13.563043384709855
732208665,1,262.13510329906455,0.3990447348514474,0.18592645366434296,1.2041141818803967,23.663313977769132
732280868,0,268.9442420162052,0.3583592037705526,0.22292550363337124,0.9395743830316163,18.01271473684049
732578696,3,139.66684720623525,0.36657950121931604,0.2528314895175877,1.2310444837896968,21.16097544554579
732613388,0,273.74337558535035,0.32046446411249147,0.19776668113839618,1.100001874833013,14.871957205086396
732957114,2,88.06187682376502,0.34201954467733114,0.21303914109103259,1.1515663093099129,14.706990039913519
733015366,2,192.81271076488974,0.39904984175571995,0.22599191809116032,1.0082387194665772,17.387579377991432
733146174,2,228.61597312787643,0.39061974885982664,0.23056926962471352,1.2121102799693988,21.57685661065456
734539627,3,124.24918085126755,0.348225833988277,0.20834952032038737,1.2849373138463074,20.985119545637158
734958593,3,99.96550583711866,0.3672723313171283,0.19662561585937163,0.975510974372039,12.521490185230903
735019484,2,221.66058807562564,0.37262208596253743,0.20731418738155466,1.129115133424312,18.691694421173306
735028416,2,88.07881577391248,0.3772465195070108,0.20470452998376187,0.982341221939389,11.678767678951484
735082604,4,134.20386995147774,0.3779330759311335,0.2652064910384411,1.045937847136077,18.69402387502415
735143665,0,31.03436388431249,0.34031695265720824,0.2983068085628027,0.9697495819812998,21.72192748733991
735307697,1,106.64062373461623,0.3451400503785602,0.23311707476711618,0.9912952074462987,14.553224010025087
735659533,2,-0.7419931252360215,0.3639590070425532,0.2720767385708577,1.0620784312647427,15.14653561652688
736152348,3,190.62038867077163,0.3557864390628475,0.23017576117419547,1.1043088911355312,14.562505918802612
736727472,0,117.75904451582433,0.35324699136044513,0.22269101468447514,1.1707769886798196,15.800434956064949
736792055,1,133.52688718005163,0.36099277749119063,0.1781004200641165,1.2476316255085258,18.862415162150768
736908890,1,19.682140616584945,0.3166315572010642,0.21548947734307378,1.2343302396540776,17.160477759303696
737341727,0,188.9766378998214,0.3993128755000298,0.16150734773936762,1.1974460191225187,16.055501739514042
737356509,3,272.5144921253527,0.42267021844958985,0.26868517333588954,1.018454777020643,20.74380689299866
737362009,3,85.9923142167592,0.3006318839082907,0.23359849319198667,1.1707999038746397,18.47168906298944
738034100,2,14.63344979029435,0.3456407359748429,0.27066008510956696,1.0720808320479367,18.162255302316144
738593262,0,105.94936388280804,0.3587795224731019,0.26887156895231173,1.0622887510260306,18.42965542896433
738625870,2,153.14415308938956,0.3581484583073305,0.22883358106750512,0.9727309697588942,15.272982731099807
738887961,4,113.33807684208846,0.3598902060162989,0.20925073695872648,1.0803636448581788,12.98975180876652
739506612,2,157.67818299590334,0.36758879345806106,0.24362346846151295,1.1312610792650457,21.466309690322973
739562740,1,231.60234388327638,0.4085602741452368,0.19608335023577808,1.1469724192644046,18.48978273221591
739643942,3,30.536891166762075,0.3638880233794182,0.20731554004932523,1.0897287194659178,12.19890739137862
739659224,0,23.873919514111066,0.3384014102774172,0.20223068524859353,0.9238540688253292,16.412453912835836
739937375,0,90.94346277333061,0.3539605319225131,0.20740475683566167,1.26294632362125,16.211516893288902
740224734,1,111.83501955068971,0.3780783773956727,0.17635954190901915,0.9301637289776756,13.246641457469883
741750852,2,47.12394825301462,0.3720553248264346,0.23356567076988338,1.0051693602725913,13.538310476602627
742319182,0,124.57008905857532,0.3729496045354374,0.2934740905437287,0.9121373891677145,13.352065591793112
742571113,4,42.12400748242578,0.381539078166476,0.1999715350315875,1.0494602883989654,15.27936837423575
742772976,1,85.49651748301027,0.4127300925554639,0.33099591759108593,0.9622506646679111,17.848021449849064
743402006,2,24.227489395598994,0.33837311845983403,0.31160284883863204,0.9807386259847205,18.73549299311752
744301389,3,147.54789857878038,0.35983163329681334,0.2063403858243537,1.083231660634607,14.71093362287711
744751157,0,49.550167849873816,0.3378282697446507,0.20590635131770574,1.1128062666363585,15.659821245262922
745130197,0,-27.680213412919414,0.3278522182425746,0.23153653324699386,1.0455156962875654,19.54204155301454
745501666,0,56.5047643871481,0.34670251252150747,0.2717425333518067,1.0706337625069193,15.294193590015311
745635632,0,240.81904524647013,0.3546721090733027,0.20318964541546053,1.0762007314034001,16.926633117335545
745676028,2,189.53061856355401,0.36742352969637,0.218565406411027,1.095927746521459,17.506473602577184
745925185,3,142.43467893995654,0.40873370048098806,0.3115423102439248,0.8456406677322821,19.741243890986
746006701,1,48.688481024995724,0.36195610631012165,0.2641957793306506,0.8794465963983552,14.52640115187434
746033942,4,150.24245435510537,0.36420043558308324,0.26605867424961527,1.0966056734206004,18.938431706359832
746099992,0,315.30545724125415,0.393964815475851,0.15618188851273557,1.1164084254098932,23.222469693038043
746373374,2,114.82798844345928,0.35039699849105554,0.27709913893265786,1.0322029243265032,20.34088200376949
746810021,2,40.041105251873866,0.3559419490659658,0.3039117207623779,1.0214778371398827,15.830684354511337
746817611,2,11.387424387170611,0.3258723816250534,0.23026257061136898,1.1595888607254483,19.627660538071012
746903081,0,4.038829879806656,0.32403661505257925,0.24603558656199523,1.0712103523403804,16.983717013795395
747034836,1,27.48134035138584,0.37510599917873444,0.2118301777032791,1.020286375611245,17.9400585193344
747510254,0,230.97575044063905,0.329440478234896,0.21568068474000407,1.0572287755618248,17.100138022495624
747579493,2,27.858543807389566,0.42794448846092137,0.18620274999316883,0.9768020634742001,14.472661440026146
748222139,0,96.41315175696828,0.35112071457917843,0.2388425289984542,1.0182125937441227,16.3398154476006
748600767,2,38.086743253538316,0.3908607929015791,0.2880139150897847,0.8435233113710066,18.08065857336976
748602077,4,6.8686996923515125,0.376493937020993,0.2115259530204102,1.065003872726862,14.77960281545477
748679100,3,227.69007265823575,0.3738350242542928,0.29672784152877696,1.09248671909115,20.82184866055546
749003022,2,32.33718832323049,0.3598489873240531,0.22205472108049637,1.1458523578638178,17.90693026440593
749288648,0,331.89911173733157,0.4091068976376903,0.30770013518334116,1.0600606091948002,24.72171723942362
749314033,1,8.5893486383261,0.3340154709796328,0.22681907176915403,1.0488084383191218,14.675068866873026
749316999,1,234.14879603128134,0.3595348708443505,0.18874297618748148,0.9899384774789028,17.10532735906844
749375446,0,267.9003363044342,0.35940993693103135,0.1996146806009857,1.0855114548839446,20.485012357164315
749548087,0,95.43614552238752,0.36556762307635604,0.28912437936435675,1.066886118517901,22.379825035198415
749662533,0,72.34765835762305,0.3507821318282566,0.2220697173546879,0.9585570140924172,13.692692004769397
749826349,2,318.25219397528997,0.3715111771438672,0.2848795949093012,1.147991392157471,22.615731793803953
750049504,4,82.32756300020218,0.4670427581489438,0.2743308632147433,0.975606066055749,18.946546078729487
750380744,4,-2.408724083221287,0.3689158137504685,0.2796817398040269,1.0617749510545746,19.3150539418392
750442059,3,84.36535108440464,0.342509797410329,0.27169255684547694,1.0758795642413033,16.42453501214472
750805819,3,51.241422677432304,0.3517954094982745,0.24638287073227988,1.0279454112226323,12.858301452527325
750893336,0,44.872426999822245,0.35282227289685614,0.26129226455597176,1.0786980266637072,19.48250878386535
751017152,0,154.28858047214803,0.3582305412145135,0.285168204731894,1.0341819537339134,21.01827959816344
751223406,0,198.43656408981337,0.3820669220175603,0.32207652635365597,1.0140814697034224,22.962907084891928
751286665,4,147.73228667462476,0.37154601208777616,0.20548063734854016,1.0267004500768278,14.051610871816932
751321800,0,172.87907500435801,0.3780397415565579,0.19567730579179113,1.180494093044935,21.02048693148327
751554332,2,197.3687652910337,0.33729717253675096,0.23899791777570467,1.0179453248355592,16.97111032753333
751973346,4,148.50710012557028,0.39661644690593056,0.2571613288180053,1.0139104844904385,20.213459425162757
752114706,1,198.95467490913123,0.34853124313898176,0.18951212959846753,1.1638291197847148,17.81861123435971
752379788,0,234.85091455434485,0.37301401598011275,0.23029605724395275,1.1529955871268762,19.189908592817538
753005996,4,17.23423551258837,0.3895074327150764,0.24437040217364228,0.9439117999573614,18.23633395582452
753199362,1,-9.607566147190553,0.325737212054282,0.15444697450400102,1.3674829615616722,15.140219493793678
753570442,1,113.48038614472115,0.37856287386833437,0.14829474238686313,1.202098212377898,18.840645917629306
754272312,3,86.50396691173562,0.37795440801953506,0.22919831935863047,0.9262462683770245,9.84192759949303
754288361,3,100.97980005752848,0.3602549234418767,0.2622911093820884,0.9990746201314049,15.34848808193484
754541700,3,37.24431819675911,0.3682269949168702,0.28743220514021517,1.0437041401861955,18.024246990783638
754551833,4,56.640216639606074,0.3476775559169372,0.24292853605279863,1.0927177440955087,17.955757744644046
754749806,0,39.12332463546058,0.3197050825548027,0.22933426786375438,1.1090325694145755,19.564360053337165
755483998,4,63.86603691998358,0.3732508749916077,0.16976991140850245,0.8592089797541086,11.236621274007845
756378273,3,49.57906129586226,0.42584412341433475,0.3806030686815072,0.9144773072727453,19.537142171932143
756437706,1,77.11715209382137,0.37069824731536827,0.3328488660349025,1.0082299918860662,24.965427396499102
756521912,4,48.171192856016546,0.3350263614825928,0.2511410254867412,0.964073903703701,17.152470876954343
756721321,3,50.938072109127084,0.31355380887479123,0.22296667967556938,1.1906585938427177,17.152550738839686
756782287,0,223.47304060911216,0.3366685547181906,0.17552708624696728,1.1133385618452396,18.670499236949453
757100562,1,213.55402083490316,0.38152658698099307,0.22792600452193726,1.1003834259471896,22.323583051108614
757588646,0,14.218630050442002,0.3871470471638801,0.23341635680471007,0.9487046744564044,16.425572599739066
757729082,0,181.95794056239095,0.3779046629809082,0.2964008870086986,1.0277877554727899,22.216866566039023
758693518,2,16.020536258422595,0.3645747648163321,0.2880009809995215,1.0639707313851192,19.104532162022444
758756190,1,140.01772117038843,0.36415944336006645,0.21693412723948222,1.1244520823289101,18.671879661066917
759011226,4,164.24186885155504,0.3812140154773836,0.29358229417544157,1.0956782513559702,24.251806112890804
759255806,2,80.76054417027433,0.3543397422964495,0.18896380099776164,1.0796575528656445,13.053722091585504
759347222,4,174.69301945350284,0.36616676389315833,0.1930614576379054,1.0356404424030121,14.55790386959069
759929518,3,54.78808270825651,0.3430601950923497,0.2669730345644772,0.9418685749818515,17.281806083562092
760236787,0,241.91928943654432,0.3654636789457224,0.28571821473515596,1.0469298954899753,21.48632657969003
760704855,0,38.267766189389356,0.3514329614640397,0.23020364061308146,1.0524528505257156,14.979882979449236
760704971,2,99.41398294526,0.4452806346751935,0.22312209122691515,0.9630883308924353,19.464901650619737
760753809,2,67.46826065150819,0.3844148144135352,0.2616046837612646,0.9517101427942075,22.691990549160757
761202167,1,139.79821694510625,0.4497756623289819,0.3136316212543738,0.9094942056485243,16.296603877604934
761297738,0,92.64432154837363,0.3423414966087507,0.2284961127636421,1.0133845312758838,14.232665547839527
761520590,2,226.15515678142555,0.3715312654919182,0.21913864828821877,0.9844692929929231,15.071840479047037
761786133,3,193.50040840044934,0.3670291092047232,0.31114564150115087,1.2237729280460237,22.358094649556786
761886758,1,18.548675195126023,0.3679204367758262,0.2636644142633688,1.0558621673475694,16.105495569929655
762219171,2,194.3803346847673,0.37198355473120137,0.19415671248289687,1.0757909541019488,16.37420281136628
762368408,2,237.08833395238406,0.34868571200506804,0.20082748692785524,1.1158559033280573,17.25276894134358
762944097,2,173.31069171049853,0.3861373702023806,0.19730882038205425,0.9719559521112019,14.35528702805971
763114241,1,155.6577731529032,0.3473798574265144,0.21411140112476218,1.0953962900158747,19.2532436047847
763411577,4,122.4731970218868,0.35696916764716774,0.2052291073248578,0.9830961575401421,14.827319923662875
763411836,3,292.88250307748933,0.3741372341423954,0.29783442677550226,1.2111358756700117,18.988604745556
763726764,4,118.58840446289759,0.32928870294902,0.13392397870328465,0.9841343924513622,12.716314844461504
763991123,4,213.08275616287432,0.3555164036995837,0.21063864790682924,1.0415562016375166,14.162301497936102
764245724,2,96.60205448706931,0.37062093359143067,0.2592380338788051,1.1001549633115912,19.74384350274371
764326592,4,45.7721930350926,0.38843544058855434,0.16776352274835465,0.9039294492848691,11.274498948806054
764363021,1,148.96462554371405,0.380408015470008,0.3195650023429546,1.0802167225185935,23.792717069130568
764478101,3,26.22491938435458,0.3635170737669739,0.2909337482575084,1.0548626565816557,16.295132710377278
764504672,3,47.71375462912886,0.35491184796044806,0.32762142950869766,0.9518335534181357,19.694096178518365
764566036,1,160.48649677323547,0.34595872241106046,0.18376571080612944,1.28484656604265,21.696981380870394
764633726,2,0.6672976861314197,0.3425795049702282,0.2712971800271157,1.0574703049696006,20.091079771171884
765055507,3,47.0985380020267,0.37521796030714083,0.2949822097083892,0.9267284987745177,18.217925966281186
765135916,3,110.65840791571311,0.3666001723424527,0.24248535822896358,1.083054476425164,15.324181834951197
765310183,3,152.88521692991293,0.3675768772869791,0.27729989784055714,1.1324445813320945,21.70081716389994
765454454,0,47.08500763739353,0.37453255964486837,0.2131597151120544,1.119107953212327,14.054783393739278
765521185,1,42.19265770269494,0.38154428397573836,0.39311039240178847,0.8917227982620015,22.93313718893547
765731942,0,84.67446464234833,0.31182849992516654,0.2854914143752027,1.0730346071305565,18.11337339279048
765785607,3,276.26610521293134,0.3773726020623503,0.21394259123458906,1.2349771780983327,21.268385161632487
765893959,4,130.9367966810134,0.37559056563635346,0.23899347100707602,0.9474078024796458,14.780357076210475
765976138,1,164.60601636877828,0.37237826998043677,0.3298112749831646,1.145178585301756,22.66478054341114
766108648,1,148.50127390176945,0.362436568134735,0.2521568607264307,1.0607084035117036,20.877095338636206
766443404,1,36.14733181480688,0.3392244876681653,0.11833259574321597,1.5076515274480076,21.118926622270713
766636095,2,47.66017568201575,0.3675469828273333,0.24852235481664128,1.0635782772687616,15.985621600800169
766749407,0,99.11372221555746,0.35202849850027457,0.18380454718410835,1.151151497197207,14.376354765509795
767346074,0,70.29534615907392,0.3598199360800509,0.28450361028732535,1.0295232806318857,19.79808088570011
768384141,1,6.9385359889486296,0.3821628513292078,0.33641390299302437,0.8785079728038462,17.386703459475793
768467775,1,151.20359897989638,0.3546701610872019,0.24388105253913447,1.1826971351696538,20.574970751300242
769383218,1,50.36908127227858,0.3597178050159846,0.222302967972802,1.1207315632810817,16.69747645412452
769839159,0,75.29117124333143,0.33531842641784193,0.2742711121841485,1.1598342180305996,25.618569536968423
770392100,2,121.01663697413125,0.3354186464410908,0.16420753483269152,1.0457368481316986,12.84316909126551
770474874,2,-9.569691261800472,0.3640530383135599,0.3118885975154518,0.938819221163434,19.29479350843303
770593247,2,228.91891253038352,0.3890187692360001,0.2632164586366392,1.1000754626146012,22.703263752126162
771410628,0,48.56192663250936,0.361141601186882,0.20290921753804672,1.099877438647741,13.699414614461979
771609530,1,61.45919556543845,0.396039531025801,0.2791442844727382,0.8742815175401465,12.094912330374044
771639833,0,104.04408455902868,0.33556176759886325,0.2576414695201868,1.2353855376773553,15.131771890365956
771772442,2,230.24615442772904,0.4096797524082631,0.20249208882595893,0.9726653727310963,16.202572797747973
772440851,3,112.3673789965144,0.3743211535530711,0.19876218276489646,1.060427416940478,12.732488125784077
772566639,4,141.2926004604602,0.36174242823594593,0.2174570057936865,1.1501104901878874,21.045324208788138
772591088,3,182.46951751770683,0.34424517763947177,0.27523751880593694,1.2243655603785064,20.321632732129356
773428035,2,32.9360680805284,0.3717103902182463,0.23127089987327237,1.0159865234564844,13.704267635360758
773706830,3,172.6389332931489,0.3511011882054797,0.23174601727744923,1.0999273336428022,15.194414035248943
774116157,1,187.87698613007603,0.42095995676372855,0.39559134226609866,1.025659901583258,29.146156686828665
774594190,4,195.5355954336669,0.3465181018663188,0.28553314854786155,1.0271825809319064,20.744762319947725
775478514,4,116.28692079072124,0.37244130178407286,0.32786791283888506,1.1469621261781935,25.645435545328496
776515253,2,49.68584726098309,0.37960870145667375,0.32428200855731715,0.8900297329484806,12.599412123508078
777120719,0,307.72331594171817,0.39815024222815704,0.16574214132259715,1.275764481110497,25.41361811306129
777245562,4,147.70843217437704,0.3442580431105471,0.25559023606633247,1.0819129980473932,17.675731253659183
777333329,0,305.19487028521024,0.3850571803757939,0.21187775612642318,1.0846036628128506,21.052670160854834
777956854,0,178.174116061443,0.35882976591691296,0.17393798973607816,1.0331322190263712,13.898805139413227
778024152,1,103.5392617459571,0.34370565665670993,0.23033295478727756,1.1916746092800055,18.22218259278695
778266959,3,110.97116594624849,0.38622983650450554,0.2378949967295779,0.8727297470631679,11.644139974712424
778508668,2,58.27366863572759,0.3431696446211128,0.2632765229571342,1.145576719636461,22.239245034672678
779018837,2,62.13146642183576,0.38115352370261735,0.2817281024095564,0.934624552209327,14.00652363452883
779245999,0,182.00104922996277,0.4072999537570799,0.27348672254842094,0.9022407858737214,19.954614704761052
779535649,2,56.8762395825536,0.3631855516356306,0.335003240261355,0.9641691912130328,20.348672514645504
779877733,4,76.84445421689853,0.3652872371963265,0.27685227353059333,1.0663336970734043,22.118055732742945
780149366,2,162.3129225526707,0.35471296310579775,0.2492664409355458,0.9353228825715192,16.892196200529384
780388384,0,165.2645232987113,0.4533858491062305,0.22542668438463423,1.0899638573992108,20.611045948679948
780433305,1,190.59946639456382,0.3638212252548694,0.2819268819494991,1.0700530738932421,23.61283873332227
780752652,0,158.25403870164038,0.37010023795504166,0.18206744663745547,1.0426078830049328,14.226161847236515
781281190,2,176.40530166855257,0.35178161144408715,0.28442594921882514,1.0919637235928255,23.52676582447542
781306630,4,188.64591880685455,0.3881436449723186,0.24822229391932574,1.1412175629434915,20.741176023524368
781325985,0,219.1378709789343,0.3609229589494252,0.20899152126270082,1.148806689732854,17.07403981627325
781403971,2,81.73766752224677,0.36604958664737713,0.21744680292568405,0.9959977143550504,13.417454486829982
781605401,1,45.03546891454988,0.35862858078729115,0.34929936305543546,0.9268880981016889,22.290392899189698
782092877,4,60.5563342048883,0.33750506807035335,0.2228888781049655,1.1311114278251295,18.696675786637858
782678603,4,-89.98284255424412,0.365584741895153,0.3459107765983941,0.9076700551215846,19.92436715520573
783040210,4,153.28483331013462,0.38274321571056946,0.2338125982236902,1.1278099147674903,21.164695530696758
783055378,0,321.6505323319797,0.35232494494035976,0.2158784798070734,1.2134484349255448,22.668368221679668
783150586,3,107.83167932150965,0.3838257542061388,0.2309665868479015,1.1097513441932998,15.033808737261966
783176072,1,71.80670402054815,0.3632293352347248,0.22717087544658404,1.1197819907088564,18.7498829349301
783233627,0,-17.32836652370304,0.36196926458164275,0.20288111280432808,0.959148748657698,12.948072183795773
783252697,4,-26.360751803527208,0.34124599393992905,0.27376769772653625,1.045937943643841,18.53553047364101
783421229,1,172.97428354466587,0.3722815981284391,0.23126339617084674,1.3302753379772296,27.628532007034856
783528107,0,28.077001451460546,0.37562354273655235,0.29414193064517336,1.023836235647407,16.031890445581325
783741919,3,174.63580078022534,0.373343948291274,0.25164836274417496,1.0971953892396096,19.74534485534012
783812275,1,26.150966145898764,0.3879595647855228,0.25941607224498076,0.8516663599892608,20.89170665109348
784293016,2,135.39224862924368,0.3960229295968909,0.17491727194596174,1.0634288374450953,16.371059853773072
784363756,1,164.3379049041376,0.38623414289701213,0.29668982357814505,1.1098010101730846,21.658922065734544
784935951,1,63.31551724852161,0.33524108087851007,0.2674687005461679,1.1407890678473822,19.138330042188592
785079844,3,185.10070051738606,0.3534268158873742,0.31445339072733663,1.1876307595523756,22.904196557150435
785209471,1,8.747714585609188,0.32930048193973,0.21981795359317047,1.06395849118082,14.621920661528312
785463469,1,156.98226436551266,0.3697334019935034,0.34340338740659127,0.9821091294697195,22.54256924325695
785739315,3,49.94033657567627,0.33130945765220327,0.16602570966740735,1.0730202145871022,10.20880298057499
786535870,3,162.78191062537735,0.3780346491729167,0.2703461042450547,1.0291117238671597,19.503340805701153
786832504,3,368.8705576464964,0.3800391818371307,0.2623801092018884,1.3362036557272932,23.34386359193774
787172285,0,174.88205651326547,0.3596831789310729,0.1737686533797404,1.0427687028807155,14.144417544706192
787518160,1,26.784944367143737,0.3172546584880842,0.24321836346859013,1.054068051285656,18.130263347658286
787533936,4,261.33374850441686,0.396325087430458,0.19515664807803748,1.079116904922959,20.53198767684303
788080561,4,129.89530007641022,0.3651803944851342,0.22126440086541585,1.0923685088180966,16.600603877478736
788688131,4,56.47531549100643,0.37443342138721714,0.27051589786093133,1.0336202717006833,18.181643214414102
789071222,1,179.24249374062734,0.34433780299637945,0.17440169489613216,1.0752407118770353,13.027054538589987
789164013,3,131.1569958467059,0.3651314991444839,0.15702362694037436,1.1278738255191922,8.737362877472059
789200912,3,51.79871793374379,0.3839744253739965,0.16364207230058164,1.22076682528979,15.392281128209106
789216614,3,0.22817255791024138,0.3340420158433651,0.35649179976274653,0.9075154084909723,17.345815737071916
789218686,0,115.27752457715142,0.3590773447342288,0.14233992975434118,0.9901299854954527,11.912158992702988
789469220,1,84.56481002776923,0.35477957832043105,0.16429439460612913,1.0097949750240216,11.987903239334894
790220540,2,255.77518097257325,0.368380111106662,0.26685887932866537,1.170740498695598,22.295147507695443
790422297,3,37.76660606787534,0.35583025485858133,0.19208919825532336,1.0644733709939334,11.654603645792324
790707240,0,135.88776473479942,0.34601526483109246,0.2611951411370066,1.1102809032498493,21.398928784081335
790828475,3,209.64129512902844,0.3534230845898486,0.22669138432890557,1.2429067695665739,20.133138571877662
791518570,4,278.2472330218359,0.3653297857807656,0.26059252836031965,1.0997232953207619,18.121505359765887
791544306,2,39.53372854863312,0.39807971361838096,0.2996458844114852,0.9146213621435537,17.99935072233865
791643770,0,165.68892273908494,0.3422465022566937,0.2934936477736937,1.090441370628326,20.832805555220734
791644318,1,28.41330667150406,0.34995519837166655,0.26443470211492526,1.1419019318159342,19.679014956105696
791901717,3,-24.193873330472357,0.3143769268495358,0.16575223448481013,1.3220147560665132,16.798264015001806
792165329,2,91.24348742036985,0.3752203504847102,0.1802478830631417,0.9890005305649879,12.197239187006264
792850218,1,27.301882687485588,0.3613334806166732,0.21014236811016776,1.2649318742291698,19.391076257478012
793023871,2,54.074111147570186,0.378989142578952,0.2365239492592672,0.9760448898385221,15.83671851134103
793067604,2,90.24609938373074,0.36077487322893065,0.22859165418016208,1.1548870390987354,18.66532240250345
793720253,1,113.17141525000777,0.3422702766485599,0.22759815254923157,1.073149095693552,15.238968592273821
793830629,4,-17.078131998197478,0.3517699484374116,0.25601493411574605,1.0057580437719147,15.951190877969983
794214898,0,73.19226374344292,0.35233953795885703,0.2855571864275337,0.9751202985022158,16.29500231082235
794405907,1,172.07134966249288,0.35501956529359957,0.25840998977155677,1.128600140443793,22.93729640237873
794427257,0,29.03590628682808,0.34355664038371614,0.08606780838576306,1.2398122255280162,13.735358823608522
794510468,2,175.41722874047758,0.3663775466552452,0.2144240091726623,0.9272016536016793,14.566531441094938
794641374,1,129.46152805257015,0.35072555641514075,0.27384040972998464,1.159121235678776,24.584946198758757
794995355,3,122.78877924301503,0.36605561904860257,0.2686672649983261,1.1586774138602982,20.4495356142518
795727494,4,55.13377566872093,0.36836024674273876,0.2394828158628,1.0941297755100645,15.372594222312834
795837749,4,190.54066432279996,0.37928127076932405,0.24044200047654446,1.0457761439908733,19.631827274580278
796117252,3,161.4295411597381,0.36214630702977435,0.24106137178936482,1.1052561963719656,17.467105910200697
796744400,2,36.74300747630343,0.35815392623187975,0.26632592470780225,1.073570163010445,18.078019393650127
796832411,3,250.74023928714948,0.4027958638243583,0.27839826698010994,1.0543223173842915,20.906364923931598
796983808,4,143.5965640559296,0.38232193164629186,0.2273701850194385,1.0704302410904094,11.192836758041757
797241563,1,-14.222088150170691,0.33299859225499356,0.2670954844719887,1.0374037380561592,20.924640674978665
797481672,1,170.03460740411919,0.39015068579339124,0.15137615881138666,1.0790498629876326,13.536714920455461
798215988,3,203.1416674476253,0.35367548269921784,0.28823187954533014,1.2768081889648104,21.542770697072363
798268482,2,128.10156714284435,0.376412868077278,0.1446608226933932,1.1436115125424429,14.249817339052807
798438482,4,116.87450893035054,0.3507038529340086,0.22116518207720745,1.09747347123398,18.10539325616453
798454930,4,166.99052976833832,0.34480301843984157,0.20043666730929682,1.342835020846189,21.79048388623038
798498386,1,78.6458613133924,0.354133867911703,0.23692356638074996,1.0211399396657064,15.027544047859053
798869032,4,209.94135175157464,0.3547066822041894,0.19399004496926325,1.0256648822892656,13.862776124662494
799217349,4,54.0106696901522,0.33129838027086994,0.10073041777314765,1.5782281255988841,20.44062111082857
799283066,3,35.41703224296656,0.3505719351223447,0.23864238754431366,1.0284745714683035,13.629551892617084
799636548,4,95.69530641527561,0.3459877686547277,0.31200890197736597,0.9847927028904061,18.171579428193407
799690401,3,160.52476778945442,0.3647613778157575,0.21862146941037056,1.0498592666386555,15.203230936423319
800089698,2,111.69333657397362,0.3438024896591082,0.2817839111093308,1.1332400736421004,21.284580688817677
800130991,2,210.46502799958535,0.35824522085146865,0.23039657249563888,0.9509703610550938,18.102206024426742
800215811,2,70.51536253858163,0.334069607267348,0.23337881945431885,1.1119015135919872,17.8746195342253
800676373,1,104.72505167343444,0.3558899919099491,0.23082928808636183,1.1189989184120952,15.43420314168653
800838483,2,63.12248613889589,0.34405339747819513,0.21601971309305043,1.1202049137535335,14.802658354754753
800998431,0,165.7668221266267,0.33507755741525497,0.212992429740174,1.1521759879324633,16.236818444557475
801063364,0,96.84299978179382,0.3398620969053575,0.22264719961803509,1.1271178813083882,19.729311921933398
801330021,1,89.91672677042799,0.3439385886994068,0.15470871522849677,0.9925805288333839,12.923993860522845
801675840,1,215.0920277553813,0.42410764210557705,0.3078525511260482,1.1581117434595802,27.854873824953586
801689933,2,-8.19524648450846,0.3680679757542443,0.3090734288216444,0.9312104091015413,19.699641560287144
801852409,3,75.39258810729166,0.3570463361883421,0.2176230068527707,0.9237537753791847,12.971879966295985
802299717,1,173.75968947495716,0.36525904465440145,0.25465777975327814,1.0649852796111907,22.27968412602675
802360891,4,-18.60938837894291,0.35894566686887674,0.3358408412254799,0.9304371797799,19.027250026269556
802506538,2,67.87635871134427,0.39583575447214037,0.2192034953324096,1.1092636840469714,14.70355735128198
802993859,3,94.99551907016463,0.3728445803627847,0.21524624026562725,0.9837633890626496,8.645332373745227
803106454,3,62.40012275406738,0.3676421633659731,0.18277370227047726,1.0050314332857644,10.519433083217244
803775586,0,9.587209976581676,0.414208932913243,0.2085011798110688,0.8583725589883326,12.561375357878134
804037111,0,112.1442260454761,0.3724691044109143,0.1342785821946891,1.2937698000832978,14.391218195170952
804149832,4,260.2693324260914,0.407090182411371,0.24567781440464304,1.133309049985051,22.617563871787652
804322446,0,52.18586571455202,0.37408126123238433,0.24175914602152992,1.1012903331240727,15.678256735049153
805227128,0,58.044235663321125,0.35305299880212765,0.22598891180038694,1.0464964952147207,14.313384957814137
806311584,2,93.24044094690136,0.3416045381678537,0.24325186487751074,1.14467585498174,17.705081069316055
806397458,2,41.09620152205674,0.3634165322311645,0.2519920021235787,1.123061746232082,20.008250645024777
806790733,4,127.93952224082929,0.37137951971281824,0.2751780181028248,1.1299062037752714,21.09630308317214
806978622,1,9.864335653021755,0.3513523255640229,0.19596702883722186,1.1446507775772583,15.336213143349
807387712,0,173.66380267448596,0.3832817943903281,0.21887879677707672,1.0596598188137414,19.455723377233955
807551839,4,119.56615587678726,0.37781178518487746,0.24699784801462824,0.9689132592063459,15.162430052522838
807875474,0,93.17499181060955,0.36369661013882626,0.2719130084209618,1.0570603833201324,24.479039929613158
808029389,0,329.8944929407143,0.4156286655765544,0.21963755951817623,1.1107770707587792,24.413948749111377
808269149,3,47.00489099164465,0.38067374496820644,0.2541963025683584,1.1244276374483273,21.12103124213324
808476294,2,171.65077802189802,0.40099507832364306,0.21785334112895005,1.1587824658178714,21.718256360906835
808488658,4,187.48820714068927,0.3476309115345906,0.22901531676423492,1.0618090182952467,20.533976436149697
808582678,4,199.67598994960304,0.340914219916772,0.20750635963300507,1.0713319043554999,12.759230411854427
808879247,4,180.91761074220042,0.3730845631789258,0.16652552776685953,1.1013646291824473,15.23873595945222
810134797,0,60.92828837458087,0.37144507032966817,0.25947612489528943,1.0633802947723963,20.555148120739013
810221803,3,49.59276158087855,0.34568161416988835,0.2522616498999553,1.0236644381964217,14.54617120108616
810464372,2,215.51969685527882,0.3844869856392989,0.2170250081682847,1.050863734380263,18.945739286991312
810570947,2,226.88564847668914,0.3687684059083353,0.21707916331659394,1.0162574032806373,16.432715819196066
810716859,1,123.18506056167291,0.3811662994036203,0.20168966629374133,1.0375789701854299,17.78264995733385
810767754,1,4.3799221381787845,0.3295860170883863,0.2695619935433411,1.018803908712153,17.915207273622407
811102498,4,108.84247820539822,0.3612381138738672,0.16882810455076142,1.0327583477007547,12.180947089732634
811196388,3,160.98052191846273,0.3756429813500079,0.21362197620382228,0.9946343285569736,14.479119334548505
811299446,4,100.7408128763346,0.3411490241471941,0.22818881772103605,0.9904452029275319,15.959922604257288
812075542,4,291.3611062202659,0.34877001874632246,0.281186997492407,1.036682520077924,21.841616793887468
812088904,1,185.69975114269084,0.3720495733989397,0.23543324815267933,1.3780085082813929,29.105155449053782
812162763,4,42.32788208958827,0.3653077584915183,0.2808599200456551,1.021964831646989,16.08778874258211
812270433,4,260.0051308134198,0.3711951525448199,0.21179285134634906,1.083300990255294,22.337573796277677
812457901,2,91.96799143709427,0.37802979342402365,0.23349373860549874,0.9556564436924702,14.669094522418213
812618019,2,52.8762363385837,0.38161608233167077,0.1932427373291939,0.8677951964621775,17.323975884960813
812811097,4,209.7365906486753,0.3552531177327592,0.22369591491880741,1.0230982232134573,15.130169708891017
813149599,0,140.38506201323622,0.3789909910322576,0.25695796333314735,1.040136228089391,22.45296057194117
813214787,3,115.86623836209705,0.3578584132780505,0.2537856783885113,0.9729620233183621,15.629146257058284
814144401,2,100.13685249444605,0.36552802956062785,0.23747319348843648,1.0250485867726795,15.024803800172165
814145084,1,166.32217508702468,0.3592815312745418,0.24740702769315898,0.9641927594254321,17.088297302343808
814315691,3,35.53440503344755,0.3557829859608504,0.19692029062714228,1.0767799439793466,12.70735094411031
814898102,4,32.10606858184343,0.3740201531540271,0.3235078483256868,0.9597730615238607,21.770598525529998
814967191,1,158.15032864418663,0.3856591801032352,0.1580120114621229,1.0596411206134269,14.353467899726937
815036763,4,7.852871729561642,0.322231062650949,0.2639870138430418,1.0343984445083751,21.04625454743391
815051873,2,101.93175387295092,0.3696323261100679,0.30331553786534404,1.0689293903986843,21.30068542366585
815588093,1,46.816953915814736,0.3377786024824523,0.28285706101903885,1.0333863403867038,19.733136884870753
815998527,3,22.731984782360428,0.3627487481402833,0.23333157381160374,1.0952191767691672,16.16107179432945
816208987,2,107.12384516479892,0.37800653771344894,0.19861565581816565,1.078820960227105,14.010210797582356
816499147,0,67.82544175750682,0.40451036194321977,0.3611358699804899,0.9894279860932609,21.797702094773598
816523902,4,124.0480712576559,0.33970248131145686,0.16959710910335313,1.1424345609405506,15.566795298950433
816594704,4,10.803394843477008,0.3314912591620036,0.12053170360043333,1.3850399716425983,14.261485950174109
816699374,4,88.20803460024229,0.4050584154321447,0.16246386981435199,1.0610963260053905,12.93749825323858
816729790,1,158.09153828711175,0.3682696853394014,0.27467386793792675,0.9822370736077729,19.318511471938724
816767607,2,44.28669911202505,0.3716924504956289,0.36709962673162716,0.914558334563958,20.06109747498815
816771422,0,-11.81805829777015,0.3589417985943969,0.2884545923893409,0.9483629724769459,19.191861085000273
817102906,0,62.74482949905695,0.32886307050717967,0.27864070073446034,1.1841591676918248,20.39755237147336
817179455,4,8.631823239074464,0.3753817867975552,0.3170261489610468,0.8797217927146187,12.771897137153639
817222485,0,19.86889021057243,0.4153579011292482,0.36081333445516905,0.7995723119229519,13.856419143345573
817646682,1,100.08702572889882,0.3461623993067517,0.16577155792083953,1.0706561668590415,12.453781018658344
817764960,0,123.82450505807137,0.35098041845302863,0.29541187783731393,1.1173881921170499,25.54598514255471
818720899,4,20.786773351865392,0.3495925383562732,0.23490196864751905,1.0926033736218026,13.573955366253857
818853032,0,155.25721040198457,0.3534019969482794,0.19830865117847452,1.0645470006501805,14.540997342096901
819286039,4,283.1327045569019,0.3989170510516158,0.3109506378975396,0.9906849024412077,23.459687215591362
819429551,2,266.14589784964085,0.3770202567891628,0.19106578598795088,1.2571598333689686,20.023186496813672
819812613,0,164.15174629588668,0.36149110675661456,0.22276426189843235,1.0195667342581336,14.53444402762826
819863073,2,252.77747255886908,0.3587869075197983,0.2826971905941326,1.1952087361838846,23.36685225913269
819957053,2,138.402978527071,0.337802410557864,0.22688891357237462,1.0460778192798084,17.67697188316344
820067576,3,68.33106667108281,0.36478037509290784,0.2242473540365512,1.2179716001903984,12.572574622152166
820073046,2,191.59425251615647,0.3567463417210738,0.2936675573855898,1.144344924377738,22.930574735810534
820293105,3,17.74273585230756,0.3461074550202034,0.27240016974303133,1.0794134701097728,17.130766104134768
820510299,2,225.84732075832636,0.3390152302853688,0.2488018444800874,1.1461603872535293,20.860679508812392
820601696,2,302.97758617743835,0.42092716922586937,0.2719679453194828,1.087680847362019,24.630536860219955
820692130,2,169.6543403529895,0.3299595853078953,0.26171438439231687,1.1463660684486474,19.585991082719282
821219964,4,62.72049030480586,0.31775812859173547,0.21024098504812683,1.1665893137092938,13.580983692429948
821229257,3,18.699991904280097,0.34383699003416013,0.2653938910249562,1.0900133260064948,17.08448806843056
821537914,2,164.23269623380412,0.3584037037144328,0.1821060414547577,1.0339394639596913,13.491089662431715
821542361,3,92.06707897203381,0.4055405235210085,0.27916367557373273,1.204696990885372,22.095166701497867
821655324,0,71.28176926378072,0.3670119894638508,0.2673932633423149,1.038888158502437,20.022063027580835
821914285,2,279.76677716385046,0.39658844565968243,0.15995357301481256,1.1414910463169832,19.144900413186882
822072702,3,124.013429714151,0.34235121031060345,0.2742783189905073,1.218403916786071,22.768960363470903
822079361,2,59.05302141555648,0.29765457434094195,0.2052936438144996,1.158362544568815,14.11878752596048
822137197,1,35.37544621568046,0.3410514689662269,0.2802822568175758,1.0442305402650556,19.07508607800473
822757140,0,42.34823566117871,0.33281700820348015,0.16204537197686053,1.1445425641453335,14.238051208963611
822972602,1,98.09863143280124,0.3334702126020656,0.24620080772811948,1.1060449201710818,19.46740050012647
823244753,1,168.39484844987942,0.30020794932656664,0.24105485955239722,1.1107989539536265,22.727453817200015
823634116,4,172.26930775506742,0.38236231479184146,0.20580509178833442,1.1940845686723094,22.559669684770313
824512000,0,20.36425851139495,0.35010370873999214,0.2777717340175893,0.9960541623802112,17.61350471357055
825127348,0,442.18491813848334,0.42650520090761074,0.27367281294911383,1.0513621325553488,24.183962638488673
825973293,2,290.89485611123166,0.3809485518280306,0.18113540139340192,1.1102828328468086,16.612462963595824
826258963,0,94.49601319336927,0.36102008197251456,0.25331709836114963,1.0381687754832485,15.352568794433289
826441672,1,185.65893952842347,0.3489046437612511,0.19331111281104374,1.0500824382693053,13.40680776475472
827035363,2,60.364644313977195,0.3424061592126819,0.23573191014787265,1.1153667681276014,17.263782377041874
827086896,4,238.031476863827,0.39560359546690343,0.1956966177718258,1.190345752615943,23.554617475320633
827590818,3,115.14606472341248,0.37175859977999537,0.2514340325890872,1.1012449362168388,22.06647452068759
828069066,0,97.87499817074769,0.3825768150896644,0.16589475747061774,0.9954065475530859,18.62376339012787
828078901,3,281.7212306479007,0.3835661873457453,0.23104428484906342,1.075556009711053,17.57133109408772
828636202,1,164.9959427195725,0.35870435723390065,0.20130680679864682,1.126155653342415,15.255311636063627
828717601,1,131.07335927885015,0.35004519611904145,0.29815938789880836,1.057985153850862,21.660816539399814
828807298,3,240.85771357723837,0.3622609661861937,0.23683724900618838,1.370922086852619,24.536839712007225
828904716,0,43.03986807269135,0.3414223120039181,0.30166261475636835,0.9789425797387832,16.208392809056406
829968625,4,85.94555431394838,0.36372543555012393,0.17783090745464608,1.130785687801521,13.037542864107538
829981361,4,106.21111539560744,0.34157028378758897,0.20654184862719538,1.1054430823804295,15.53226882450208
830475899,4,79.02286380940271,0.34600721529907885,0.2511641944884433,1.0750162724861358,14.366169836734517
831848484,1,3.4970906800986654,0.331787179964951,0.2214710484935477,0.986323804885212,15.846795026367815
831990105,1,111.1199918905741,0.32530991492213335,0.26677615770523805,1.176226606701034,22.638435945656003
832112945,3,49.01850549866418,0.33065070455056617,0.2565136994062502,1.1975291340554592,21.01724804901069
832174357,2,-0.39966373325638926,0.3733798022623784,0.32690977475173827,0.9663158846109962,19.454736323709326
832267594,2,179.94352374978175,0.4019863610543201,0.1755149692606805,1.0310831686480144,14.260978277987494
832293069,1,13.535270446365388,0.3385951703205158,0.2127950876911631,1.1599135819888684,16.908537029817584
832907527,3,203.36900331579378,0.33074213351099735,0.2281775868263263,1.1627634468479564,15.117653206464468
832948495,2,197.02415713933252,0.3554252830825449,0.2995151468197518,1.0196680189926333,20.562264165206344
833018953,1,66.83856929769753,0.3395326758124754,0.24198608246951786,1.013247525115117,15.733832665154463
833673959,2,-36.99099716661384,0.43270364090971547,0.30695524544865554,0.8806175935057032,16.093355060557982
834012774,1,80.21483144105895,0.41222088803153095,0.20050502368582,0.9273313113091457,12.267382340294128
834236236,0,84.47254235465309,0.36386053303550225,0.20169856930389016,1.0421680829656867,17.45838178017591
834328037,1,55.22167981886295,0.38002220554093147,0.35234727900371143,0.9455454294138097,24.010884088463133
834450099,3,200.79393101768335,0.37838524682639124,0.23085617656818253,1.1564100092722893,16.64839437731704
834642680,3,120.01298323729205,0.35343512697878715,0.2657582291991554,1.2125911750902736,19.00908705056607
835449661,1,38.29620708316338,0.3411098493933587,0.27810556418466836,1.1470672398797959,23.082444541374464
835465429,2,29.780419915647016,0.36876715478445177,0.22507268796160362,0.9793292814075817,12.321585947421378
836337726,2,217.91114667068197,0.3757134954287586,0.23486219291453442,1.3038919187491826,21.6727378928692
836390884,3,78.25815923109387,0.37384801163866715,0.23315198593816097,0.915856424529601,12.828653766360459
836759737,2,-95.87775640779257,0.35347610154151665,0.1814604553631398,1.2764668820275515,15.07079695284588
836965269,4,133.39678676155614,0.3324598161451165,0.2852416813007769,1.1818545433256784,19.855229934482082
837296086,0,190.4577651846331,0.34408487325779247,0.2112669115296063,1.2293776539440298,19.993431542907473
837351512,3,183.39187642818212,0.3749935243258267,0.21662409051407297,0.9863848385541626,14.761844150935994
837417544,0,135.12930599800725,0.34864787689723814,0.2204822423708507,1.2728827540916692,24.81998530861137
837604570,4,-39.9966351047602,0.36932850060802114,0.24880249957530676,0.9637612953160638,14.110223880775337
838168073,4,100.83833468700752,0.3302760593435914,0.213694204519509,1.1087620721167755,15.895359571795836
838352971,1,150.32156225347742,0.34247709667372245,0.20633264624799688,1.1417463893337885,18.1442225985542
838510907,0,239.1882409329919,0.3670617343292846,0.25908673944461935,1.1551554042519592,22.756160717010463
838925791,0,36.38470778590828,0.3758048725461284,0.223220535665341,1.0811034791174183,14.269937031541772
839165953,1,12.797376938372452,0.30727609112075244,0.22872714672316652,1.0674470320691365,16.457369844990065
839183601,3,-5.284566901782583,0.33254232286594093,0.19933663760322448,1.127882603388654,13.68854289132877
839463211,0,111.12373387672773,0.34358237611950454,0.20717055419170252,1.0359195350752466,13.62372845514529
839630987,4,90.50547808427483,0.3559169754390152,0.26204363763349026,1.0883139895455722,20.383823294698825
839752989,2,-5.403453852547813,0.3637892575658743,0.30766362903685535,0.9393896431407278,18.916058961550252
839878795,2,205.3338036684844,0.37222285531176563,0.2442451395968271,1.0598284809648948,18.418740448305567
840186031,3,224.75986197950053,0.38924626715163874,0.3225305180960276,1.0279369030399428,20.660443487762766
840194928,0,69.94092268579907,0.37058608640472107,0.2892609494220481,0.9638113297446403,17.047642337555
840303746,4,131.6425152306582,0.3501565747814842,0.2304588359956944,1.160783897942709,14.043913951941
840698807,3,8.899073256641131,0.3587342962509353,0.2154540052759487,0.9484010410765016,11.694673943063965
841055334,3,331.3324047568536,0.3794240976092139,0.23897232377269131,1.1883796014230703,21.996568720975773
841072650,4,67.11556145732118,0.40954522574588137,0.30636706854224943,0.9118405986599517,15.418489998685018
841081788,3,24.931907798298226,0.30766447908599404,0.25607676876873425,1.0803057592446452,19.148203544346316
841226784,1,120.34395423060144,0.3492573850199601,0.19519498726764423,1.0450403546905624,14.147416446339601
841328550,1,174.9701218548033,0.36796438448461666,0.20942085579460096,1.37908510486321,27.49461581957374
841576889,3,140.22370816919096,0.37982473394464966,0.27060514651943823,1.1461807377990885,23.17740168453127
842024022,0,168.99546143399726,0.34396471642871446,0.1742816910045551,1.2273907543131135,21.457719694649203
842148313,1,160.67991005701126,0.3783055830109742,0.23744431651871378,0.9035212826518615,14.625461945610882
842167683,4,246.14130810469302,0.37987889177786727,0.2104844826153648,1.1042764438892827,17.669172840584316
842432665,2,20.89176495653099,0.3688204984221446,0.29322838695955805,0.9526230847507573,17.501039522063046
842879180,3,69.22043264939009,0.3567234076882568,0.16885448493686334,1.0046217203564238,12.036276247199655
843120215,2,134.28470358433867,0.35842861593723163,0.24866001632067894,1.1256649822305698,20.842724506738357
843575922,2,64.73556995881384,0.34034619124561827,0.24970982885429116,1.1657063319254548,20.646126789005958
843758383,3,269.9014091364558,0.4311988239914093,0.26961578093820093,1.0714330383351545,24.165695682930796
843894109,0,83.8008220576271,0.3523501092088144,0.2515593640128996,1.0383536419561188,17.330383396661276
844100895,0,85.22452262672208,0.3517569243249594,0.23113283547759558,1.1242231070287783,20.16621300466059
844147775,0,17.78879836844122,0.37728224279563327,0.3467691507114993,0.8940338276243263,15.24742139654565
844156595,2,107.561289038073,0.3671743601842802,0.17779362739527974,1.032027781068033,11.844128417635757
844411055,3,113.05001465602666,0.37857909433998915,0.23966286649306315,1.1875373609334048,23.40118066817971
844805086,2,313.30710904692046,0.4368462767981518,0.16154954450016268,1.1549641404503659,19.07892872017827
845322563,1,28.60934487811086,0.3461015689584909,0.3248308401993132,0.9340482711167988,22.8355245562084
845810761,0,220.44024458346217,0.37754526466671245,0.19448937455299448,1.3018438083968724,22.31252375737314
845873232,2,227.02097696324836,0.358099171690377,0.2097693848780829,1.2416043581413194,20.816099545785892
845994024,1,212.1108013288158,0.3518270434116627,0.24571105120964823,1.224016725794285,22.120468605323417
846108255,1,108.95153357669994,0.3520864174039656,0.3448697931418286,1.111393248948604,27.323666467457326
846390932,4,180.76930065250087,0.3550888339746263,0.2363708954121547,1.074391411034901,17.20892309487989
846455978,1,151.46635837198085,0.29458232670897827,0.18386358368604172,1.2139259645664842,18.14849513090365
846469607,2,169.5915252561412,0.37037847528443923,0.2542906567256132,1.1977257927106126,21.314629006280022
846662171,1,118.36538896793756,0.3440167211769014,0.270057687282962,1.0830132342400718,21.976898193170854
846740244,2,143.69012156650086,0.33854273706487614,0.22920139191817093,1.0567698483218753,19.72300390007892
846811981,4,193.2201332767055,0.3566505127381689,0.23367071471352696,1.032221189873362,17.38099611984648
847044135,0,127.75725369835749,0.36196046326812975,0.20253633919372366,1.0579077781346677,13.372496001218199
847356042,4,15.457665702061078,0.34231933286912797,0.2796893784075369,1.1084022911727944,21.15316535887812
848025633,0,210.42512004898748,0.36695536168641174,0.15171188761549545,1.058782018926927,18.82033670435255
848202218,3,102.17457281614477,0.35735159492556445,0.22089953860872188,1.1340109221059838,13.6891375987104
848295596,2,191.42588201363475,0.35481841516806384,0.2558765864979393,1.0946665682348617,21.8990532645293
848393860,3,168.01741056960267,0.3694330333880532,0.21948706753180736,1.0352631138528863,15.186178198948335
848462258,1,74.28196997614933,0.36262583156177863,0.15698528730842784,1.1215600535594805,13.578865184633264
849184713,3,133.85775598270175,0.43786110614627993,0.16526349088797274,1.3811862610139078,20.624134284212452
850250800,2,250.61756100803098,0.3845596821443717,0.17529732121798952,1.0232401294481712,14.175976021062166
850843223,2,337.3177627227738,0.3651142275632181,0.19222356098373095,1.2018132923974538,23.21099078458601
851867509,1,28.448142958924905,0.3486943734889971,0.19673881620557515,1.0673627725449726,12.716484006465835
852036166,2,179.63618959638313,0.38344238257683694,0.19870138898329037,1.0186566501596523,15.636282366612972
852138859,1,52.58625070122629,0.35313728878426914,0.2786914817811901,1.0438537085408544,21.181110030715757
852180145,4,99.01444857094853,0.37139586016265363,0.17603365738193544,1.0445700513711396,9.740893453726727
852184111,1,133.5321370257137,0.44635966499460855,0.25856207038649504,0.9730055867406455,19.789957988063772
852432684,4,115.83956398219681,0.3671234137972941,0.26682935200736024,1.071843184942006,20.096237871978502
852454383,2,163.29548847808525,0.3544153009462905,0.2242825525749137,1.0119365224936683,18.08928312520847
852757055,3,178.52469065685284,0.34422476678129243,0.24886698190743095,1.0304384609931636,15.904524086267942
852866777,0,245.16516958076255,0.38641122295866365,0.23668395374859136,1.1635571135129312,23.444163239891445
853471397,0,14.73037122836243,0.3976761894733334,0.3043117995433951,0.9050124286941379,18.863081191694413
854050780,0,41.413771783310345,0.3539397145678055,0.22727334862510876,1.1210097979153582,19.82579527396035
854325702,3,-14.161596590046628,0.3707620688399202,0.29743364464054095,0.9204869725098083,18.148748517547453
854626537,0,160.15312148322892,0.37246396120491065,0.23433298548526477,0.9541282618017589,16.149042118648065
855265813,3,177.6782061363532,0.38431121583564876,0.24070655767962024,1.0968731831432212,21.90597346205681
856310175,4,132.42215911275383,0.378012500653245,0.13357267260288808,0.920634908129747,8.767969072678206
857493941,4,33.44605541889648,0.34073284118528335,0.29465522994689225,1.0432215878660067,19.58772576260291
857690226,4,56.19971237841987,0.37533032480433787,0.27637971967037867,0.854692784885745,13.129609276949713
858163366,4,79.96571835096475,0.3427501370139855,0.2817394981397612,0.9143164088361568,16.767903981263427
858271129,4,92.14404493573652,0.3654165908768725,0.2710578234230333,1.0602120341378098,16.786088959035137
858364876,1,159.8655640227437,0.3847747410261019,0.17710826727693332,0.9223276461240321,13.709798763872163
858663171,4,-11.536019482218194,0.3066596336549001,0.22726508790920244,1.10245392108751,20.734447113475127
859360973,0,239.42832386014004,0.3456411274965572,0.2928927743969987,1.0726252039058295,19.765641985990346
859487043,3,38.62064061132958,0.33790883632064306,0.2241839154390655,1.2238597845858714,19.51408500912722
859606185,1,123.51411244580784,0.35171672325263065,0.21913376288502162,0.9821498718764327,14.470090529874348
859644583,2,-6.773842980097285,0.3678724492151021,0.3054927835280452,0.933866923100906,17.987495724266168
859659419,0,-17.797774937464297,0.42321571669998703,0.20447688282302,0.9896708024290729,12.632519706386972
859939433,4,203.45891961888674,0.36580830503354345,0.1796795941847348,0.9895131112031417,12.94191666419154
860122882,1,122.22182930014642,0.35266322904581515,0.21511504164387138,1.0072538050113244,16.201211203208604
860336451,0,-12.347980602267171,0.34797384640427875,0.28963165705439475,1.0801260493563385,18.719917272919
860722279,4,-31.315447655329933,0.3781451450158496,0.1582943551017959,1.3630744536317465,16.351260005259707
860898971,4,74.64497740910028,0.3360753044420593,0.24071909343115944,1.138371531437933,20.52930576780748
861130931,0,-20.86662416999296,0.3876574893103973,0.351343897571304,0.8943175477420231,17.251914507563626
861281692,4,395.56262344580216,0.39289689367831643,0.2765756815997793,1.0118089204560148,22.724572349256466
861558907,2,43.10201533773625,0.36868359705400483,0.20772133563293402,1.1081887236091799,13.923721808319716
861681123,3,106.04102267156037,0.3191201814745893,0.2539096440438796,1.2476724480188819,17.53977385417454
862321368,4,58.556710419577676,0.3819766337703484,0.26365950235428054,0.9587423454447951,10.468939532246772
862498467,4,88.13880543042671,0.37844978236071813,0.22756812425132608,1.0266007224629417,20.15471024186148
862699408,2,138.83998495986282,0.37941637482989293,0.21090839821872737,1.0568164788827168,16.474091016734036
862879139,0,341.8999806904616,0.35613257177203694,0.19943317368205596,1.0656869183545608,16.38324796455258
863587457,2,47.11406345452008,0.31849889791972247,0.2242613560786239,1.0873475353182196,15.736449042665171
863625275,3,139.23024541421753,0.3804944749003003,0.2332976870407933,0.9336761172067154,15.662079469718472
864305544,2,12.193725535313774,0.3402561497667703,0.14431144706860932,1.2625778595855246,14.319553359225393
864842890,1,-0.5310974296047277,0.3621286090124216,0.31805606928373686,0.9564606521898836,21.159168759902983
865092427,1,187.09144829411485,0.36741258894397977,0.21860054606999116,1.0716660293335223,19.31285481058823
865332656,4,0.4569736831429623,0.3718753192987763,0.33989800336013765,0.8908977602634592,18.22374354954739
865769090,0,22.689733095510007,0.3292020312506012,0.14340256874718968,1.1763941152104727,16.98129971984783
865858202,1,158.30862863863476,0.3652433702485538,0.28082542534011284,1.1877018229646026,22.425007568005057
865879594,3,121.36672907879738,0.36966585326976625,0.19175284502836137,1.3053712196011173,16.22411968414777
865948061,4,339.3518052953052,0.37721267955317617,0.3127404878219182,1.1810123814837756,26.409751994927596
866279797,0,159.85939601336403,0.36652827399584087,0.19820317123416242,1.0253438631463307,15.817308507385068
866677131,3,3.9732645637156594,0.3772145261469083,0.30625207148005357,0.9703148736561449,17.13826643707453
866841862,1,98.10829434753192,0.36468335794052015,0.28466026985520104,1.0065032468587356,19.74223844096916
866951127,0,32.03496366493217,0.40794276672728774,0.2197859982168897,0.8001372748303488,11.214700260513453
867336767,4,185.8768943712107,0.36481626764919545,0.2169438448921539,0.947828299967297,14.955972866458028
867393548,3,2.0715474101759668,0.3596305535688363,0.3541684618959293,0.9379207086173768,18.376395483304073
867402833,1,59.57979039012262,0.3558099517932946,0.1943873899778774,1.0739780267520522,12.13889508414072
867714785,3,83.8921483846477,0.39649921057510973,0.2368368072369431,0.8620314293958133,13.772693058668644
867758699,3,94.7492450885551,0.39981600024072017,0.24073180392446664,1.0574580872805923,14.579176401154347
869392310,0,205.0036461883529,0.3025298808485475,0.26828187187924596,1.096742660831815,17.29337394050564
869406421,4,219.18354217468612,0.39488350962116947,0.1775404851235098,1.0513182646438377,15.155949353698976
869708404,2,208.31249528975036,0.3637099471130496,0.17834061579839988,1.2381845389702575,17.35891500024274
870443283,0,372.833934663164,0.4022903349605646,0.26588261178137446,1.0539055391474335,18.51623715249353
870679146,3,167.01834208962137,0.35306277965115257,0.2981840864658349,1.2232596358220555,21.878206852556737
871001883,0,238.63245737322336,0.3223740463925353,0.24388820583516665,1.1017888623523593,16.715759711944887
871245251,2,62.85382647154537,0.3608857353991667,0.22371561987952593,1.1389102817992887,16.287312880380412
871482212,4,72.88978702860646,0.3658111094186511,0.18009437758936106,0.9457701227528406,12.00135936178744
871802155,4,57.442026150509115,0.3547691410506109,0.19813030203526405,1.044203778086675,12.479593329261938
872295488,1,55.961815723244214,0.39385150927345813,0.1656150727288357,0.8409836839790295,12.006210659536915
873004206,3,186.76878788981637,0.3714395486300881,0.3004717971778662,1.25893818665529,24.521572818547057
873238288,1,159.57828666426641,0.3577851515647005,0.22938674211072516,1.0712672555758784,20.54595237347443
873401341,3,236.93565705110055,0.40193851041239154,0.30454654323151736,1.1568390896266934,23.125819759653346
873453731,1,107.68185411639692,0.36476227751660095,0.2295567756871333,1.0409958887150865,19.552635158549656
873632495,1,120.35678205699931,0.38041794853131883,0.23394634811979573,0.9688541456384852,17.430138596215127
873980403,4,37.52392933768263,0.35895386108153643,0.1709933740204998,1.0936523252815369,11.711200020750198
874837683,4,86.0322836861022,0.3558336193440639,0.23726637498357817,1.125050634968284,19.13711816493869
875422792,2,174.71892452628094,0.3693830568755836,0.2944798150433381,1.2173590269991656,23.47357328815443
875480288,2,64.52089519439062,0.3630256569724754,0.22424111746489805,1.0878937713571217,14.1961191967374
875491202,4,315.6320265165132,0.35907377013385455,0.217651713823949,1.092931061347556,15.180073140821268
875508039,1,198.96531969669223,0.36401710443418794,0.23920213961925574,1.066275561978316,18.54428380146587
876188876,2,151.40694468487675,0.3768382743999719,0.2327052835267702,1.0823174152051753,16.490421898836395
876238099,4,70.7426522939138,0.4091458847956837,0.29630238990033725,0.9182183888143356,15.413278958180973
877528478,0,-4.537177936835661,0.3760412772960643,0.3549906624584185,0.8998658128121292,21.16146825477157
877661391,2,46.89613331906605,0.38342860878525925,0.2356795476848088,1.0391467506597554,15.265465149961004
878287974,1,88.71841239959357,0.36471453257265096,0.23461972445883628,0.940976858266687,17.00396844426166
878623302,0,34.75618844222584,0.40273399066924753,0.2564907313261141,0.883933810928528,12.967070286526223
878851923,4,131.19475399889618,0.38445651793816965,0.28650987435318087,1.11774199672365,22.63027831391603
879566898,1,109.08732057093773,0.33934890189352024,0.25442221262798503,0.9867334857464625,18.75716920406876
879855559,3,167.07459978278752,0.3662707363490739,0.2353005566883754,0.9641707750002919,14.183261948698078
880146863,0,84.05022979856417,0.3682560676913479,0.2525632603903119,0.9812858450664582,13.16784695931105
880265803,3,-36.16497592133146,0.3515882511980004,0.21705950148540484,1.2118680491582596,14.21867419046924
880356503,0,19.098891554379932,0.31103560422678933,0.23090700074611145,1.2036973085892753,24.547829347006925
880710416,1,201.69724440714492,0.3629698322530215,0.212646607133458,1.1235393060795411,17.57271671703019
881168754,4,185.03535755682987,0.33321853010596875,0.23070981944795757,1.088367665409191,17.617311135099364
881173814,0,183.36414713971124,0.39902232645951413,0.1569819182063364,1.1024500364213863,15.212673586381689
881250244,2,386.3543931708923,0.4188488810224225,0.19900642374257124,1.0470227092360438,19.056313785831687
881286368,3,192.7643546581742,0.37600696716328996,0.18090242647198407,1.1812993144980162,17.105853758937688
881699959,1,215.9116763975789,0.37949459940668495,0.23343329838594196,0.8961688413565656,18.26022484182247
882038181,2,31.592983377499678,0.3958888112678896,0.17124323577802536,1.1269264828172898,16.704754164679283
882891483,3,133.89857621742843,0.37426376442363113,0.21955728348345516,1.13422152137648,16.85988854753731
884131140,4,47.361201054169996,0.3409635352251527,0.21869386208472505,1.1768878677620929,17.442507577369263
884364741,4,84.89247826320572,0.3613090704869197,0.20524115333025272,0.9951220514191664,15.185381010212561
884656805,1,54.48394789531564,0.3162047970860111,0.2256834250950924,1.1672186306076728,18.719723995487133
884758912,1,247.69176220908446,0.3715784865590476,0.19695677482557872,1.172102897278947,21.44646195035184
884792716,2,222.86934803149634,0.36227179466306064,0.20451185645462416,0.9652057531722895,14.94124147569045
884979712,3,91.84980492925754,0.37037391000861675,0.26519593836355154,1.016761204987211,16.35307598642232
885328080,0,47.98798167252218,0.29405814096660987,0.21049944251565172,1.0449188419110915,13.282884238680898
885496474,2,99.22788169140782,0.36211279055450213,0.2073276084400487,1.1102716597758802,12.926067024399185
886026826,0,99.6039863212606,0.43533526334783845,0.3792611588172412,0.9631843510597272,19.65999762024532
886271093,4,47.49580604919314,0.3617900290749863,0.20138273420898134,1.0753985134188164,12.852636244462563
886386910,4,58.386781481287954,0.36675158231670235,0.28537028634058037,1.0658275226249538,17.717113185420082
886529018,2,70.34876553506939,0.3492406238797583,0.32202614160618126,1.0328580933305658,21.593058845281274
886858918,1,94.75528478286185,0.3699334483201864,0.20904924605581823,1.014128045076673,13.71620633363711
887026171,3,34.133214313180595,0.4251205577094527,0.1995649909288875,0.9294020037940535,15.32727868423625
887350173,2,245.48099244282116,0.3602234455874736,0.1770456013823097,1.043412397263157,13.2723597735419
887653372,4,142.52466453001523,0.3462857574698014,0.2005694895226972,1.0810826276995575,16.799812849289214
887685066,2,148.4609051132519,0.3407483741274561,0.2394980381622557,1.0958538144543706,18.14407270790192
887804615,4,57.49715065548951,0.3476566455841846,0.23436829256286612,1.1176866188140127,18.051122897228574
888408662,1,199.51197636446278,0.3655177820357519,0.23974302573931028,1.1447279846198015,21.6935998354869
889509807,2,318.07226690560896,0.38491768598861376,0.14686972129109924,1.3109230033643282,18.15708516763105
889670641,2,155.59965572083502,0.3628221466472293,0.24192938090459665,1.0604190064123566,19.56254377883478
889893408,3,164.7464065538564,0.358026951084085,0.23282606967645056,1.1409545039361693,17.414854840179792
890037112,0,77.33218434843353,0.3404545455099831,0.2468520996116472,1.1500274178764853,15.494102365652097
890273694,2,186.49763006630366,0.3993722771989596,0.16953700077183415,0.9934234579497341,15.547091797772431
890286804,2,268.11633324244093,0.37359937887379807,0.20079550221229753,1.2145484087771332,22.556207343293888
890297179,3,3.2352732049300386,0.41022423039319333,0.31770367525072546,1.0087331952462038,17.911415238756096
890414662,3,264.3971484193554,0.36273839926662427,0.2274905889371192,1.3133719387806762,22.81373692860091
890512503,0,81.54021102617563,0.3973123152621679,0.11992636557214043,0.91255528962747,9.970792477488068
890572584,1,42.42987685944482,0.394728552958301,0.2680584893028243,0.8898436292717417,15.222904749885387
890993359,1,39.63882213481726,0.3494949641909876,0.2604947440414332,1.0647949331322464,19.725943728375483
892241258,4,158.78629643765436,0.3180405000783592,0.18583981310112596,1.0599679396824975,15.210354491748882
893298020,1,49.80662230525391,0.3745160622072835,0.2834639880763264,0.9855394686515103,14.16077415133114
893952822,2,84.6028619889288,0.3705369005549194,0.22280524079891229,0.9823762194801684,14.213095858176501
894220698,0,194.98685806435782,0.36986464651598194,0.2193916443995242,1.1686996170304653,19.299632075158364
895111852,0,-42.58271409109908,0.3529795804769281,0.25204559503660745,1.1093233251437828,14.207426877654136
895255248,0,53.25300578826098,0.3392492886573214,0.23311212917872032,1.153634605625853,18.89368009417025
895257711,4,64.95597695768167,0.3738986609107384,0.35315789029159794,0.9553704058464183,21.757194282222155
895302963,0,-55.80258273801506,0.3647328450028619,0.27032071180170936,0.9437012233593224,16.833778591158758
895368318,2,194.175042849138,0.3724777955011123,0.22980923529624883,1.008376910120675,16.143761714813987
895465907,3,31.618949766317826,0.3417144033587184,0.2920659240888544,1.039644488654576,18.183923935978225
896186812,1,116.97605952328826,0.3546783830646297,0.2751038276747717,0.9904671000956128,17.3119359864993
896500717,2,44.80571037568938,0.33979065369693856,0.2650166443968506,1.1032012545457368,19.3757238960358
896516520,1,236.47352793874978,0.3439172396374198,0.2723909489401919,1.096556802313377,23.421485424710678
896836306,2,44.694000284160886,0.35115396541631894,0.28901387491967667,1.0914732812863155,22.296188248188642
897111350,4,41.01225770836938,0.36269776710094737,0.29359553245672637,1.0082664955059153,19.135374686876666
897856664,0,120.07840392897509,0.39487814925838893,0.1759023539361277,1.0638805168414807,14.182399653748442
897919146,3,42.29846057632223,0.341377706788057,0.28439827276710034,1.0590535542258968,17.981328323302208
898827717,4,12.491133898707801,0.34880984188713204,0.24258696106708053,0.9674291277186913,16.068168370734906
899188513,1,6.708189117600583,0.35369531974491414,0.21128765820514472,1.140390884735074,15.467448451241708
899991188,2,43.72907779153093,0.3726925294137816,0.36929766219187593,0.9125162051739333,20.062795921130288
900206396,2,310.80706547954856,0.37765359214760547,0.1669094807371781,1.1278830337710284,19.22854603033655
900377151,0,123.75216850347134,0.3681471045234553,0.2410051216271367,1.028745705178056,16.88513301898974
900477091,4,64.48941166306331,0.36374017318265445,0.1789536937546506,1.1079573377404166,14.321671382128592
901091575,4,45.940478397344634,0.34568142687175646,0.3029196550525601,1.062802004225327,22.261302770071367
901146079,3,174.10502748508048,0.36421637017210096,0.2524369435360967,1.1903200064498014,21.848557841874545
901361482,4,69.87912456156423,0.3699110219872004,0.254141952420039,0.9636383685517409,12.648092614865474
901629107,1,9.215676330716803,0.31660982029339707,0.2363975442716492,1.0633419984999413,20.51959576118466
902068777,4,133.6256644309612,0.34812370698297146,0.27614683201892454,1.0177308868944275,20.9202257511969
902689817,0,274.41604439142105,0.3808888627105439,0.1825865851601991,1.1809506976257582,21.561588740845856
902705671,1,41.5643580205392,0.35806830962297775,0.2841936970292444,0.9807521107913573,15.579258509360876
902763521,1,154.69066716232334,0.39594978072747994,0.2942020183935824,1.0336930395889876,26.361635373770014
903431099,0,113.00048970884401,0.3561479646656581,0.14081137372375355,1.1151131379513226,14.520524919816241
903930104,2,62.835019921819566,0.3808131355392346,0.3235989152093258,1.0242023609415767,20.592798588707403
904061966,3,58.60902905972883,0.3573823320540161,0.2338405400296038,1.0245939267067337,11.38056566317414
904517028,4,167.07226208696812,0.4029475429858456,0.1933312227845232,1.024417708069108,17.154311462949398
904673850,1,64.09432789531783,0.3464253042742061,0.26279383726813454,0.9622853540618832,16.055503193725492
904679252,2,152.414705825665,0.3720930476793474,0.23480828660163985,1.1628878173504105,20.12795112313634
904704494,4,38.050287799136456,0.3563415593443074,0.24992927263154516,0.9191125332472716,14.18797677962063
904791008,1,-18.584340559465247,0.38566475911417286,0.3673614742042144,0.8951056797522359,22.15076707720267
905076848,2,63.76665624565968,0.36536113304081114,0.17290560083304668,1.0448840464828102,12.885229938585375
906179701,2,253.23721233269254,0.4120755280314231,0.2608712875315044,0.9832201892104107,21.600453785627217
906210584,0,43.06997049492196,0.36093480211727275,0.23224330561431772,1.0895072197873477,17.162783474362232
906778852,0,96.13881072151487,0.33471791277893265,0.28625485429786296,1.101309292941007,20.96554075000116
906799787,1,181.0829603621884,0.378283529333419,0.21295811721255986,1.0086204547349,15.727842122617144
907119862,1,73.12381016446408,0.34560442274979947,0.2452029002578999,0.9817831174872973,15.472797786257484
907128555,4,66.78297025747528,0.3223284022910512,0.2774737922159754,1.3395516863419037,19.920411402163595
907537660,1,12.518963640912503,0.31229903665053194,0.1665361357097873,0.917973677584828,15.10244333939448
907618399,4,172.71148794615033,0.3760746365249066,0.1988568722832639,1.2246750557342512,16.70638479766048
907710212,1,125.8700070677904,0.3844442298182098,0.2374309952928504,1.0745730005483858,18.774177962300183
908333095,2,216.64328816655646,0.3804634832774557,0.22500519202428898,1.1531890009010657,21.035497168873295
908476662,3,179.03441742783218,0.3756416547050815,0.2415835323601113,1.1472085749855803,22.26822045678161
908638014,3,9.667017494104172,0.3758962679463462,0.34602902771319677,0.9522846219440608,22.56954716377004
908754108,1,-4.844056690057286,0.32599073677214163,0.16100497667764527,1.2157741379000209,16.154643447225165
908812975,3,116.26481108937861,0.4213536024720067,0.2746565014921432,1.0818741705169803,17.09507200550211
908837792,1,62.56637218688611,0.3511831669338657,0.299128113609326,0.9989057803129294,19.38212870586897
909382922,2,224.18758340232336,0.37874190723312384,0.22751386505412294,1.1488965541471643,20.74724046647856
909509106,3,35.496387661224816,0.409390968713992,0.21693575804930948,0.8942502295234052,16.01465611181822
909673553,4,20.83489001098434,0.4081826068603691,0.22152902984825654,1.028758579037402,15.719284193141089
909955996,1,123.14232147580412,0.34980315760017117,0.2035828758846659,1.0793535604774265,15.233825142692409
910389413,1,207.28425415203688,0.33796908560518685,0.20125337045616598,1.0865175242014076,16.233909066397445
911111741,3,97.97277499425618,0.3487779582212962,0.24760831059109586,1.0314882385035231,17.46194096268474
911981082,0,78.52527392992236,0.380630023837033,0.19972198248580555,0.9837550009773832,12.643646479505326
912214142,4,88.44611370714964,0.4161721613391889,0.1988203270177864,0.8985950615937929,12.780408870720528
912864989,0,68.19120788660253,0.36651465215831003,0.18163487631655312,1.0540925608956608,12.38443655822574
912967034,1,68.88340067127791,0.3725314883286353,0.3727086564523657,0.9344385818964978,21.94272011883612
913368014,0,51.14429428847167,0.32586273802182614,0.20716900293949875,1.0782261121958645,13.441486638078135
913582816,2,-20.24342892565089,0.37325898622850995,0.31607671159618206,0.9496656364407762,17.276833418826225
913768396,3,47.357557240859535,0.3293779947822636,0.24762308917373407,1.2255724521827012,18.391853371874333
914204004,2,20.411923266592353,0.3854336536911783,0.23191144504100616,0.9772034558234806,15.840484544751122
914466551,3,117.31876756809625,0.360347898126213,0.2008278156769186,1.0448613704761955,13.01729203387968
914573947,1,233.90239623990635,0.3771446292684244,0.21599496999903978,1.0845814505000702,18.862254604278878
915211571,3,213.2825041641275,0.40022678028061276,0.22465555148851227,1.2886986265608926,25.132476373590052
915222222,3,137.48507765256971,0.3770737557320591,0.20517323948616348,1.0495537506736472,10.760440302621438
915365516,4,135.79221148105955,0.3715929809588506,0.2044741314386913,1.0306660374448782,14.949582299422584
915411038,3,41.96574509572897,0.3540858619636772,0.24239676147355046,1.1148025426413815,15.832702209571828
915653393,0,221.4998787779714,0.3843473480813775,0.18452509862721533,1.0330913018256265,16.110660611077495
915714545,4,156.27445929804887,0.3668672002890862,0.2548556856076856,0.9750281556316729,14.819756806240648
915798099,4,128.94781731531688,0.36833650160406034,0.2351140062068951,1.0825630041578513,16.9051909320002
915909655,0,127.0651116892645,0.3750088104887782,0.2125626495910207,0.9671084076398272,13.930137608459418
916135247,1,185.62101664832696,0.3459574500666346,0.3168536812669411,1.149922454695165,26.74567888102854
916461490,0,106.02051521206796,0.3605158565486147,0.22252308903064486,1.0900498537117347,18.894714384338396
916566560,4,252.86605769981853,0.35929231765346775,0.18465856509344414,1.0264573996600526,12.11682097320838
917149837,3,233.34057665182323,0.3582434237183966,0.27643968102908123,1.1680974162266482,20.246225160654035
917240080,1,228.12693286442692,0.39050731603864886,0.2701924125797344,1.0747367327248136,25.62997752048544
917545259,3,-16.106395644481253,0.34483479393611827,0.16734925566493794,1.2818557509912518,19.829799926108173
917692864,4,43.43451995392117,0.32477403894158,0.10218523013466485,1.5820758726004431,22.210337847976596
917837982,2,268.1430951051232,0.40124853545050343,0.1932764986760993,1.0161309631518547,18.526160968595622
917938501,3,23.006585130511965,0.3346237122610606,0.13578593483193474,1.201476861226761,15.057698357949636
918157319,1,142.9411366394781,0.4004715331158148,0.18651068379741786,1.0573633982555737,18.975692290518577
918244660,2,186.51482927658301,0.345960096831,0.2942772844210002,1.0965061499031858,20.72956849233308
918773447,0,357.58151469677455,0.4544975984967631,0.21213555550273028,1.3534697053261833,29.47158344728619
919063854,1,48.711897579044894,0.3892265530800868,0.24006101118896223,0.8274789574482506,11.71305273784236
919712594,4,-4.206666853010262,0.34579215428872695,0.2508398244457064,1.0188476352583322,16.920329654143515
919768604,1,101.29322723438288,0.34633478003948254,0.19842738840235957,0.9562508100070589,13.80858800182028
920265814,1,117.94272362987392,0.3616067187758234,0.2157787312937031,1.1015040917235346,19.23376176382247
920561799,1,149.72379873390378,0.39874924207207063,0.2811546970536992,1.0755232783687732,21.395287132320313
920814890,1,154.09866132524087,0.35652286567963865,0.21332807734765263,1.1149096339159192,21.48949473670983
921026823,1,61.48004325656629,0.3841909858936028,0.29414234600829986,0.95017325462995,15.67363158665918
922945428,0,139.37506262305368,0.36502650464397823,0.27825137417151025,1.0433489509018519,22.11023185778399
922969981,3,255.36605149276372,0.36702877504407866,0.31014320702429415,1.1260999564241825,21.015025512292706
922972840,2,11.756502077786578,0.34618254992928504,0.2242543672818164,1.0031376295379217,13.367709264107315
923029677,4,-22.534429138539963,0.37915380078073446,0.2640620843557554,1.0355324502151595,20.921352259029227
923105283,4,271.0962148634884,0.38311767046881684,0.21984649547105062,1.0989294750951615,17.633157447590918
923146158,1,28.50079970234937,0.3737456831043154,0.39229912271561024,0.9132434635589574,21.195684753453925
923568845,3,50.898427807179175,0.392525797742377,0.3072304822517276,0.9738385694878978,16.148015516949325
924221537,1,303.10603323452705,0.4354377270662534,0.2862698963462141,0.9324384628464419,24.595658248612963
924258388,0,50.154547292450424,0.3335679700230229,0.21368151887348372,1.1044011056317111,13.954238891140289
924456640,1,50.54712754551089,0.413745086455395,0.21045890812838977,0.9186590377487335,15.83020541156046
924584081,3,182.93147201954866,0.39320802359172863,0.21149074789944916,1.226422035112234,20.983570922317334
924846340,4,202.79617670016424,0.37401486712797666,0.21505742329996946,1.0260084455421876,15.284983612558753
925076863,3,22.79788378802526,0.40423029908569197,0.3409814977734855,0.7620718184293922,15.321076111413458
925163617,3,219.05101568463905,0.3715212485712721,0.25467703192387936,1.1287087061698444,18.706709208214473
925500331,4,232.17567427243517,0.3907025508681861,0.2865461034646022,1.0254813815495603,16.2688684934567
925984041,0,23.200494530985623,0.3425199950574459,0.29144249153339763,0.982073709689234,19.364080348409722
925989264,2,144.50741637389592,0.37411896392218535,0.268878883752322,1.1071789931351572,20.611951166632686
926324198,1,52.47941370389001,0.4199037880432189,0.2911688488205872,0.9431565246832053,17.97961773989592
926346453,0,98.02872732210966,0.3291928877732614,0.2492039150773099,1.1611729825955113,19.424969966953732
926490158,4,186.11247576020253,0.4000184425547061,0.34143965091623885,0.9086864397977047,22.276116752682885
926565348,3,187.31256994132636,0.370013935644451,0.3001638933564416,1.2288080670817898,21.867494172595443
926565511,2,16.86695985452026,0.36562586753795906,0.22536859340438098,0.9996250830547554,12.891270746292818
926851553,4,47.70521316624626,0.39012350073334146,0.21750042071170683,1.077962619425597,18.150616113627212
926945718,1,158.20153442524216,0.4171867693525502,0.4075256246152775,0.8233710279537899,21.025047779237923
927050868,3,13.627532367256762,0.35036849420981975,0.25636368187775543,1.068335033286558,18.697813763281232
927902684,3,83.03622800581385,0.3480515236250268,0.19431511732832427,1.0080522404957717,11.136343050363166
928008419,0,93.18172815636633,0.4313859403846154,0.259889493671309,0.9657325554103655,14.039465561877044
928940604,3,232.33278889754482,0.37276449917183196,0.261970491682021,1.0397266343754807,16.11080017935122
929171141,1,213.28856067422748,0.36500052225538493,0.2144475687226262,0.9366842242785784,15.946470950624597
929535825,0,228.38208944475076,0.3473076444763615,0.18272167944607914,1.100869385550881,13.732833629868228
930553513,0,43.91871677204802,0.3644199086399753,0.28293828229174633,0.9181521763883905,15.569497613583971
930567238,1,199.73599176365556,0.40519403337522475,0.21363564730777704,1.089916370746911,22.357125447338312
930831236,4,302.9038501421072,0.3039507319723034,0.24196173426971748,1.1025516922258178,20.454867793360044
931370343,2,198.9838091155931,0.38857994767415793,0.18744123863538642,1.0064909530457733,13.171967594430484
931521712,2,236.97895348574946,0.35532660676481453,0.2623777969995281,0.942018698960175,15.203355214252195
931723898,0,151.5591035017789,0.38048471975812,0.21152479940016666,0.9825122607422817,15.26622132021395
931906273,4,252.89914922681345,0.3714066411261801,0.28587810209514614,1.1590790444254826,26.11741693390802
932177649,3,239.2931350150848,0.3761398342170476,0.26283957724466017,1.1421686337853514,21.169856585713504
932213408,2,3.822633877955681,0.383610954208785,0.27764160816356975,0.9496982693282231,20.021824285622092
932596908,1,204.06226030620115,0.37927838947965953,0.2922664924116082,1.1106716654759738,22.643759476728082
933005938,1,5.795190832814114,0.33768802208907817,0.2145539113709924,1.0896368191910661,15.955397135476028
933916766,3,67.33522198408876,0.35945185554048553,0.2186400263879739,0.8855391205871469,19.549585728522196
934242824,0,46.39509799447513,0.33536514342451673,0.18552444861236775,1.1241709179856487,15.361266008337854
934350191,0,110.99629174119636,0.3348405399950114,0.17594954740082358,1.3045667882376746,17.708504210234675
934378848,1,93.09724535159468,0.3331842387139521,0.24386103960125344,1.1696727707932693,18.188291911581747
934720972,0,163.90673835470386,0.34252136012988577,0.22279605215752105,1.0613816856378158,16.096858973420865
934750353,2,214.6193154843458,0.3575271192167965,0.21641883974686896,0.9827448390547959,16.024358332456167
935609923,1,109.74121325069599,0.35711555003757045,0.18528994461563852,1.0022940922140118,16.333433716740917
935627680,1,76.71472438316229,0.3738938050549791,0.21750589610402718,1.0517884203499643,13.216229393626843
935941337,2,59.95754660253078,0.3824369728804392,0.34409497994160304,0.8952047090612207,14.050592280859597
935965318,2,-18.678178713816635,0.3439340586803361,0.37574976649598846,0.8729340928667115,18.929396095541914
935976337,1,200.02808367908426,0.3616232206442873,0.18993120465522717,1.2864974814652537,23.681140270470692
936348759,2,-48.0101025687393,0.31932031643694325,0.15308134890996278,1.3120114466905959,13.68920586957215
936419032,4,90.71740799348422,0.3451371511122462,0.24490225635356466,1.0778261048067823,20.92679420992001
936563267,1,114.81654606265425,0.3660053303800779,0.3288766473921987,1.1824944292166693,28.925222501724434
937218293,3,28.984780164637968,0.36035717507772635,0.2008678284925506,0.9249826901531936,11.916681255011586
937233675,0,141.290051424602,0.3598212921953225,0.19277554278939815,1.077663742225104,17.160461020290118
937312139,3,53.424638762044445,0.37205589603957634,0.2675255624332249,0.974991255338294,13.586877863116472
937429768,4,262.75531236157644,0.37651669135689253,0.18433332830632437,1.1600199073896003,20.717546984578128
937600317,0,-24.7855676474409,0.373224383585549,0.2826252390764711,1.0248862676343087,16.210621079703934
938001500,2,177.10828547860598,0.3764964932604007,0.1921083849701875,0.9504140799956936,15.753249751825361
938126554,2,18.952106384017853,0.3793602407579179,0.20275510518360698,0.8747397166359723,14.217027049247168
938471508,0,144.63585214728604,0.3422338529437045,0.23031748586709644,1.1359995315799123,20.224702638829935
938632884,2,154.55550563574317,0.35501366041162047,0.22862951462228537,0.9662846841685401,17.311848653578114
938927224,3,187.2503323627227,0.39001145960119,0.28632492053673897,1.0359038156776497,21.57092353524166
939175685,0,2.2260499142462464,0.34419287879243554,0.20514035547279028,0.953237604582642,12.226963530722426
939569581,0,118.11970151821116,0.33857786828318726,0.24686756528378612,1.1696284003274509,16.328489666219
940363363,4,212.4030015850846,0.41435929864272014,0.259545739935933,0.9554994455002437,20.053971086034714
940574386,4,20.245603293757014,0.33715853155464226,0.22880331939393384,1.0603246586983317,18.30876782344714
940977758,3,316.39406296760046,0.4192528784876586,0.26532658861488695,0.9669823520351515,19.972997781415714
941025862,3,106.03790912227112,0.35920549427408405,0.23848379371989997,1.1648848725959569,19.467554255898705
941113349,2,186.15204530329325,0.36417149215920397,0.27835315303179564,0.9288997499924266,17.631655657523577
941524634,4,81.24329782937436,0.3552757455878374,0.18049803665804431,1.059728705709115,12.931209677437398
941929262,2,207.5275846420887,0.3572007979616025,0.30027765344846535,1.1425652547211547,23.83464115373685
942234134,4,144.06822508334199,0.3532740854054973,0.16186701382462393,1.167831982771562,14.56927861290732
942714544,4,199.4325983390463,0.39388002648573667,0.20365313294021573,0.9891920446776701,14.391628299844431
942731516,0,232.16710410262834,0.33672982174895516,0.22042223545884077,1.1117599919302517,18.04549941340764
942798505,2,42.29913572018691,0.34140100946679547,0.2528536475909257,1.0874850589901186,17.626357380272403
943239154,2,25.258804502199638,0.347293133809816,0.31347217004046274,1.05220839287509,22.61416455450665
943356153,4,33.16827165621268,0.3305938629058205,0.20382693729296683,1.071876629268929,12.407311820637698
943955993,0,111.43412976292294,0.39151552260634753,0.210020110790231,1.1363341525301802,21.52949755279604
944555071,0,75.80157760436396,0.36900958538286577,0.2542769330594603,1.051243559379669,18.607362759833325
945028672,4,327.8256265492768,0.4208584380141472,0.2794066027177256,1.0386190404824964,21.03813682651484
945057179,2,306.27538554399763,0.3966584135807671,0.21559111148301774,0.9870951202156526,16.497264642222312
945096755,3,153.6230713192556,0.36696969174733834,0.23544969851945,1.267581491117232,21.833063661584337
945247998,0,73.21495563053725,0.35000169734233555,0.19747960578090112,1.2273364017368669,15.57438920905451
945652954,2,2.166138328937535,0.34425715206728386,0.16013171776651355,1.2971502596444302,14.630254510639665
945771244,0,25.516165115199883,0.36060263538596155,0.26339822964693976,0.9232403768762381,18.360600943619936
945861213,0,120.2068948492041,0.3532704707855538,0.26158126694090034,1.1150819814228847,22.78224904191977
946366980,0,47.31661480607612,0.29575462146561204,0.28807430134992335,1.0661380562982714,14.523019018515404
946712155,0,341.9970080697615,0.3623496759646721,0.17158692647156792,1.1966127781086042,22.038509832511007
946893976,3,135.9953011098748,0.35277273299317125,0.26025861250008975,1.2282436909633918,19.2955503114628
947147165,0,254.89731293500205,0.3356446500680256,0.23546642508624577,1.1010914202014612,19.19069605745919
947769028,2,197.1067757432848,0.3953488133815027,0.2681801405297031,0.9828718376133054,21.409165348692426
948546936,4,38.46177711956294,0.3691291424097088,0.28528744861931693,1.0210025351858427,22.041377857782724
948650769,0,130.0351384439199,0.3423382415738121,0.22045561340894337,1.3217576608582955,20.053581237672724
948765285,3,61.69495061010744,0.3607606742190223,0.17471885288439237,1.1655681544822472,12.281978343630406
948991314,1,35.78168929784143,0.30397586484442735,0.0971591805961737,1.3253855703702913,19.625912624438662
949058568,0,33.71367672641657,0.357196213107667,0.28500407912540854,0.9054526003325833,16.52391084006964
949058569,0,-66.70381527157177,0.36445599572724074,0.2108392864757965,0.9974338379525477,13.494215259426884
949132343,3,7.188224692255545,0.35116884883544736,0.21569096175736768,1.0050544849801215,13.608395939111919
949159115,1,174.47062146402234,0.36327699813439635,0.19941438144554208,0.9620493427644444,13.434322960463593
949343034,2,147.42524612093206,0.35801374567767735,0.2319415996122238,1.1825456359761182,19.588784033518213
949719355,0,298.12536442515506,0.390352765725553,0.1422911954485301,1.3417492023256938,23.78801469233377
949756192,2,319.6669646612259,0.345448749076489,0.1513914728255484,1.3960631646609047,19.119964705540294
949789711,1,73.4141460856622,0.36564684382817686,0.2179742970153845,1.017398051598567,15.566779572007455
950036559,2,107.70773241254487,0.40888825150575636,0.2639783070555462,0.9925798239487866,22.620504268678012
950252228,0,239.83894772721243,0.4128810076415287,0.14650117940758794,1.3109417459180244,17.650362149525098
950647553,4,101.32620540220688,0.3973018647946764,0.21363933303585952,0.8949475418821173,13.822899365863591
950692936,2,20.446782864713754,0.3435228241424165,0.25356762094563795,1.2607236311671695,19.60316079371989
950984280,3,44.5194601828886,0.37279298291650304,0.22974933506860193,1.1118570933102099,18.294053676739562
951030953,0,323.1195147557473,0.40343195829861267,0.1858407270734304,1.0235944566926936,23.291475808318452
951186365,1,80.76678577029688,0.3608115763404124,0.21247466975213555,1.1490508913852673,18.57742999111034
951464832,4,-11.699251171692936,0.34718358637762164,0.24634770934934658,1.0263678448418296,15.926895442809455
951628759,4,-1.4580577024014048,0.3606619823930101,0.27371763017697776,0.9855936748348202,19.322693657329292
951639938,3,177.0321647031439,0.36871298468320374,0.1850786219633211,1.0540220690109177,12.5878746284955
951662507,2,188.12760790546685,0.3676458277207293,0.2630896248177013,1.0406155394658174,20.13947336839321
951933381,4,42.944663116201866,0.37340942960467466,0.28024110474538055,0.899487179363686,13.045266851424573
951940704,1,260.4872453366928,0.4289848594471713,0.2460632828375437,1.0800965306005716,21.33739564331469
952029062,2,244.51331983987245,0.37413104041620004,0.23244561173114717,1.102553681976516,19.51996506840548
952776097,2,125.6637384632869,0.36118292202851443,0.23634140440176607,1.0741003377598877,22.331214068630768
952804603,4,168.5945370364525,0.4108585432795174,0.20567456839002052,0.9838909697120206,16.119225656984373
952898097,1,201.80762307171807,0.33791141418101783,0.20774849298227155,1.1723967918192881,15.925886639581146
953208758,4,207.29013418735622,0.3600669764844832,0.23332202894081638,1.0697156098718412,19.311693114409778
953356077,4,107.11284413813601,0.38291942530173223,0.22613417537824534,1.2269691330175179,21.97394030493292
953833723,2,251.2156540506631,0.3669911340663496,0.25436274441213197,0.961845273034972,18.26906728470272
954090484,2,116.69022005061196,0.4155566454440802,0.18800127350605378,0.9128529371801481,17.022085301034164
954258008,3,-26.26856618690738,0.32999378406197283,0.1922960049867381,1.2786731686910127,18.259405415408764
954755494,1,41.77982593232242,0.3594856504196059,0.21891159371920615,1.1018160141700188,17.598901098235444
954781354,1,155.7356568556962,0.3551303312119201,0.2158284871269675,1.1261582010514004,15.840468486447227
954804864,0,96.29901957049739,0.35351444702980334,0.1555962439559135,1.238149575100822,14.927820206581263
954903716,1,95.82137773459799,0.34624575453874473,0.2930342017432985,1.0670044535850256,22.391419298097677
955200653,1,38.81867225107408,0.31702455192749174,0.20660602614344592,1.2547753133478472,19.705817744522456
955951687,0,254.74476243352757,0.3283678645038395,0.2270269415825196,1.0799587471389644,18.33837793962363
956184132,4,147.32741695375162,0.3746860803482046,0.25471025876074865,1.1060483615290166,20.278902637790203
956462664,1,232.90091563175034,0.40117799489970135,0.37257983592552274,1.1163711813914037,28.027391619954592
956860993,3,31.582656204645787,0.36325954555818746,0.2028778545349766,1.0742063318102517,13.463114886098753
957017762,2,206.136415396126,0.4059263215964804,0.17160404712928518,0.9436893640293482,14.233789768315077
957944731,1,139.44202217174745,0.36556768097106707,0.21998146988286918,1.1157012926090537,18.86839403147546
958448882,2,76.79188404551027,0.3628603696807812,0.22449207199405907,1.069096932745922,17.942984707511634
958708723,1,48.56950540838681,0.3395660744149147,0.17513470305643003,0.9503206382724209,12.124879856435724
958992897,2,111.02676374979846,0.348557025745373,0.20236420347672038,1.2503767945095443,19.121633901748872
959078750,1,13.442830952898802,0.4150852986104066,0.34714879906326945,0.7921503794356396,15.126746831550328
959788863,2,42.57896198837535,0.3749745869966049,0.20965580890301225,0.9270067067912111,11.314310163925477
960238804,0,176.6330535257287,0.3346421781300262,0.1180459043352465,1.4514231221897214,14.148939731088083
960557401,0,253.60386879517256,0.37173524719984347,0.2371622886122771,1.1655023279714238,21.182250245461724
960896880,2,91.86153910888164,0.3613766187737663,0.31591033970280913,0.9803319481372433,16.249892069284535
961207214,2,-8.947033731931825,0.34965462106414685,0.29570229259822944,1.0871537881804312,22.513345883506823
961272139,1,120.65793918959193,0.3599878772312117,0.22119387721388012,1.040119939643181,14.461419585619431
961432489,3,155.91664802701166,0.3291792797162785,0.21386313683364824,1.1313672957709537,15.36462498328727
961504352,4,89.56493846132493,0.44366204037433604,0.18428319377497432,1.0428079994569106,18.836137149329844
961636865,4,116.24949708200494,0.352259366411722,0.12256558158783912,1.484665182017543,20.79160489866697
961938708,2,44.15393423015261,0.3499365902801978,0.2806537354393813,1.0273449124791048,19.086664909749093
961980503,0,65.62901700709601,0.3568122891711122,0.15424162598283186,1.0597510092572981,13.191373605631798
962173929,3,193.7617928677122,0.3846384207226232,0.2673191053801856,1.0277053899952284,22.504338095406236
962326024,2,60.449334825950125,0.40030325499652597,0.26000471652766316,0.8809677815420505,17.121854038704527
962879741,4,229.74090402499033,0.40048463167196646,0.270387839392547,1.2200150993913441,25.024671967237715
962995886,3,44.16697767317039,0.34081943443385865,0.24411168966406452,1.1109364174676528,15.393203785585593
963631367,0,114.85504681281469,0.35962201042915903,0.34227427772355573,0.9172192724691706,18.409077007143456
963881444,1,7.237711238850991,0.32532206274022407,0.18921961430021517,1.1531375929100496,15.685029079366984
963896306,3,-5.7288890933791095,0.3573694159572459,0.24819336789131116,1.0661528932164825,14.088509168620549
963961682,3,202.77650023119975,0.3809200001725627,0.23680151241007888,1.0491433265541892,17.198661885612747
965296987,0,74.90081620905195,0.3870032022076735,0.1550037697249594,0.9074063863459444,9.946507941364793
965501269,2,-86.85203676423428,0.3785149740222327,0.15480408197171103,1.4208002004517168,15.010022694460348
965594112,2,49.17839934650104,0.35463481570741606,0.19313583442427557,1.1843709469112214,14.849849361850511
965608760,0,106.35529123282534,0.3402570489074499,0.33867775154455737,1.081510140765829,25.131105982557838
966245387,0,240.68163143699542,0.35113764362715283,0.21114622098482638,1.2622240008395056,20.786534475613937
966864975,0,421.22163864034326,0.4353503973792975,0.2821488536891287,1.0458494419152746,23.139946494277407
966953045,1,58.49258428709796,0.3826751902078229,0.28020647240149876,0.9457050799664998,13.813795210352518
967532674,3,6.442015166891025,0.3783763141418443,0.22028732384444788,0.9027308171663054,14.722495979420398
967548475,3,61.7187899746225,0.36038243349298926,0.24869378967816794,0.9860189399383112,16.21359771783706
967673328,4,246.3655591722597,0.3623653262185633,0.2534062780069297,1.0024973556917818,16.845302439641227
967943450,4,187.00656171238654,0.33434631335892395,0.22189873182788833,1.086367954352818,19.469737949694213
967962139,2,49.931166596245134,0.3457671239134651,0.2743261358012124,1.1241521502174308,22.31461459204921
967963503,1,54.02780160058939,0.34974067934650915,0.20654168078246468,1.1516776410585317,13.401702679766846
968134863,0,36.31707267995282,0.3704174184481697,0.2625010801131854,0.9264624557307661,13.4425424874748
968431878,1,223.67708189975116,0.34105593357894326,0.30283571148174754,1.1856146410289383,26.19377375705384
968537124,2,107.46684852031227,0.3631486503159717,0.2269317132636965,1.1001008437492823,19.764054371122327
968666725,0,111.64713333219619,0.3615003931007878,0.1387062828388828,1.0425739023225786,12.518164583119471
968949443,4,370.9121665002863,0.4015986887028211,0.2679378149210566,1.0919111497513354,24.517948262295462
969077485,3,101.10306670995534,0.3453141665609989,0.21404757482623732,1.055218155945071,12.859679478273087
969180408,2,99.55460310524997,0.3656394759472287,0.19499159008253278,1.1412747471233706,14.640745486810394
969338627,0,40.29205874033469,0.36174149902047475,0.21188292002637665,1.1600187789663503,16.965964958463204
970030032,1,-56.4257820953936,0.3148035545175463,0.1015662834483772,1.4294434909258853,14.123177668836199
970285384,2,40.30952415740857,0.341792258292297,0.20505164736026643,1.1281521454208958,15.321316923098928
970455714,3,11.199725605378575,0.3415523631569958,0.2413276078288003,1.0999887700294613,17.78445686851303
970503486,0,211.18604458052332,0.3306021799612717,0.20636100355756243,1.127896852323656,16.93943415111859
971170976,3,366.08747219383235,0.38150849673220716,0.23840512542797876,1.1984571697370296,19.554734649402704
972068859,2,48.53150625751045,0.3595785554288011,0.27571165139005016,1.063905913249285,18.325661031155324
972337368,3,34.874285814074234,0.37129149210047613,0.2278260773106946,0.9717395527532767,11.022688509414762
972362080,0,-3.8650614687875304,0.35583141565289095,0.2533657721525081,0.9608888238425477,14.033721409478753
972393663,3,190.80682746769662,0.3509090959317942,0.24840367274113057,1.050133842571215,16.4439870760209
972435079,4,21.329392862857404,0.3169364673068068,0.22742505918235967,1.0739784104458219,17.181563911408343
972454148,1,174.99730761336988,0.3395734118935968,0.25630957288648115,1.0586973310761305,20.254054612628135
972522646,4,245.12242037676572,0.35079641770503484,0.19473807618328035,1.128333320238521,15.178295619173525
972638379,4,236.75783485005886,0.39526446636591517,0.17758717411150182,1.1275995453889598,20.950428550736156
972642110,4,164.01066817507314,0.36920308048101874,0.2297680447414765,0.9319091161955655,14.035282228686743
972695180,2,22.346929371340664,0.39021971191427907,0.20902911824901094,0.9131108668063059,16.048409055505772
972818761,4,102.55422645265544,0.3826337216996774,0.19766271018616846,1.0165551964136945,16.42315795237278
973091046,2,78.81748610874206,0.35633894010862516,0.3258909783485213,0.966447123430498,19.457864952317223
973188497,2,268.8451294319593,0.38715297354434786,0.15624350654909297,1.254321354091865,21.518338357859008
973722160,2,173.65506927341835,0.2911932444306307,0.18942139059577762,1.1019073807022246,16.531358712995107
974102332,3,82.73192700320307,0.3570941762562674,0.17904410211988495,1.2417644807937203,14.627345447390299
974171598,2,-13.946008614906859,0.38149390648771364,0.3463125583466764,0.9032317905840396,19.707528735229307
974543233,0,100.51658846293167,0.4715473747675812,0.1646956395171033,1.0518448977198167,13.251211520784631
974608076,0,239.38684590482535,0.39642540870880655,0.2254849526448453,1.0300491017569355,15.552196609098422
974829630,3,-6.380248949837835,0.35462772860594516,0.40421832816726305,0.8669737961818863,17.960617142043706
974951002,1,35.80874315073812,0.34533988040669084,0.22481005729492698,1.0706475980938723,15.109685646258695
974977615,2,67.93496556293297,0.3559551832361372,0.2315368380403055,1.0637163560130947,16.70146978017517
975186441,1,76.74546664835358,0.3344973683597501,0.22622064422727223,1.1928249395571677,21.59146755327763
975316837,1,77.46745233255648,0.34666230606410786,0.25514738956519173,1.0644546949720548,17.811320459770563
975372229,3,48.32839665271411,0.3501379309719912,0.19341183135205703,1.1252218997912322,14.200929128833058
975391754,1,64.0299810118984,0.33153031029746977,0.22990437963582483,1.1386158985295571,18.01258589598177
975529928,2,146.15201964561723,0.37723979485619635,0.20862573731229656,1.0314640289127275,15.53617070829295
975679689,4,156.5922324304684,0.365075749596283,0.23217597048715077,1.0813321967771152,13.391087176065202
975874706,0,24.713151111252927,0.3592968240190576,0.2306554532285182,1.0892793551582154,16.079153940700873
975942451,1,126.78615460044574,0.3298536516671892,0.23108269155155248,1.22645815388176,17.619893220812347
977134165,0,98.7370391912,0.36359005880044704,0.26688322215894245,0.9961707206624537,21.78980478352713
977446169,4,-21.626463380840832,0.3774214924109539,0.35162506825635326,0.8984740057640754,20.263934900951387
977496062,2,43.98430566236795,0.3527309605717579,0.3124451540416131,1.125052379224687,23.076588732724836
977560848,1,133.93913526783484,0.3631514431864527,0.2525217442737744,1.0349692169928715,16.435273084937197
977724395,3,10.849999188110601,0.3516936820871238,0.24019791711629043,1.0938038518882283,13.478133035580594
977861855,1,153.96286443807782,0.3347073385342153,0.22351744406909624,1.0609793510399712,15.584258194113122
978144128,0,56.079069582602465,0.32733139115519944,0.20408449409863075,1.1180186225456383,14.36005792355254
978251240,2,240.11102733874958,0.3619893373675151,0.2672757227964429,1.1281933819310688,20.43419848466698
978860750,1,132.01438422084883,0.35886051250402556,0.20678589243955348,0.9152668117203516,15.238053849296211
979011291,4,72.77447140432479,0.3682315387685927,0.2508461341304718,1.05535324548088,19.11617522071477
979179304,1,126.23255969443841,0.33427626473281913,0.19427396214644946,1.0569812198687436,16.34928515444466
979211683,1,69.30479311962699,0.37261787612775643,0.22547801698447414,0.9918700981992667,14.089866279340548
979410672,0,23.577300845080273,0.4073191113485125,0.20572718168817025,1.0668518488139473,15.559923243119115
979464287,2,283.6068806520017,0.37237130274041974,0.1818246701407163,1.2115075071172654,21.00967198467564
979533481,2,6.927891612089624,0.3856543391259861,0.32343057403783254,0.9261862963046772,17.73972998347143
979588845,4,153.26254797204888,0.3508319056066579,0.24663630307757314,1.057588742551433,22.868399243725236
980179181,0,39.161409657208,0.37865369273926147,0.24169153901483037,0.7764845728942956,15.586209470690203
980398576,1,126.45205072915361,0.3534746671421452,0.16212519279653503,1.250096203366921,17.55288584018404
980411522,2,36.99605831776361,0.38738074935344824,0.3295946500116491,0.8966604670942571,12.696956751944583
980661216,4,59.90118150148944,0.3470074448244179,0.21493247814525707,1.0178353697090459,13.848996285728612
980673012,3,157.4882420972204,0.3922472092627245,0.20727278853130238,1.1363059913370932,19.088879297578465
980966583,4,53.35758439834404,0.36555282816708473,0.22349083274866743,1.0666493827426964,16.552279447920956
981778956,0,74.51025733574032,0.3834296002063307,0.22384958144783063,1.155699574119704,15.705983008525115
981880572,2,30.729062162111518,0.3463772869247729,0.2633247274606885,1.1467490684280655,21.543866585588315
982011392,4,103.38056119974578,0.3796681747295172,0.29817808636805637,1.009766820557688,25.582476677321118
982052578,1,69.256179284985,0.3607684965131107,0.17691178595611917,0.9813114838808591,10.90755901586603
982081375,2,359.04636061390454,0.3661015825761257,0.1911358826566962,1.2139638279763831,18.691919227805535
982170716,1,86.5985745156449,0.3566058356983883,0.25093973444715917,1.1009684733756417,17.36836395500515
982392154,1,32.34012527388856,0.37463683401766484,0.24026494006479623,0.8661979807376344,15.516963761677289
982448073,1,-49.80791634965868,0.3347183000008138,0.27821983033928305,1.020209708524326,21.331654334106567
982641733,3,48.1403710146814,0.3334869183956354,0.25714006213090135,1.1865902905854493,20.930846735421778
982644871,0,49.0858784260004,0.3351955806468581,0.2548367516095845,1.057347191840065,17.32161922476814
982652113,3,220.58753221457198,0.37922536950281344,0.27336434513473434,1.0611270366254297,16.754827859382285
982823848,3,147.9859602646172,0.38932951020864476,0.21135827051186962,1.1352946311424357,19.518462267378467
982899341,0,262.50741305920485,0.3327048572913754,0.27010922355033795,1.0848149541176852,21.61462554860227
982900215,1,120.99472734126655,0.34361861250336084,0.26582802229389296,1.073821311794837,18.828472053885356
982959217,0,283.4629729759341,0.39177942227991425,0.23370718275687902,1.1496298727951022,20.146609861529804
983140270,3,167.08429454677614,0.3751369315126692,0.26197905012699235,1.16816181046823,20.128723962294206
983336786,0,59.47989040533338,0.32987853392199495,0.21700473315413726,1.1369470930231125,16.62488203573305
983359271,1,120.06734804081913,0.3422491223868919,0.15419370354795928,1.2299184187265784,22.142829838733075
983408527,1,82.49596852462514,0.33496164596326655,0.2561777901717007,1.0902672140763399,20.16311305025509
983924337,0,80.17261386295158,0.3544202908282586,0.2721451171347231,1.0558203898224472,19.638783062982977
984649058,3,13.772125328991777,0.3576493328205469,0.3265498975171344,0.9537349669573271,17.90620750939509
984722345,1,57.58208561475612,0.34875038823297577,0.2787114663242535,1.063818164427771,21.328735348306378
985031681,3,78.48380469589286,0.3532676306672624,0.29258665391449223,1.081491685077182,19.851063430257856
985113271,1,93.69571786414406,0.33489153188809156,0.23656155544245488,1.140783901904595,20.48797678272639
985128268,2,253.29580901124683,0.37120486311423706,0.22581634731439376,1.1332788212791018,20.60885039510437
985248291,3,162.98775899458832,0.3839247692108869,0.2260092712597523,0.9321681853679762,15.58415498799384
985685560,4,450.0306298022623,0.3868311735517633,0.31008431148107657,1.1664350416619138,26.276392665929798
985716101,3,188.6673914940668,0.37418652256579077,0.32102738155575367,1.107774487954433,21.958338970201932
985931014,1,42.37126457502433,0.354251578198152,0.2976049452815445,1.022819507998795,20.49904844944672
986199632,0,14.935887000930762,0.31964243970299644,0.1830168129861629,1.110412911801031,13.554765458321917
986628745,2,48.293148668838214,0.35129842439738584,0.26297895125355597,1.041076504740251,17.589393960659923
987143129,3,23.428157031701033,0.35616019301662294,0.1297597965923068,1.4709947400745271,12.92392059083623
987280139,2,292.14057809234777,0.39318553032465253,0.2794915482973778,1.073642501482481,20.130801459519212
988391543,4,136.74832625173661,0.37303443490416244,0.22478927745741356,1.0645486368309078,17.38554477541939
988399583,0,81.3924721121776,0.4415883054908878,0.18079942809948096,1.014504523005411,17.216823200845294
988455037,1,274.5307935317701,0.37529708161956754,0.18579737352773895,1.1229617695440148,17.156386946790548
988551958,1,11.775543285350707,0.42018505513443566,0.19963418978509304,0.9557951668007456,19.11930366131193
988557841,3,291.7842219507355,0.4191729459574413,0.25890799846006973,1.0020175520235521,21.204695047445195
989355394,4,-1.61822871681386,0.32842357762019025,0.16646485833933222,1.2909858210896512,13.343973643889132
989396731,0,161.0706206932609,0.37367270911389405,0.26769688322100665,1.041833371180059,20.92638532140686
990486279,1,198.2493752921708,0.39182467337785637,0.187934470263551,1.2030345527314825,23.1595882298963
990726873,3,53.173460188642785,0.35885195818034005,0.2180665058048474,1.1891684265326612,13.402007841701339
990755656,4,104.65581120030672,0.329755404967818,0.2478566242435461,1.2274139109812339,18.306924446994238
990844091,2,311.868858997425,0.38372927830326864,0.2013319913663087,1.1551670641888765,18.061469363384827
990921781,1,49.71972284992316,0.31605084165552455,0.16915774538775125,1.008549480322989,12.771189186275722
991150899,1,35.671627206876074,0.3087684160005304,0.19393944956081208,1.2323012406917848,16.5778117147961
991486562,0,55.17523416317669,0.3906865581828998,0.21328875014435997,0.8153402403733347,15.06014467041838
991497754,0,210.17091304954766,0.38253346776968167,0.29299601335448616,1.0224133245082088,23.959920794128976
991575324,3,185.23221790839352,0.36781200445285633,0.28689807542568657,1.2861759590930546,23.040609450246087
991645843,2,178.24480332568504,0.3594318474276204,0.19777627777586887,0.9901233128430685,14.651706411913677
991677197,1,34.765342920687566,0.3428128903046791,0.28274351149553545,1.0384600852001227,19.142476694982015
991734116,2,198.10757174647176,0.3731155114738619,0.22962356661781633,1.009430379407214,16.156690394376273
991748625,0,386.7687391257833,0.4185120926849012,0.21926180250785088,1.1411634061802975,22.837663998421966
991749301,1,74.507815566512,0.35744382718414647,0.19849857556225153,1.0116481545175586,12.70377890915086
991912273,3,98.73760025376303,0.37538142539158587,0.2758276851474544,0.9565613408789266,13.586234148667758
992359277,2,24.20776727277078,0.34261478652928695,0.18756776475461795,1.0777789281185397,14.011635687202997
992375016,0,74.08050876463611,0.336464804220792,0.27618115652934455,1.1455202664124928,23.272500370417987
992491355,0,187.10477091675023,0.40068876819910526,0.246496426892648,1.0548376585794546,20.715124229953375
992696585,4,68.40730869059107,0.3823473638864777,0.22535026335812308,0.9009076859146028,11.315620251804159
992902333,2,-6.080774487641818,0.3767878753741061,0.25574878442829524,0.9214560809324122,15.423745315442421
993287384,0,39.59919671917655,0.376317134789232,0.20514937668107597,1.0614328011721468,13.911721328498599
993495758,4,210.68700466939492,0.4068978443347837,0.1954021604575657,1.1052060768590506,18.660348769264534
993642509,4,120.49615461247187,0.3424612391169807,0.2690282992520792,1.2766824229424594,16.80752393073871
994147149,3,97.9298878989867,0.356921567232546,0.2090446702535531,1.169600406707752,13.146458768526738
994176414,4,86.47332583019444,0.37896891983891695,0.23370819236554302,1.0536381226602267,19.00028694828921
994235992,4,135.0329828839989,0.360122703934365,0.1978573378382811,1.2053604480771305,17.423609201608922
994355655,2,208.33729036576824,0.4096551485405536,0.25892896423989725,1.023884331295273,22.241329858508625
994657756,3,10.991244750287876,0.40714249856191825,0.23040828928595913,0.9450347542366295,14.980266264797654
995410408,3,236.79409077998363,0.3906653929652964,0.20960461477395081,1.0945868569832802,19.218376896154098
995559885,0,100.07279554689914,0.34057429030932207,0.1188233836109053,1.3544706779609914,21.091657814427208
995697393,2,-13.351401532086868,0.3682965838531716,0.17135629802836894,1.2059522347650276,15.735162115231164
996300632,0,240.41220884012404,0.36674215219542206,0.2659329702170096,1.0188355096111212,21.574319188885532
996351908,1,231.65923479870466,0.41080416673501635,0.2702809395082493,1.0604769807351193,25.02671736045975
996538100,1,73.13997520431043,0.3691113704629649,0.19970941712189122,1.0132542778662688,14.485574261380414
997201189,4,332.74866738542465,0.41097323434374416,0.2058185363735372,1.2225606057199827,23.98499202123689
997252615,4,16.376101168535683,0.37613933364572505,0.19243788930970146,0.9154157287752367,15.241438936444505
997287969,3,111.71723182073379,0.3611595761792103,0.20328683943060752,1.2922490268203428,19.129073304581606
997443668,2,-46.35466501530614,0.32796774050966676,0.21205563650630377,1.128985461341519,20.521012008906755
997638129,4,69.66217252459009,0.33633353466515636,0.22508346416523572,0.9766010742621555,17.612948114734643
998478267,0,373.4616273731103,0.4382040938548206,0.2156787873191038,1.2198956645213168,23.455315994644167
998917125,3,-19.324549499545313,0.326792122138375,0.174749245540749,1.3008660237726195,15.848025063804545
999068142,1,160.10869255350516,0.37241070116237296,0.18140414898067772,1.3270701613926343,18.90135809169723
999116161,3,282.7324392975355,0.3605935317374353,0.2924058488399869,1.1486032905773664,20.92424641064642
999660395,3,104.37688068723156,0.350051067895671,0.26381241585138215,1.205668855017238,16.978268892945152
999723050,0,17.625760019990352,0.3436774403374738,0.2466441459248609,1.0599986759948836,20.599147465740785
999774546,2,160.18633786276033,0.35152997934909275,0.23401859002148762,1.0901262010641757,17.932479524230317
999910921,0,83.53378306234126,0.36829580829557396,0.17176778790300348,0.926424825118497,11.038518245062125
1000606738,3,72.51656721720539,0.3632394476699777,0.27821089275688743,1.119415386989919,20.415414510020977
1000610070,3,195.25826755024076,0.34665319466584427,0.2731595083471446,1.1710569414674226,19.508315950170815
1000940979,2,201.6771674660102,0.374069538814356,0.1784260278855702,1.3246636961275569,19.39895252184558
1001186326,0,183.0006232399691,0.34806139197522706,0.2176459364853581,1.1354516126891323,22.760092235811026
1001439258,3,136.39472404991827,0.37492657917998384,0.22992569575764848,1.1111456422055674,20.96409207011867
1002053152,2,15.568324530107802,0.35653801110660405,0.3012698752996562,1.0766262127760906,20.63039506045339
1002421560,1,17.199873767553782,0.3426645138851302,0.19421808655392217,1.0683702459913043,16.281582261963564
1002611290,2,219.0064162539917,0.37111753498089906,0.19041670014662998,1.1511290912875927,17.356672435693657
1003276848,2,175.00756742434444,0.32922047250085684,0.2606174446385786,1.0091028777184086,18.975346905454664
1003322685,3,152.5085309174044,0.3677775619447047,0.17325322001720916,1.0511732501901987,12.278847719204528
1003416473,1,151.55081427477668,0.4039959377051869,0.16383562089007705,1.1336349864132724,17.577594413297284
1003531277,4,72.08949814907686,0.39748563008842147,0.3310550190109255,0.8775096417495071,10.432535777282691
1003609082,0,49.94138426845042,0.4353545964997686,0.2683668562942315,1.0078949375904982,14.616808572579032
1003747074,3,164.6973046789065,0.36714409078541327,0.2186198384677187,1.07993534881259,17.341489803789575
1004036255,2,184.38070297711795,0.3701831572099204,0.25449630916214516,1.1068634792203687,19.9442640475072
1004048009,4,11.909825643112242,0.3322381031158437,0.2329037758793871,1.0397252124728162,13.545162585064059
1004172510,0,63.39401736371536,0.3439580648355791,0.2894983196397186,1.0099405313149754,19.306545677503593
1005319308,3,145.7458350468052,0.3660927438071962,0.25599106920543363,0.965007265072005,15.535502294986392
1005375030,3,234.83546783396218,0.4296925968965102,0.2678100778430038,1.030454981482864,20.563311480804117
1006229444,4,170.15676253104184,0.36736989994902425,0.28517779942652616,1.163817382619578,25.464366084267212
1006972816,2,216.16499277785744,0.38737878986442126,0.19928403309324688,0.9434165593572389,14.429730337540127
1007721072,3,142.31008017617876,0.3497664234471081,0.26033425380515796,1.284525162861549,20.333137737159003
1007994898,3,245.9372888438605,0.40504841997325636,0.30234237895820965,1.0072247283837066,22.62030947856388
1008054582,4,356.82281151117604,0.37854100817960123,0.23997525527729427,1.1433060786895586,23.896233138079282
1008455726,1,228.1165650787727,0.38433685798833006,0.19659492749551846,1.0343194498221457,19.828627860004975
1009402745,3,251.89475138132445,0.38535871241387964,0.19817465903094908,1.3136850538229639,24.24234326565485
1010071702,0,44.60252439490744,0.3535634678201495,0.28821316965542665,0.9963212286604505,15.777471475489149
1011327767,2,195.7984014338719,0.3577738382471262,0.2211744109503125,0.9961388208180728,16.456883750908016
1011731362,1,72.60242827186744,0.42092930116037564,0.3612270145386344,0.8919311285690787,19.256548694038727
1011779904,2,-49.134209313763435,0.3892230168346793,0.16384885864982848,1.2645235317109806,16.110306267590616
1011876528,3,127.6032635156185,0.37500821304972987,0.23421892673273373,1.016999490649741,19.945354086937947
1011928148,3,149.45913677896635,0.34005596853530595,0.18767419645726832,1.0313308936709953,12.204812345607532
1011964069,1,169.27260153966833,0.3833903758870763,0.19576738893098172,0.9252790700121113,13.698443663357576
1012063352,1,82.94706283219418,0.4086888844747603,0.27950013103134275,0.9584515853826284,14.904210890533662
1012066552,2,182.4533876864299,0.44261250262661633,0.28081923507097806,0.9288078094059695,20.49556122385869
1012240056,1,170.1607092245445,0.36991145058191194,0.22722504194151782,1.2961394932875256,26.84550328035818
1012244611,4,265.280116927873,0.4043085150038359,0.3202319993176386,1.0981352337447732,23.680853323529796
1012389657,0,152.1268675362753,0.33143647210838884,0.2217755312236682,1.1423115981601868,19.213805615628218
1012615960,1,30.285127270800587,0.3600140664668904,0.23103914471840625,0.9658821836015858,19.34206624014096
1012673977,0,68.70354414298775,0.3799858234014647,0.2137983937542859,1.0714043601535586,15.36024553818799
1012813731,3,81.51592064020649,0.37015991418386945,0.22525383250378034,1.0428743183374185,12.782912424266577
1013332010,4,175.21354127879135,0.39785798613731616,0.175790234834304,1.1137616656012987,20.083361583295076
1013677154,1,96.50565406100749,0.35170258706731994,0.24582006364693723,1.1005650273489243,23.077301774437068
1013955085,0,17.227491428446882,0.31527469158259014,0.28125487693463,0.9731515055584049,14.766191637781048
1014178298,0,70.6933648834167,0.3647617591898004,0.30785204337733585,1.0749210428534486,21.82926701652727
1014358426,4,173.23566575750692,0.5113303125718033,0.3603360770420104,0.9515534733352148,19.664536184310805
1015002552,0,-4.369957600499546,0.3436478995966169,0.3089251715419649,1.0680637411543905,24.901677095072223
1015530423,2,-36.44642784934631,0.32896380632975286,0.16040941808927628,1.3348647815073669,15.005043937911985
1015804720,4,102.53138705473415,0.34642997875282533,0.25341958260018815,1.0835631053421644,20.467385508210292
1015995822,4,218.46879366299174,0.3690504730833993,0.20151843396014732,1.347229844041244,23.057780920617443
1016001230,0,32.934886690031334,0.39868317582412593,0.2187606673600963,0.8915377875435375,15.34872102494351
1016053436,4,110.5249654204653,0.3665361162406166,0.21630751251374947,1.042673875598612,13.966755002048174
1016427513,0,113.56210405124972,0.33884562133053103,0.2579903039433712,1.2024999664219325,16.851438674269293
1016483191,4,205.38826435165691,0.3678736245397559,0.23288499954357578,1.235334671652262,21.962703131188086
1016549467,4,2.6109965544187475,0.3603253270824309,0.3066028444485559,0.9456301952685557,15.701841459715984
1016554396,4,217.45516020176757,0.3486601880347612,0.22751775394406973,1.0403296318249609,16.96981804034993
1016682022,1,97.30736889076637,0.3863047694198731,0.21937346382251233,1.0015303955085535,14.172669359788925
1017422838,0,247.05129872063105,0.352163981044212,0.23184283007684603,1.0640781580690537,16.433659176135887
1017533864,0,70.00258399302221,0.3749102914910186,0.1912372003355116,0.9847682049030647,12.00538054401527
1017786656,3,74.19425247279878,0.3651274418365734,0.24568739781374443,1.0089453865386144,14.209843911690067
1017876939,1,172.87369228079942,0.4115970496622228,0.1905958813630045,1.0640774136521503,19.087101158751224
1017988364,2,4.676056521769553,0.3572977469530039,0.2953605800339573,0.9981056550800729,19.20585783187067
1018289608,2,165.65449309554816,0.36343810431398765,0.21221038002642806,1.1060195363484702,19.02113586573504
1018372810,3,84.04345284908882,0.3560082643529991,0.26437666461895837,1.078727239068133,16.420932264230682
1018492887,2,140.09419464273944,0.3714951520912231,0.20752303253699578,1.012015315920944,15.112014844937582
1018993474,4,293.7983871271699,0.36258878163018526,0.23773305855958013,1.1778975670822016,22.50342633261452
1019146699,1,46.749111532142926,0.3279083581321434,0.27342633621752754,1.0208069148718724,16.907196351107974
1019302045,2,222.03187670573337,0.38166220830895853,0.24639548962954785,1.0122974314854936,19.273406514154445
1019871749,1,132.47674986791088,0.3567782918943057,0.2307095620139603,0.9854392396642763,14.963528832469144
1020201493,3,-2.8473393148017436,0.38929144436674,0.22871761035652638,1.0777912780752843,13.689560119099575
1020575007,4,99.56360639242313,0.34672573103806514,0.3033942933861282,0.9654290350179792,22.35888842948665
1021238306,4,100.28484670592775,0.35457036815320286,0.26001232303924765,1.0292834935389237,13.886754528931021
1021483975,2,233.11726960047332,0.3964475453114779,0.3140520154209167,1.007943747708235,19.770870162783755
1022466130,4,131.91712831515906,0.3355278082191533,0.2271182665013651,1.1562175365839609,20.750450110174718
1022768745,1,26.740716396025945,0.3695207340101159,0.329969642345936,0.9501995295317883,21.659052587269855
1022782104,2,272.1985278229153,0.41956150756149685,0.1763603247042284,1.1531849900550915,18.20590010318106
1022909256,4,158.49821120626194,0.3588071808368893,0.260375032789658,1.1360137063898654,20.9955399294079
1022982762,3,102.67349236400106,0.3815792453325408,0.2082984138915621,0.9938771981678154,15.245459001613474
1023161233,0,99.0831973204941,0.3800042196335969,0.1417786367337917,0.9600966817000977,11.321310092735583
1023305390,4,142.5279937421073,0.3299297356645728,0.24163377534258856,1.127304863318475,17.62428818661254
1024068572,3,65.98002961163681,0.3895926762236878,0.2618861204294195,0.910442258134424,11.81249646884202
1024345756,1,-0.6664854091910684,0.40272084150545395,0.2244756231330716,0.8904188296727309,13.815785800294837
1024792036,4,72.44988454919783,0.38567062042642153,0.2136256687503804,0.9966539158662033,19.569805442317506
1025306032,0,105.15447713833619,0.34324557763649627,0.23878184536568423,1.1036656777848644,16.609010643038577
1025433212,4,119.61850765605054,0.3725832612410987,0.21688759626286983,1.0735861853462894,20.975877526289395
1025691953,0,255.08276700153596,0.32638963806926824,0.2692456380648952,1.2173410108601272,22.21398757983074
1025699725,3,-22.703111275931576,0.4182887501544215,0.28713659077864184,0.9550099111736772,23.097215526660754
1026017017,0,62.12357415725472,0.3703983692384728,0.1929196114336651,1.2015347664033962,13.872872980710499
1026090267,4,25.13624497549273,0.31649924491447745,0.29613771918468385,1.0269951628543281,19.13381593712403
1026468393,2,41.37617021272777,0.3632099273743568,0.1813216801199478,1.0539717774226842,12.36884882578246
1026585512,4,65.93819482180761,0.33432959346662455,0.25097665484951404,1.0606574613355741,17.55251377394032
1026999069,2,243.89262909666826,0.3379950303012558,0.20111052784725955,1.1122588011838204,16.135171287897766
1027170347,2,186.8918826262244,0.3722755831356608,0.24268439036307493,1.1487483856184273,20.189818075468494
1027277278,1,57.09825891520116,0.4056616453986159,0.28063259748583164,0.9168799522882742,15.482345108896473
1027526557,3,56.18257862940797,0.342557626176561,0.25931857392518126,1.0670033287041987,18.976114036220316
1027925897,0,59.31724987176783,0.34179389117120396,0.20893066844974084,1.1246576964214712,21.926077350186752
1028383994,4,147.66866281088255,0.3637841239596473,0.20933213323183547,1.1862804420207234,15.677163487665528
1028416033,3,37.60420707855269,0.42751749733762595,0.19843034599450882,0.9310582155099396,15.353624751048576
1028677935,0,279.4488695477388,0.3718851306310194,0.20943873477974148,1.2447835952275417,22.37664311418941
1028942320,0,31.200755713614733,0.39137272743025864,0.2550380106410443,1.123580554208526,21.738342905054015
1029035301,2,214.85307825244854,0.3776130067017339,0.19063276420474592,1.2264708633024006,20.953819932966923
1029595953,4,24.935003972453615,0.3397896675945909,0.2937456332930787,1.082736139086366,22.660253412095074
1030451978,1,157.86586087647822,0.3578997389036932,0.25511597813624,0.9833242268730162,17.825408593856164
1031120219,1,-64.68514795021096,0.3878119903817016,0.20087187932085365,0.9522798485212753,15.506606413652309
1031229001,3,157.31894118425873,0.3713965465562751,0.2318978123932962,1.0531116151669906,16.999577496841702
1032049018,0,-6.291410072002591,0.40419928307309705,0.20659524264033174,0.8645352922369688,7.556560216772358
1032380700,2,30.459829413819122,0.35378882200668016,0.24696560501015863,1.1305034591094059,16.494558118012787
1032824878,2,277.4821306463492,0.3861494157712483,0.19290105152141795,1.1415303490264184,17.415270986521104
1032864427,2,189.8849928283476,0.3868053964047545,0.170960216263818,1.0313729209349214,13.154723783598186
1033105320,3,14.277255271835955,0.41099882411288474,0.38593516741700895,0.7895491597167488,15.046030834889418
1033189892,3,106.82781524066493,0.37035946687920357,0.1964428862191511,1.2210238628825727,14.869395060356503
1033278937,0,275.85396437687115,0.38632022529507554,0.19146481796592119,1.1064823997170599,21.391024286425367
1033351470,4,70.64925964449696,0.37737098643828965,0.23690615226708855,0.97043849093797,16.36873542192233
1033553223,3,201.69420109993925,0.3685973616227463,0.2625409772703928,1.2451515030665576,23.25339707590852
1033716962,3,103.37014233603306,0.3559462589165086,0.22681000537719587,1.1475162092966877,16.658603807680002
1033918415,4,64.73214325489622,0.37076295798320913,0.24188364957638345,1.0636407444283262,18.218087710062733
1033946861,3,5.2068046857729655,0.39543022686974877,0.20024831052190106,1.1585584732941125,13.14904316283194
1034104971,0,70.0183059003078,0.36484352268472026,0.21361076511525,1.0209005276515322,17.306456729911385
1034123279,0,82.36058093739163,0.38172323457645835,0.13080800416022167,0.9029899381176696,9.963270517938117
1034236621,2,127.47115436969713,0.3842284854725182,0.2978780613023404,1.0057621507736947,23.293955296139888
1034741718,2,-57.87759334063041,0.39410404483977085,0.2409233995252348,1.0414829251952689,22.054686868164993
1034918215,0,135.99045686655708,0.35484310499787974,0.2010523218002349,1.0201065275130845,15.561511992420693
1034983348,4,58.151552749359354,0.37677296243568115,0.26814971516775993,1.0625867392711346,18.17869286333379
1035028820,3,170.88468880036496,0.44688372435266566,0.3086144505370932,0.8269487123380368,19.130122585623315
1035315076,2,273.0123298884753,0.40545386781675496,0.2585670816254208,0.9987298407466234,22.065836942838644
1035856874,2,40.29204010216403,0.4019775155658854,0.24564229827498638,0.8196464946083011,13.406322240687267
1036138133,0,253.48282786279572,0.38570801359444423,0.16441547712244922,1.0300683505954695,18.30573505644404
1036220346,4,100.73660202158452,0.3817186774436506,0.25632290500645427,0.9895334907915208,20.64428072338012
1036443335,1,35.25637496746087,0.3091902446840846,0.2636239009432377,1.00501697933322,17.606272220024938
1036702537,2,210.054376508097,0.3589575166259268,0.23405281693142693,1.2418839534979633,21.17651249142733
1037214507,4,164.25389154556296,0.3725985649843399,0.2678416726065348,1.1530997743088702,25.07461725603565
1037247055,2,256.5966874162394,0.3560620228963053,0.23998749608507097,0.9630285755543655,16.008765715194766
1037483608,1,109.27723340799851,0.44094543757724236,0.2147921168480888,0.9503512063724459,16.085940993247828
1037753254,3,104.55078845048278,0.32533504176102396,0.1922719492499485,1.139756729284795,13.801831601143977
1037907132,1,7.70738775766732,0.35617625799854113,0.2300401609493857,1.0771949545341482,13.01961945305646
1037933162,4,139.43967230728455,0.3402986299087834,0.3034626255306105,1.1427592481521889,27.346141469493283
1038226153,3,158.15153499880915,0.37496734177979274,0.26406073954930337,1.154622281757009,21.127323219740575
1038295245,3,193.39333170321885,0.35475865611525276,0.30483433654240344,1.2648471978292481,21.444021191996907
1038630240,1,138.95931667038664,0.4081470693244532,0.2602914993454903,0.8613367227876481,15.604401448859685
1038723100,4,153.47851321632322,0.35484051112510695,0.2638594061621147,1.007474015422219,19.603874142156265
1038983275,2,39.99961283527724,0.36118800495739256,0.2912482242965683,1.0090011427893268,15.17136846190711
1039049249,1,112.52861253944643,0.3935175776527578,0.2080984090803973,1.0204741898085075,14.600501340327986
1039097467,4,83.47712472928298,0.3444770887029119,0.22892550489883381,1.0423718677115006,14.228187556223668
1039985158,0,40.41975403079308,0.334268635551462,0.2710831067113498,0.9636755907503837,15.86751950145353
1040974624,3,258.63368806464354,0.4510449939321629,0.22686368768107684,0.9369232764395757,19.63671128709168
1041000545,3,175.31054566353458,0.36667353554607346,0.25573591676931423,0.923431260447944,15.695706132377886
1041165828,0,82.82152099007158,0.33682276849235243,0.2742684573565515,1.0836628397018013,23.09104518879138
1042275963,4,13.542718436550132,0.37760980839742264,0.2459444682470427,0.9841467947957081,13.102104571101512
1042390014,2,67.48020718498888,0.36464678724283756,0.27631849675081976,1.0726359940096877,19.351954285740533
1042430628,4,153.5006270789562,0.35921129927300743,0.2628336825064481,1.0676468518970834,19.124882565376645
1042780856,4,175.49774404710263,0.3663902803644871,0.2557352127956301,1.0706622633017957,13.262690397300288
1043405335,4,100.57921101250744,0.4182939128806862,0.3692076492198622,0.956741542096003,18.363143522166773
1044196654,1,41.985994494377614,0.34871679307525966,0.11006175326866674,1.5012647295674304,21.224579163126947
1044241223,3,49.31239849396742,0.3644417050727164,0.2998977480732257,0.9163358667138508,13.380932153824965
1044295958,0,83.12130080796375,0.3336934635329386,0.18379847231390095,1.0677489470858557,12.976962932012087
1044700576,2,11.781107257160969,0.3432290711007714,0.2095817790293255,1.0444279067574394,13.717271877251411
1044740151,2,21.244592920084926,0.34178886280079,0.20556911264547925,1.1507359388543021,15.626822659528383
1044945612,1,141.92822640502516,0.37578526350366964,0.24130029624304591,1.1056218594298564,22.41461554166421
1045029623,4,35.83178368685473,0.342113859977315,0.30653798999869164,0.9991643679429476,18.233812219069318
1045248903,3,52.03245795855119,0.3524684914083498,0.26848574455126645,1.0616316031773758,16.27537915576944
1045265904,3,14.95506025294452,0.33932651204010855,0.21509531801106857,1.1464654400349716,19.463572233020905
1045484392,2,253.9486329793341,0.3386027784619512,0.2697863303209521,1.1347781524982026,22.741996792719114
1045667225,0,43.60809567659956,0.3378343964477271,0.25212669286207406,1.0155175746786427,17.720462533852995
1046009311,1,57.37338116619708,0.4313793449682375,0.2171466881398708,0.9609624275204558,19.065199754348818
1046027555,4,74.78448401376336,0.37515302224442243,0.3010991971287082,1.014809553012694,25.115735210484342
1046064945,4,154.94241856876857,0.43053266120717915,0.24434025232962334,0.8878687851311964,18.019640951812825
1047211829,2,66.44136403287953,0.3337989288673007,0.2638317082128653,1.0162087583440276,16.16757572232984
1047488413,2,103.69403795968245,0.3503602271466524,0.23067931909358497,0.97738469256865,15.211191201810626
1047573880,3,299.4825861528061,0.3815435884900404,0.24317725828867823,1.3541797928310984,27.292946833176746
1047587622,3,41.91888818335673,0.3931364821341389,0.23194372436320088,0.7824331175454232,15.222506078164754
1047765125,3,276.01282532783125,0.4258963268052519,0.2633041329743295,1.294956856006342,24.277607691515566
1048177525,1,-20.004199571413125,0.34224722001260555,0.17808035980153944,1.1741057491656308,16.81459152659691
1048219303,1,193.42058571900355,0.4013069913199472,0.2071882280752627,1.010331570801789,16.72915521513224
1048356010,4,206.70651586622736,0.38716982464247507,0.3135932356895953,1.0591039846328096,24.103532902890617
1048411136,1,75.75555416744787,0.40693083792021284,0.2268805181544703,0.9137034881194775,13.872373439235362
1048769739,4,139.57031718996495,0.3467045363415349,0.22440267195286256,1.0922614904813164,17.50331472333178
1048831581,2,91.8615374133759,0.36137661787738523,0.31591033970280913,0.9803319537327316,16.249892034463183
1049514979,1,163.30131100665395,0.3764524888178995,0.1814100605112781,0.9557658769630144,12.900117703519225
1049869017,2,269.71560208154693,0.38559058850402833,0.2038474230870828,0.9856744005704599,15.548057881292348
1050100593,2,356.1008195209688,0.3721314320614927,0.26093785267720754,1.255884957327147,26.517087375097027
1050347337,0,209.4909980946569,0.37350389739479245,0.3098199369364262,1.0875402956778444,26.603973878048745
1050360528,2,66.43192684790174,0.36224162471707433,0.21429425086868975,1.0237056785465755,15.007934388489454
1050435822,0,20.487896747568442,0.33509275235545805,0.3038501458464442,1.042366393071819,18.481246110007827
1050763719,1,159.0790105131243,0.36303624863205125,0.2496297523818209,1.251548432751064,25.52423487061947
1050868721,2,33.102810897534724,0.3482487477448105,0.11334858350596133,1.5537366821344303,18.90943315517158
1051120785,4,22.063294859085403,0.33551872253477355,0.1918798238151041,1.187113672507745,20.3705725265725
1051267871,1,82.11524589194825,0.35426043547031383,0.2333029174962644,1.0701252824894367,15.46054009382872
1051950887,4,-14.463448411572571,0.3496458417357929,0.2512341301770156,1.0152346806796562,15.939584282487095
1052347491,0,66.13873952105297,0.3428691562240596,0.2298959122585446,1.053620167477739,15.07006412673971
1052403305,2,9.096117923102199,0.3555672797048025,0.22214777482298148,1.087929072173364,12.372168275385498
1053128614,0,143.62246311126256,0.3678587440550346,0.23482130978847748,0.9327266438186254,14.146124593364254
1053654075,1,44.510629444580964,0.35470905621756094,0.23345509478879597,1.0216273785446266,16.414717973991408
1053689640,2,227.94639756302655,0.39351973883691355,0.21741768115521976,1.0934026772555634,20.961717136457736
1053749106,3,4.731433859955175,0.4769890429396302,0.28118686393729825,1.024073509532231,23.61677573652834
1054068496,1,-1.964912061428123,0.37914977213030476,0.3052924743699875,1.0000239005841893,22.53385925176448
1054663737,1,54.1975279236927,0.3356589749466122,0.24481565443955117,1.1641560199390413,19.21114576766711
1054699439,2,72.76090730258699,0.42377336558196455,0.1963023694261841,0.995241811454753,15.993061356222888
1055096978,2,123.44580670584793,0.3678019266582281,0.22385318037779045,1.0136883042368368,17.78443014979633
1055238521,3,60.85091817670899,0.38202981081044846,0.2863272641826446,0.9580188543405938,13.84524894864586
1055403183,0,-20.952578487030664,0.41138583412442914,0.20521140594704956,0.9416964291625102,12.06569939580428
1055512615,0,182.30824122685436,0.351115967280011,0.12952637832942618,1.2857944885171098,14.609296148841693
1056241646,1,111.36576183237531,0.3699632233734487,0.24540570280596857,1.1484824789978378,20.64379328235949
1056427666,4,17.69208791297548,0.3294326189335098,0.10758306229947084,1.2103062077762394,12.510767208131515
1056745854,0,-0.7708770171993251,0.533532956734081,0.16643312527403498,1.2776562017997817,20.05771425233982
1056838688,1,30.43947009515169,0.36187876531860785,0.239406007649052,1.0965674691918283,13.23648344149674
1056941097,2,44.41439443171932,0.3377890311739587,0.250380131259274,1.12065771856791,20.696829180983077
1057142863,3,-29.70559053042001,0.42821061454191717,0.26252339058354873,0.9932884643316185,23.177592414738296
1057428367,4,162.3352041739505,0.36694905845858616,0.255437595280444,1.1508765161774719,20.230607067670675
1057546694,2,-1.002165090826054,0.3885431888790898,0.20065297570833823,0.8785222398314887,12.805345027179332
1057577802,4,176.5327763506757,0.34481020429505665,0.293858018022237,1.0934544668185868,20.400859597938698
1057831981,0,57.31920652780035,0.3483434872403574,0.1995335886317564,1.0287631703404323,15.481285404297983
1058058469,0,166.8568546387358,0.40565364056595865,0.218722104687863,0.8292634843353291,18.642540096165458
1058114006,4,20.913102229753903,0.32237362834363575,0.12215438840724072,1.43624923718986,14.167252328246033
1058146720,3,37.40352345955759,0.35834600658079735,0.2145448094682065,1.1659459421524625,14.414679942040975
1058557408,4,19.832399218803033,0.3332023963868551,0.2082519527098092,1.0992277718200776,20.767746763131598
1058865431,3,1.814819903974481,0.31094069045633327,0.3214629633623224,0.9527900193052573,16.99970537879648
1058915923,1,191.78324063852298,0.37169138650608796,0.19894613738174868,1.0727342422778128,17.36163622519804
1058961949,0,244.37583909377975,0.378873331461685,0.18401916136483668,1.1008343065864485,16.625172774367638
1059090867,2,241.35771236712895,0.3361128613129124,0.19122936985441974,1.1992352137141171,16.67314616415247
1059116091,4,147.01170799753686,0.3533808230067657,0.1983642560368399,1.1335857991583085,21.605457555943822
1059315394,2,347.89847815941937,0.43520962837864263,0.2535235145339329,1.025454411867748,22.114417461063972
1059383045,0,225.38060572461893,0.35341426826876876,0.2417183709929657,1.1196518918627922,19.45085126798919
1059454282,2,0.2156963398848859,0.40779569922690284,0.3016258116173084,0.9178407733076199,15.440894063990644
1059658423,4,52.06813428906384,0.4039415391873965,0.1999353327128828,0.8004548600498113,10.504339280477954
1059731090,1,200.19725270073224,0.36939904435679016,0.22919722428089725,1.3134173680102277,22.9080224426344
1059955409,1,134.03496803465964,0.3933058770898734,0.19804239794380987,0.8816276292331877,17.237380542753293
1060516600,2,173.9700264206474,0.3578071943796388,0.21601728895449468,0.9546682715155592,13.963909824179256
1060757060,4,46.87633318150996,0.3700201701384672,0.20775357067076733,1.0644385653394137,17.013231983514107
1060916262,4,192.59886153446138,0.3911524684458517,0.193362120145336,1.0815019100667262,19.143616304124087
1061550399,1,237.77601728561982,0.4297668686556707,0.2283592661704304,1.1584801474682447,20.72830133449509
1061842940,4,29.814354157395,0.3319592451792086,0.1471393682909729,1.2796361571125785,19.774717970441802
1063041507,3,101.4253098744172,0.38075769742381005,0.2556560703148513,1.000047171529562,18.730084254697772
1063440128,3,19.90859690627849,0.3673870387230846,0.30067943139245945,0.9863213262318242,12.185381440863694
1064087880,4,87.16750537602351,0.37795739339552853,0.14402646186835577,0.9739964898284758,14.433009673513762
1064576585,3,-11.703422700443937,0.35253531049684383,0.2663083426855322,1.0825504492467626,20.9212604232942
1064842298,1,70.18399057650134,0.3752991515923266,0.3727717740755187,1.0057043152939298,23.225934674591084
1064934987,1,81.15517377121589,0.4103381938422373,0.2013605081594254,0.8876069170945133,13.305234158405806
1065372195,1,34.389253474665956,0.3022282778385393,0.24239321818153797,0.9606143434744611,14.442156190741406
1065435792,0,106.36404809189165,0.3639452902399773,0.1574783085004543,1.099799733126246,10.981160746790357
1065541315,2,30.417957203935558,0.34569597097660104,0.27021936414458037,1.0966793951720433,19.35644373268603
1065659422,4,170.63667379250163,0.3486532970107021,0.2467426366716815,1.1175561227702948,19.571727509681658
1065912423,3,217.87250387147918,0.3631381888444203,0.23505052330343534,1.1214645279833526,18.484876334935365
1065918379,2,158.66857537583775,0.3425730922600273,0.2376767622628269,1.1432217621660055,20.107255820143788
1066071241,0,223.55526006904483,0.4155122295551634,0.24051523435924552,1.0736500166937253,20.733373840493726
1066274431,1,118.22605371117945,0.3669702411838067,0.2051095597612948,1.0350963467896876,16.585041589006224
1066470436,1,49.02071513341701,0.4230551026378573,0.3737014798980982,0.888179173084426,15.480635631758766
1066912127,2,-5.715399781573382,0.3715762553061951,0.24593705586407674,0.8876769689094174,15.79295695449131
1067785609,1,203.41736029548838,0.3718182427552616,0.31624996958471474,1.0263655773020324,21.0998093132115
1067787070,2,202.97612832752574,0.4040141865888449,0.22249690963929952,1.0604064635659058,19.331574324888848
1068100442,4,159.06869386063292,0.3502099043294497,0.1714402015142104,1.0459040255515313,11.144759959817334
1068153413,4,13.102796544826091,0.3471195155549392,0.2540066230781804,1.1330513391615897,21.20223137440886
1068186328,3,-24.52994957349584,0.3826353833593747,0.2047377858060224,1.1709476400284555,19.672778899046424
1068353755,0,87.16398279723808,0.3577471506117992,0.23909130976924778,1.1831881542102562,18.869969641606367
1068808459,1,103.28686931511643,0.37945749696574804,0.1888204102072485,1.0557335168594038,18.937175603893923
1068978203,0,111.2295115396413,0.3373727457880492,0.2412339768757055,1.154156727274428,15.458298844291654
1069092654,1,82.25673945523013,0.38497759133665577,0.21369455708938648,0.9814378401085976,16.89479840946671
1069141321,2,159.71095874394308,0.36006819417827995,0.23346513591106072,1.0042811928997966,14.848909463985402
1070036927,1,211.37657479844611,0.3662745095411398,0.29958434531313455,1.2110835323740528,27.57107741019764
1070310585,2,209.336038198015,0.36048649175086933,0.22804833676832062,0.9943302431905674,16.897747489705864
1070320227,4,221.9850498847755,0.38965622300873604,0.28986605596348797,1.034024726965937,25.70270187933054
1070754450,3,112.79397366739916,0.37165739398546055,0.24306803184376463,1.084194503308959,17.807818140036932
1071227644,0,182.64835651516336,0.36999001216232097,0.15595993451453302,1.1191490603415515,19.15136483823235
1071356842,1,94.56349476323629,0.3495947721526253,0.21504004957841916,1.0871174611816816,18.24482493900122
1071493956,4,-6.709994927696258,0.43094624128101494,0.32077242448760956,0.9067967300453611,25.675176803140065
1071638401,4,283.18567429487223,0.3808616721835508,0.1688220922651506,1.1504944858071853,19.31989622333893
1071860128,1,-13.920630932179051,0.3800946765244705,0.2730278379385987,0.9765261910754807,15.172597435865761
1071877788,1,47.702304772189954,0.367812663609028,0.3116568401131157,0.9682254742034075,18.683544681963472
1071999103,3,181.81638039920747,0.40933704051079833,0.24362814853404946,1.0600401119370704,17.334575436430285
1072790069,0,37.549884570898875,0.330952799354875,0.2643218620620143,1.103721335087189,16.61459425864951
1073329534,3,154.5703386240448,0.3655571222198618,0.27307706566420914,1.0811088516544516,21.846204443042296
1073330794,4,26.54178720167083,0.34783866980400285,0.2997397266493037,1.1151891908986842,20.87559042463364
1073733808,4,30.375861851276753,0.36549278074294306,0.16673131726471843,1.0432791591339157,11.29198507385066
1074067336,2,-13.617989291416762,0.37901259907888724,0.21638274523349488,1.0628024829673008,13.223463913175701
1074560123,0,33.09434799224073,0.34362195247165805,0.3066891664232934,0.9975545313081047,19.86078065023856
1074625910,1,-1.1155978340698454,0.32716875923453403,0.3547958533674052,0.9266210382539147,17.88805333312529
1075276432,2,216.86462626855834,0.3820623555093781,0.23289891493847187,1.0824733457952063,20.757103544075502
1075404096,3,192.77045480946407,0.37112395927578823,0.2937708757684662,1.1014799638891672,22.355171179327982
1075461516,2,45.15920975951841,0.3516896947360331,0.2551987186936559,1.0743369687195885,17.273521629920072
1075544965,4,223.93447342244698,0.38677310228141987,0.1698047848084625,1.142779005923498,20.39402967331544
1075748489,1,62.89967143359185,0.3397310035967046,0.21911619325358953,1.1698319453034498,19.789207079649316
1075922952,1,167.2319021111976,0.3576682547012051,0.2251610469875854,1.0253544387691582,19.167098845363196
1076149389,2,50.87325062648719,0.36778357728946,0.2106291995321774,0.93990217195844,13.539094374822076
1076285178,1,27.193495798527962,0.3645175104770464,0.35459070757081634,0.9029332202875164,23.183882711151174
1076325582,3,96.14519255173036,0.3744444611129817,0.16909603528457337,0.963657243538058,11.936636667824747
1076737435,2,200.15795362616973,0.32484840608385823,0.23982542797411185,1.2358607550839147,21.581416814582198
1076766601,1,41.19666766804853,0.35071645520384076,0.20242063002717098,1.019879586267459,13.265047178409798
1077387611,1,116.47808264299468,0.36387004818166574,0.18390895049178355,1.2172150127887544,20.15573339541543
1077715415,1,19.53803367221815,0.38302397052671244,0.27964084763463176,0.9488977516196212,17.48060510281862
1077770059,4,87.98171288569901,0.3822259475316818,0.2868455227899814,0.9968228088398209,19.09987894689559
1077976008,0,66.65199305308283,0.36585874985422323,0.32176452685001444,0.9565849392051208,21.689729608748966
1078277401,4,54.732807823244336,0.32815043487211665,0.25421199728893157,1.1146442203291285,15.995335223475282
1078510278,3,79.21255896907252,0.36131036511052844,0.1905895798532084,1.0617649067390833,11.542830446413777
1078694994,4,160.04198853044403,0.3868302332322778,0.27774335909649017,1.0901091216892511,22.590106882768616
1079075328,0,323.16241300883433,0.38581133990439853,0.19602169419211674,1.2566099296800481,25.9193556012444
1079079241,3,92.3908379873433,0.373820872795504,0.22242847126976084,1.0681014062455312,16.473484131682252
1079236284,0,213.42706405080483,0.34237902893511174,0.25209181376313167,1.059528206635039,18.30806773732968
1079254349,1,142.7062621060107,0.359865151275288,0.22852800169803336,1.0681456949764991,16.364705912040513
1079860530,2,-9.02848582793142,0.345346389528927,0.21231523338373742,1.1099947771119376,14.508508905030556
1080075202,1,-22.205876679430972,0.3777868420461997,0.3142529214979106,0.8980309697881093,19.863737606888847
1080185947,3,64.19472312175911,0.3880327921662353,0.2491005910859278,0.8401359431288173,15.571847392902056
1080677483,2,183.12096933652347,0.3680598807608635,0.1887829805964406,1.0129023037648164,13.747490680040801
1080857742,1,204.35606699533855,0.3797788139495752,0.2284910749137937,1.1643246095121855,22.232058510748345
1081105585,1,169.7740673249308,0.40159627154861016,0.303391974071607,1.0814263377193805,23.842343650540293
1081227608,1,-10.925356551769084,0.3923941062995149,0.30644082028819336,0.8787139140827744,14.567106531733927
1081296468,3,-19.764161278590507,0.38377501829663435,0.3050491885457538,0.9697984735096146,20.165450653075457
1081913704,1,78.65863637752231,0.39316630178383577,0.1705525907740651,1.184825045186678,17.727286845224096
1082020725,0,27.7569215673754,0.34962648335617774,0.16863459160622318,1.2334256574371223,16.733831527950056
1082166960,2,5.34525229333255,0.3424672135203702,0.15010118895798644,1.4959982266116971,18.74425014465504
1082266101,0,21.91551957416901,0.3440606620320386,0.27490965287945585,1.0320910971624975,20.174819559245233
1082761945,1,45.991257398652216,0.27778671340368527,0.19653289698823984,1.2581282394223974,16.977340480976665
1082852638,4,125.63941037227494,0.384534918601769,0.2545531342137329,1.0293222370194304,23.482245276816403
1083086006,3,39.52758544839223,0.33650976318842185,0.2670366626823038,1.0948876882280656,20.5593135637424
1083192261,2,160.69195124002607,0.3481938121343309,0.18252766497058137,1.2086134131633937,18.346062441958285
1083208752,3,215.07920918423576,0.36044436590315354,0.2904592720722489,1.1514801002751849,21.111856059563024
1083322172,2,-15.440563019189113,0.38957945201204247,0.3642578941883922,0.8713574991459192,13.161422296954568
1083424600,1,27.26865564923753,0.35838927035036566,0.2285851591137558,1.029557310093538,12.456989718577713
1084524118,1,276.8007845862296,0.4244089613449454,0.41018972916600177,1.1629117153442823,32.83087792944036
1084974257,3,80.36658832947892,0.3518425601629058,0.2522282502765,1.0254446536301556,13.037272877387114
1085199184,0,104.40296783306324,0.32173370201789453,0.2779587301829918,1.1115710461239467,17.840896115761
1085340471,4,149.6336194362645,0.35883801337200555,0.2273678594116354,1.073932192000326,19.80330509488837
1085397410,3,125.18299174346335,0.34457424643648693,0.2876488615907548,1.162508236165567,22.288357328194508
1085462355,0,186.59550210902614,0.3613776507850972,0.21594753395509056,1.0946539430202362,21.140417050125304
1085625486,3,0.9056501486429056,0.38263853566245665,0.2705663695899728,0.9769281718361311,14.475005522395712
1085727848,4,86.6582071044254,0.37969492062568194,0.22414365872342665,1.042417445696381,17.14582847109832
1085767747,0,98.70130571570644,0.38176233351154465,0.1820340686873529,1.1150701232795408,16.21686434206244
1086507513,3,96.13819896713787,0.365425602458355,0.21779949833754547,0.9327979213805924,12.107339143500761
1086648178,2,253.31989875687464,0.37918688872570405,0.24546776297462278,1.0668026393208274,21.13314514707505
1086813009,4,139.91641936133323,0.3618408656423492,0.2487982757035307,1.1232236728093699,23.760431600374886
1087155239,3,-28.198178336761657,0.34543642827959464,0.2679232108093102,1.0091727237881438,20.34965629760278
1087298590,1,53.38828334120858,0.36935235677493194,0.17574257390336967,1.0248665811491418,11.603956394468632
1087567752,1,115.0186519300765,0.3761687735605116,0.19149791711188652,1.131297406117663,16.056728676257883
1087727668,0,103.51339703622955,0.34818792989095954,0.1954336915237232,1.0515057267437948,14.864740806140635
1087863432,3,45.5994609000815,0.35734882514133415,0.19290513937814757,1.0854590384858533,12.63514737520996
1087874446,0,29.694852123218745,0.38172523292069277,0.25178102780200695,0.9104649780682134,11.39061914281671
1088069103,1,2.4323085409571803,0.35241586686237125,0.14012519098741322,1.2723814810899956,13.241873052509291
1088166568,2,8.221236958577038,0.3442329892190626,0.23551149815912417,1.114664503018075,14.956283045096361
1089099608,0,66.4527272482581,0.34242974800455633,0.259539501909219,1.0629315020325225,17.868100545346675
1089343278,0,99.97934356997756,0.3805722178560766,0.19373824574262255,0.9357673162017184,13.334967741576294
1089446070,4,170.36076655364036,0.3579576693473834,0.19466673789599268,1.0502537445270925,16.512681333778314
1089600845,3,190.66253517059255,0.3792475460332375,0.2412421635173673,1.1060750263098755,21.41288554531217
1090041949,2,245.591349520765,0.3845834326572991,0.15290463830645812,0.9855930421713724,12.78881853614628
1090062634,4,4.022880136962712,0.3244178270791773,0.11177576878753817,1.65912423214712,13.10851369468163
1090620461,1,182.1990274257874,0.3863545856528005,0.2987314001475043,1.0765317391625318,21.772718822725157
1090704353,3,112.88134179807184,0.32098685260594867,0.1978590836396695,1.2536413296563047,14.117950627751068
1090817229,3,152.7087000658088,0.36097236102088326,0.24185714768098876,1.1750610070754286,20.568321857381466
1091045706,2,168.0628437122195,0.3831902413373927,0.266909398269141,1.0104371554634428,22.374990354911315
1091424818,0,166.58064617472985,0.353689176302103,0.2757035504418619,0.9772123418685751,17.274010298291657
1091676819,0,220.03510464389967,0.37753918454091084,0.1718158350769659,1.01210634976713,19.685251492450824
1091865104,2,188.49234510137507,0.3670236321380794,0.2370230622637363,1.2146746608975107,20.307391108412354
1092008018,2,155.91877703017428,0.34661896022603905,0.19543926372305698,1.0801298478846773,14.53960785224935
1092288968,2,139.30511644195605,0.38161571929733595,0.2239608110594054,0.9621601110147804,15.897845440354073
1092404802,3,40.615597207640505,0.32516357594705236,0.2568031585275269,1.0929034286523185,17.519094726186943
1092542084,3,275.33093130774193,0.37558353792046234,0.24819675122979107,1.3600488033670135,24.94218431623407
1092567276,0,290.0276418833511,0.3692642448416757,0.2818375803589181,1.1849664793393744,25.828780307032552
1092652620,4,166.26319560548922,0.4205462414775703,0.20703193028262662,0.9931147206361586,12.301575791946547
1092863578,3,-13.43329331381338,0.40776857759873675,0.3493116588209638,0.8637882473271512,15.395128703709696
1093111808,0,207.60029243974415,0.4021475254530066,0.26759079683078274,1.1001450974222595,21.16291880389034
1093119609,1,199.9076010401967,0.3664585745637249,0.21924739624084372,1.2515767308335672,23.926809105689472
1093757238,4,68.87535902733796,0.35579184054807195,0.23115676482962136,1.0749183960666309,20.72375324187286
1093999589,2,126.34289702660872,0.36491960171898336,0.22367602026514963,0.9529147663620111,11.55033372782004
1094849192,2,172.4337083188493,0.39401645944506475,0.23116090926869257,1.1606650745526068,23.324339012840404
1095118388,1,54.60286745201485,0.3634459101929786,0.2653432152625586,1.0737206464353026,18.222036780025743
1096169476,4,27.185447814349516,0.3613798722700012,0.3746261224935567,0.9046922466510781,19.790744406987297
1096482563,4,102.38581005727441,0.3430320671261568,0.1751267132070678,1.0599977781284222,13.778414724024003
1097037876,3,234.51638916474093,0.3678530209060849,0.27339239147588484,1.2165106808457835,18.795842202212903
1097383443,2,220.72418059861855,0.35943329866857865,0.2908625401064408,1.202462745050725,23.598874432116038
1097591808,0,181.38728332872864,0.3945082235843602,0.36084390141134537,0.8859713554014559,26.514749628824042
1098253429,1,41.479832867266666,0.3881444057188379,0.27967881826645224,1.0451460052730426,25.750973714296244
1098329316,1,37.22504070959867,0.3439000621101918,0.24792521012833,0.9887532759859766,12.591780236490859
1098458595,4,109.95223983481849,0.36129305539809364,0.22379892755569003,1.220291778377137,14.969595742138086
1098493024,1,62.19360346610426,0.369463497376749,0.26267257179097814,1.0126259590552722,17.766238512613924
1098503912,1,62.414166234387395,0.3630207813112274,0.31206004652323166,1.0132200336601989,19.813387968940404
1099489498,1,99.44229966878824,0.3657232726803592,0.1631759633043465,1.0169492382799235,12.374086972103417
1099529039,3,68.55905063856684,0.35639155085042973,0.2112632647657739,1.048917681371667,12.983312652788802
1099611212,3,20.183304157409907,0.40044824826338243,0.2060144375310364,0.8922419330266247,16.16333145058946
1099687723,0,195.92705573693678,0.3376653782658976,0.27737265096322,1.1241384154423326,21.470529745994178
1100016656,0,-35.459302670221106,0.3798518904476329,0.28745645529601227,0.9899991061929495,17.236969194294158
1100237859,2,56.75280676430276,0.3525900306429779,0.18271220452487422,1.005975063577821,12.699576431708511
1100342042,2,241.9700476580208,0.3948541329366751,0.1887625974976353,0.9064170468878562,13.265706388654442
1100790418,4,247.90736291104224,0.38156789922039214,0.21071493748814935,1.180299452311226,22.00181139789627
1100941404,0,417.06098152349006,0.3654624016535313,0.23631057697340083,1.148805236367096,19.466493317480293
1101351580,3,252.01132908089252,0.40102831028234814,0.29360636143537533,1.076905209135323,21.62540455926638
1101626993,1,116.1682560102478,0.3777208328173863,0.2605457080065804,1.1922078121529431,23.13873864338934
1101869163,1,44.8829595790104,0.35364099327036674,0.2254358763708669,1.0263988253450733,13.543588326494977
1102089845,2,33.569278438155195,0.34947116233532766,0.24746636220131923,0.9983186495783276,13.386599428342931
1102195850,4,41.64632863723765,0.34045124602921817,0.3053498776970103,0.9958768671546256,17.425699952149852
1102959825,4,335.75475501680296,0.4321790821210186,0.23755811283710077,1.1359221643890485,21.42334892838078
1103272237,4,69.52456509145088,0.3361140860787263,0.2527121651256682,1.1443480642434227,21.76214232207424
1103276909,0,50.2480173518668,0.3193809692134565,0.11122841117689145,1.3572357063156568,14.867383470036318
1103729487,0,302.721908298161,0.3997687272889889,0.21023198164910906,1.0594679002138405,17.880114149038118
1104001182,1,165.850348505789,0.3555500600884322,0.280693981672976,1.0422904290179904,21.62665321017576
1104150399,1,169.362271014067,0.391527885439602,0.38069164578728787,0.9484711337829783,22.516735263223637
1104675070,4,69.12246162552304,0.36990208633524324,0.2205950062746953,1.043568327101706,15.189387549587488
1104783164,2,214.15253597066823,0.37145844752720986,0.2390109736080256,1.043060508198383,21.302498919546665
1104839860,0,256.4915445808423,0.36934096880981426,0.2682732996491568,1.176167357121179,24.737006049247462
1105092944,0,210.57008247810415,0.3535062467422792,0.19675165725933252,1.057781657366358,14.068561122764283
1105455152,1,58.05204573076274,0.33457618702575576,0.17524617840611348,1.088153982036689,14.25191859550489
1105607471,2,5.221141272783626,0.3319742591393075,0.2610860184471972,1.058455621209311,19.091284727827038
1105655721,1,208.7815549827836,0.3699475028999581,0.2984228755806544,1.1996702192679107,28.329881558366388
1105688396,1,86.00010859837901,0.34920892361447653,0.1620102830260545,1.434759651571615,17.5856731638708
1106240394,4,95.68069541254692,0.3356553218218192,0.2041538405870607,1.1002440687618669,15.42489814560489
1106363407,1,217.23504641199423,0.3702548025968674,0.20323791400614663,0.9653358719284357,14.132299977312606
1106578418,0,105.60573401505778,0.3314011593683178,0.2637136345525983,1.0361089020273107,17.69826330028813
1106718991,2,188.23104731997023,0.36576037041444104,0.23509581458545695,1.157616724178787,19.211041755810157
1106744054,1,24.459935457768495,0.3768894294433172,0.1881538513287036,1.1211544036322565,15.193963510833063
1106849268,0,238.4763429764127,0.3748156303456201,0.18392031848951723,1.1314882677514455,17.291703238495653
1108103978,0,81.84497257138156,0.3860655694191329,0.20376757015007388,0.9462703239716124,11.023787211176101
1108143190,2,334.7015024096026,0.4487113216886472,0.20550553385920833,0.951051867175071,17.888515481233384
1108204726,2,-11.21140200072044,0.371468660893163,0.18941587875756039,1.0675400888604405,15.674265424980868
1108782775,1,70.51866164217405,0.33509413123967596,0.2500083722602188,1.0853855480076633,19.886415041005392
1108992243,3,71.18841628758798,0.3713422923426965,0.22756499835997165,0.9453328320664647,14.855761294293991
1109762567,0,268.9135741050467,0.36493729035258676,0.2671526012685626,1.2285847933764606,27.013497504561386
1109873532,3,94.95333958075226,0.3407990200982352,0.2241867448976759,1.1659182949085085,18.41502338338508
1110214736,2,199.7398961655863,0.3688112739886109,0.19369794559904807,1.1710210609526108,19.51682975409848
1110372599,3,57.265445682749125,0.3517289311993028,0.25929800062465547,1.104029660931255,18.359161817035478
1110669170,4,177.77236269245046,0.3741902428180002,0.22093905690742963,1.057905130095372,16.797725028729023
1110735297,2,-33.333397916876336,0.345388514061102,0.15397112013720304,1.3289298396103146,13.016072969959104
1110869363,4,217.5237374413241,0.3527715779746007,0.22397811188593958,1.1554970973526901,21.35451112378398
1110958155,2,275.48919250129876,0.36559466989107187,0.19132544708097543,0.940841300799978,14.4825704818044
1111539989,2,55.87298848704757,0.3519538905081558,0.2327363050084647,1.092184857288282,20.414896035653545
1112220366,0,107.50040631178149,0.3469053386391437,0.13759757477890888,1.1738012446360548,14.235448623120945
1112287021,2,166.98722843150816,0.37719238346844897,0.28707693470064877,1.186814572726608,24.467593001760253
1112294940,2,139.33768032529844,0.3762826014977501,0.13158526548350194,1.5081381620976946,18.414710921743975
1112362061,1,123.73173701529393,0.3994180600105301,0.35073042941195115,0.9981803234851591,28.933607554666647
1112494306,4,57.41411124095572,0.3584743365242993,0.21085385236531043,0.952285511045025,12.859928268905074
1112748716,3,144.40167038487235,0.35327624255759055,0.2546572450660357,1.2038717841602318,20.460332798290928
1112902230,4,61.481473390949674,0.3234178295807243,0.2209671356744534,1.0119153049122547,16.137633400493982
1113081697,1,58.53416754953424,0.3666690894332262,0.27898691768925415,1.0030989831257873,19.94073848628313
1113417814,3,-6.794036977803799,0.3635387330275872,0.20585950064841163,1.086903306847168,14.769149250316623
1113818194,3,122.58571369199929,0.37301997916604,0.21971618427743506,0.9349187294588884,12.587451578300193
1114103605,4,190.9260634913212,0.4096742850314122,0.22485084444094783,1.0180986231488593,14.498128076847962
1114394646,0,105.23019511946137,0.42549093058760507,0.3192622008790037,1.0094523015778347,18.943624258235758
1114536999,0,128.27005352415452,0.2793246095796855,0.255432654016812,1.1429677267378606,20.6199836309026
1115041145,2,205.48369994040638,0.382527767319389,0.21201869113635052,1.123555348870353,20.395767136245905
1115283771,3,15.92934728590049,0.38726264435883323,0.18626633793174885,1.1521696980516924,17.278514133169438
1115535876,3,24.973312658696173,0.40182809808458647,0.4000034278175762,0.9325613190854962,14.709228839200282
1116045273,2,145.86029431810894,0.35454911719487,0.18783461799382112,1.0298436963794189,13.597174157185
1116077459,4,216.56571379296548,0.41941769759512404,0.225007147791199,0.9306183687199874,12.917208834242134
1116322713,3,77.20403905718827,0.35296572940232424,0.14546473330235665,1.1222471415976059,14.759126245485874
1116382939,2,27.979589353551148,0.4132977543819148,0.27300479299286123,0.904789046297456,13.098726875075638
1116523292,2,30.596595689250236,0.3549824699357818,0.2016225722663422,1.1131608297000963,12.133372374930893
1116545880,3,51.9440091055662,0.3587089961063431,0.18933296389831672,1.179622297752578,15.459872668516573
1116644924,0,153.58522402856087,0.3660180430145649,0.1792587327395672,0.9552873375093134,14.301098408761645
1117693803,3,191.90800833777988,0.345474315033128,0.2641046081696172,1.0749502932203239,16.851710625669355
1118322325,1,69.57769935536858,0.3354854482264192,0.285544162667762,1.0320326209473998,19.746593982830607
1119425310,2,27.46115795285168,0.4147854744643238,0.21173870580881227,0.9197469770971884,14.16514449209354
1120266201,4,115.33085293313972,0.4063168176100001,0.23415952103564677,0.9895862037708583,19.92129541920913
1120810907,0,10.24784570430333,0.3070885850472378,0.32779620145072935,0.9318528076566056,17.252967523856544
1120932055,3,202.76346474908962,0.3745160329982074,0.2422472299245918,1.0340853134218138,18.058749687880045
1121030015,4,-7.749019697471084,0.4384002497938414,0.21619885197220218,1.185170953672697,24.18061539423847
1121099554,0,157.22423076035045,0.36806729094807905,0.2584158785007435,1.0446520254280918,18.411578568652487
1121162795,1,155.28610254682326,0.33489345532187187,0.16908068996555242,1.0188033841838324,12.493569334550678
1121663416,3,52.17113784921114,0.3733415262514542,0.28919415973362433,0.9877170816944817,21.612042848651946
1121754299,0,190.56669413322908,0.3376109151001285,0.19480933853942717,0.9660625499505997,13.433895025636046
1121884614,0,209.79064147190658,0.34543100666110593,0.2451316320804443,1.09642068251209,22.478951051121044
1122012910,4,42.81900072780895,0.33905862589288444,0.18707042936846238,1.1293845178971254,13.20543857367904
1122196297,2,219.60946017339984,0.34801971341668275,0.22050523633164448,1.1333144085843425,17.494057423636516
1122498895,2,22.89516098101784,0.3583333252508164,0.3072097585918112,0.9407041889560137,19.764015371210913
1122802098,0,51.45064791515044,0.35543027066467714,0.31718081083736704,0.9723543241179217,19.049530098726656
1123352348,3,127.34005835697941,0.33634464370994344,0.28568034317228336,1.2427819480888358,20.42887502947877
1123567256,3,-13.42181460634788,0.3683289487965683,0.3064060687688756,0.9128805092927256,17.547458162293164
1123597680,1,92.19148291721271,0.3519763727733127,0.21489044134081453,1.1263104024203785,18.038236381304344
1123733382,4,35.04421958007357,0.32613225454994665,0.2096993542059077,1.3681499548593279,18.633094367485096
1124160654,4,93.04461783665198,0.4179440163365351,0.18949130135481018,0.7714215169856637,15.386382014051575
1124320017,4,136.62921228440723,0.32853755341356533,0.2479763180257999,1.0474881259224817,20.354024553455634
1125785790,2,56.19163844578968,0.3453142542674367,0.2472836554670161,1.0832912897905216,17.991681529044218
1125984046,2,290.8599558209724,0.36407932446444935,0.234969713894515,1.1592707863152387,19.56090550398454
1126266523,0,69.33811477640575,0.3436342560379531,0.3014720397792542,1.013827828476485,18.221731319124963
1126464769,1,96.93946048171514,0.3520498475927297,0.2454755898888541,1.0659065585087137,16.506358888089814
1126802641,3,41.33005320726011,0.32492002619421045,0.12192423558712931,1.641177950503599,17.089665929970952
1127073632,0,47.46840255504324,0.34795075482455495,0.2519936820953033,1.0988731794244573,19.295954568293805
1127321613,0,216.0130975216194,0.3506238174624744,0.1857379071622597,1.1809101189931732,15.80371016219735
1127504526,2,0.4342945046025335,0.33087968821027613,0.27311520501225617,1.08445405910625,19.611692302912793
1128237994,4,94.3425365685279,0.3557016169806627,0.18787547012491568,1.21728101689196,19.73576345796092
1128593254,2,197.36606604588735,0.3483737893190601,0.2429281366921596,1.014938515366473,15.725955280786483
1128659903,4,233.74271402124512,0.3645978152082686,0.19809684329074181,1.0148730353811444,14.243709477990652
1128762246,0,181.84338302632676,0.3698281691201104,0.22002259801400267,0.9189787946787941,14.159202753063877
1129166454,4,1.6310111065644577,0.34938531741228124,0.2801274875512575,1.040457640600399,20.094966260338193
1129389664,0,245.03767155388368,0.3908290452324012,0.24230523885270014,1.0999970688166993,23.696502953683208
1129473304,1,20.569364533472765,0.3412287793754987,0.2750194856015195,1.0625784968396776,19.70492348086524
1129746387,3,118.97722365018225,0.3543006071776293,0.23894044965451505,1.0754768261948577,17.036756112252377
1130000577,4,204.7441766680393,0.3720340339755034,0.23451551586145286,1.0353869384407155,15.58908805739579
1130043437,2,-20.33535246513287,0.35339571139768866,0.39090552355686276,0.8621654906871046,18.900534211098982
1130524840,1,176.58433068078324,0.35339963392017615,0.18840459649811192,1.0830349029898516,15.33769775754878
1130989297,3,133.60877894254216,0.3776527510450453,0.2180777809304798,1.0646671626888102,18.32275738083318
1131052008,3,6.102357674041286,0.40773124028137214,0.28778508667634284,0.8662677388126911,12.005380072885963
1131219961,0,125.22923544627179,0.3352046918783923,0.2468397260328272,1.109508852237452,21.16649708302364
1131234083,4,347.48838670680027,0.4217723552824418,0.25941919659567386,1.0478489640651498,22.064327699289308
1131649373,1,12.462296965123045,0.34133749374811745,0.2727637106972893,1.0536383832507121,20.185574222748272
1131929043,1,85.22252467431287,0.35964381160652914,0.30387045649535144,0.9997047746888997,20.487611977765766
1132377613,0,181.26121875052738,0.3591198169388744,0.2467122032111431,1.0058352086453604,18.496903776119588
1132744464,2,125.00117551019915,0.36133011407547494,0.24307066854741813,1.0544786346535109,20.39503839504403
1132763612,2,83.52828096672204,0.3793652004343984,0.2773618475905996,1.0129258271974,21.467813972620423
1132889582,0,143.74042015634666,0.3526123419533716,0.274726115798246,1.1038830220277707,23.138811041575444
1132923909,0,8.396579614383853,0.3484512365999888,0.28364572096874163,1.061518450658751,22.689901468563573
1133044696,2,11.45677735417243,0.3747487294430022,0.28993882558812095,0.9549241464784335,17.902491935201464
1133390257,4,371.77547099100866,0.39423439957868156,0.19464265124374613,1.2277655852730438,20.54344613389503
1133455490,2,74.99188089021807,0.3621886078102829,0.23310309911227492,1.077752168255555,16.466723411147434
1133460389,2,47.190093323146506,0.36794274453937387,0.25011611955996726,1.060504756150619,15.986225681570913
1133515947,0,213.4525768070859,0.33134065548828734,0.23099154399121694,1.136373525529807,17.71642377171057
1133631248,2,54.442822608945185,0.3550100874366609,0.19342770498742595,1.010822993474499,12.471004915173033
1134375146,4,121.47304864909779,0.3224919864793998,0.30161474526129217,1.1396796854047535,21.330828508047098
1134601529,2,-53.743272131525444,0.32967230593036406,0.141662029517463,1.4185078229217973,14.208583011284153
1134713599,3,104.0088584095814,0.31398742529012696,0.1904436118205185,1.1691185547416973,15.182691677254205
1134997266,1,82.22829729515774,0.3530860054065969,0.20813593350794105,1.1392443804291912,19.62371505683156
1135072955,2,234.08182247285083,0.36773178797654893,0.26852398960019686,1.2054586500323188,22.972675697325
1135542546,3,107.52351310803229,0.3520325607539616,0.23073225428894859,1.021242790173767,14.61312704026264
1135550271,4,185.85693851097363,0.3752649464316472,0.21731101763933622,1.2133198644943346,24.914801596202302
1135788027,0,95.28473257422144,0.33351107409035974,0.15175615556429028,1.104818750100907,12.72898619799162
1135838417,0,352.95784050613565,0.35012467747084297,0.22482998325170206,1.2894786716206137,24.170413492566038
1136024156,0,-22.393970311479833,0.34308316626196084,0.23804130202966253,1.1664464872175087,16.46254118319064
1137226558,3,46.50910169666821,0.3525627492695611,0.23010256361380446,1.0405445900062735,11.474420819214854
1137323137,3,53.501839417114326,0.35922780294738416,0.22518501793493487,1.1008803284001762,17.021882798521496
1137418125,0,100.10843778798719,0.37970119057057183,0.2416586946330193,0.9529620720339741,16.909367630296977
1137724791,2,107.70561472586911,0.3625110320487592,0.20177376787507034,1.0332054836227904,13.975919846899613
1138085523,2,92.64888026402906,0.351459401888878,0.30101188381199456,1.148677193102384,25.324579283767548
1138097304,1,49.15259112454225,0.40466577702910267,0.346311936181482,0.8429237158856764,12.416274372115534
1138111441,3,188.4384988512537,0.39775454703265944,0.21544917384190643,0.9290002705483243,15.566440456435934
1138356248,1,138.83949355984862,0.3557792303790231,0.19501101048365352,0.9872228880252466,13.974059272260037
1139097399,0,231.1434770868292,0.372986039608689,0.21806999053577267,1.0618661353853214,17.203658804231598
1139542368,1,160.32112663488064,0.3611411267088932,0.2278043232635229,1.103552000152173,19.670537609692904
1139696241,3,191.10216031251025,0.3436696484688981,0.25604645719238256,1.0734925579195376,18.48054305059296
1139986817,0,50.3838135999897,0.3444824622502149,0.24401753758349776,1.0585527009320368,18.405787704592406
1140194913,2,-64.6377375153095,0.40930051867467276,0.2729266078353146,0.9446878990504896,22.22888331535121
1140956631,0,54.975596845277245,0.33355902002051707,0.1916931123170908,1.0393186437884154,15.573305581421103
1141098203,3,138.44714767935534,0.3669237079825448,0.16777055671342586,0.9999040602864031,12.650554402391684
1141104268,4,35.16903429736044,0.33294783672442146,0.33005321790211617,0.9567518991337608,19.76040933974615
1141363047,0,64.26167464266214,0.3625162340602444,0.2787933624309937,1.0670511168202383,21.941811717399972
1141791290,2,262.00644943116237,0.35754497602416463,0.19152422644254605,1.2493531335079862,20.21883623812788
1142382691,3,160.0379449819161,0.36404115610806376,0.18850236297672995,1.3677016092110763,21.76117479752558
1142386049,4,109.9331866472478,0.37724411745167175,0.17085878884634542,1.0960794078103837,15.99021790747413
1142561667,1,88.19328273715087,0.36404681016661605,0.1763274368352371,1.195882966112746,13.493459046033976
1142759458,1,161.06619581131622,0.37562568869821533,0.14355922236987,1.0677940846896943,13.903488080296725
1142909412,4,150.36766378947215,0.363381077993666,0.20258716327508774,1.1057176557422819,18.05496591577374
1143081598,4,5.8984721683744965,0.3381995925782355,0.18546509552494184,1.2276544785164456,15.40595219253828
1143098154,4,83.80586258452085,0.3752244437835285,0.2619421839978063,1.0147251811000664,17.965623408357693
1143195068,2,282.33253853390653,0.384566842436388,0.17381450295507006,1.0969672360401654,14.897242611344037
1143212466,0,10.339310250661526,0.35123643402711013,0.20290531337981577,1.0264854076294287,15.566950584214792
1143308077,3,-1.1030835692011038,0.32178512772000095,0.25433282394631035,1.1670413750235111,19.264192940912398
1143554851,1,-72.48227676599441,0.32008023536012487,0.12134680569085013,1.3715510797973836,14.381159081062398
1143744739,1,120.42844310981475,0.34385678836005,0.2606057968491879,1.1719936367074373,19.087313051452902
1144028367,1,69.15140001609917,0.34201737143081384,0.22159206720621774,1.007292982648678,16.39440683148286
1144294791,3,117.57326681531069,0.34719255146282885,0.18753297977960343,1.4160709583841828,21.251048845426084
1144375159,3,35.18926876287854,0.4366125924340659,0.3935493366324253,0.9194641462775385,18.077038860412383
1144377193,4,329.8275021631745,0.3648843104058087,0.3055094283245165,1.078491394237676,20.83440912679185
1144496929,3,-17.444019180332205,0.36231385724168275,0.2552291714093933,0.9418615283274768,16.749479532719366
1144952297,2,181.3615362427025,0.37131655667791896,0.3027631392986922,1.1196680781348836,23.927957356063544
1145064910,0,117.62917932599152,0.3608808633937041,0.14496183748919422,1.0045673575943528,12.620436588003578
1145617844,3,152.6429881403588,0.37416964131337893,0.2287158939962561,1.0271165158784121,16.212220635808468
1145796233,3,171.46431007588245,0.34222143035785085,0.24774651095911004,1.2422822098000723,17.39137860072554
1146375572,0,131.92660685134,0.345609134283036,0.17887533399019775,1.068617176228843,11.791922622455846
1146618065,0,56.080312343153274,0.3450609591695892,0.26909408514929956,1.1199739445023573,21.997086262516437
1146876238,0,16.055568229037632,0.34597895067961215,0.19317546914194533,1.1893299622950808,15.611163724899372
1146896045,4,42.56844597286754,0.31891776058778526,0.2589417229228688,1.1299467194892614,18.031877667558007
1147140569,4,100.61754790889428,0.3682910684936484,0.26287053186925935,1.1504714994125005,24.213224684623903
1147168409,2,34.5241058895782,0.3419079918454778,0.32156107089182767,0.9579132831574456,20.42889254671892
1148404116,0,230.68207757439535,0.3986942862956114,0.2021673233632771,1.281312011239964,26.456895715495623
1148596222,3,57.67813795517122,0.32736011742629334,0.20519392656562632,1.1754068499124786,13.383996552484515
1148927533,3,36.67508655459948,0.3365465719342824,0.27831438154021326,1.1143071628388421,19.875370670627994
1148967455,0,97.80421671069932,0.3494419818133278,0.23677111147832552,1.0417539067556862,16.717932650694223
1149199303,4,41.97982574513583,0.3610673769770015,0.18969904136243948,0.9193155285552935,14.08612604491101
1149265769,0,65.7369958027841,0.3186889885553433,0.20630989552354695,1.0782252121000258,14.952115245918431
1150009994,1,40.26670631411281,0.3545947742412304,0.1669694135838905,0.9029936688706083,13.749821090132203
1150049230,3,281.3065005374244,0.37017130542139925,0.26975559890236406,1.1546217423834644,21.85191257429368
1150090312,2,294.20053618849465,0.3707827707123724,0.2698968333124342,1.1027118776201887,23.15697646441734
1150209468,0,24.915293676611924,0.41167769091150785,0.2709065958135696,0.9320519187654567,24.47629693238476
1150286039,1,174.75214773529194,0.35498066314340926,0.18223777214898884,1.0291329049730038,15.95456765473566
1150417190,1,242.36351181683725,0.42219929043282683,0.3095509452254586,1.0768252370007818,26.048279927129855
1150491517,1,173.34045368431094,0.39141113160516966,0.24674498629488303,1.1214764111274584,22.327471391407467
1150533909,1,-60.12001143004173,0.3567268786497541,0.12773068543434982,1.411514672149587,15.720099915542106
1150855035,1,48.003142033533074,0.3628116359669417,0.23082998578759462,0.9802727337804895,13.092765851294944
1150964358,1,104.91112935314284,0.3562318769995294,0.24315146257402365,1.0161395649040488,17.784067399362733
1151260550,0,238.97132990098152,0.42408233347585017,0.2949747995150409,1.1588931637022706,23.12473673495813
1151287804,1,293.53594711903787,0.3920012186255149,0.3184393668703031,1.058780030238736,25.98887569899111
1151566525,1,117.85516134855193,0.36652100258171905,0.23782432977137602,1.0405582690071153,15.269875573026386
1151772971,1,59.10165871786563,0.3520171439535906,0.24648484379297872,1.04082824681916,17.54945671451283
1152245354,3,95.82652374686363,0.3668960134003455,0.270263382620209,0.939243091606943,13.04299266437337
1152269820,3,219.6164121823952,0.37629776581855917,0.27045353691998125,1.11301428445213,20.140036647698437
1152453728,0,157.0571090558041,0.36393343453209426,0.2896404231910093,1.0395117597635146,22.996784924905104
1152527958,2,22.71460996522258,0.3636196497174051,0.2187093670631826,1.0727846907525151,15.160058626882055
1153123442,1,255.30862873638125,0.4052671800175278,0.22246426405819014,1.161840549173313,23.529441479524856
1153144775,3,204.7799422515393,0.34799168376685324,0.24660821041759273,1.1075289337984089,15.661418271667449
1153274738,4,191.45693855149273,0.3733180014164774,0.22807667680559907,1.00513489533349,15.762042029904283
1153424706,4,72.50747765362065,0.33604867543161915,0.18091213416912494,1.1439927928440476,17.349132230513092
1153616490,4,157.68727467173233,0.35955145941076,0.20490939519590629,1.1219418742355394,16.763148256278
1153834877,0,26.708531396897243,0.3686192996175682,0.3674551717263965,0.9154592300206678,20.951337088012735
1153885240,2,79.91362548649907,0.3450833716015351,0.3077932642609454,1.024532002345087,19.418173071045047
1154018955,4,105.50602693736683,0.3624727114888651,0.16252580385810403,1.0766739073864946,12.606357132095518
1154163429,2,139.74365900295302,0.3756341576363111,0.27970266775499597,1.1649624632417266,24.41532922047254
1154938499,4,50.43003575971132,0.34038251198949515,0.274645341386502,0.9485740944201858,17.25720834030539
1155135793,1,41.34453392400751,0.3701483157044728,0.2684660211901568,0.9673771730633558,14.915918918003044
1155257724,2,154.68284829024245,0.35518758881686463,0.21989510259749187,1.0455743775350066,16.186775483183666
1155325628,0,-52.99218167188532,0.41498968627435345,0.381243648722571,0.8721653468580232,21.98036182919357
1155566609,3,30.034574108576223,0.3240266603710835,0.2723051626622853,1.0599318283481796,19.497372804542696
1155913960,2,13.277587755969776,0.3603785755370318,0.28508210412644214,0.9430431343773064,17.12137023087488
1156088794,0,80.4565476618894,0.34835484851255355,0.21573069700694275,1.2062253722633007,15.788529977717195
1156094009,1,169.04936438392795,0.37552006480633304,0.2341207883014707,0.930926816304644,18.935307889873968
1156161130,0,204.32611154732135,0.3482963994069175,0.25480875781902895,1.0428497445372462,17.988969457830535
1156532186,1,44.12924398591283,0.3809629998238622,0.1625456091703934,0.9922291841165899,15.851369696957477
1156634940,3,191.2503812941252,0.3767380823993259,0.24117364924483659,1.0853079355971698,19.633287150069428
1156665768,1,121.42398301636261,0.3784900817275127,0.21577504267168165,1.1899320821211479,22.07442781638592
1156796148,4,233.89702898717687,0.36344101202120915,0.2313926961336842,1.1089909885328495,17.13154411738593
1156980921,0,205.75469439000878,0.3841166257589733,0.23446128653582293,1.0920070088911713,24.013107963684284
1157376824,1,98.37749300343624,0.3436185861789934,0.2868617200647994,1.0770655767588153,22.316685615999837
1157422620,4,45.75388075089322,0.35028868705235766,0.26514445384273,1.090770112137933,22.67973248213311
1157657223,2,292.4119675239481,0.40018063006565097,0.25659186339570084,1.0545530188360492,22.216407800831032
1158192712,3,70.06718943841663,0.35906127597340387,0.1911469831994579,1.1300159823503715,12.398598739298066
1158201779,3,278.96503129467845,0.3741473587209096,0.2906311536749292,1.132846484219503,21.16204830296031
1158220592,1,97.94526512261261,0.3962119644072667,0.24324983844784795,0.9060255836129856,14.19906310791301
1158703899,1,50.147499532695456,0.33747860648128686,0.21306498989752154,1.1234714876531555,19.851116338258684
1158783004,1,21.346895695270945,0.2943852309051449,0.17700130805538464,1.3353172628751357,17.03385702254322
1158854097,0,9.631633734683476,0.35554239828814443,0.3008531578220258,0.9547214332172778,19.181453229232893
1158896668,4,16.714541946090506,0.3043811575469784,0.24401612476097193,1.1133791965593578,21.547858599366563
1159125442,4,26.23196017702402,0.31791971351082543,0.08938647800759333,1.5337847561787046,14.978234999628528
1159254929,1,53.60456247286168,0.3505729996860437,0.21005644809633672,1.1463511132648196,21.548972144286783
1159550508,3,18.822275550399695,0.34214623932267196,0.28161887421969645,1.058290566849013,18.451661993897112
1159696305,3,249.78669143229183,0.374415200159553,0.209341816793657,1.344100293211866,25.319871451023754
1159981352,3,152.00447000435915,0.37991234814889674,0.2792293990925114,1.0124580219503603,20.406111114367153
1160560393,3,50.37539829663997,0.34331233065468897,0.3000781287289395,1.1677656492992008,21.15083177736879
1160783446,0,131.10610214334469,0.33626006485201965,0.1746412275388169,1.0280574621717855,12.99198501548311
1160809525,3,103.07927937206603,0.3944448791725778,0.1743573334916012,0.9144735838553721,11.022312347062016
1161122757,4,-19.737140371665404,0.3457571845223307,0.24266148768764667,1.0363524679119538,16.810749316320443
1161267582,0,190.01780164783747,0.38848325423334956,0.199739467909136,1.0482133495784818,16.557090250908942
1161429718,2,175.79920583880306,0.36085806366723266,0.22973558001350888,0.9422987061447536,13.324296791286113
1161669930,4,81.59700639299577,0.3905765306114935,0.1830786146696548,0.9020470214819867,13.07736102329168
1161685710,3,177.81839603160407,0.36471398220865703,0.22522453959926092,0.994278636715499,14.290482788899206
1161927023,0,212.18997154018376,0.37238668637092526,0.20808074361394827,1.139666720213359,21.943488362017817
1162303824,2,161.63880303242362,0.3515837657990359,0.28969561974025954,1.161499097742944,22.199348125294772
1162525545,3,-9.32872667526145,0.4151536082591246,0.34961377026013873,0.8293973638362209,19.262174644457772
1162986011,0,93.75450761737135,0.35432897518519796,0.22059709750046141,1.0979936041192453,18.82698109274166
1163047718,2,252.89166826182003,0.405713868525453,0.19337196050324243,0.9926873121588823,15.834254169617122
1163052769,3,130.88339437327272,0.37765073847426905,0.21213725783752174,1.2373409043619423,21.218950541002
1163216608,1,144.11754065413155,0.3352323482083541,0.22629928705498908,1.1936994472781421,21.468724336908394
1163273261,3,171.86686660952392,0.3498922112940272,0.2107727487533541,0.9429896193967016,13.181113387531102
1164865014,0,0.7939229025805901,0.3715857511661939,0.33714584834897976,0.9148823841966469,20.939221630786562
1164892547,2,247.74732749827422,0.35188442276771026,0.22107895447446863,1.2369688766232434,18.000983425772976
1165921168,4,92.9556495774547,0.35136466550545564,0.18458818062686833,1.1115400744221868,12.248619320087263
1166008818,4,36.62511325131138,0.3154011890159445,0.14414911892506838,1.6093863064220737,18.414565800302466
1166293848,3,84.18566888988038,0.33189280933329307,0.24952706156864343,1.0358224616179155,14.134091966229839
1166324163,3,208.9909441694424,0.37497348207672265,0.24010602377466614,1.1377918088604986,18.927180082383273
1166598350,0,222.69834707972774,0.33662951579613154,0.2191875011711713,1.0896722841517648,18.86784578119695
1166612863,4,183.9695437917952,0.3815760812211105,0.3133889626594974,1.0461453914691539,17.75107891736433
1166758072,2,72.15075921410646,0.38681884570638353,0.20815047772418996,1.0596007266877465,15.4031943817648
1167306747,4,106.26213985780485,0.4186998343227195,0.1239248404047823,1.2069070464083558,14.811129687241834
1167512472,1,-5.111271196142653,0.387414732862708,0.27302669944162583,0.8883090621646763,17.060613834885693
1168402050,4,58.58035461974182,0.3448451513821333,0.25763058583443915,1.0996504582792839,23.099947529124567
1169343082,3,156.8734096527022,0.37951446768791486,0.26261278412518374,1.090665411222924,22.875954711551188
1169485252,1,110.0646805785315,0.362902675281788,0.31802478630753145,1.0453066431731595,25.75955427648382
1169539258,1,53.94205302222853,0.26108768595745635,0.16452922245206364,1.036349603628304,13.667882237004461
1169677958,0,-34.651876537546144,0.36772172670031916,0.26336365962719066,0.9875266719513089,20.70752985350763
1169871864,3,137.2766268639421,0.3476043312679018,0.16570313003141676,1.1054409405106083,12.353724689840023
1169954236,0,303.4755998317821,0.40622577431301493,0.2136621438375695,1.1083248958990513,22.099301328925225
1170082688,1,7.1294430649962806,0.38942853293155766,0.35268723798579393,0.8683062672245487,21.205216648338215
1170368720,2,225.80464826973105,0.33934832549233634,0.20130443217522248,1.0804861506705792,15.536220433180004
1170403788,3,44.260330700357756,0.3488523703089954,0.26235695301939294,1.2447111306660075,24.011920513128338
1170534949,3,137.95115125985535,0.40029041750774996,0.21399053187293138,0.8806478985925167,13.451823922745879
1171030201,1,81.89921573224709,0.37013580417137204,0.22412145592510876,1.0764311619590177,21.351694577871548
1171188982,1,196.89992752681604,0.3439694478778679,0.22128309102655436,1.0447951531280117,15.20793723378206
1171923773,2,145.1697283921334,0.3597386392283628,0.22696994294546735,0.9908103179370521,13.465826634100035
1171970548,4,208.6738052048439,0.36271268224276854,0.19790133147898054,1.3043302128131038,23.667238121608815
1173339618,3,41.36561515166354,0.31490312325930175,0.20015282430170167,1.1294441506976538,14.916610985363453
1173467294,3,39.24399856849384,0.3588467063703792,0.19884351101484152,1.1727170984398012,13.978662079429899
1173471549,4,24.660559128019585,0.3306070832046357,0.1337033246062418,1.5642574160343046,12.752657767444548
1173729020,4,25.783115090985163,0.36773142542338066,0.19403871661828556,1.1466719711991809,17.28945347594195
1174292255,1,-50.30645382904936,0.36782432437147883,0.13514352846573355,1.3795942940362291,15.942151793689053
1174531602,4,150.94166330831746,0.35117185639684406,0.2054057034786813,1.1084778830722612,17.573932909795616
1174602411,0,74.23200226209715,0.3665332465677895,0.24409905510597424,0.9235268303124912,14.02104817631476
1175231244,2,9.906054235563076,0.3419300033791223,0.12678893878504624,1.4646161143196381,18.924837563039052
1175281698,4,215.64758892353734,0.37851479350288614,0.21133820037938372,1.0127867744073804,18.638764996396336
1175337954,2,247.82849474930862,0.38138571239574326,0.22571390739304165,1.0211453039880471,19.879725322672304
1175753193,3,105.66425982253506,0.35965379941332287,0.2251085211190321,1.135485047402871,18.494953777346034
1175936826,1,102.32616445937376,0.36202814118664023,0.24909275770391365,1.0769806296176931,14.532135498113528
1176059607,1,117.75284541805149,0.3362462645641784,0.26721840428530474,1.1851967991241124,22.5859586428474
1176518490,1,28.651304071706363,0.4087383181268811,0.32155796698455896,0.7786343513030636,12.22021573485016
1177030933,4,73.54074020110589,0.30316953757195086,0.17889703251753047,1.1494600278589084,16.49002786505549
1177244369,4,106.27229168991556,0.34559482676180825,0.2462429726011491,1.0527385606323603,16.535520167383723
1177484221,4,181.1102391479712,0.3688797333516186,0.22664085780089785,1.129806028716298,19.06133491076382
1177560732,4,43.74286517182535,0.33958394523026136,0.24229127128785566,1.0511074522069364,15.597465639701745
1177876091,3,259.6929629666106,0.36420310893900326,0.28893767998779357,1.1082956619918127,17.752923469875725
1178071397,1,78.92159197929074,0.3740373491981465,0.2486811856396749,1.103748975963841,14.116035301055508
1178419855,0,240.49195592986035,0.38107053647538036,0.2035395673093855,1.0818110783131025,20.888190107682714
1178529764,2,48.34593993572088,0.3641493363082066,0.35312079161521376,0.9278710664806193,20.051025747865133
1178789985,2,168.84559767657325,0.353816838397137,0.25080776562196905,1.0172033720470064,18.670959561127745
1179116190,4,94.6476933136267,0.37712372166626185,0.19508163383002874,0.9356416109933933,11.442061477710773
1179190627,3,188.42214269533082,0.35316234930823553,0.19680933314080523,1.2585854537561847,15.578438048715533
1179272125,3,128.01002601337493,0.3485434811201265,0.19329506546766695,1.3879971569520904,21.154566910589715
1179363034,1,26.313130976474994,0.4141712709442802,0.31172656696810175,0.875602799971796,15.608455944711334
1179731134,1,-23.18961597498533,0.3556299448913189,0.2968608712551823,1.0011706109547698,21.84950262132326
1179754286,3,16.826857934988013,0.33288174227533723,0.23241969268748225,1.1375489863704915,13.902453705988135
1180333206,4,47.63860951208929,0.32278481138783677,0.31048955132004075,0.9892611530100868,19.86633930525758
1180480883,3,144.48200797425832,0.3246653312330093,0.22204655842057022,1.163594952064167,16.390939939175844
1180503880,0,22.160645873499504,0.36507470562950123,0.25767544179704344,1.0142047332867759,20.97285153967178
1180568340,0,140.2296939303013,0.362320902405275,0.20862443148364823,1.0507580361233648,17.287907017674062
1180738924,3,146.81617774790882,0.37283767676687357,0.19211164173456513,1.1973837815847284,14.508372315148053
1181185977,3,170.45332859507988,0.35182030104318424,0.2682347181865121,1.1544887085085294,16.936641230552528
1181407570,2,213.33718760386864,0.38529249697798673,0.15393636879993822,1.1068107562919256,15.670797566786355
1181944068,4,186.1904356188718,0.37782795553981524,0.2689735335996604,1.0262583611703524,18.694757346868904
1182108104,0,150.57454782562465,0.37140322512679935,0.20487788151769462,1.0962729511858895,18.362309788880374
1182258858,4,159.20201764283928,0.3165441360109559,0.3129105411943417,1.2800065714574598,20.01793232295686
1182569183,4,56.136386170180565,0.3541467882439476,0.17545874998566716,0.9243541813639147,13.131070360677748
1182679846,4,-47.41384787349432,0.36230490676635063,0.2904213457326429,0.9987456580422877,22.020460585770984
1182712915,2,223.56260642059527,0.37416763517353174,0.22756023941333714,1.1792721410608675,17.758670011879502
1182822577,4,272.3032079276969,0.41075112704322136,0.28383670071291184,0.9938841331709142,23.96785749388085
1182969887,0,259.88115096907904,0.3560618226829731,0.23176650898897497,1.2102117233203165,20.07757804101539
1183558225,2,339.30150444466227,0.42063198735279284,0.222445200034743,1.0276884888865414,18.206380219947665
1183565625,3,-30.45595590912768,0.39785472524246096,0.3314281190599206,0.888167400874872,15.776962631083803
1183988874,4,113.14347323322514,0.35355213037574973,0.22020734781638093,1.1089029559052668,13.795170028158807
1184109682,2,42.40176129193261,0.34113596571817717,0.21931641309767375,0.9868152075948252,12.909779825679747
1184454690,2,-0.25663086859100304,0.3356599737392626,0.288715957388385,1.0164093722649905,18.611286632383504
1184730423,2,194.3161767473688,0.3932414358194538,0.23304875131719305,1.0270382931524311,17.81101806083295
1185510088,3,113.64820698358163,0.3615847067615667,0.20931803332552615,0.9889782531269864,11.638808005813786
1185605956,4,193.2384261485895,0.35459290878012845,0.27650220793297653,1.1381083635390925,22.72649330043748
1185913675,4,219.0916183904683,0.374227190046617,0.1872036802653288,1.07784449392253,17.776771778933288
1186098894,4,158.65889341164674,0.3648549380699678,0.23729237731506345,0.9769137901243481,13.723387174351602
1186143208,3,-0.6763335549237013,0.3332201532259428,0.2591523395615318,1.0421094649020615,18.155206324473674
1186744234,2,159.28423385799016,0.4030996125649263,0.2686118539202439,0.9553433917925096,21.648146777297047
1186809405,0,76.17407042152036,0.3602647091954718,0.20070422184681772,1.088930117972767,14.491306360766304
1187123244,1,47.20905011487882,0.33559584560359573,0.22766804706885502,1.0935031923744138,16.855749601833814
1187202232,2,82.92177143357071,0.3402234515779658,0.19907311698499988,1.0075082754782472,14.022802476124394
1187350081,1,173.88968251264455,0.36377731752621195,0.22875356472062075,1.112207881100618,18.802623192212558
1188020715,1,84.92715984944977,0.3430201929432446,0.2769937123677671,1.0548843451786518,21.263969361030817
1188519956,0,27.965652736289464,0.39230180074882864,0.20031208819409954,0.8740017818441828,13.024765822445143
1188842959,2,83.0753096518334,0.4029771704957903,0.20934116321029625,0.8917450858249767,13.19623222502993
1188921734,3,277.58805409935616,0.3785317132946858,0.320197207722259,1.153581934584109,21.877631483098877
1189256579,0,119.66331532955354,0.33995567065053156,0.2521819718384663,1.13454253240748,22.33702996658964
1189403071,0,108.55104693092903,0.34959984294639707,0.2720645548296271,1.0713043091335337,16.496330436886634
1189744629,4,8.548033215011657,0.33003143322318124,0.19412737371760008,1.153585243455238,12.96132374041716
1190275023,4,141.39565397217726,0.34235363272331193,0.25223327813706115,1.1991704050040657,20.710574467558953
1190316839,1,102.53995263489183,0.34343776585406405,0.2355223335126072,1.12014125293822,22.807861636335083
1190678672,3,76.60241915284064,0.4453894318459378,0.20778316414000647,0.9161652941801174,13.666801237146197
1190710133,4,264.5347098993812,0.3405272391958045,0.30769994725040295,1.092883088215443,23.87173515055988
1190953274,3,79.85110717153526,0.35864482509153567,0.2730201107978222,1.0731516477405498,18.893933688074117
1191042202,2,49.79924607623381,0.35431426893909856,0.19563880832041888,1.1232040238307943,12.3339985049417
1191663733,2,228.488525352021,0.384721586493894,0.21112234316234424,1.07441197512042,18.099802515600373
1191731244,3,15.676274525323933,0.3891393513938821,0.2244078697573795,1.102645497921884,15.803850623341996
1191831125,0,58.37814372432872,0.37159717424285094,0.19941498030469967,1.0026678126774784,11.737987513511172
1192232068,4,230.15942060359367,0.39356062315918805,0.3356169130584654,1.0265980465658506,20.902302361407862
1192456163,2,194.8879691048813,0.36151696739942,0.21759104184540015,1.0133771368973172,14.217687540604066
1192553911,3,312.79238130931503,0.423378872874146,0.22935991080759086,1.2986977769211074,25.32903073941005
1192592037,1,129.2627528033129,0.3624211209959262,0.2170419977994629,1.0991553244289543,16.51165055675258
1192958446,0,221.4286666257745,0.3624862759153475,0.2035384637339922,1.2103441777905377,23.530158580044986
1193670213,3,124.82158951636073,0.37777555002875546,0.2223255083386485,0.9685827951363848,13.95091454295053
1193720815,2,66.24003628968255,0.3838153631560575,0.1795017407075042,0.8968938213360413,12.07330471136897
1193815432,4,210.9144522982317,0.32715533610671627,0.28025389022975433,1.034024468149661,21.610571348991943
1193899229,4,214.36901618165615,0.42114442772454275,0.3085645642915452,1.073861109645465,20.45014103681513
1194500574,1,81.13459318906959,0.39603192152865546,0.22306764041114177,0.8794741892326965,14.075039797490334
1194503224,3,24.664028975007156,0.3531395494459555,0.19844715191093437,1.0802547101485087,11.352262360063742
1195238736,0,42.11927182446133,0.376585416309502,0.2752223030761359,0.9333257690790961,14.256320996730654
1195485493,1,152.99552101729216,0.36119013215130374,0.20429145368474252,1.1683524757090464,20.50874390583656
1196350517,4,52.20531788665004,0.35666552295867643,0.17111181926215882,0.986553439063842,12.328897443760068
1197069937,2,-5.06385083380647,0.32840978187232545,0.21722848597058808,1.0054829761977668,21.351992592840702
1197104268,1,-14.675131364012515,0.3881333828287154,0.22308863635056592,0.839191613136786,17.2106072445579
1197180422,2,-3.354021456067187,0.3435960889530901,0.2646605642630313,1.0019987854108328,19.429839894544948
1197310078,0,110.6854947523895,0.388821288805575,0.2809974549602852,1.033141253015799,19.811105976529532
1198345617,4,90.13010456781419,0.3685931549602279,0.1634126427784157,1.2188960129075221,17.644064928741276
1199431647,3,143.08899867267093,0.35839552190742063,0.3037789698351276,1.1850704751295793,22.077526806378614
1199538165,2,231.2455804622739,0.36995756565740123,0.22549260976426896,0.9513082166353484,17.027893153913595
1199796903,4,-4.825162634151354,0.3428444707719474,0.31689629002210523,0.9504451430803559,18.748515656790165
1200344407,2,203.276517689392,0.3606368883601681,0.18033624906749252,0.9646712766114838,13.503398870186787
1200465842,0,309.43783891833317,0.3700873441113596,0.2403591981686146,1.1144597096611653,23.797023133050022
1200924510,2,243.42616155604782,0.37693182789986635,0.22175944709102935,1.1859474242458583,20.499327779589024
1201052937,2,25.531346877706667,0.33836037371372896,0.27917561829284426,1.0392718568241404,19.551707653448023
1201572278,0,39.72853587279738,0.40930016824824766,0.2266164349611665,1.0739400622555737,18.032836683457543
1201617221,3,81.05807188093598,0.4678085696355032,0.3157359629610279,0.9917818265544079,18.254585504135378
1201779173,3,205.36005795333878,0.36222135635910596,0.2233662899875779,1.0587917231682247,15.898255420130354
1202036659,2,189.75172607677456,0.36258168166765037,0.21277039349189844,0.9941034910653639,15.073327211384349
1202039443,2,-68.22576677330979,0.360808695927792,0.22179811557933787,0.9721551559691272,14.572629912957115
1202357620,0,-9.914727773769854,0.3343969810237455,0.23443878817332395,0.9792305221523843,13.008440234849864
1202772120,4,211.9917581539866,0.30269976861130576,0.2504449185575448,1.1551443351551776,19.292858082042535
1202816034,3,45.1904200325662,0.36691309460579347,0.27732027928510405,1.0226441696387027,17.867543714948734
1202982181,3,56.328691617888275,0.3541819550460154,0.2520071260841215,1.0141965968764837,12.566539070712054
1203408030,2,199.7246501779254,0.35810948724377256,0.23941439334165943,1.000242384032569,16.79096057869091
1203525380,4,83.25744849738025,0.3700048389183579,0.19833349799815359,0.9154058674364483,12.809409261974052
1203570548,2,131.90063600095016,0.3676726088980667,0.1993738707048887,0.9328307729695842,14.601392347625938
1203599832,3,37.893038885901845,0.34681513054424373,0.24582779368148225,1.09692921709486,20.03451330633984
1203618670,4,44.867660021834375,0.3617566320321822,0.2274620331313032,1.0984688347644265,17.714183902296504
1204067122,1,57.56929406241747,0.3841783923162236,0.2053654592661671,1.3454733300827448,21.817509007830576
1204134441,2,8.772805323560775,0.37235561203791606,0.25087509366227,1.0002628993306717,19.987897705540288
1204249965,1,35.6173875954128,0.3910696519108478,0.19631657715485284,0.787156922717672,12.758667856729083
1204523273,2,44.63933717893551,0.38007284040556,0.2853038994260441,1.029957821957671,16.34305225890756
1204736801,2,154.08464673524261,0.3994928225257438,0.2920166387596429,1.0192692800238787,21.483073523674065
1204898498,3,18.47156696200402,0.34941619961887493,0.2632796855176804,1.1164327121845878,15.557759119405233
1205044664,1,177.0589140905199,0.37967061026968457,0.22753296075225862,0.9430812041794956,14.571205126388826
1205228260,3,230.45582646528547,0.3666854312303388,0.31649325421159946,1.1366101284197332,23.376927732937958
1205655131,4,42.403810125911775,0.3656259781320355,0.16724119337919274,1.0009404211597024,10.239464557026835
1205814834,3,37.454248923514534,0.4278794088554989,0.19668186869970714,0.9350784014272744,15.322597648394854
1205844020,3,82.78702212646294,0.32650420367618643,0.12184829932434746,1.3045460824725637,20.146010476724328
1205846674,4,279.93869277085275,0.38128170888524554,0.2570457309723057,1.0753722457601578,21.4403662565073
1206071463,4,123.06370671498468,0.37036298506504556,0.1834852745226001,1.089249623543571,11.181174876612799
1206416017,2,95.51473513019883,0.35850019286234347,0.21671970049274258,0.9557969038766003,13.491822025053937
1206915036,2,398.9605733348043,0.38408954282057844,0.1373733163623192,1.0805587398204883,17.708690928973738
1207045788,3,241.5200844406256,0.3672669884415999,0.24452100822226744,1.0440410355121044,14.83373155802789
1207110637,0,243.92101503399567,0.35805485979522983,0.19185474446785278,1.2619199501167162,25.003451026497487
1207409378,4,96.08126207017179,0.4150555816701597,0.29639749064800025,0.8932409512251399,15.88531155166197
1208726540,4,44.02969507348821,0.3384056045400318,0.28827339239565974,1.001530755861707,18.052887443247332
1208748565,1,72.46967181039561,0.36428676993793824,0.22813844373025036,1.074102608839883,11.893802673526638
1208847299,1,132.06418520651994,0.3580961599262414,0.21741166587357452,1.2147195097984522,20.784152537074238
1208969128,3,217.04625073992338,0.37261716595059396,0.2507199806712187,1.1481379156031462,18.149840977788806
1209031692,0,278.1783079831305,0.3616465857307903,0.2507288734260877,1.1860102767174845,22.704590489594025
1209050565,3,50.30404389828273,0.35531708321571387,0.250016668016892,1.080100545010023,13.409161284077076
1209050682,4,-24.00588264629222,0.3816533191334351,0.36530088532071137,0.8874073902852159,20.2895471182886
1209057611,1,135.82028489563513,0.3424574674704077,0.26943652360497655,1.188500252040093,23.892069624918328
1209084809,3,221.88063065929947,0.386276006529899,0.3132227790986549,0.9506591719193707,24.30203387336203
1209928353,2,2.961615368403315,0.362321487788831,0.30425830300895845,0.9817537639385834,19.210472914245084
1210327805,1,40.80882542683875,0.3635267830371228,0.30496936297968913,0.9757628701350586,19.275460117663574
1210773764,2,66.18278923370148,0.4272127510773569,0.3237133366896764,0.9578691369933852,16.658706412129586
1210971861,0,240.9107333582184,0.37629505357808574,0.2129991136590654,1.0895333308244324,18.14237870895834
1211550700,4,209.13799249082507,0.42069004929915077,0.2333558091979381,0.9918006884691708,16.456529543520585
1212285406,4,111.50705386915521,0.33929805147083375,0.1668639840803624,1.178931779374352,14.472738817092623
1212362961,0,78.81126337974482,0.36357995556253025,0.21406928507452752,0.9888764286269859,15.901301845140386
1212645329,1,26.12806732160395,0.3454539807448861,0.2159349081991157,1.1075609833294946,18.185365553226212
1213234132,2,243.9412562014407,0.3604053970515175,0.27431308264454113,1.125408216465967,18.147276272053894
1213369367,1,92.99971759691165,0.35787642779885365,0.1739840260589115,1.1523185529570223,13.532669025918377
1213893349,3,35.75185905741261,0.34324324427263786,0.25023916022581555,0.9194969262697407,15.804180361432547
1213899080,4,150.06624876816778,0.3807961934984846,0.2094428460954763,0.9688627768723703,13.684923782451573
1214234223,0,-5.4110358676311705,0.3767290803309102,0.3579355846286687,0.8974909966479768,21.198015569515892
1214356356,4,122.3184566027091,0.3592215782385154,0.24270333791101606,1.0764993862555525,17.44238772720479
1214422376,1,-46.388446525414224,0.3133404707451113,0.23815970772288356,1.0420815345123835,14.56520332022529
1214923559,1,-50.04989730109199,0.3795828799278244,0.3645002068570532,0.8908144827072576,22.51602422121955
1215056104,3,217.87199608232473,0.371316094148164,0.24124537335130974,1.015267218564475,15.402081217110393
1215188002,3,186.43539090272634,0.37181957502366947,0.28600320041553384,1.1010706750640253,22.438173786588916
1215512335,4,199.37315135850224,0.3968668231061632,0.2874125209763017,0.932855787172386,21.601555379692325
1215694607,0,320.0589834708206,0.378706830244131,0.23343151534973483,1.1792522580667724,24.15260888661433
1215820166,4,162.15315548007584,0.344662896879992,0.207851969601847,1.1399851237042014,19.82499030089926
1216120038,4,-4.498052178021666,0.3539406742252127,0.23729758046063215,1.0514291915450575,20.060894490995807
1216424248,1,6.950328355837769,0.3596765205105417,0.28902991588656946,1.0024250678172117,17.30975623590094
1217132738,3,45.395356385729976,0.3740863156670754,0.1624950631659356,1.0630576633317694,13.93833164734812
1217226410,0,46.905570110034155,0.35208728260400285,0.21868639465391043,1.0984098860580431,12.574853745307173
1217265261,1,190.4126615848501,0.3563410634558041,0.20985359281503535,1.0281752484937206,17.666557468527042
1217496894,3,63.48571583339568,0.31388123457946643,0.2185234393467224,1.066636937475009,15.12558307972464
1217545349,2,40.85712842996002,0.3589148264772943,0.16200865386716284,1.1948557280214616,14.150260036616475
1217713342,2,268.6547309187959,0.4082841121752635,0.24968653665543647,1.0113024641476576,21.571904179046403
1217901314,2,164.05865596007044,0.3565016816780702,0.17923458244424434,1.3255329395591056,19.47873826204831
1218214236,2,89.4621127867002,0.34520493163169463,0.19448868568255212,1.066871889083352,15.086634538300858
1218861482,1,51.18685355632179,0.34692952471790534,0.21223556375368055,1.0943866831938527,14.887404331458931
1219358292,3,78.63740590404251,0.3466957568429779,0.26113342371246406,0.9759767995491778,16.08624184398805
1219579071,0,226.209507285648,0.34723414195378055,0.2577146552436519,1.1747874193649628,24.829191651989404
1219791952,0,205.17860583245778,0.37556085330747124,0.2357454526722407,1.0229730767690528,18.104664846470925
1220036380,3,179.51752535681942,0.3666654484237949,0.3005908800151561,1.1539478908346334,21.955775238335825
1220421998,3,84.47005754212793,0.3609337674768354,0.19809890961920754,1.1716862338018004,16.291496121096646
1220689198,0,324.386052143334,0.40483570062518126,0.2055336291397119,1.0855823725267288,20.7691522094209
1220722345,0,92.25616908524891,0.33922708204581975,0.174569557604785,1.046627215555344,12.982659267147127
1220760786,3,45.09683315511034,0.35936005449353503,0.3385016641525072,0.9383947440168193,19.78076981245842
1220908034,1,96.78946394918727,0.35866972577358663,0.3028492490490785,0.9548969429064209,18.169781336521414
1221040845,0,273.5849597801123,0.39717630782817165,0.13444456618049253,1.3875506038555114,20.47324792840248
1221113390,4,77.00247693507274,0.3281756682321144,0.22319000412639373,0.9800913307341083,14.110193464784818
1221138931,2,40.43145136655767,0.37809668137973923,0.3827071404743458,0.9018111005949345,20.072151442737237
1221972864,3,48.790955824535935,0.40245618708409814,0.21450846160226514,0.9465199497405439,14.877833679953609
1223012575,0,8.510736047836389,0.36016516460194864,0.3026785235779644,0.9662597844834934,17.67964096385474
1223074288,3,84.56239833172448,0.3681055834333583,0.214143915222621,1.0126111344404767,15.443522255293502
1223077195,2,247.81807756201005,0.37463681357681405,0.2443516799512219,0.9507176688059336,17.198958813568247
1223442975,1,30.106685280558565,0.36741895406633984,0.29838938862574854,0.9776947002259707,19.036135502845323
1223466134,4,18.59659180776059,0.3348530600780393,0.21517086366216281,1.1257019921874376,18.92931974531032
1223535676,0,234.9585415633162,0.3530939724725266,0.2062407554840487,1.0651355807511456,17.059031760120785
1223550383,2,72.77921028710647,0.3726330621487842,0.23690556779979713,1.0340289828188358,17.588178556277743
1224319371,2,248.84981315403553,0.37822761934869126,0.16168735115819222,1.2314348581735568,19.498623759737406
1224371344,3,22.59091961896172,0.3458896939928505,0.3304988821434549,0.9307469882750585,20.465151120145922
1224631495,1,218.87649375880872,0.37074421821632314,0.3090919010825721,1.2072000833695808,24.819857110445643
1224767743,3,54.34492642728439,0.3573797100611603,0.21681662983390976,1.2891531618667789,14.29019934261932
1225123322,1,-43.344393428274884,0.32350881223221484,0.15214126122839317,1.4350286332206308,13.38961059677567
1225921990,2,129.66288039033824,0.38336098400430113,0.25766909080254785,1.0889209866128133,20.669516985877316
1225989211,3,74.35115765117061,0.32983996279939437,0.28904761513201005,1.2129196187807194,21.852303571218084
1226464299,3,191.5797360122882,0.38983065858851623,0.20959789881370194,0.9203021544247927,15.836909135152078
1226489424,0,237.99971471564203,0.3660123834278122,0.1770832160457541,1.2644376420441956,19.224356370384623
1226552406,4,173.11313522266613,0.34563294371995207,0.2982752260414546,1.1271549604407716,23.421363067537836
1226651340,1,50.76620967264939,0.35632211342116904,0.27204070697773064,0.9906140446109077,15.231641091436765
1227244872,3,0.06849959457476018,0.3921966263607607,0.3059369124996638,0.8892450866163846,11.44033998024996
1227492040,2,256.9236080520066,0.3947001992076597,0.25986124953286244,0.9851696718633618,20.204163078599446
1227953094,0,106.26034169656276,0.3679838485999194,0.2544794059587834,1.0819326077668583,20.55218953122543
1229175862,3,251.3507889310359,0.3909186830390788,0.27370688846973174,1.1599990356372005,20.28754341626637
1229640212,4,188.64413287383724,0.3688132692064979,0.21417813456720294,0.962996898991675,12.126959822745128
1230087703,4,127.36657745778767,0.3945292970280254,0.3470895650346897,0.9659910677215282,19.861392381588637
1230182375,2,314.5797692233164,0.39050545310188794,0.2012242911178036,1.0023421514279114,17.978774926217504
1231617285,1,60.37472650506423,0.3363444790241076,0.2739235402910187,1.0362147866265212,18.665118481703164
1231928634,0,177.18224848194217,0.4199526382243361,0.23269217189167613,1.107170155515491,20.10845942466489
1233245878,3,327.28786414150886,0.3945019249044123,0.22580512048241053,1.2219946656664962,24.297648668018823
1233315694,3,105.52457270536146,0.38496377213188926,0.2739608724195241,1.0054363527502155,22.393552454655183
1233336012,0,91.18517846756484,0.33420527612619655,0.2435712584616604,1.1112411981589523,19.743121989801182
1233529700,0,64.86910838299457,0.35390551699518036,0.1859195910696959,1.1828243998827477,15.407314862050692
1233557380,4,61.34205737709182,0.40549584019378815,0.1935615972791579,0.8114924003714246,12.82273509341643
1234075748,2,214.41605825561078,0.3690832404882611,0.2889860428123292,1.108859797229031,22.55616500053292
1234355256,3,148.65800918840242,0.363870227993887,0.27741837207731573,1.144425546687958,22.009722747587
1235337223,4,157.11137598136312,0.2981140659963498,0.19120966295268804,1.2129229192878022,15.246144625032684
1235772628,3,64.98983073826811,0.35929985471989645,0.23448323820645406,0.9373792471750566,13.375795153582398
1235835504,1,141.98833911644078,0.3986656113116985,0.16802356983566885,1.1189158754410107,15.909465228258629
1236281959,3,134.24087621831228,0.3758035992770912,0.25227160305447754,1.139039066684815,23.31150038444834
1236372812,2,189.91359940128066,0.36149659803590245,0.23101785298610852,1.1203562873779374,20.820246350652525
1236653976,4,12.068249549138173,0.31734036156657264,0.21411322117336212,1.2177289883853195,20.29082375275303
1236698324,3,169.8392578342934,0.3683175736422175,0.20924709933202346,1.3217724207526111,24.941128412615733
1237680808,1,90.84877470717946,0.4024616131746508,0.2303396072874042,0.93306831116439,16.56998612275485
1237730261,1,155.57752174333544,0.34203570898516666,0.21327111734351933,1.0818554018855855,16.869540785773697
1237783866,4,172.67047619446987,0.37121384335722835,0.17837807903066338,1.196512651372528,20.305895573669495
1237875565,3,107.14423135754336,0.36196938771408377,0.1927548684329294,1.2647459521951587,18.10873994269003
1238011731,3,20.1916292269687,0.36695289373624473,0.20173668582999052,1.0027811690320538,10.91880147429061
1238020141,2,50.539697172244736,0.38657859047997584,0.17198448704615749,0.9064059991558645,10.931979546639406
1238107253,3,194.23620824814725,0.37528779173159155,0.19387286227031592,1.3422043430047081,22.62894266946246
1238169222,4,51.575504725627425,0.38069737708575807,0.18985285299004445,1.2699439701140691,19.465068397535134
1238226226,0,261.1285800912655,0.36785380630407744,0.2166263291245313,1.1231871545226575,21.643585120509623
1238987612,1,22.08275785594742,0.3202658432100111,0.2522905340628173,1.098047115098272,16.713119207553447
1239353537,1,93.4568383447743,0.3336079136131421,0.24337807485272858,1.201986113182536,22.826786712840196
1239672440,2,32.53694602810742,0.33624231308204433,0.2608973881590915,1.156176705135087,21.85575277716802
1239731818,1,140.83400292036177,0.3669836779087378,0.2403472363590461,1.3187160032391296,23.083360376582498
1239746533,2,18.191299046029997,0.35073294239707514,0.26891057815989594,1.0828060938137904,20.055806579863063
1239868812,1,274.29795364326094,0.3561651473605272,0.28298674420748365,1.1270193266884994,24.44745350278399
1240229654,2,88.79593247210505,0.4293718641694524,0.18941339040341376,0.8621688479800518,13.501760595336547
1240400626,4,-64.20379241567147,0.3488698880028514,0.3258007100705402,1.0628439763292092,24.886516399294642
1240885962,3,98.89407531467671,0.3706240106141333,0.25439653080850394,1.0978487358941678,19.180584765244156
1241111211,3,58.67136685987613,0.3750954612529848,0.30166235862070784,0.8769149638860427,13.236454551808894
1241410417,4,210.37985007350227,0.36755181131742004,0.28829481585187366,1.145821421955248,25.290981544113116
1241617720,4,74.15192401011083,0.389709833431353,0.17641598408964126,1.074323469569085,15.098675904029424
1242192055,1,-22.536102524028024,0.3131199427443482,0.1585955060342082,1.400270900701608,18.50715711458077
1242216634,2,22.02567850678541,0.3553185993926836,0.1463613799710907,1.358895192184212,18.804132558637743
1242356842,2,225.77092805147043,0.33986972347144506,0.2782199217346163,0.9794923697461762,21.558194038759133
1242684513,3,24.355293169090075,0.34359731415405215,0.26260809549872227,1.0804578016872453,18.535945937284968
1242973596,3,154.56686427719845,0.35834047918339107,0.1724212097049183,0.9692423010888407,11.935143144342506
1242989659,3,10.890000946897516,0.33661282419938715,0.24067570056496337,1.1922293539998443,20.391303562822237
1243367222,1,194.9499923898042,0.39622450358095324,0.32611066223587604,1.0810602081360385,24.56043600199573
1243527935,3,151.77597824772062,0.3782077763358099,0.26943200359750435,0.9946435000821273,13.663249946652599
1244119715,2,6.2116421650857205,0.40151615181280315,0.3471246287089513,0.8765347761234257,15.789516744448282
1244604743,4,121.707049552077,0.3173529782465715,0.2099622657756127,1.1271907209540293,19.25280161775837
1244610888,2,239.8671322283135,0.4166635828464036,0.2058234117366653,1.0406480514907184,17.12412668889956
1245028222,2,255.97428760324402,0.40041983473344034,0.2936100362700586,1.07236245073313,23.2327376923328
1245052771,2,205.3391072104554,0.35598595151649015,0.2402365963890453,1.1786092950469322,20.01915780596447
1245106816,3,130.61221826119572,0.43543703549919277,0.21975781735851663,0.9219899716904852,14.584110088294286
1245265865,3,142.92103404695786,0.3783224102807594,0.19074394550550994,1.0318262473748145,13.493491055695232
1245320293,4,116.40750362324965,0.38555459477145926,0.24896089811599806,1.0703277673919676,20.856342683551013
1245611127,4,94.60932163684143,0.35043496691978415,0.17793230181144448,1.0802580127238262,13.872656019711155
1246412636,2,242.04831220321944,0.3864773675436152,0.20231707458431333,1.0079227109106277,16.26585449363006
1246466408,0,159.98779487725596,0.35956741828016725,0.2601903250049843,1.0883439656532388,18.832050828247844
1246478630,1,4.504388328297324,0.3483275416738809,0.24236044109707244,1.0480343755676311,14.179239398828999
1247053205,0,76.13446318248452,0.3840065170812274,0.1711996495916891,1.126123101993572,15.510952561141321
1247276415,3,49.10719822407204,0.3692475626026258,0.22016840383449307,1.12454377675191,12.89977123269302
1247283822,2,194.7986634262699,0.3807973117241415,0.2430470773447184,1.0725474599564744,19.186499111556476
1247292893,1,51.64980288597319,0.3418533653568419,0.2508895459309597,1.2380468269434024,23.07223710197477
1247307752,1,149.81368585265778,0.369646114778495,0.3314426032276396,1.0351204354222237,23.354214953079705
1247311317,2,109.7508677006878,0.3427907156570875,0.22035507352366968,0.9805161001317886,14.80789576428704
1247317223,4,123.11103070455789,0.361769738934399,0.2539605382659483,1.0681358128698195,21.301103992982604
1247694906,0,214.4026113568289,0.3720777513990209,0.19900785988991887,1.1137184270624865,18.768947242775223
1248082530,3,84.59411343921099,0.39157633031349026,0.3321882077374957,0.9666022067805713,18.020803383386088
1248304721,2,292.10733261569584,0.40055465761796555,0.25541310311272286,1.05609949540091,22.221552446288307
1248717152,0,101.20167994292095,0.3632878072196252,0.2997219982494517,1.0779109134970903,22.71806334901575
1248950707,2,123.38320185171203,0.29865669969708586,0.24105371570215314,1.0943639821361153,19.788473329942665
1249625777,4,78.37513146356768,0.34904338828759296,0.22821873446842036,1.0225435799339246,10.936900429162144
1249855570,2,203.00790888721383,0.4175705663153906,0.24804217270214624,0.9770072791246961,18.028531431057402
1250128226,1,-9.89750800019985,0.3799770653931388,0.24249686602649922,0.8679716798652558,15.464459835752177
1250174161,4,75.0014651692106,0.40162765542775225,0.20761126919422476,0.8043955001608823,13.912861773490071
1250664164,2,170.6133048384308,0.34218522458393563,0.2423684683854902,1.0389966214719373,16.881668487834954
1250759727,1,177.58224983585194,0.3596716127709736,0.262759355142478,1.0153956493075864,19.081436305672575
1250976105,4,150.90808323805152,0.37991077890134906,0.2950194715708757,1.0629824912907673,23.66107009358657
1251251952,3,63.151884552949845,0.4070116249529943,0.19581568600144422,0.8121674935294129,17.48656489466946
1251718993,2,17.59024904137823,0.363225064113357,0.23847894074845655,0.9629845368236792,14.135450655968882
1251846091,2,50.34705041846319,0.3571581293261158,0.23974002792736485,1.215289287231943,17.200489908304796
1251856230,4,183.56360639357473,0.34998408634331335,0.2125232127637515,1.2634209928022657,22.145590854581663
1252158010,2,227.24714386561254,0.3741371851084599,0.23135638152733282,1.2171281347722092,21.073162169035058
1252177757,4,243.51200057379583,0.3876847167264846,0.18184978279724565,1.0189630322237093,15.465177427948042
1252473600,1,97.92714993987781,0.38851003187792577,0.18537197589159063,0.9372881723577743,13.326829192175115
1252624826,0,7.901277068087836,0.4002961253549852,0.34407543769846227,0.8570111764188114,12.807896291172886
1252741517,3,111.01712420544605,0.36222941794390434,0.265219516295538,1.0119186092575527,16.418101609413387
1252756161,2,16.328060308464686,0.3646688335112487,0.26050873199114855,1.0936669185924621,18.704922355413007
1252814215,1,1.5459947731916657,0.40875777709928646,0.35676193217313185,0.859680703131471,12.36676575159128
1252824054,3,32.840931003674726,0.36734397481596853,0.21694707054514994,1.0374231309080548,13.884446655220358
1253121067,4,54.019010515004844,0.34213680098146126,0.27616197794163305,1.0663012353709869,20.99877379100534
1253393179,0,-70.5701814296322,0.37571014153481763,0.22900943669339374,0.9622936773250902,13.73470596594493
1253409024,3,205.3549332917404,0.3534904044302939,0.27917110156793473,1.2386020467052485,19.921165258238002
1253785759,3,23.790337646125977,0.3684954638168344,0.17749064392515507,1.0632084356366673,14.299186046658562
1253961002,3,154.41817559504645,0.39196950927004104,0.241392752109354,1.082175993513122,21.28437894910388
1254056862,1,85.19984679201515,0.3606739507925225,0.1933242068783662,1.0138277570209624,11.4037232525341
1254412515,4,108.87063415120124,0.4826658366787382,0.20228008659129693,0.9071592483004651,16.568981851079133
1254752288,2,243.85913946718898,0.3653570901380737,0.23677719013102852,0.9813473031960502,20.705302190308856
1255030804,0,208.01572953815617,0.3457119142057276,0.2439889643507914,1.036843264623119,15.886028928337566
1255406268,2,299.98537120234863,0.42848262546019944,0.1649222115487976,1.0600954394708852,20.117706682119916
1255816024,4,128.10013003233837,0.38625829568099995,0.23826125285441144,1.1133637728639931,19.410587777600504
1256351112,3,184.92976933398108,0.37320050893807355,0.21064983813903843,0.9885617371313237,14.656354717169759
1256508173,2,188.04298182271222,0.3546870182520021,0.23823039162830395,1.2270306269936848,20.21559924548041
1256836915,1,73.78250256178586,0.3855090118717431,0.32882927942788215,0.8964112175186671,16.541399696461408
1256957523,4,68.5616754226972,0.3622208301668585,0.21972800200250164,1.1062260235490036,17.80837706258582
1256991095,4,45.562747093408674,0.36978576890211035,0.2599221906659739,0.9094268649095449,12.992381536240355
1257255803,0,162.38657260751057,0.36385707556856145,0.28378724930738625,1.0463801846652778,22.434691060574494
1257657215,1,234.04050147629266,0.4034270681249914,0.3040515234866038,1.0663471270355627,23.875754979119467
1257792790,2,5.951117534300693,0.38502291395561145,0.13751665626376297,1.3559740071144515,14.629516855172323
1257932675,3,35.062702316127165,0.33292821136092376,0.19604892414716105,0.9830783525811689,13.715744727493593
1257958128,3,19.181155535320585,0.3612224848818073,0.35373706021406237,0.9066456686500989,20.686021468137213
1258103517,2,229.73242975097827,0.36121269667044725,0.22686123665270513,0.967897429219788,15.587532895199978
1258628140,4,161.60401343110752,0.38497458338237245,0.21121464308739252,1.002819959213062,18.09624780962087
1259156024,4,197.3608189773727,0.33897218977186316,0.29973538890848195,1.1358141458808966,22.15826455602549
1259678348,1,76.76016093998055,0.3523124893165098,0.22118240029902747,1.0739075019358446,13.724076672993416
1259746879,2,202.82708659049933,0.35270376616274557,0.26176197750993296,1.1660759206386464,22.734029110816955
1260132541,4,122.10153691959397,0.39076739976599023,0.2423319292353352,1.1023936651490769,21.984128824619322
1260477255,4,71.25446446035696,0.3486648407844234,0.2055004210904966,1.2657184039901046,20.169002129810057
1260660121,1,-7.073539513290257,0.4006260606625536,0.28670382865325655,0.8139624003795531,13.143101017190308
1261008131,0,184.4715914504369,0.37742602863452956,0.2042922525775055,1.1058329351516971,18.747445367332816
1261139473,0,142.63999185359827,0.3758175146933829,0.24692199055091188,1.0678916907250229,20.558701800239774
1261531807,0,75.91613678429128,0.3592242485633896,0.3055722336033129,0.978565128884113,21.463236645946957
1261888727,1,52.49131159531508,0.38609641029669467,0.25920821203904143,0.973530991111641,14.674409432756333
1262712163,0,160.9463183363698,0.35931695167181066,0.2514216994895175,1.0836885461086467,19.572052551912705
1263057506,0,65.95570522109416,0.32743524056377893,0.15753294589351058,1.0233620833266075,15.151835516505864
1263366372,2,58.90869318450175,0.3393142845246835,0.2351284708890693,1.126510357547459,16.483566706818035
1263725170,1,169.79455227546643,0.35855049832609465,0.24015057655652122,1.261300286974579,24.585974533700153
1263773798,2,70.08640975807953,0.37388587391788985,0.24226719237172278,1.0262864878281759,17.605414009986166
1263993270,0,273.9113915514571,0.37815006699777526,0.2595988935096244,1.1221178241506617,22.833117212407537
1264073564,1,102.34331343307655,0.3626489259293263,0.2256369387222561,0.9612833044146979,14.386097737439869
1264214740,3,95.97189989820325,0.4046626045045998,0.2837263697726497,1.1955222468895537,22.095340477908714
1264383388,4,133.13404430792588,0.3578542071632469,0.25654425839340106,1.0483214134368184,16.80112530625624
1264421130,1,104.57911453789777,0.3796222252048665,0.22570144633933797,0.9572378444800935,11.880500945344178
1264684812,1,58.80920076420298,0.3399327149396276,0.21020037466615027,1.1188026831109976,14.831721878479831
1264707088,0,115.99319026809894,0.33156155000569815,0.24560733424009631,1.1482034603656688,21.83822515237698
1264767069,3,33.05341403907498,0.3698168934464211,0.24340576242982376,1.0210273104426484,17.99829165599265
1264867007,0,246.91662029945866,0.38166752188571973,0.2810389093123816,1.0938753683774478,21.954805851388446
1265296504,0,142.53885152866596,0.3596867582155018,0.126719694593818,1.0474016778336581,13.264225279199065
1265311522,3,221.94558758245404,0.38070549577161494,0.3057034501326986,1.1358104288435147,23.021871796824172
1265853164,2,54.877123014567644,0.36588628999395223,0.22924850475668027,1.121432259480004,20.938053661635674
1266330575,4,349.68984680615586,0.42022985101141413,0.21843325200937824,1.0159290650080208,22.82762618986628
1266599294,3,33.315112533841265,0.341678057112924,0.24407168352168393,1.056729171782546,16.65246196388493
1266997255,0,124.75214361608928,0.331524675135486,0.2050456093608412,1.1379200553360382,16.585994560018197
1267045105,4,125.02412085856169,0.38394707063544836,0.14669630249467652,1.0641387244902745,13.374019340651673
1267165499,4,101.95781541567423,0.3522723878303492,0.22217750736510739,1.0876803020206534,15.189063437908704
1267231154,1,158.99985392061674,0.36218504055888456,0.30004463882799604,1.1458157770161919,22.18661571796636
1267496441,1,0.39799334690965793,0.3700196617203733,0.28833593572701466,0.8969847253240674,13.21846191260742
1267767457,4,53.238535138732665,0.35443805787442284,0.2769713323254631,1.04100016776884,17.76700322315267
1267983155,1,-82.47140081362497,0.34442368712260374,0.14130974705874752,1.3965662321062224,15.122454365995697
1268212088,3,86.03633987052346,0.34777305337847386,0.21269494412963225,1.110027059769962,14.078382189336663
1268591883,4,114.98685214491411,0.409614045269194,0.16423811566056778,0.8529354486917995,12.902274024805896
1268903954,2,88.73437035400244,0.3467116245159085,0.2596078738752515,1.1143448529183757,19.789108471357142
1269165942,4,83.57588003083065,0.34371785835139596,0.18379789194018914,1.2419991117991405,18.26059112683184
1269399876,4,128.16909875358894,0.3549437491328911,0.23403552702237457,1.2646917368504083,17.418164878828975
1269445005,4,158.7012963792646,0.34911004455271993,0.2263698494722286,1.0864196649674256,13.793970131285135
1269889405,1,72.08777851489836,0.4047190119198806,0.16072161262346957,1.094281856870162,13.132899312000323
1269952522,1,115.73125912114944,0.3646579812503161,0.2492832673241568,0.9991387502276692,15.884826899214335
1270138741,2,224.36950438676075,0.35267033921612817,0.2282347011156543,1.044432445817504,16.911519855744654
1270448600,2,145.7061830189044,0.3637171455012615,0.18408532115337278,0.9195655355571494,11.612768686004877
1270893836,3,42.85122247814283,0.3401150051038911,0.28151357298127966,1.0641078323229274,17.955672726329624
1271079066,1,160.15662707394716,0.4354628791218553,0.2502226375257313,0.9358811934588305,16.817921020374403
1271134038,4,182.23166272587144,0.35876900020219404,0.2629411413946548,1.091104415032233,21.936340559736152
1272587185,3,245.00763380500786,0.4013829817615927,0.26901368415775967,0.9896661746044634,20.5499733465625
1273620790,2,20.860811803646556,0.36148226086882,0.23774190630412556,1.1384662059465749,13.822406724161732
1274254712,2,79.79212554479777,0.3349017859429769,0.23701391154203583,1.1529547245228187,17.313845100829084
1275263414,0,84.55971970588364,0.3369943484242987,0.239186058483969,1.0840596498425454,17.027280820921046
1275276173,0,140.0828509217268,0.36798617931107785,0.31644987953891,1.0575118020276826,22.40695981189195
1275591013,0,242.98585415814642,0.3911587048523219,0.23915351602372784,1.0255327841793556,22.10895931050068
1275707146,0,177.86499745692498,0.3539560622955611,0.26214911048826833,1.1079400347370112,22.874405899023685
1275832134,0,37.98523213993436,0.406418109795208,0.37860792547312466,0.8728645396540389,15.026105412591683
1276163646,3,-4.401621783704826,0.354270441219372,0.22009049762788624,1.0951846046648648,17.18341280688372
1276246944,3,215.2394300253432,0.368792714000281,0.28202340138336573,1.2284584486299266,18.895679399274535
1276410560,0,259.772524491305,0.34140054608509385,0.21564669253567315,1.306726919157637,23.38953989403638
1276975260,1,118.29066770358043,0.3539071607044248,0.22362943052549675,1.1117570159506027,14.838660545287002
1277787594,4,45.62062167640487,0.34793753942590244,0.27941835936178094,1.0156601702507333,19.37134110418317
1277971955,2,77.16103633837902,0.3963610642582545,0.178704375715541,0.9051962008805317,16.421233827419194
1278963276,3,113.5839599630279,0.36278565338521773,0.1974782064791023,1.4613088787480664,19.485034149566506
1279775850,3,178.86988037891177,0.3811390921916471,0.20457985930675265,1.0442928490111192,16.135813535398395
1279821267,0,63.97944635175536,0.32415602843669333,0.13869219663598548,0.9687384894616254,14.167815388456562
1280165390,3,161.75162647526872,0.33995281711079395,0.24756543361594596,1.0210950279212316,16.51396072403032
1280502593,4,50.29567018324485,0.34651316475287897,0.2855062084712944,1.052207675809624,20.898443158207193
1280563800,3,-14.644069782590748,0.3269665889866099,0.12155969454608631,1.3951941399534182,12.696613628163941
1282073595,2,157.2809870380089,0.3957218083028204,0.2183857632955388,1.0796061639015992,21.495485524052796
1282093980,2,172.7827654776259,0.3618903410417414,0.23136004716731223,0.9902212003144328,14.95154163086604
1282732042,2,278.75355649456264,0.40360935938283976,0.2901307445840658,1.0275545642326818,23.05234081637314
1282744521,0,36.545826102185416,0.34524716615727213,0.27038236887126493,1.0473316189979127,14.61228970300153
1283103305,3,159.41490105225526,0.38776680246657835,0.22277078237560816,0.9853640591683738,15.329661752211814
1283259076,4,65.12925452037888,0.3931327533693856,0.27606727640544776,0.8741312558711705,12.097124526504157
1284040004,3,66.11971505845133,0.3686211110446075,0.23242392619819555,0.9415448551597085,15.626195303136454
1284082821,1,52.89600808349646,0.3380719647430249,0.2510084593707238,1.1243934938378457,16.70708154551312
1284164313,4,291.73054846552367,0.42169577943179576,0.27384811070694504,1.0470753008020641,22.461688896524073
1285221061,1,55.00513687587005,0.3480292356971046,0.20103113909217862,1.1640388958505243,21.451356780983666
1285571721,1,92.98393343468713,0.3360062038827811,0.25145702717804497,1.0156248792031668,17.386582017105855
1285747694,0,-5.411042443083815,0.37672908212234385,0.3579355846286687,0.8974909883902168,21.198015569515892
1286286715,0,120.54971593627846,0.3652309385733136,0.17445167284838703,1.171740008649719,13.24879716359095
1286574060,1,256.0789842297368,0.40082379878095226,0.34436178551630253,0.8949546332271233,30.3964142818596
1286616307,1,286.47110582027653,0.4514846964212875,0.2635120868839441,0.9198587486206442,18.727242636647865
1286748689,1,252.2928562148687,0.3742762138757835,0.2897219057046229,1.2030289283773898,29.818270506480605
1286920787,0,52.18057905062162,0.3550787591371171,0.2640375495471607,1.0811400114476089,19.65198670844859
1287697682,2,160.3249217203503,0.3802265043238722,0.24402866883996893,1.1368334961932676,20.582017341767425
1287726377,0,210.87753749310176,0.37663700601569955,0.2703770735313177,1.1444616380974428,24.339199034233403
1287850309,1,220.8206778086129,0.37793513949264634,0.20945151138055051,1.2016019116150412,24.820157473811424
1287920729,2,231.01146502897615,0.37138451715358917,0.19922485307495127,1.1533075536296178,17.11850380702855
1288275829,2,157.72359542178287,0.36071807449038945,0.239098779063781,1.0795796278581444,19.729885991589747
1288612893,4,190.241197003808,0.3528473129458552,0.2431175559893215,1.0443427141730213,17.46218072375048
1289045435,3,117.03876026766505,0.36601023405621597,0.24234241050987523,0.9264779989110715,14.270994929996323
1289126534,1,112.4060870114963,0.3527657993110754,0.2658946101693986,0.9934809412009115,17.34055262832338
1289234945,2,12.462266517262137,0.3548573853352407,0.23715221854654434,1.1120221791769007,14.2407125311621
1289453744,0,10.188278678749128,0.34684078074476765,0.1377721270906432,1.3589564253110926,16.30329259428863
1290046924,3,102.500798951787,0.3270093267746709,0.2757308135602562,1.1575253641661998,19.6371960597012
1290159505,4,132.1606396349941,0.3576366348543803,0.2574057051863486,1.099430139827634,21.081772611077753
1290242331,4,89.26241208496361,0.3553855998509999,0.21543924630460276,1.2000067237395333,23.262706005802045
1290671546,0,156.74403202879094,0.35961826722855134,0.21963294480314724,1.0470754632830586,16.968141265841993
1290806312,4,137.80579919191868,0.37779741172988424,0.26493031573437054,1.100367651340313,21.103201932104188
1290822168,4,100.95990876089135,0.38317886974071413,0.20192396851899436,1.0764361999904688,14.426010368099266
1291515166,0,56.54126472480693,0.3351201935360794,0.16263112064456875,1.2741986446614118,15.619645070118388
1291566068,3,32.98611861323536,0.3539153846131927,0.26312341198279227,1.0576118870369995,20.21335863734054
1291851819,0,33.46450652370647,0.35931607028645585,0.3480041348652955,0.9349990059545961,20.689000249396905
1292415850,2,2.4369445065614883,0.40539758225637845,0.27638486623964437,0.9369805616315727,15.41985040821791
1292622955,2,150.2566695041811,0.35331050679111414,0.2437134987199274,0.9957173664052374,16.65826912562284
1293239198,1,291.6884235441371,0.37613512663153953,0.3543367659562252,1.0037365252604036,26.74600108900274
1293974706,4,141.28845269573517,0.31460295721281684,0.22890756985432456,1.0472812527570359,18.565449623140246
1294053022,1,29.293328538815288,0.3873195632546117,0.2510362768270461,0.8500862514821292,15.82819604890778
1294362796,2,-14.428495293808027,0.3933410219639739,0.3281750091875576,0.9010099430643552,11.865391726480997
1294421875,4,11.705769854339295,0.33326494943968155,0.27351489504881416,1.118311357437184,20.21610561633788
1294607317,4,125.47510938775991,0.3625510157653558,0.2775996617194114,1.0490090093213327,24.769796570431055
1295002110,3,299.2258853723496,0.3892488804508843,0.21917097963481724,1.2945736224032398,23.16390752238418
1295229741,1,44.344573396742646,0.3485834180352311,0.2590269584532733,1.1136342102460088,19.112936777130166
1295293979,2,80.83571950400518,0.37112714911610445,0.22345786384903082,0.9025937616795701,14.925115290890998
1295301974,3,-84.73067897559537,0.33479439912755243,0.13934601304155583,1.4277185386919649,12.973797334682727
1295510505,0,79.82038330313542,0.371656554893984,0.22592628649959012,1.0770984985538676,17.90557808552149
1295536082,1,213.18990842370854,0.36792745710072317,0.30539982300617774,1.202647812270604,27.65591422368997
1295850561,1,71.22847902832858,0.3305665050074882,0.2412844911467084,0.9736241830445578,14.854985157688455
1295880392,1,10.692690069432771,0.32819584479390534,0.34562107133905967,0.9564503335277122,18.382428223306114
1296143576,4,18.572112878034005,0.3900361836079785,0.22445016204308169,1.0129071985499156,17.089033166380638
1296755065,4,153.30742600988094,0.426210980764656,0.26726542825370686,1.0504056828412718,21.31461204132231
1297415322,1,0.020439747952153198,0.4030574213575179,0.323494953271439,0.8801258120876487,15.53594017301219
1297876567,1,233.28336293106116,0.3588489938383165,0.2234836839830876,1.2113429226480643,22.460168649718717
1297972519,4,18.588800998511104,0.3754653897481785,0.390385480524858,0.8790063718870729,20.64471491862092
1298070198,2,28.355638963791392,0.37431917735784265,0.23193460546411707,0.9327879339115778,12.501624581337614
1298418799,0,120.28858498519844,0.33489170334000073,0.2018112276938029,1.0834783035393307,13.55029661721059
1298446728,2,319.36508325430384,0.3985556704553422,0.16573036476002878,1.11872357762463,21.995537373946107
1298577403,4,132.5772311589864,0.372569496638611,0.22898053445951141,1.0999749524753941,19.84280542092388
1298805440,4,40.7733438718996,0.38462433618104774,0.17897488679350154,0.9208147064806902,11.781530720294473
1299104612,0,39.04754583139839,0.33513371527725516,0.25605054269111704,1.0086765098001627,12.639053811030202
1299119036,4,258.93047797410367,0.34501336040713526,0.24435055948770926,1.0748857588955518,16.666570300952262
1299451372,3,216.89688055127462,0.37163779250239687,0.20617154188572878,1.0718743589891948,16.46619770796773
1299554017,1,26.544849666790014,0.37254537004506083,0.36850665612845757,0.8909924080029474,23.371050592789395
1299836604,2,-17.49506836885938,0.3981148123157007,0.3502956909100169,0.8891860318016742,11.844999787085094
1300048574,0,392.0868074180478,0.4124935492063862,0.21434606386538144,1.0969960336815527,23.159520615369804
1300127001,4,150.19814574519185,0.3067638398951787,0.17547965366317855,1.1892422828430138,17.24258145789243
1300383951,0,75.974140495978,0.46886380716274934,0.19321572361607875,1.0074993206960727,16.20994168760524
1300562294,1,154.28204977810415,0.35796223295197566,0.255370959880043,1.2609688379696076,21.41912888406567
1300646660,2,356.85126392784196,0.38638071973625454,0.15255962934185413,1.183310185584401,16.972622966954653
1300902354,1,160.51240304680402,0.37034458294884126,0.19083258597116987,0.9259612874138946,12.069566577338932
1300907784,2,153.36339554629038,0.39263121006147084,0.20977757236592015,1.1371780797885882,18.60822040363387
1301068905,3,83.90748562154353,0.3616971907766978,0.2086976398242877,1.182470520652526,15.252270255454592
1301288779,1,47.22012359586701,0.3534569964717673,0.15487710460975165,0.8958375510324303,12.596059322222834
1301620481,2,198.75138918804055,0.3869302820086973,0.2210150117998494,0.9373577199212626,18.18069111758377
1301630790,3,174.29647735918775,0.379081306817757,0.25112510442356667,1.0419599888335855,18.77440571636157
1301948076,4,45.93143872913738,0.3112143214279008,0.17109107098240384,1.1992891972880468,13.739866502205462
1302310440,1,227.64064942177006,0.35500335562561414,0.22902875377159204,1.216347575180605,20.963416493270707
1302453294,3,95.84609910228635,0.3457741524349893,0.25002300426913393,1.1073586831488875,15.495870213610544
1302563585,3,158.7381717823818,0.36527822185694103,0.20832500546389873,1.1335870788947073,15.354904961337473
1303245845,0,175.9768102003771,0.35066987701300034,0.21185069770711043,1.0179328373512204,14.284674422636204
1304546254,0,57.32063668875168,0.36554861551749146,0.2547826051644258,0.9467705068163368,12.70821222291207
1305600405,0,59.528335052730505,0.3169839736664416,0.23757667856968392,1.0954555237823536,17.050588005351493
1305829895,4,32.83040030657642,0.33733470102085483,0.2695621963766443,1.0003249242516077,16.34124499973023
1306591589,0,312.0544745457797,0.36998843144605575,0.26148157328443306,1.185715210437563,24.264280162331673
1307322805,1,145.58904733112914,0.3536462616537687,0.26207053675512515,1.2000541739985489,23.044348636519512
1307515193,4,351.8843702381397,0.40857913208579927,0.23611974316577677,1.0535324027915431,15.734466097619567
1307775698,3,81.3321928360371,0.3497831238724265,0.2466489159167242,1.0205173675544017,15.382121234719355
1308167790,2,186.48095985381684,0.3669323798724963,0.27745102431678526,1.1770562739990198,22.37774040580769
1308663062,4,147.73133547116987,0.3612696102152251,0.2047057008884875,1.03616725196608,13.973960801343253
1308684557,4,11.712900644864987,0.35305941343270625,0.2371364276286717,1.0432898232418313,18.667599215885144
1308745603,4,20.37100038050606,0.39103401261455667,0.2541637998709936,0.8729983600036715,11.510426578748504
1308822610,2,117.53874437832792,0.3651801102275596,0.21301792854084506,0.9609907569284849,14.959347184565026
1308893158,4,222.9006511532009,0.39088382492589163,0.2919463175019162,1.0308307937447958,25.701070019582346
1309160623,3,24.815243240059004,0.3278172552735611,0.25693351148551064,1.0916099238963286,17.30730412943658
1309401144,0,241.60419374556773,0.3631178646580333,0.21141657092846,1.267290797213462,23.961597438746818
1310550432,1,56.57787455923314,0.32785208014449047,0.19562379769044289,1.024204930546885,13.99051590801363
1310881775,4,64.46740133277913,0.37371931895661403,0.24644319323285735,1.0579784584491028,21.27217140985473
1311329501,4,135.73142505075248,0.409957944005569,0.15350260633832385,1.3753495744244384,21.174836333553998
1311388075,0,221.69027758489796,0.3510712351818183,0.2811296679773908,1.1096605307729273,23.62008046379251
1311473361,4,132.55393314511366,0.3786546516337147,0.24883584713005497,1.073906117357195,26.26299177117137
1312487500,0,121.6850763312287,0.32225161981702516,0.19816708119547538,1.0571448106582584,13.472342316493634
1312935547,3,16.4287044678307,0.36020006154494066,0.2697195233050814,1.0629132504149552,13.509430008232105
1313130081,4,215.66042693479233,0.35652922373647583,0.2105171965223648,1.0721835064114031,20.32127629826948
1313149520,1,172.8124484782644,0.3783555422729647,0.19762465338707558,1.214037693506561,23.02931080808283
1313165210,3,184.81851005766248,0.3759082625204283,0.22134491407910342,1.0308778242432108,16.136229913347744
1313737543,3,37.26716870871021,0.388157547212255,0.1666663524828142,1.180625167163693,18.336720288954346
1313953255,1,122.17219319656269,0.3975195676908619,0.13732961572686864,1.0601416881276644,16.64194004429898
1314048322,4,100.71970602756328,0.35727588451119535,0.32147252353158323,1.0111357875759424,22.146175734546134
1314252641,3,88.21657937528934,0.35315275677866953,0.2338075875139949,1.2204193817312523,16.809833292137675
1314700598,0,68.9739086734512,0.3373250148299296,0.277741539257831,1.0335252471130403,19.043817732370407
1314710990,2,240.01059914244962,0.36452244148439644,0.21478797243917452,1.1431710357077685,21.238515107737047
1315123551,4,173.51350128636514,0.40803120670038223,0.20762163797555894,0.9875112056918182,16.22358400175635
1315505306,1,43.419367242206846,0.35136707949448936,0.26192374568906807,1.0712903260063804,19.497106983117526
1315760893,1,98.52145711869484,0.35921541411582186,0.280329716727016,1.0058804278814528,20.20683994904564
1315872207,0,142.55793020452924,0.35705816164787824,0.14452372846914818,1.0995592176088107,15.623395684879654
1316732452,1,24.649127760107433,0.318402299120545,0.20860307423024999,1.1649267856553742,16.049611975892084
1316887618,3,146.02154117265496,0.3772268580330687,0.18473453844189142,0.9264663936802865,13.74575533085994
1318130357,1,141.80134304350568,0.3888208103399911,0.1776159125305013,1.1694714577054046,16.36954002148737
1318650528,3,13.428432248651262,0.41543756591247655,0.29687361203322427,0.7818898987892959,17.80761919783488
1318766747,3,42.21467870655298,0.3503943333582483,0.22497058234247436,1.0896478308333553,14.319608351124339
1318838343,4,166.43762173018126,0.31291174987628223,0.2512889239617869,1.0875652296723004,19.53549899547029
1319010024,3,49.454021557292414,0.3607374692345039,0.1995587767971469,1.0039368159997126,13.363964847588544
1319112543,1,305.7548178012412,0.4229716228038584,0.33763966129685047,0.8712070058087799,30.31715330466661
1319321747,3,78.09290225741827,0.40009473129558104,0.2799702180892294,0.8107536388763621,11.732428987544765
1319410597,4,72.05175413715638,0.37350030956393254,0.21409023302249724,1.0326047380475725,19.880184719950837
1320165565,4,201.7960283273752,0.375875335897175,0.21459955720700905,1.0234738007237094,13.797077585142162
1320607876,4,53.03105307629062,0.3634064853738283,0.1963244890103198,1.0470559948625588,17.23438141846691
1321017513,1,128.45609357195886,0.35198153410428706,0.18362366640708347,1.0915285239674068,19.345686983986656
1321194504,1,79.40956876098497,0.37748755329303935,0.21515828289469469,1.0664115690863725,13.99933239197215
1321346245,4,46.76225347464245,0.35170952898519897,0.21232217093527866,1.0724059655807259,14.361889832490707
1321681529,4,141.54390582493062,0.3516308631480155,0.2522414438872707,1.1414729751274844,18.081731429338603
1321705347,1,45.29308068786645,0.34925054243938575,0.12738912552540751,1.3454133134641522,14.574192103532727
1321934906,0,246.47724855340152,0.3903110306958536,0.31481960196700065,1.0782312485225776,26.561073224500305
1322145207,3,75.82587256621473,0.3802150561808675,0.20291777659438903,1.018102700939322,14.818087707505779
1322304083,3,113.55491408932045,0.3636657277649513,0.24113177726135349,1.024358403158727,14.836215951425936
1322409102,3,56.9969989373774,0.3572625862662309,0.25950286810920187,1.0022825910488793,12.270064593170979
1322812178,0,281.6187820730658,0.366025048639775,0.2867263620901888,1.1711533113180312,25.1421603387804
1322899924,1,27.85194252153957,0.36307506215687124,0.2819299729282165,1.0698470973519059,16.096949174074936
1323119594,3,45.91238262580483,0.3332153821726296,0.2168079038903273,1.1190993923888684,12.831348625243896
1323225597,3,204.11146455542598,0.3652234775410838,0.22578887778840645,1.2807337844216318,19.792862637389998
1323245183,3,139.90594240219144,0.36648652175349417,0.2393561852113023,0.9813317881844141,15.844460793060748
1323525187,0,2.7701488946561597,0.368113638303617,0.22282016684152764,0.9941929169541651,12.216983819121388
1323609368,2,84.95773642791718,0.38482004499102346,0.26691462782632336,1.0641957774459567,25.596091652766898
1324036450,1,173.53311510576827,0.3610697315145032,0.26078019917110606,0.967781657127212,18.855087388256106
1324493760,4,159.10038770091865,0.38798691691676807,0.19206027276157842,0.9353180599413398,12.827380089546466
1325509753,4,166.08953303186982,0.3382298537689519,0.25684239099856426,1.167615735192864,19.62601168138395
1325980765,2,-4.430993141374685,0.3426027821939487,0.24381143017166979,1.104791268485537,15.33728501897175
1326111661,2,55.151645740785085,0.36103507024508374,0.24187583580440078,1.010997789812698,13.924608220592027
1326151916,0,252.27775780657902,0.3955405013953964,0.18584010240811347,1.1635589797666888,17.658862842769707
1327742614,3,183.10416710212178,0.3761803881702101,0.2621067714882709,1.2161411403710587,21.614848172113618
1328109466,0,117.69195024084931,0.3353225717953036,0.2027147644304231,1.14302724867186,20.30221497536227
1328279815,3,35.2018766330691,0.3565674530137194,0.2700976791137115,1.0671437920147337,17.812935934807264
1328538029,3,5.082142448350851,0.37884633505016324,0.1941374326661921,1.1622815252853154,19.888073302415926
1329379844,0,11.595912129294419,0.32692371459990466,0.12234607955498394,1.45992359426016,13.325033636035585
1329476125,0,201.116448996298,0.356335622714596,0.24510437845322003,1.162168339953527,20.891946388651476
1329795537,1,40.15262110021547,0.3419318189916192,0.2727814006686627,1.1915025287284589,19.01238440622491
1329805417,2,109.35503492941253,0.4519629906451205,0.3103656124004366,0.9820637114616654,19.982033233146602
1330350980,2,37.79066725828785,0.3367563087462469,0.23595033412895344,1.1291732727853765,15.278184901426421
1330491095,0,49.3933465919033,0.3535944739537306,0.2336165724498826,1.0523101812063882,19.46452147727197
1330672528,0,112.71964719458316,0.3172676436017486,0.20814093011723683,1.1015020868634666,17.03874024187942
1330783970,1,26.306113594836276,0.3042518003737603,0.3068281039662989,1.0598893150728654,20.946682430990172
1330841310,4,45.87100819127943,0.3515832138973504,0.2976279997444702,1.0326397528190179,20.782152222714494
1330844840,0,-42.80238681322233,0.3963321932503621,0.15893632940566912,1.2301019751036915,13.186450362319395
1331449531,0,15.145426950520744,0.3455241128420979,0.2481915694507927,1.0417003799554385,17.685350289806962
1332074394,3,237.0101684280826,0.38219125463050696,0.27381597744566566,1.1634466417385136,23.32530766201863
1332282841,4,31.514691805324105,0.3616510624158778,0.22616719740148655,1.0444551325578657,11.943207336465154
1332783697,4,130.83142016221944,0.3339035572125907,0.17153390100279392,1.1393844769282835,12.977232698687349
1332933153,1,161.34182589914124,0.4339168876316736,0.2574831249518895,0.9837989591635664,22.107982773265462
1333138019,2,62.65612371963162,0.3371859908066621,0.23154481147617317,1.140269475134382,18.101580215133925
1333183317,3,183.02491858684343,0.39308987742823215,0.2537859466532192,0.9233376573890005,17.833081945375916
1333418832,4,276.020731035607,0.3454887747738197,0.28889461368188724,1.0784141880265212,20.40368130891232
1333567417,1,124.80165028499458,0.3655739753466897,0.23859370222809798,0.9278030914749674,13.66706716005277
1333596225,2,246.69965415224385,0.39376426083723176,0.2683331662827714,1.012672745502258,23.518662757166492
1333610491,3,253.15919982744194,0.3565891670440774,0.24170304628944422,1.0547864091714498,14.279157785502438
1333766804,0,80.17408840820829,0.33231831607026074,0.2542377414924053,1.0913635146862803,21.82489767954757
1333923150,4,40.821434647931326,0.3241001735493708,0.33053533140362285,0.9745564191014425,17.803383398747958
1334743519,4,140.3350815323021,0.3758579652828568,0.21650537136748715,1.1922878222169426,22.428116340090288
1335169485,4,95.1498583681597,0.4081694388984455,0.22052812093691082,1.1325252139263025,22.19949524497115
1335256384,1,82.55063847833645,0.33004229910403493,0.25072372019609507,1.2079049436451679,20.267369720633255
1335530924,2,238.69009857594705,0.3678359779342633,0.1952746898662287,1.027146004062959,16.27859061112973
1335818219,0,49.67972070570577,0.40232979307809735,0.30315702241629583,0.8710843978177232,11.897284230626841
1335837736,2,133.29692906527484,0.35866496114939606,0.23592468535169592,1.0611552383737273,17.83743311869076
1335930330,2,246.24848685546806,0.36913884950502224,0.19891498609245664,1.14364977672926,18.661749174905417
1336441380,1,17.28315900752925,0.3286225698098018,0.244872351453588,1.1091323467594163,16.769141702581592
1336532550,1,-123.10589214743811,0.3102666621080226,0.13819461381650885,1.4819861715961427,14.048962250073135
1336700268,2,152.51886413460437,0.37371606796920337,0.20881593854118538,1.0197893873708703,17.314523211788817
1336943329,1,-17.84763420250141,0.339874978582019,0.13605844734900718,1.262915217109713,20.20372873069135
1336999615,1,122.78613329772882,0.35073393633877314,0.21754536760477872,1.0359564321857475,16.13114001385272
1337045352,4,3.138649170232952,0.35223696447755914,0.30872151602553877,1.0711065324063926,21.659590763876658
1337142448,2,211.22073525629162,0.36366407996579686,0.22812123216656846,1.0894168543047262,20.085589697927784
1337289078,0,311.42454618193244,0.37218173471726557,0.2617134718243429,1.2000772387343248,24.79746752362513
1337317565,2,26.785003825710362,0.3045131731720453,0.18507904671965011,1.0335622922408296,14.550296613685115
1337375382,4,185.80994129537643,0.35452351267872684,0.28666795138127266,1.18815657049865,23.39858511823455
1337675110,3,187.5485248622483,0.35555501515760274,0.31211222727127386,1.216810363746893,22.553146485190325
1337696117,4,26.75050841691295,0.36305125744498745,0.3774226498011706,0.9020460564043473,19.79612664208018
1337772240,2,132.8368196711989,0.3585793155233333,0.2079600838485285,1.26042109878511,21.16808238200411
1338251164,3,42.96361091718653,0.3639029146644405,0.18486200288298954,1.1439982410465075,13.401253927577455
1338688328,0,55.38065787940793,0.3439001925715777,0.13838192537305416,0.9528096709444999,12.063808817303446
1339056719,1,169.83007447237077,0.3644354714634249,0.2542167967425953,1.2365968719845821,25.193018726019485
1339302130,2,0.9424579225090497,0.3691027181767056,0.23566542560611436,0.9786296629639956,12.242135049315229
1339379527,4,138.76112776382183,0.3910824573859739,0.18657546608006198,1.021040831221262,16.84637599853593
1340249291,1,244.98898865167988,0.37749000672408395,0.2020436766541402,1.282136791029505,25.251023806988897
1340852987,3,54.35433054879643,0.4335727707591547,0.19666620524392803,1.1239484736504233,11.150582649736052
1341096524,0,56.14156926003846,0.36749608577945775,0.2630638388198041,0.9392483088629368,12.726146737035616
1341187910,0,68.57122302159026,0.32419055652882656,0.22555910822628428,1.0985651154303135,16.110536161812878
1341702533,0,13.644750844981317,0.3979888806337394,0.35447331464291676,0.9429667203815945,19.313364198123043
1341724908,2,162.9212700140498,0.352566906700421,0.2076029648937443,1.1966442430258633,18.734115181961375
1341866550,0,72.63885720980727,0.3616942607066084,0.27727868177875886,0.9588964740900388,15.751197409534148
1342064373,0,155.73126108531653,0.36150612434488644,0.22560301178697756,1.1121494196335657,19.19481165890325
1342174126,0,151.50928129705164,0.3415702450117097,0.19767163831042156,1.0909834265095137,14.670555591074905
1342666772,3,337.7797769254001,0.4242884470642504,0.335194779779708,1.0954785980450346,22.598066627781733
1343284955,2,135.50131373180966,0.3854795161324305,0.16637867466295986,1.2016091331751384,18.56265304642157
1344066127,1,45.54719696093064,0.3776294047793809,0.3179488342268171,0.9546634550750621,20.633348555900827
1344203582,2,47.92373187707321,0.4440477593175469,0.3943656736454739,0.9062129950989152,18.975960596917865
1344237352,4,212.07735352338216,0.41141549852329645,0.18219937952232151,1.0859082966465885,20.117800018798395
1344927771,1,20.424110009777834,0.35882954276322127,0.22201343007399654,1.1051434719703161,12.316716477008622
1345021190,0,47.77831678933185,0.3592448849832987,0.2667262951695418,1.0238322554070924,20.435784622846498
1345501676,4,75.01705325848138,0.3384493721379041,0.25304895560201485,1.0786030624939917,14.80541789907737
1345670200,2,72.4028707453838,0.35186581568938347,0.21582030762946874,1.040609688823308,14.642934913980172
1345726690,0,48.935307135773485,0.35244163534532874,0.25015096626018635,1.0063294809983727,18.04661206307944
1345866279,4,14.658965397008842,0.37549667761425154,0.19613904590146647,1.0619761258752312,18.04780950758253
1345870350,0,247.70233428748406,0.38259235398512786,0.29280441809068763,1.1431316597891592,22.156059591204333
1345870546,4,126.85776611176766,0.35333171181226225,0.19514590419867056,1.1103618199056344,19.040751098464646
1346046576,2,47.90734990056305,0.35816808726008126,0.29911563487238796,1.0781612745449307,22.667524790446723
1346259301,3,-5.526675425484356,0.37035264630727044,0.23583147523431128,1.0515380319983272,13.256173935990862
1346551249,4,73.91237927339037,0.40133353605352995,0.2033302217608991,0.8364089854287373,12.301916785895298
1346729731,1,112.18940721637087,0.32229843185737556,0.20570086966889473,1.116020611345638,17.210340399013162
1346910233,2,46.90943286613143,0.38341589093058637,0.30253601945634634,1.0146918572918364,19.004465075029753
1347090486,3,-15.036617524740166,0.3700575414894969,0.31902235778260685,0.9117330268746107,19.615177846718442
1347844859,0,345.2151924074189,0.3781460138791465,0.17808793294708802,1.298790848466916,23.579963714726585
1347977204,3,5.733689385024391,0.3006163327782493,0.20407814824771778,1.1679881147876812,16.20880676378
1349126211,3,26.87088064032895,0.3387866527524507,0.19815348613878142,1.1026655069404787,12.130174052633883
1349202654,0,115.8286412094018,0.3418206695213755,0.2132567152246888,1.1071895612514648,15.545149781776969
1349238031,3,62.108775385972734,0.34646070770225273,0.2777406821139482,1.0895750676022569,20.776753681940946
1349530452,3,65.0923841031621,0.3484637885335526,0.23445381450620645,1.042616993658717,13.213446131167991
1349559067,4,27.512694156687047,0.37642692573728476,0.17072500745368982,1.0919854782764382,15.52189864600992
1349609988,2,100.81949023555701,0.31139055297940366,0.21710673856157786,1.1319882062479438,16.91049764020938
1349614436,4,289.05153246564424,0.36006614781703306,0.1947712670006363,1.182470315500236,20.26071331736847
1349968586,2,31.97319714985015,0.31446664956774373,0.23909273477128937,1.1310298110212793,15.789713554715531
1350186524,0,253.5908625498313,0.3961112360327736,0.19558563095098375,1.0698337094303998,22.25634040785452
1350245180,4,160.8934903333998,0.3697512941554803,0.241429499633219,0.9854681313940793,12.72069530518776
1350837084,1,4.339084142777452,0.33324786295507625,0.17555688261324875,0.941952842382582,14.374502346232655
1350968415,2,75.1778202232716,0.35844840265305133,0.21135783778800077,1.0594928143396418,13.981273420453757
1351618025,1,82.15062134379481,0.3651494666231612,0.22644673728645506,1.020775848690333,12.97384653362972
1352932501,2,199.03189365852708,0.35746408659607865,0.3024964787062617,1.014866866258589,20.527596308236852
1353112393,2,40.43145136655767,0.37809668137973923,0.3827071404743458,0.9018111005949345,20.072151442737237
1353148965,1,205.14949279035977,0.327664896342474,0.24079570140417017,1.1011923367734888,19.2461632210804
1353215039,3,124.49570914504407,0.37663117533517954,0.24811945495836582,1.1778128039048963,23.38379878864607
1354246474,0,268.634301480106,0.35932538484570903,0.22977661679963923,1.1493099506576143,22.890836795158265
1355319996,3,126.49029993272069,0.34782989915727236,0.2529793260606807,1.1920620612052457,16.538784690942236
1355567925,2,203.75957405822356,0.363702716455119,0.26533748689408654,1.0668085481564145,22.248018343316357
1355819266,2,4.497974162339304,0.33980898827541894,0.2978500418995195,1.036804953777653,19.443355313845938
1356052280,3,17.128257523910264,0.3596241185585184,0.2623794151837387,1.0675883576096155,21.545566484023684
1356279835,3,90.61005107149424,0.39753595141872117,0.162054735342943,1.1438865211261624,14.475926855256875
1356849537,3,186.07359113016724,0.391471725317342,0.24148775785544974,1.2171509694408151,18.687332343695957
1356914950,4,239.12287606056643,0.3659944996313398,0.19846203873543716,1.1503948897947955,18.405029271091724
1357039642,4,255.65732864891731,0.3679309758507344,0.277774264495118,1.1817269600617453,25.75426842413686
1357177247,2,204.4189223324184,0.4255021978310876,0.2700343108655605,0.8924065441578272,21.469454754607824
1358109974,3,87.75422565763199,0.3534087783847971,0.2701643021867842,1.043489530412407,18.317316669226233
1358861008,3,161.865598414702,0.37177040309465165,0.27864204619380084,1.1162960766863057,19.288581506523588
1358943628,1,10.679776504349476,0.31640327930652923,0.1363686593793038,1.1999821505299968,16.9826357847188
1359050753,4,92.07280659127643,0.3570558706863361,0.22206132878727491,0.915396273687369,13.261616350075458
1359082710,0,265.69432454406,0.3852413594605872,0.3266545527063747,1.1592610964563337,24.626864373153452
1359130105,1,154.4330290078728,0.3598020315845396,0.1662782729060971,1.22878503203651,17.33823969387805
1359436093,3,149.7917720823247,0.36090230704000975,0.245099855394693,0.8894699096892297,15.884507580185343
1359594039,1,77.8006575964724,0.4037616297755523,0.2807596710553243,1.003723625830739,17.094979090208835
1359687224,0,16.60440153535538,0.3508268621350157,0.2928971392459009,0.9974071488722638,17.066101528672583
1359872176,3,94.66611486761444,0.33720192061813986,0.1918428538437791,1.4918255551616704,11.149437738687764
1360256183,1,174.3561537236823,0.3540572420655044,0.1558194772252553,1.1872825705634522,17.52946958045207
1361184303,1,214.73243970866434,0.3685384781903713,0.2113862720545833,0.9333016425188129,12.874177777135074
1361620762,3,90.66652549374852,0.3594531769692457,0.19508284554414745,1.0056947953240865,13.59242970155932
1361875495,4,127.71908892862572,0.33815555282852694,0.1877249218501957,1.1393278356442818,15.587579954453055
1362818896,3,222.71152070760795,0.3932807265156498,0.2725077545680908,1.0864711294446683,20.36160104172085
1362829798,3,30.8066741993824,0.3726536504247916,0.20051446114371813,1.061129637797847,13.309599851106434
1362985746,0,192.83693491508612,0.3936091352821919,0.17604792177715528,1.0896341993626961,14.896038725141125
1363453372,3,150.2716161297072,0.3603106007994556,0.22595900299130783,1.460634557422277,21.979439029160314
1363602163,2,159.25387752312804,0.3936290256174127,0.2749229287463596,0.9501648614256362,21.78732910401456
1364091804,3,37.818226844288844,0.37028931965935996,0.20457587137169234,0.9921139931185039,10.691276231492502
1364709079,1,104.2269371165979,0.4369766004474816,0.18474231945887032,1.0402014575151148,17.024379705047778
1365155281,4,136.93742161610356,0.4992945162435116,0.2182325263349616,0.953553640610108,17.19717373259747
1365375368,2,43.89705493671976,0.3603825890832891,0.20508497525193342,1.029088793392871,12.943559320381357
1365608843,4,34.537836391172206,0.3293034026373042,0.2550195726363777,1.0206546641772754,16.297297486145222
1365694834,4,49.525046557041065,0.3574650422493371,0.2294970739226105,1.0214294679866622,16.69989014654739
1365820335,2,88.27552156844804,0.32756907323439977,0.17743574320470423,1.2166619455499499,14.502308615542503
1365848174,1,255.39660981820518,0.460118078083121,0.2887681481193903,0.9104643097578682,23.997809544208245
1365937405,4,75.32297193695986,0.29305361892692183,0.14590840371832037,1.1950514536389594,12.658427354542994
1366065674,1,146.71496774826971,0.36663187313940016,0.26568427352972307,1.2645425243500916,25.712338247613303
1366196353,4,233.75242017894797,0.3596164565964236,0.22568302889861466,1.09696917430021,15.855913031835303
1366250569,2,-68.18629539956142,0.39626970330646616,0.361473805840571,0.8779939899300023,20.38760807620702
1366419204,4,241.01586152658174,0.3898952316361157,0.24526115550985297,0.9555441044680085,15.223290914798886
1366538369,3,156.82474875254437,0.33544013963334546,0.29392689638712477,1.2514252003533382,23.942051799845668
1366987461,0,66.04809690627599,0.372102136841697,0.273785174623001,0.9856085284944998,14.968612754541127
1367013502,1,-19.427732222244984,0.34277146803504666,0.256642387529632,1.0214993958383145,19.234184456995408
1367398148,4,-9.814276521168395,0.3141166916639431,0.24832775139160043,1.1353134636015578,21.337919061433148
1367679735,1,52.98086959622724,0.35956802638513047,0.1972979290942694,1.1752121072198878,15.43973201207776
1367828072,4,109.94853450911542,0.34793227433460866,0.16555602795721414,1.1090908828419639,10.76840811970322
1367832773,4,268.2884305047511,0.4187275554296308,0.22596388622991553,1.1936627420095456,19.017645828456054
1367879345,1,-6.771528291485026,0.4161042271257898,0.21532860582781568,1.1232106339892076,19.300207874543176
1368560795,2,210.4836378706447,0.35965115333195585,0.22789848968700097,1.013562119262318,16.054937153177807
1369201997,2,167.29403358711426,0.3587710048231707,0.27450405178487086,1.0372053221525848,21.62355454744171
1369478865,3,97.81348851024838,0.37150569483314766,0.19510295605468592,1.0978156079190333,14.603697020943596
1369988926,1,141.1380817635427,0.37596497469525125,0.24008523602478932,1.1046255994293015,22.37224519305657
1370170679,0,135.0518274394351,0.3585487840277949,0.2577519360505994,1.042332428904985,22.521884319912626
1370228225,3,58.94881349986719,0.36499530548075854,0.2557919080181933,0.9543541547373144,17.872725881163937
1370311648,0,240.12780736211647,0.35558251565325966,0.24184039285570239,1.1881997226854073,22.05467040908801
1370577687,4,49.24022259463679,0.27645579719342883,0.1885959745018715,1.1530914220005726,14.55035219304563
1370610727,3,25.92160222323058,0.38768346899602557,0.2532138241162693,0.9619967864304004,15.630278452759436
1370707470,0,-12.318752715238972,0.4555946724628505,0.221208613612494,0.8675275906620472,14.806221044331439
1370747504,2,46.513454281362066,0.36771209381207504,0.35946334412128417,0.9216862614132636,20.05578875133213
1370904651,1,103.77753862129751,0.37380736109720747,0.23075877969782424,0.9808121373275022,14.912230046284831
1371045959,0,13.363314896118823,0.40483062370222256,0.20653307803020615,0.8312796659831659,12.231920494879434
1372092396,2,169.61755466034157,0.3769713215535902,0.18625084211943907,1.2203273574146862,20.41995320988093
1372197295,2,123.92160631009,0.4142199153752407,0.2072173288653099,0.9802998143673479,19.35977906082443
1372357517,4,-11.896557945476502,0.34419335645710686,0.28440016226063763,1.0223679182566814,20.72577520762789
1372478864,2,102.94441756860145,0.36308492568906503,0.23099769999317052,1.180567877082868,19.61957474215143
1373042522,3,53.66479964708138,0.35014710794698656,0.2453999648584361,1.0335953882517348,12.594405018861618
1373216700,2,193.73398076660368,0.3823256907556701,0.25769879820582275,1.0060938434831959,20.83745506156455
1373295279,4,189.48189722825754,0.36597906897113647,0.24347631850275503,1.0319816576032543,13.166588424321588
1373519109,0,-54.85632249809301,0.3514038291700545,0.26109031448850517,1.005941329118977,16.350230213377117
1373716942,0,8.510374397940652,0.3601614572300139,0.3026716834927437,0.9662642849626872,17.679561084149075
1373795866,1,171.4053711257299,0.3531322976842041,0.2648554037890939,1.058739240448162,18.536603100616414
1375025595,3,47.54163080935451,0.37466092418432206,0.2740966997793263,1.1083249795538406,21.674836530866212
1375441577,2,258.2864284419095,0.34630054953382,0.21940550152742194,1.073560852118005,17.08113952404088
1375874201,3,133.6198901710143,0.3669497925081231,0.24800841605836124,1.0053264640900506,14.14824772378255
1376051647,2,74.99453944322656,0.35410070166639657,0.18685102243700522,1.0132357008600372,13.905708306378557
1376172701,0,97.00079256289334,0.3543268836864138,0.22388992441621727,0.9732594716413792,13.215521323574093
1376346368,0,206.40361266110855,0.42507995421153055,0.3140390097758457,0.969451808188322,21.044755159984973
1376684295,0,205.138705985779,0.3534575457228392,0.3141586956505742,1.1146704642116005,24.446939896751644
1376982255,4,-2.460626143844337,0.3433180498583001,0.31739276977826664,1.0609011346660984,20.456356781666535
1377024014,2,204.66363128561218,0.3337914422925736,0.20354620915545935,1.1332152117687289,17.7601109193209
1377176379,1,278.1243128874488,0.4238117667453936,0.2639931430950851,1.0835423643048734,20.6971075067282
1377849521,4,95.80409707504154,0.34312053391857167,0.28165756869159136,1.0448215549906927,12.328035471331516
1378439616,2,79.67900648799501,0.3417779592214102,0.2994857735382232,1.073534781619172,21.609422650969563
1378483093,3,291.0782346715539,0.41849920507170796,0.25860259310398415,1.002988212351963,21.179530845658768
1378557946,4,60.10094393317182,0.36100461981029786,0.25927855358829044,0.8919088984265939,15.888954354856704
1378818444,3,110.42300755399933,0.35023197497039,0.2399923596175452,1.0520706459745992,16.69033714190585
1379119982,1,101.8267980352888,0.37842007909215986,0.1835855091807472,0.9457842661116979,11.508958561369504
1379290572,4,205.70662632431043,0.34407975225566206,0.2561157350138712,1.0946244918549046,19.774836006808677
1380589062,0,-6.795240980385358,0.36427986017952735,0.3015806482556953,0.993206860930557,13.625649714086707
1380807593,0,205.97768114026752,0.3631164386768494,0.22433965741670295,1.2160283573323003,21.7314002806704
1381195647,4,233.73833977950704,0.3651798401502241,0.23102365057560975,1.0874194503081474,18.35213628214843
1381337604,1,59.9109065979915,0.36560872351169926,0.26694651985025003,1.0525657096117964,19.56381768665772
1381529897,4,64.52536974196647,0.3598029874587484,0.18858316758332438,0.9480556810325809,12.435694125478388
1382189340,0,43.48641363758938,0.4026043625304721,0.23518141632984096,0.8543132506218154,14.465573486727184
1382529497,1,93.62242612748446,0.44378427842055285,0.1699246055791815,1.0281957095060228,16.098996764792354
1382532575,3,129.11563333496917,0.3448198617911277,0.2517753480458197,1.0429153933727642,15.053912495791703
1382706123,1,168.09237555822952,0.3474852250945537,0.1891948107509624,1.4102942402051144,22.953358742950336
1382769983,2,106.21497863536403,0.33597149126102527,0.2121594035498674,0.9989953656885255,14.518874385057767
1383097828,4,31.704136591368368,0.3370097970870003,0.05735537803224022,1.4720437913678222,13.30926620824948
1383379124,3,56.95939581420173,0.34566202920468414,0.2319028306783788,1.0579862122770405,12.748460456107178
1383381631,0,190.84161380851566,0.3744480456275111,0.21103295875177394,1.0175228725988141,16.05203457332772
1383628967,0,198.4141417962777,0.37236157271047116,0.26524025281931723,1.1263374238963224,22.890827950346566
1384565570,0,49.92590565291288,0.37447908624618986,0.3206249707344716,0.9773821722507807,21.686661011889864
1385095283,3,222.09674839601595,0.34188244389024575,0.25302613691755427,1.090541711990142,15.798672463785657
1385421838,3,14.932924654671424,0.37689699550943634,0.3814582378455942,0.8867175647866439,20.9453326946454
1386193418,2,191.70109650619622,0.3635125967185415,0.2539496244452569,0.9939010121681686,16.430469650637313
1386252295,3,16.67944540715844,0.3796818544599503,0.18617237321287772,1.1417360562024799,14.30754599004527
1386318462,0,350.57742143967914,0.392664046546808,0.24840315140196165,1.140130244797053,23.59912378807129
1386480271,0,196.05402772760368,0.3707330287497053,0.20840325311154756,1.0391096316253379,13.724454276384126
1386834034,4,-29.46058797677145,0.34652965087372933,0.2870384410667733,1.0229392178989274,18.56474056780164
1387274327,1,45.814859946293666,0.3118452501849159,0.19835246394361594,1.0801515928508258,17.700864699109065
1387462410,1,50.339280483806206,0.3395062356178272,0.19721964052570562,1.1129428819195317,14.384639336770194
1387474634,4,118.31983346156673,0.37482096385748775,0.13925534349668556,1.0453642664012288,11.21262891745009
1387601413,2,107.22677931859025,0.3500549233384922,0.24076715897914813,1.198058782454289,16.506901102476853
1387608181,0,26.913547435064196,0.40538763416642176,0.37981277993646645,0.8042540654641485,11.066276028179768
1387610033,2,229.64087244073727,0.3376065996978499,0.24870370165202504,1.0608781139846926,18.6062304331539
1387678477,3,254.73845082358514,0.4292005663750843,0.2659176825383545,1.0537522995926074,22.072903188276626
1387768222,3,164.84192436638648,0.37037705709553254,0.224486873046523,1.2191477129042505,18.316709776303597
1388155176,4,117.10031136545673,0.3557877888003815,0.2089547631767054,1.0425025918644786,17.482491978079565
1388167094,0,205.7511962491991,0.38182665493667917,0.19459179363725349,1.0216658733628183,18.68687789341493
1388289215,2,104.61836368662567,0.32376783662719727,0.2604976360721743,1.0694035744545487,19.319371809748578
1388694213,4,4.556233502734386,0.31971219622170965,0.10516052916469223,1.607316127151156,13.868105899147876
1388851619,0,115.94716374341377,0.3759255139580082,0.21621898747411744,0.9171616167889284,13.648813446727399
1388941962,0,200.2796174393733,0.35497565765208566,0.18408655754699177,1.3458171730824393,19.44864006506424
1389124790,0,257.15963687186877,0.36469200434641125,0.20126942423114244,1.2821660287780106,22.788229240230297
1389236508,4,132.11336094082353,0.3605178570609541,0.15344492697797202,1.049611590639246,10.608190075848514
1389502780,3,122.55156487136125,0.3431939827994343,0.25698018003529727,1.148011476004774,16.021806706486004
1389796975,1,160.59898592852701,0.3719806790194557,0.2515162040061534,1.1059145726795259,19.357238959034635
1389935777,3,57.11309223281785,0.32759701830600485,0.21169735710262128,1.0101843841180804,13.587001043041843
1390124643,2,266.30633338527497,0.4104473988176379,0.19058968089456435,1.082574825570024,17.82920079453257
1390426236,0,89.22304408148351,0.3609093162864782,0.18946843446283343,1.0440062025348842,13.794185942624285
1390442930,0,48.184157014601524,0.3336986801877218,0.21173441625835937,1.0151233244434952,11.753334920212527
1390880036,4,95.47933631792242,0.347550199324946,0.28575138058332145,1.0835248005333118,24.52635535369314
1390904524,1,65.69931981261345,0.34253747599782125,0.1335715480943398,1.0220788497672813,11.033284021284663
1391196204,2,-1.3594827535932836,0.41879678693994643,0.24120735150333475,0.8849901407929346,13.513804882264791
1391471000,1,292.9567097508018,0.38298467175605283,0.21235160390832897,1.230647310333288,25.883277769655926
1391471674,1,58.29237126603879,0.3218002379388603,0.23222714061907437,1.205144655232414,16.18005323226871
1391761944,2,40.15536877505464,0.3900802206771223,0.20465725660627535,0.8871549411908599,13.452198393626736
1392013159,0,250.74517760478295,0.3734197474863241,0.27326823804549966,1.1037900479080562,23.899558823882927
1392018017,1,276.63620588189417,0.38694431817166436,0.25367968510508215,1.21897859160525,26.79497670108153
1392118578,3,29.58596243491168,0.34146730661288854,0.2782515542125594,1.017916155989006,18.263033660242836
1392601033,0,37.11600990325694,0.36600702413012476,0.29060834990794676,1.0809324774235691,19.261491035905884
1393144437,3,160.56428848483182,0.36097940284519764,0.20159049891465342,1.0838087903274658,14.022680756890045
1393145054,0,193.05309634549442,0.376808345895537,0.21009532569993664,1.0534470105085327,17.345268800151498
1393359836,3,229.56785022571674,0.3697605247294859,0.26855057785830305,1.206002970829477,19.413854695916662
1393430812,4,231.74394437781234,0.355312322969087,0.21738784307498885,1.0507630247708553,15.836428241358679
1394137835,1,82.2912789548937,0.4048756489259295,0.22290150098114922,1.092465481413133,18.571065700975826
1394335529,1,-5.690244753038925,0.3697755209813939,0.29618042325442173,0.9189562205086304,15.860221473611476
1394769597,4,173.2110056461699,0.3360307343451826,0.2515329225528258,1.0515159607982758,21.1026915573642
1394885564,3,206.99580049291666,0.40019726721248633,0.21186130020538899,1.1822420698576137,22.54125339716999
1394969707,1,64.55852043590804,0.3631100498736245,0.1955847156043329,1.0802941146887794,14.122087622876016
1395351360,1,192.3209936735752,0.3622608266577621,0.23395373753304619,1.0854739684959835,22.116887181772874
1395602302,3,160.04924997203926,0.3720035752849207,0.28511767863459886,1.1546463969742025,21.69195721597745
1395946154,2,199.76166645935473,0.4579170620913787,0.19509548020597894,0.9316666204491616,14.566010235135952
1396011418,0,246.1168085409521,0.37108746927127995,0.19356106463101275,1.0575459148341966,14.711740627553946
1396173463,4,126.13014723495931,0.36446630045024075,0.1664545592190613,0.99570386053757,11.988988425019876
1396280832,2,151.52717299726913,0.3598880780544844,0.2125945283936737,0.9813270676723597,16.561099784280334
1396448482,3,162.8057299455837,0.36504780184634156,0.27017891126883586,1.0143636678319632,16.1164113560807
1396499237,0,145.71301321083322,0.3563680431850422,0.2636877714563972,0.9697852121512117,16.34371034335272
1397085325,1,85.42978805342824,0.3583072559061538,0.2609590716485971,0.9904736919620277,15.816519969178213
1397226441,1,177.67223588385838,0.3714007584698125,0.21288191633915776,1.0704492999419004,19.557180202389148
1397367740,3,28.123375997007685,0.37392957509017005,0.294558543659591,1.0733495630331715,17.03290952106672
1397495008,2,286.9385358772812,0.3976170124647368,0.2534397339241184,1.0601396169696802,22.338661380286325
1397532955,3,92.16469099723632,0.34231971509933673,0.16570054614845933,1.2698058676156891,18.692353316395916
1397660267,4,90.81143477853763,0.33498552126152337,0.2581084895303461,1.1163479157531877,21.849026017559503
1397915827,2,41.53240767613681,0.37496839569252927,0.2949302499542701,0.9222911381689771,14.854511801260216
1397995354,0,253.2401542073036,0.3696357145075798,0.23749229409367983,1.2089047841624019,23.632378068859627
1398649969,1,50.240684293196985,0.42260705839425694,0.3667600773756907,0.8923045927333062,15.39772674148835
1399574805,0,62.6200339832171,0.34873697922402663,0.2538327189119806,0.9768113860742617,17.637031774491845
1399918189,1,196.4716825789156,0.3776921050352082,0.20707210138402726,1.0733774286016262,17.923644207509618
1399962717,3,37.974271787744385,0.34184467363108995,0.2434162501117863,1.1915520400208393,17.677717224730046
1399980984,0,30.09395579724874,0.3446401693199904,0.10641452161157924,1.362479549063774,11.883369130620125
1400204987,2,94.32256908905644,0.34260795610550576,0.2031418542822833,1.1888980460601801,16.67183413052549
1400904747,4,195.72092480884515,0.3532830803725983,0.21137862523022863,1.0965808621518338,15.016239361212932
1401313512,3,117.9359886260713,0.3580476036246297,0.13602213590129075,1.5877220652156578,19.52910766196117
1401699288,2,141.48409225939324,0.3776742187724912,0.19209572379618556,1.0273200013654364,17.353874400977702
1401767370,4,44.86734942478789,0.3936742029367501,0.19882381007094777,1.0444433322903655,11.912638428856534
1401880967,1,28.588503782266514,0.39379966079936496,0.29387914768316664,0.8530761863276589,12.368585680530316
1401907543,1,53.51431261351545,0.39614321393432467,0.22972151160185525,1.059464936399137,15.516772484824807
1402707423,2,14.70504082487983,0.3773744187441232,0.20918789129746296,0.8995037271565176,12.798194671992123
1403025307,4,143.4551453381991,0.37247533908151736,0.18910347142310943,0.9541656182748561,12.32941228323261
1403056181,2,132.865419462109,0.36022585864532386,0.24176730342886388,0.953551161383913,17.467090099175984
1403885669,0,48.58429632242386,0.30887250900547036,0.10900189576549335,1.3850098562621431,18.178709740416565
1404736558,0,45.83785468421835,0.34560568219039617,0.26354516589542737,1.0151447698461862,18.732191522155222
1404881179,4,68.05248715421973,0.3473171222119463,0.210959287063776,1.0620616405275183,19.166534613457014
1404906780,2,104.00520056505374,0.3965675384675207,0.18688960530452592,0.9598198495346526,14.057148862395506
1405342945,1,145.2590655120214,0.36649323432273384,0.17145227921802433,1.0678816941426281,10.637279498685489
1405483472,3,225.45376922195476,0.35732124553213057,0.2549070055149919,1.3408546564043333,19.894551506878177
1405504097,0,193.94896231630867,0.3563448351621313,0.2304584415958672,1.193866032434554,22.791430509264895
1405932277,3,94.85407202092566,0.3753288985983669,0.26338493470473595,1.0081615114862323,20.326776884754686
1406114427,2,185.02154989262115,0.36281455833325027,0.22816523590021934,0.9436837685411029,12.706360744870008
1407338879,1,94.95192480908757,0.36761278268712033,0.24630479766302626,1.1838030524438095,22.618937448179853
1408229683,0,134.41460689859926,0.35025294770291315,0.12783596110412704,1.1257836585114704,13.379061062702377
1408675476,1,111.34843272499208,0.3517486213661264,0.24612579267638632,1.2840020137373598,28.344366718210033
1408691704,2,85.00472058762253,0.34253959629206726,0.22242490790802477,1.1395726801741644,16.35566695871427
1408899479,3,-0.796298742666977,0.3748601565201179,0.37438093971639785,0.8840038024916528,21.362194754345968
1409017581,4,173.54828815557215,0.3859402199669347,0.28692531150009276,1.138828872957828,20.454622512115403
1409490636,3,182.51336110233348,0.3308019316398417,0.23233383730376053,1.0711130854282513,16.238140606040236
1409584413,1,99.11055608457688,0.33813933757407133,0.17137822553368753,1.0526052475868828,12.675636773180317
1409830378,4,54.592172068901824,0.2946752391324005,0.14116750753100396,1.2495660223669536,13.189851076152681
1409947542,4,76.81049075340329,0.3669762677543118,0.17215924300883845,0.9919014491548025,10.425909556082171
1410914942,4,300.77871926692694,0.39862737333492637,0.16747132138083445,1.1023356903032462,19.7644317847308
1411169396,0,18.820671001863175,0.3708982396871743,0.26575750953779353,1.0376143577353574,17.793335904848963
1411192314,0,385.54381120256437,0.36071417362775865,0.2816944643292595,1.163740947765803,22.22924874961802
1411288736,0,64.38745647639945,0.34041269941139746,0.25346571795252776,1.019292576626504,15.492464555285622
1411415365,0,97.37233029555236,0.3618657739076513,0.1987826784542454,1.052940471253057,15.372369011024764
1411771596,2,182.22411461754047,0.37202388605303854,0.2555274650598694,1.1291579098128501,21.044649333799295
1411897079,1,44.039831727570466,0.3435761512986938,0.18982899953742755,1.1999171971742697,17.17804915273075
1412120720,3,181.96136088424458,0.340433323382453,0.23451693545692362,1.2301908468590055,16.129399685824573
1412223212,4,45.77241304133386,0.35448146958143234,0.2034897027273421,1.037698720511949,12.570417430271185
1412767415,3,105.33225424454263,0.35310450376425667,0.22805266889797757,1.2896367537474935,16.19843852402938
1412954804,2,148.9441954618763,0.37060446012415443,0.22158976809472608,0.9814763664897223,13.991800053686353
1413330755,4,146.15000178744953,0.36150163361214077,0.26197911608313007,1.1309437850657267,22.78997342597044
1413610901,1,110.6344141432512,0.35285340329597187,0.2408619356965898,1.1593095369380502,16.797327459504572
1413611773,1,149.1608682041092,0.43365018318051995,0.16106754263005602,1.087264293849026,18.208550464902128
1413837140,2,14.849837015520237,0.3586018747458138,0.1891777459413785,1.031263853678043,14.13520467795617
1414225049,3,36.35000795563199,0.37848897202918075,0.2235917177598098,0.9375530472504852,12.93896311140008
1415337639,1,43.2424421671687,0.34250938438785616,0.267524778958821,1.1279262405625212,21.585762833788614
1415406733,4,39.15387792995065,0.34953891048802566,0.22653184359549108,1.0393849217104352,20.950157876325118
1415457510,2,216.424622181609,0.35968924146015624,0.1996116449840215,0.9971274596587034,14.083475752596438
1416739755,4,196.15961078315502,0.3843526693333169,0.2011184079838385,0.965825765275401,12.979978509207566
1417031371,4,131.1278073938337,0.41432884903919404,0.12801542377415898,1.2005955263807855,13.543084810152113
1417043259,0,173.8130786005409,0.3679830012518039,0.2571837648792865,1.017594145325278,17.489604794677312
1417054451,2,218.47357983648098,0.3639216624624534,0.2324635920965937,0.9726006933633705,15.223436407925359
1417361969,1,86.18314750121708,0.38050587279601905,0.22412623707154125,0.9916760298833421,12.320738342476442
1417768053,1,176.8130814935255,0.3678005383860193,0.25216130924785685,1.092853403164683,19.70724720108597
1417800703,3,-11.453249683196859,0.3623390321982871,0.2119134850316469,1.1873859883579487,12.405114824898657
1417827855,0,166.49335046535163,0.36364263155585896,0.24308631776224787,1.08806178973666,16.71677781541662
1418585210,1,75.58024328804512,0.3460003184215179,0.2111774836085348,1.020438889934095,13.634365781247261
1418607549,2,78.53998607443603,0.4003153561410202,0.18869350687314712,1.0717731697222541,14.82757470173103
1418628819,1,-30.72731271920756,0.39929981446194335,0.21861762082031627,0.9674229811353832,17.659697305781382
1419016384,2,69.1113650961507,0.3651265324103113,0.23008186793863125,1.1200439248421288,12.858077085974823
1419552421,0,243.73675769984402,0.3941499153575394,0.18984032375373797,0.9934816616352458,16.859019403446982
1420611006,0,67.02065238134443,0.347853922461575,0.22064770840499548,0.9766967172707266,14.73380014073399
1420737735,1,36.443855760744235,0.2935355856219247,0.17699304381132486,1.2501657232044976,17.883889204645126
1420812496,1,72.67466311434694,0.3671862250503268,0.2106471522478276,1.068184968483525,14.613311701349787
1421209921,0,31.549070591377962,0.33580326360322704,0.19857308241822996,1.104518093317473,17.23206198220296
1421320527,3,58.43084183656396,0.3422887241174653,0.23417108218921215,1.1114776701202138,15.473824516934759
1421392945,3,77.93108956412595,0.34797359062517047,0.2174114647821344,1.1051817976210865,13.88000952887635
1421653372,3,209.50587577925506,0.3685834772751329,0.20397384265841578,1.1269401090162554,16.23336503291741
1421658168,1,107.12199533989016,0.3551309261426241,0.22832110083128912,0.9962365639562929,19.454766124731254
1421896070,3,17.301720971651335,0.3801156108424113,0.30200355395891443,0.8782904534208313,12.121286289889538
1421909568,2,-18.961355301357585,0.32453988606040585,0.3132283273879917,0.9502260357795249,18.75820319867627
1422009513,3,34.06166949389042,0.3958919618981245,0.2032570927449902,0.8360376437428034,11.594651843662742
1422047403,2,12.90989359804189,0.44981306725179204,0.20901396336956313,0.8776999000206077,15.958568859569366
1422066716,2,114.8856356387962,0.4267006951817977,0.29711955209415913,1.0396270673707366,21.253181302995586
1422469487,0,369.8545707657459,0.3784421539840778,0.14455303568360198,1.2264171148638685,21.152483584486763
1422560601,2,81.3424315689938,0.39215338875187644,0.21135339085833227,0.8699017679712264,17.102296558127513
1423269762,4,41.641837921607134,0.3520881706947734,0.26911869787797443,0.9741957147536291,15.542252106013926
1423401067,3,166.9529642359835,0.39202531703177385,0.2219927479902616,1.2248878131629757,23.78061139494529
1423424888,1,180.98822571006554,0.3344578712788558,0.2678009685890796,1.0696860539340958,20.102148844017517
1423530794,3,159.238738304272,0.35829860206274633,0.2610804941513455,1.1397302477836637,18.685303716021785
1424144967,3,249.45722981114892,0.4098367318415895,0.27041355480130586,1.1783696635919612,24.039783547344186
1424387141,1,150.28923547142645,0.3462623564398049,0.19461800457373168,1.4210855949571217,22.525681176487048
1424467870,4,93.36062687490903,0.3495263182319095,0.25422096548100415,1.1018948077438202,18.27193238465432
1426385152,2,6.044112633413633,0.36290094437007986,0.23275067859822346,1.1163306872202616,19.048261139836804
1426651085,3,213.066907579438,0.3650448634060721,0.21850884094187306,1.279636768228242,22.875047683455552
1426845091,0,148.94995731490044,0.3937218916988697,0.27498610931147893,0.9229917109496939,19.54411649055924
1426880410,1,-21.736213351181632,0.3110776632198533,0.07746378872117532,1.4910361275863517,15.905192491115978
1426978607,2,391.5648586585011,0.377248687852828,0.23566215596227869,1.2527882798404497,24.16169218229962
1427121961,1,67.03856137675962,0.34354476914279974,0.13150937040873464,1.218566885359434,15.127030265344583
1427163348,1,176.728464006284,0.4257575130595593,0.12105968811221271,1.0455827566442142,13.716319379485686
1427715399,1,238.1960577008524,0.39646143692749963,0.18306195742077883,1.176690272105191,22.4503964641418
1428013665,0,32.16378993324632,0.35188355181237435,0.24330847737945058,1.0569869305450315,16.718431121478595
1428459269,4,61.498025625218936,0.33895315658895553,0.25373474666549245,1.102275837942735,17.265923498249236
1429766327,4,231.42562122978964,0.3496054045087887,0.27591031663363924,1.0676905085001183,19.644917033288905
1429793294,1,105.16309968583984,0.31214944053529203,0.2163823321009273,1.133668459254165,18.49964789390742
1430116322,4,86.77837742525145,0.36481329447761246,0.18055150420334262,1.18237331642404,17.356510270818703
1430315937,4,31.255873874791675,0.32773993918575844,0.2846786645121471,1.2690293923554765,18.3483486541915
1430519110,1,109.8429520938906,0.37704833911975444,0.26907359186331026,1.0641410270363694,21.706372378030373
1430804351,4,173.89619567227317,0.36590568000104745,0.24197076341522034,1.1337727259236339,18.37405142188581
1431061733,1,107.97805489344302,0.3950830017909775,0.15325772382282124,1.1915427631361053,14.807735406203687
1431221596,2,45.717814473344745,0.3539281572735301,0.3092366327458672,1.1116288118768616,21.050102078556755
1431937128,2,79.43460442134112,0.34645924304633646,0.2085434985455756,1.0232358231604177,15.506990138859596
1432698021,4,77.03528698349427,0.39365773600609333,0.17217255363045814,1.0752496458062173,13.206205391495052
1432821779,1,46.190085410177424,0.35795387057792155,0.2510285581691247,1.1156335006294742,15.723752880185225
1432826264,4,-3.369368394159693,0.3308599052822686,0.22849938817507487,1.1243979441873015,16.046704587554075
1433887505,2,97.78301196360658,0.3491107615680947,0.23760212501667644,0.958146503107512,14.71701538499903
1434137991,4,-24.236785667271263,0.4456331593635897,0.19910801113328352,1.0242367296914148,21.024428702347592
1434167997,3,-22.913710146311317,0.40107861498878344,0.372428559889208,0.8696010325208151,19.688857455498717
1435049128,1,40.062595480508065,0.34067328959378984,0.2146076641128695,1.0399954589347735,13.394132703776322
1435571706,1,-19.69068617519254,0.33735641929741667,0.10945691661080922,1.33774550282198,17.547921311598472
1435785371,3,-1.286308595293221,0.37021551634171956,0.2534593560594508,0.9949293386997732,19.949070941847364
1436177841,3,51.713516258772906,0.38892966846918714,0.19925148157625364,0.804641092485429,11.156153561199602
1436330682,4,235.75540876559558,0.39159208786781574,0.17341828634851478,1.1479464878235504,20.975554112225073
1436575335,0,139.18134650026536,0.37115766704663855,0.2062845601394001,1.0391150569736505,19.554120801792813
1436896741,4,147.1494189630249,0.36487226201722434,0.1814465470534851,1.0476553694906792,10.275693071238203
1437172858,2,242.84430467643176,0.3358978194933443,0.24817616120816802,1.150744067979625,21.638347770983145
1437182858,3,197.00871030580242,0.3427391226780559,0.2389286593538715,1.2044886883022274,16.595474857523698
1437198887,4,85.71078985989656,0.33417351089940356,0.28132119149289864,1.1303399447601656,20.51604132643771
1437455994,0,185.88789792302723,0.3777984981443385,0.17232907571800865,1.045162833945482,13.179853238392802
1437522401,1,39.92673264051008,0.37294095596672255,0.21890979538075728,0.938107732431321,15.366823447013456
1437709159,1,211.18283175049558,0.35294584569960225,0.21314046061847067,1.0454312517077962,18.155950832286372
1437848848,3,115.87089699351749,0.3766386266285373,0.2534426338923308,1.2824690013124607,20.830098271815466
1438275910,1,79.54960476661444,0.3703850555669186,0.3124432413476008,1.0423643831033862,21.38030446151989
1438410833,3,47.675022343228115,0.3447131320766308,0.24246711089022704,1.0698220078532126,14.104265470493885
1438539748,4,8.842129793408048,0.33953816266206294,0.28188904436687934,1.1118224736863516,20.695393260694935
1439560323,1,48.294627182880205,0.33020216874240443,0.26365761302848323,1.0759466652872736,18.243146180844104
1439590900,4,223.4262590051257,0.35001945561464876,0.25818378108297185,1.0908119087731536,20.9839729235457
1439796054,4,397.77127904340136,0.4018918939260036,0.18509214090951165,1.193557127422059,21.559247015926637
1439837660,3,182.19191720468217,0.37016189545764877,0.27577151772473735,1.1412816078923267,20.858667007797308
1439947780,4,202.22705290787167,0.3741289275326598,0.21976358005090896,0.9782165177228048,14.457454502811206
1441154602,4,192.7833497093054,0.3285414821695606,0.3151904406228916,1.028868220630675,24.54262930384955
1441221742,0,35.77282246413197,0.3367232400217321,0.2776104584466124,1.0341710782640081,20.043542929194174
1441373602,4,268.1146514572393,0.3694358708314666,0.22238665131108784,1.333855868301426,20.671321376088574
1441731142,3,123.89582975483775,0.3573280787097986,0.27886343531426144,1.182031748973463,21.52490457473533
1441736260,2,26.789561345153473,0.34565406157588374,0.2761085331738375,1.102409882405001,21.452679221283308
1442807010,1,-50.427134326441745,0.319727236122615,0.12273607487583826,1.3741285855177312,16.682802620008694
1443435953,4,158.4266574116765,0.32742081324473526,0.24920233666296335,1.0933988783465554,19.522077172278017
1443684978,3,186.08277810500138,0.37073091876498093,0.29750445317691654,1.2650042077282038,24.490305250135794
1443853019,4,-5.827905786432936,0.41009507363978276,0.3269083424100212,0.8733139403917665,11.811838720094515
1443895665,4,199.28724539206024,0.34347483722899447,0.19764123314452128,1.1199996467127444,16.64454431027696
1443962559,0,44.75191867911005,0.3331617373632485,0.24356902788592444,1.0339959229168847,17.577168430505377
1444001096,0,109.81361932056791,0.34577376703529505,0.19370826701295307,1.1101324782718098,12.529193786908762
1444443456,3,34.06013276355453,0.3753155860729686,0.201429134356242,0.9631101012743716,10.06354762315916
1444497775,2,205.2400625468436,0.3649709919182214,0.23397435885761905,1.0061169125621339,19.302848661565076
1444677131,1,159.85447075590503,0.34697890221137556,0.29243167182633856,1.119463218539598,21.052379480236066
1444682939,4,152.861622186589,0.3382224812454902,0.2344376481891235,1.1531725587097497,16.52726661220883
1444841962,2,70.68466896027469,0.3680301930678948,0.28017731194369,1.1045132398656017,23.218068154224714
1446315012,2,172.6700753837767,0.3389593570602862,0.23716449041352655,1.0234369429135182,18.78726788265856
1446335630,3,87.32351856273968,0.39599559494864517,0.30169874652615786,0.8902068592432204,12.152577699576677
1446403769,1,136.88963097095518,0.36651735490187193,0.2225328659375451,1.1029887889699392,17.72738255191474
1446406615,0,189.09460152035817,0.3775651262915688,0.21597309317764263,1.0447425469930895,16.73978902688056
1446517158,2,147.9924029657372,0.3897264710574558,0.19659125931565777,0.9320688286206282,12.8714200699532
1446956621,1,58.6457498533452,0.3690109753582485,0.20056257051618395,0.949775781173605,12.516908114187155
1447075360,3,62.64799067581063,0.3517182085004024,0.34225030175480653,0.9342724425080651,19.167015370626515
1447287020,0,62.68034403492072,0.32902946244728115,0.24495451994229656,1.1338108122948685,18.884839704876295
1447445383,1,175.09486504682863,0.36268491397204194,0.1949207636404718,1.1006582964183587,20.415010602507373
1447629123,3,71.28111620438258,0.3469016632633739,0.24222796558233586,1.1736546862528574,20.104089036832274
1447631278,3,92.79607920558516,0.3738305783420035,0.24915144526584865,1.0880632209555317,20.01887210484838
1448332716,3,62.6212515679661,0.39072122680786003,0.2549520603057492,0.8907440056971828,9.380000760127396
1448341292,1,217.72512873794423,0.3996399603883153,0.23863564272584775,1.0412570112548962,19.42458233704621
1448448374,2,-80.29925972421661,0.386103782803551,0.16361724371612096,1.3483436949485248,15.145483733201848
1448731732,4,105.44807955818786,0.35854230121171593,0.20631309241264492,1.0488079617154558,16.607317405129105
1449297338,3,-12.71564024695148,0.3608255311596796,0.32533062507729893,0.9322432235374931,19.28231178077374
1449481867,1,36.26110045509646,0.3534003815322112,0.2235434618348355,1.0502147692713169,13.332603541353471
1449543209,1,50.90173615318913,0.42234371293238754,0.3627959985807028,0.8946475417305493,15.351362788875035
1449552519,2,63.57670195500152,0.3501689071558173,0.2479663247245427,1.0954533028349398,17.13911024593724
1450236105,1,157.4737712726976,0.46970897877599344,0.20363964388574676,0.9276148827795144,18.276710148624616
1450460730,3,109.63164989358171,0.34066623911121924,0.18851927566517854,1.2300875481256168,14.882565510957779
1450812051,1,147.8703558920662,0.3465950122061637,0.2308985579199978,1.350377625801822,28.373482304543312
1450851242,0,26.661964041231627,0.33257085088876404,0.22472075010994397,1.1012000923229146,19.300041700500213
1451556354,1,16.20483015608893,0.3906275780337809,0.16680028864164598,1.0402370020224836,14.718824436712131
1451589071,3,182.3777546723453,0.37498019093576385,0.26279072837679696,1.163427989853354,22.577182199918514
1451687458,0,236.5067318897028,0.34998173539719496,0.1957507195831662,1.139398821963801,16.55116073751546
1451767844,3,42.72841767999628,0.38173970503591736,0.17376111851497886,1.1328747230344414,16.898755191505934
1452233273,4,6.347867270016522,0.3791920224126614,0.2231909016824007,0.8901511586547266,12.946703973671708
1452416309,2,224.53189314501338,0.3996556591115827,0.3062543697332895,1.0070461530568446,19.24243417736235
1452761460,2,119.35909529806831,0.34028080024629564,0.20759309709794566,1.0864205374951976,14.397829245714757
1452778640,3,-13.274829690437869,0.33718999646230086,0.24870081794658414,1.0041666195782732,16.209974986298036
1453017209,4,134.92137824734561,0.3972516074222471,0.2668053350161769,1.1351212376826487,19.616195966865742
1453388212,1,142.23946113079822,0.34309363792837855,0.23885236414308386,1.2259232231508252,20.214498941815478
1453450335,1,158.8426223620948,0.3403037024948824,0.2014115485201533,1.1929831796135335,17.92042048942196
1453479470,2,128.11199450317736,0.36475104420503723,0.19871234844413396,0.9340318467596449,12.978110456187402
1453811128,0,245.19973015988973,0.3519168778525297,0.28556433363986855,1.1013600451338985,22.432362111093788
1453894655,1,191.51055204713674,0.37277257039548894,0.2736472844061856,1.1925518851000159,23.032428579819648
1453979051,0,123.66268974381336,0.3384081012820928,0.20777673462081944,1.1473196653451025,17.254055297495437
1454170504,1,148.88981524302972,0.3852344680239683,0.2446286387340087,1.0463560127681195,22.791347112369177
1454388009,3,212.27883217457475,0.4348153519517241,0.24165200525848307,1.1448645097576335,22.03457065511344
1454873499,3,39.719262491331754,0.3719829592575391,0.30568840595465313,1.0400052425602657,21.67971869435995
1455090776,2,249.78871641549955,0.3631843433139433,0.23733854944825777,0.9952812775524451,15.216685105403167
1455134437,3,124.54600365636334,0.36307054038550696,0.2671968914533202,1.1660221330154419,21.012617543429002
1455221251,0,17.990151879482255,0.3438301528902385,0.23452929957497848,1.017566787366435,16.202854540380454
1455433082,1,-25.180125296058733,0.3394065224239122,0.22634369925400544,1.035710631162259,16.158403518713946
1455448064,0,346.2644242358362,0.396864806179708,0.2797205284346137,0.9958528010317632,25.616202444237263
1455477899,3,34.21457416231175,0.3474152800190869,0.2869660998815616,1.0203728763414277,16.89147287378892
1455663460,0,136.04402707929472,0.3766644149505153,0.2007849129891353,0.9716016014249984,14.450632112162925
1455763004,2,93.29946786003845,0.3722864997125662,0.20829021084994592,1.0252668869128885,14.334834499515713
1455946712,0,180.3075150982058,0.35307642537994366,0.12781150545696826,1.1247389692952814,14.553772843396171
1456134582,4,56.34976310573415,0.35757470984425294,0.2802411529722705,1.0457439279445824,17.096557705723146
1457502415,2,235.9548544516004,0.43404780377041763,0.21413559019752176,1.0689685946275267,22.16638595730811
1457793219,2,25.080464425896125,0.36115898462013324,0.22822959062488007,1.0605472729085024,15.958628195148878
1458472862,4,82.26623302506377,0.3523311359911572,0.3029233738816277,1.1195579219037421,23.490819795684825
1458806978,2,157.40937073303573,0.4148387230856228,0.18149173905849708,0.9102764476154731,12.863128131644704
1458835114,3,97.23560670489776,0.40314590334805384,0.18719968023250022,0.9824192794324849,12.925914781111913
1458927340,3,100.87506603888069,0.35800040253705884,0.22338503648552213,1.0794202818756684,14.060776201809771
1458930812,4,58.25829136561761,0.37505271771941173,0.36434901511860573,0.9422507039376503,21.6496511530301
1459842972,4,133.24911404287906,0.3118712889823792,0.17774862166334515,1.2158830229703417,17.3453159306018
1459846963,3,134.6683110798046,0.3492423187199718,0.21851073080668076,1.412603169272809,21.471377201745742
1460712253,1,4.313797825857435,0.3480636030362654,0.29749735866974,0.9725770933846717,18.402060382480038
1460910986,0,241.4628478154084,0.36778958855816535,0.2205170284206886,0.9702449010053908,14.068978763716732
1461036801,1,5.8304492183786465,0.37922528796567667,0.33195469970690206,0.924540789789244,15.564087906663639
1461767577,3,206.98374050049802,0.3620032084660963,0.2408666556549084,1.2320609419343096,21.786005751255843
1461784308,3,125.45900020430311,0.3948288707218009,0.21807122245896493,1.1006927655997838,18.92555490207757
1461861414,4,37.787470931630445,0.4181094986094853,0.299257382730434,0.9413272913319402,17.786451877200193
1462340201,2,38.81940519615578,0.3936686492463922,0.26029676635933807,0.8217753943536443,10.951228231489248
1462614613,1,106.27984029276575,0.3644467922576388,0.21968471429185313,1.0846800353775266,18.290600862061616
1462748332,1,303.10602004396003,0.43543772004642206,0.2862698963462141,0.9324384628464419,24.595658794728173
1462931199,4,-12.694442933281692,0.4048975178708976,0.32440919282277964,0.8723939055577944,15.669858487594032
1463007614,1,42.32350153195319,0.38080543269016404,0.3910941764609609,0.8929873699258182,22.903241203966363
1463085835,0,265.4717849245814,0.3591978732857888,0.19949809202512045,1.1864886652691584,21.171733211549924
1463095437,3,63.345629500406574,0.3574152147654811,0.24827092842349344,1.1848001271896447,16.94396560163116
1463175891,0,78.25807876763609,0.34216914815176935,0.18735334372734708,0.9528310028029912,19.476822399143472
1463811998,3,5.7037966392731505,0.3482868440063922,0.3282920806011782,0.9580513037490105,21.287076192114903
1464019841,3,200.96552366327637,0.36892004974450776,0.2977072879890744,1.1395270605496206,23.550787323346384
1464421877,2,53.981665392318696,0.3776145466844184,0.29355534599182537,0.9740725731171394,14.953215423492749
1464436894,2,344.6016554041693,0.408879155030621,0.1906406841276212,1.0191558214278251,18.450569111724022
1464819967,0,188.16942218163126,0.36499020773504676,0.17467290327593077,0.9698832462133593,11.8715314557614
1465340291,2,99.25908705077185,0.3276073200220502,0.1934947460643052,1.3108489459583033,15.469447291991802
1465942783,1,48.40879813546298,0.3521721558686901,0.21563231409274458,1.0000169571956437,14.440037809839826
1466879267,3,-33.748206892126746,0.31069255395471573,0.09916324838046695,1.5703721929947212,11.914702164210624
1467166248,3,-7.623009453910498,0.32124267425904013,0.12462110469932897,1.3598071640189755,13.033020123576563
1467252065,1,34.99467411837737,0.3713524427258287,0.26149658081355687,1.0328851293335184,13.911471192444003
1468461975,1,241.49769619017434,0.3700115454791547,0.21694814346231006,1.1275036382326011,21.161908073798916
1468518443,2,12.178737264526177,0.3815603157759359,0.24197289365654223,0.9122756305141171,11.953814275637452
1468882159,2,-68.03462223761848,0.3804232276998193,0.18580771173196967,1.1740886060893074,18.04620939447499
1468958338,3,171.58303919792078,0.3414522005956927,0.2439134927616572,1.1016239070290232,15.880108864785806
1469078897,1,60.716959063264014,0.39538661300527017,0.29068236987534907,0.9209962389734556,23.346173406604905
1469251580,3,191.7347921031798,0.3966316942406547,0.22022208346907346,0.908152704432788,13.817267767662884
1469266389,2,58.201168810062676,0.35681974457443266,0.2413544453411954,0.9877668955097298,15.873799453007997
1469368089,4,77.7303077296576,0.35778536059920696,0.259978700859154,1.0732765708926928,16.74498715436123
1469495249,0,22.089736192124477,0.386771926332272,0.258977080098921,1.100323861410498,19.750414813448035
1469675356,1,21.545572015275766,0.37893840149949215,0.15437763706365648,1.1856804230512559,16.65318140778793
1469897580,1,56.037757115047945,0.3653900243963635,0.19726422309362765,0.9886062584664774,11.618476505685749
1470418130,4,136.37329002425616,0.39780256834737626,0.22356965424170866,1.0185626215111079,21.133479794959495
1470645091,3,225.27040388570154,0.41124197048221034,0.29929567131253876,1.010958328607538,22.29548957832502
1470768847,2,17.19268685424285,0.36353291543652844,0.24964331755603666,1.1162114361747766,13.872418260565208
1470774077,2,286.6213949186523,0.3770206637461702,0.15030484870446398,1.2412407677915267,17.565928410388295
1471142716,3,190.82816129362055,0.4077478485544217,0.23313437122366093,1.1793113228053227,23.70971803660598
1472109489,2,136.7939300108266,0.3482415569758377,0.19499392860030068,1.1990113583731783,19.089117447035527
1472118288,1,-40.84938449153131,0.32081208787387805,0.10973964245765572,1.3893169862482424,16.037405823086313
1472271341,2,32.68737129782191,0.37190112263128766,0.26631862553563884,0.9870880402443758,19.0427916808316
1472751426,1,133.84033792107903,0.38155570260885124,0.18921129597078848,1.2212697842029987,22.16585733269956
1473380579,2,359.1868570019751,0.4247787967915081,0.16593392818311997,1.0985291561525834,22.067011397313838
1473395922,1,219.21352593597265,0.37653998487288953,0.1879397057270653,1.0854585764548463,20.541427262840124
1473570358,3,205.15256595081206,0.3681821315410995,0.30977866598325116,1.2330463252030872,22.070532835648198
1473690215,2,215.18135529281193,0.3751112725610012,0.24164486837790133,1.0018659462816928,18.459339356088947
1473745481,1,30.808067299122925,0.3586595689551526,0.23207429537226176,0.8481698277577078,16.798551918070945
1474070468,2,194.5665554717745,0.41954208836191736,0.18674188268900455,0.9914263269166297,16.669662949742836
1474131719,2,76.2201612037333,0.35765722982601755,0.21159720675430707,1.1224254094032577,16.951827726689096
1474494101,3,171.5230332190223,0.38283698122652354,0.29023814988184593,1.1836437451080415,22.692731857396176
1474888709,1,50.01588735291003,0.35532129168318416,0.20976112847181144,1.0229286275206724,13.861204290949953
1474909304,4,166.15928795189433,0.3642769268224212,0.3125684089201178,0.9919087058806436,18.093324386458768
1474978524,3,8.717872705730656,0.35930692697184674,0.26774066535082935,0.9397832002656148,14.266479392344984
1475222377,3,267.5078781425043,0.3714999613971781,0.2910102050339025,1.1016425415150362,18.98398404138773
1475370376,1,142.77465519585436,0.36509752140701773,0.25784742978580755,1.2788269732488615,20.841121091374095
1475746225,0,-18.3957992050549,0.3933562296369234,0.312684881123929,0.9274128495856424,14.608285905505356
1476123993,1,49.62995114863031,0.3437191610572023,0.23588345204234873,1.0680454351346582,15.042137611571981
1476310950,2,14.602469509317984,0.3822921714818021,0.3478153744148559,0.9232630923827576,14.819459795163283
1476461237,3,99.07276114002123,0.38327866878962896,0.24642322254908502,1.0472905697284762,20.056584499935664
1476641400,3,125.72160403368031,0.36306143035131067,0.2206135470757245,0.9618298285693739,13.142031973402279
1476707326,1,101.42559745956503,0.3594535382012551,0.24239546813280033,1.1268997430470173,19.840675161548887
1476896117,1,32.960332543195875,0.36948175332556277,0.19946891031243394,0.991095516980182,14.181591243983073
1476896274,3,242.4713739700331,0.37302803814275537,0.211798027104539,1.2980570011499708,24.77917303615638
1476946894,3,52.3607403061972,0.34152317870733734,0.2949232501972697,1.1780672664239815,21.11256705939033
1477172876,1,49.63782921476515,0.41453324854604207,0.19963978762056547,0.8562523595815889,14.246921641328697
1477353024,1,93.39007428995393,0.3791941058749751,0.22665785681181622,1.0353387317673912,17.754611173666895
1477468420,3,28.731827669913798,0.3577300034382756,0.21025143968949134,1.1818497191016908,15.005660667347842
1477631774,2,188.7421948279883,0.36488654497774936,0.20288027207283155,1.1048323796567732,17.22961622607566
1477890619,2,212.91179199442,0.36212189733801986,0.24774153470410346,1.1458218646910758,22.41092487328942
1478638391,4,33.831525765907514,0.359334072025577,0.17430289611480318,1.0892489567626562,11.700099579439804
1479037928,0,322.87356652483555,0.409085432679719,0.11540173769293263,1.2527190383285034,16.431022247547794
1479528015,2,213.65030004084693,0.3490719213761735,0.28059898362120683,1.0050186424394096,20.04199726837248
1479577775,2,65.40377216401015,0.4043333197642093,0.2878238797511723,1.0300053836077565,21.408369750499553
1479997464,0,35.508012547294406,0.35628281841638504,0.3421394957703342,0.9413096769734325,20.60928748955388
1480032186,0,121.33897409328212,0.37618754247912956,0.20337624335672344,0.9578625901527951,13.810760290548622
1480316431,3,146.62272344292867,0.35763472581658023,0.22932642710116735,1.0103782628086901,14.702670104206176
1480445744,2,163.8582200528954,0.34745687394777713,0.28144158849694534,1.0853325955246766,21.56788050247152
1480784338,1,191.04251115862718,0.45674075299946243,0.30185740995702326,1.0728931170575247,23.928309284172748
1480818126,0,72.55365249437165,0.3911231341458055,0.21525965250806028,0.9845178002019329,12.058542284736944
1480945963,1,-19.265686106771653,0.43241461565092215,0.18881304378027897,0.9620624052827463,14.491933773006835
1481083200,0,135.53530403414052,0.41057442933359994,0.20226756132447107,1.1684610503443875,22.755536604984897
1481177497,4,91.58111124551891,0.3241138579019581,0.18577859174363617,1.031204134029611,13.975463741938974
1481191612,0,68.38805392485214,0.3624559433608181,0.28870677498333974,0.949042608832868,15.84157618308604
1481448213,1,47.147677704315655,0.3490525744215115,0.24346376365161618,1.0353008952034959,15.696011456250396
1481540874,1,8.664587632437602,0.33430182744855297,0.29567841369608305,1.0215754017550818,20.571053193837628
1482021173,3,101.68242866222866,0.33970882572255057,0.20770603736916782,0.9975073093550925,14.712363172269075
1482072500,3,178.35018490505786,0.3774282255195455,0.24382143125409664,1.1344315290759917,22.24513256522111
1482083544,3,222.13261434576845,0.3763946456726263,0.31378130888974737,1.2906159777183734,23.687312535341732
1482120134,0,269.99223765952433,0.35380617662509306,0.23229894247188113,1.176294675264687,20.513547654510447
1482727524,4,161.48040227737582,0.36143591068824715,0.28133275522939427,1.1023736968153737,20.538280717376765
1482787899,3,36.99447256988793,0.3628016383264113,0.29002888205530025,1.029987596907211,19.607686388031365
1483068354,2,186.51322871915954,0.3539360328776432,0.23097181575874642,1.0254569365520443,15.53744071255111
1483153718,1,94.15754764442217,0.36416925883920276,0.2533373030985632,0.9456777207456122,12.635268755992023
1483304960,1,20.660155206065596,0.3641135586714149,0.2515496449884974,0.986957608102619,16.4957505830595
1483538338,3,137.67339059236087,0.37011722312396367,0.2266185257696877,1.06953807117978,15.843044720612228
1483754768,3,283.7081027063575,0.371084366835921,0.2578365722395418,1.0080055672850061,16.93917516082379
1484029097,1,-32.69769323505409,0.33276259956584336,0.12874242794141819,1.3603571693944634,16.61033405314306
1484271204,0,146.3087426454491,0.35925615668381244,0.21018346597615892,0.9879188907774992,14.355736680236454
1484621104,4,62.022549622866926,0.3519963386402294,0.283897466594219,1.1050289763387813,21.30719891100929
1484839925,0,-46.114560671055486,0.38789799644338735,0.34779423690771016,0.8764198026085969,20.985331292579836
1484940598,0,82.94179341641997,0.3745206233224712,0.2917030914925424,0.9612194026193012,17.893451295880325
1485740570,1,83.22173990155417,0.33700872705238094,0.24152445575036266,1.107681704183638,17.536628604746685
1485822682,0,-12.576109356498037,0.3735407668907037,0.34489073004797405,0.9087550271918029,19.663272964577907
1485858652,3,65.56775826969802,0.3508218607689547,0.1728926081866138,1.1115336779731324,10.785151520166181
1485862700,0,317.74126792083223,0.38380656621459636,0.27234746835444795,1.1106711815024424,25.025809604873128
1486120892,4,319.5366196372162,0.38368835193469647,0.19007647572008946,1.294966643524255,22.532757393122765
1486334179,3,74.02970039064684,0.3732038890137444,0.23624327090344857,0.9618092584283012,11.915660318597865
1486442979,2,-59.988348788903565,0.32266249836870925,0.16394778276757987,1.3839540625533346,16.514019648361312
1487203237,2,59.37894509394552,0.3831606338705301,0.3464950697585573,0.8936908385254635,14.049447772744953
1487747929,0,173.52463321915377,0.3831709745134239,0.20270313003889484,1.067934647592485,15.803321957883838
1487920180,1,42.35101705469453,0.35720820654605595,0.22223628882823976,0.9929118701227183,13.336613392286663
1488067118,1,115.68665851651417,0.3976577636000461,0.3155315969246955,1.11607505650375,24.0733700447348
1488760517,1,122.92975219111699,0.34088083792645135,0.25872007943371084,1.096639016617871,21.91032620289413
1488918987,0,129.98545432369826,0.34384912058970446,0.17955381422420785,1.3485211270442272,17.995254111143794
1489195327,2,218.44643818051173,0.35197645241977954,0.25515361961594185,1.1628878352559728,22.331970666912227
1489614055,3,280.25309193647877,0.39746301550604496,0.30400224615109533,1.0511948860290008,18.605071200114836
1490448831,3,125.80571663454359,0.3448189559169382,0.19828663619010606,1.3619614915532043,21.369327004476478
1490582596,1,28.4755925288313,0.4096196579484888,0.3359022716479171,0.7771615110413839,12.277483833342984
1490863909,1,73.01622295363023,0.3744122529417962,0.22215689962245988,0.9443806327337229,10.218418962295932
1490994278,3,51.66128747166128,0.33599662110382933,0.25173649170466217,1.1289528509949933,16.334606081704116
1491147756,0,131.08948597449873,0.3687917504101967,0.26499716300983833,1.0469763866787125,19.2639228063226
1491246883,3,125.61919431966555,0.350633539783402,0.23386853565404334,1.204531907782392,22.331145530916274
1491854107,1,33.87468945638232,0.357434587331178,0.22056330403419117,0.9131634267081638,14.517632999111951
1492808796,3,166.59680359561352,0.33563067575079353,0.2790754018036893,1.1092336238865208,19.189157028437712
1493417341,4,120.13104778432141,0.36202333123661984,0.20583961688297833,1.124123125169323,22.211767678576756
1493656978,2,234.78210703775784,0.37899699487715716,0.1899373949762979,1.160844864304516,17.568157812467273
1494135620,0,6.4099775580269664,0.40374026044658085,0.23122718596817723,0.9640578434924875,13.973946513609281
1494459100,4,78.56712249831598,0.36127584615585784,0.3057164502873402,1.0178960994128656,17.471563777779703
1495114099,1,101.85741911214588,0.3498663729361212,0.22300054480925452,1.0018299606848977,15.543569948618265
1495561124,0,351.2655294085715,0.35494513072700545,0.24859631353459688,1.2226567621822275,23.99803695734855
1495657690,1,46.471024701215974,0.3440373507061786,0.32585713167007324,0.952724062299562,21.94183814277114
1495695702,3,335.9917978610252,0.4145005651207093,0.19622731350464526,1.1685181101923892,21.462534737425564
1496106807,2,-6.145285090235333,0.4062736047230816,0.2142977292131958,0.948396064921811,14.924723341781274
1496171453,3,34.86743734192515,0.3487295521993427,0.21751584778115313,1.0568488996601155,13.776694684373275
1496884432,0,-0.7349881966369196,0.32411793539160044,0.21457056858029488,1.0465947708163479,13.08143950621237
1497450918,0,110.90835656904792,0.35941828411611465,0.24120975808081274,1.0852462651796628,20.417338215245824
1497637197,2,340.5700140229939,0.3624052402580662,0.19896888437840235,1.1828616512466534,22.021904656912433
1497639710,4,41.52038800565726,0.37122807855559964,0.23392383622457688,1.0215816870507004,11.982888763214852
1498294171,4,98.3093018757617,0.39140241199444725,0.2774515087135578,0.8872270260478388,12.417796686947318
1498407701,3,5.496204415202783,0.3527557648046567,0.3493263826829402,1.0099298259036888,21.155992089081103
1498502031,1,192.18619926950342,0.3691720273994552,0.20607332854793753,1.2009956979261245,21.403019031470755
1498613996,3,29.664896922686623,0.41223292381928,0.35792533162120455,0.7753801124822444,16.373900115725295
1498770138,3,27.815328379023626,0.32278063650884925,0.20080736349590642,1.0914979516883578,12.867281401538401
1498889771,4,-1.4852284731975942,0.3956922593949433,0.32620039845861953,0.874736377097962,12.0009458159347
1499027687,1,179.85168688649793,0.33889245315687794,0.23464125989979506,1.0097212677754825,16.6684861585668
1499293987,3,174.08960004879538,0.37896050040951956,0.22041918996219556,1.0948599887866717,16.33397312066421
1500693468,4,165.50632236936448,0.3953206378070939,0.20606181424049885,1.0597909883105907,14.797291527738977
1500711821,2,-14.524176074021355,0.356608116173993,0.25948902854271044,1.0566245536359011,18.961086866416437
1500837944,3,216.8793083739555,0.39314369956938056,0.24438633533496426,1.184148981527132,20.85295410829075
1501114922,4,156.405570076299,0.3662123863976967,0.25177852602759054,1.160907357693092,22.214630130234926
1501485804,4,106.76198514064687,0.3609211991665136,0.22297734497599198,0.9902827315585935,13.034651391687772
1501914019,1,15.834359891605104,0.3684788067723867,0.18408759986713624,0.8894185056796422,12.079775655084259
1502018022,1,165.35958027035548,0.37418873361541394,0.16255049848755965,1.1583454979629004,17.89435563918341
1502215930,1,31.5307520833763,0.39966947526907953,0.30900787405658203,0.9257466186889607,13.625870413032525
1502259897,4,271.2523028208938,0.39746580487388783,0.20949443279206748,1.0400602260151963,22.12422208649048
1502465383,4,192.55131430326102,0.3624083689504871,0.20648348337329792,0.9890075141562563,13.967717430959173
1502724295,2,11.934367412481436,0.36191561360973185,0.31656473938427543,1.0518220803666307,20.641938755661542
1502897533,1,165.09415968138075,0.37056877946957567,0.20032093873109552,1.051066766352518,16.19796168117725
1503069300,3,63.95200658735923,0.34871368636060973,0.2614854043596474,1.0304180430946235,13.091208201097285
1503134682,0,76.29380283881989,0.35853491295705775,0.21672302731559587,1.0368702262094824,17.964759826206343
1504210048,4,-8.612686551414413,0.37224923193405496,0.3586563023146169,0.9049171097410662,20.72249669870492
1504320453,2,227.97893770928846,0.35739472821412405,0.2518176313756667,1.1543905715704827,21.278666073680743
1504459006,2,-12.817629195404791,0.3791871199920211,0.33910525193731295,0.9083697738048919,19.7077426776005
1504692554,0,141.78986144368946,0.34400981577080497,0.24876210231248877,0.97928551625336,16.308048062579108
1504708152,1,43.84204577083747,0.37085117719237365,0.29427174795283684,0.9300400328578485,15.962835156378812
1504763552,2,103.8823772811183,0.4137053173429567,0.3549567581688813,0.8956416585001052,12.939239801621312
1505007551,0,125.10047164475782,0.359513276676738,0.23481405586248436,1.0576708134540278,21.30499467262649
1505164160,4,171.39564355869018,0.345207887910354,0.19901801975668104,1.0424492274577344,14.50023040778895
1505192900,0,262.4133446335973,0.35360216457838184,0.18179083442401942,1.1839485782965893,17.797438239075476
1506883443,2,296.27807328820774,0.3963887857393381,0.21033808350221989,1.0310040618733969,18.697495657996342
1506970146,1,124.7409769744819,0.3715357713242348,0.20805253928074346,0.921006191788143,13.705196377935566
1507536890,0,75.57616122435113,0.36259084727168717,0.22170841614090575,1.0601589508585072,18.69602094110924
1507569319,4,140.73617879321472,0.35262438221157144,0.2528744352139119,1.107645775584675,19.51618512053672
1507772517,4,168.47344301295175,0.3740318809791505,0.2029194572637667,1.017624432250723,18.09932456844159
1508066220,3,47.96875498406152,0.37849640941276214,0.22723930098090847,0.9231537136111018,11.755772245660225
1508126626,4,191.73895419893498,0.3609851766550728,0.2323093553476003,1.094138724411812,16.592560295536558
1508181683,1,124.10552140973402,0.37951637053602977,0.22127146808121112,0.9110719074963027,11.435456915186581
1508221747,2,188.37844780743526,0.3543516363769157,0.2633400462236755,1.1626957622882674,22.307732221967584
1508323114,2,-21.028841443013135,0.3552926608135555,0.24588015549925737,0.9300201816058954,15.21947387764016
1508373353,2,240.211631867647,0.3771808515259365,0.20148869346195483,1.096497877533364,19.289870048187638
1508770794,1,214.74675147384858,0.39280729532567804,0.21570854471309847,1.0987940963203389,20.34222737088388
1509674504,0,52.92516687004911,0.33068180560406185,0.24837307376695028,1.1885145084961821,22.764990603090524
1509700944,1,207.28871256367952,0.3706775271863932,0.19771420793756117,1.3018650504913403,20.6215030439272
1509770012,2,349.9254891879254,0.38976442203935185,0.16639451450871037,1.158490999073366,20.49038203562273
1509773761,0,85.2436391114381,0.3722615247240929,0.18571208766249225,0.9946687590191025,9.59084921810396
1509897801,4,96.03882593984845,0.33009248246265604,0.20983035987312088,1.021355578133214,15.189680268615508
1510154304,2,230.69588393563288,0.38500473893296216,0.20073379102946134,0.9498636271968498,14.961564886670581
1510186873,0,99.24398111061768,0.3826523276007985,0.24150299940554057,1.0152090565076994,17.048517144712186
1510690030,0,58.846059510338485,0.3632253399283165,0.2393480224881806,1.0774554071983455,16.777375261499152
1510766002,3,164.4460091803706,0.34311098316351574,0.28113316294831325,1.0444384450699025,17.774361942500047
1510829152,0,55.3579528414083,0.35410212056803997,0.21233669252924534,1.0858373886707042,15.421573389511689
1510840632,3,-43.655774625076646,0.3473382685419186,0.20617827920038223,1.2553164150964697,14.250319775554704
1510846055,3,45.52534038711965,0.41285608180304956,0.322268851899178,0.8104991415589836,12.91463282446326
1511018789,4,75.52341703506734,0.39418886648299967,0.25009824759712446,0.9555822601284986,19.44565294993598
1511476999,4,193.36493620808844,0.38049311579298545,0.18001504971397558,1.1543342489846362,19.699901888956266
1511530438,1,7.729112621500008,0.34540007897013325,0.21870425476099015,0.9928473399158884,12.967692361322452
1511995434,4,129.29104646400512,0.38133266408289596,0.20645726402080797,0.9467150346563274,12.770447215256986
1512069165,3,99.55190113105961,0.38020743710083155,0.2659733601444159,1.178249731274419,15.169994740882178
1512407115,3,220.5345350622924,0.35495764416060016,0.23172314404081473,0.9321289720413172,14.981275148121902
1512415132,3,124.97933822605823,0.35848251017172866,0.23374540081847928,0.9424442126978888,14.193813302692597
1512714339,1,72.1326066568142,0.36341260635826206,0.20736651507865725,1.0151292594455663,12.773828288030526
1513366860,1,46.859592423610216,0.33911592246696204,0.2449576812608529,1.083137287391781,16.961581814594307
1513913960,4,34.390069846304,0.34217285063238734,0.24479757453043627,1.0791027270550924,14.775391595996856
1514104618,1,44.42581409883464,0.36798993354458487,0.37513671082786393,0.9098628917564537,22.18846704853
1514204622,0,64.4830372561164,0.3437817304387308,0.24741758634882974,1.0190025475801756,13.662481444807252
1514327735,0,135.19786495506,0.4450571731154289,0.1790209747088457,0.8324328456500885,11.412123644062593
1514376697,2,65.86521761661332,0.34318902079440083,0.2916375206136829,0.9361001854166109,16.970256925900323
1514418516,0,66.18673046221726,0.29836168768793603,0.17651793037272046,1.2560808384820428,13.447867893319177
1514514964,2,270.31958192012644,0.3990752487808714,0.22178578618588884,1.0230079972610198,17.854330248167656
1514572566,2,287.99547346670334,0.3966796327135425,0.2221401599241629,1.1355569370285816,21.005963093100043
1514643124,1,112.78960934201683,0.3964316658228924,0.19232856558501904,0.7902112819828073,13.69481691224456
1514751058,1,144.8991015341452,0.34705685041829815,0.31451206612479593,1.0561928229483588,21.733561269900967
1515428777,0,89.63965284336453,0.35502402546486717,0.235891673809079,0.981590338095517,16.221732996302634
1515861742,1,210.22241337737972,0.340166020788342,0.2613737231984128,1.156437255117159,21.342799453322712
1515864887,1,41.468066881511504,0.3618577470661716,0.29528839329841317,0.9848089637896299,19.14042657848175
1515872647,2,16.480791465992638,0.3566653501055454,0.21997498679254723,1.0681220823074258,15.256798742860223
1515877635,2,30.300818103010926,0.3791451863890148,0.19690422470041238,0.9169235608744413,13.411819556772056
1515920130,3,28.100598980855267,0.35464724402226727,0.3118492798101478,0.994968404133686,16.680968381420662
1516275191,4,30.701535796066437,0.3491718805901316,0.250557359551408,1.0917501572542117,16.068668420780863
1516593013,2,244.96471772542958,0.35000905731171583,0.18741534369836382,1.266806473009523,21.49540919565474
1516837155,3,-18.469552829272075,0.3342230063767427,0.1883923450841956,1.2786464436018288,17.99701707489389
1517122573,0,63.398922651392084,0.34312606214066427,0.24573463062060302,1.10511261900563,18.464605564195924
1517401237,0,76.98527497367418,0.37801849246634117,0.26475392354096056,0.9793277585665279,12.268949299060665
1517587457,3,37.38520296137926,0.37027071163860925,0.17691680836456064,1.1147196792056793,14.02661721644061
1517792443,3,220.51479809963055,0.37288426234683764,0.25414416812514884,1.1534490573014933,20.965412346996196
1518669456,3,3.2144338052880954,0.37263546686956206,0.31788406658364154,0.8973277035790088,18.647893045525894
1518803212,0,283.66995507444335,0.3684370328881942,0.21631914214660247,1.2394610560267305,23.581246212423057
1519364280,1,39.166494312035915,0.39910100581926905,0.19348004845450414,0.9683343204416219,17.029629339905437
1519582452,4,157.05645207030858,0.3661709652371306,0.19797884816672212,0.9531228562721638,13.783632043058201
1520136246,0,77.41556930734833,0.3758024657550222,0.2680854471717157,0.9969680713870168,17.704128792446927
1520266361,0,422.5732886870285,0.4538613027621669,0.2752297548128127,1.104287189832665,23.852927318199367
1521487084,4,124.82630127611282,0.3837168755406122,0.23077944568065287,1.0198515792063367,20.394618738966678
1522414034,1,58.27927962830112,0.3818349585183963,0.2597210440792935,0.946398171413382,13.120953314827958
1522625717,4,20.42739962753143,0.40097398858657,0.298706047566253,0.8277314635134632,14.653042995089713
1523167762,4,50.607160196244756,0.31865915702819486,0.19277886949711048,0.937497836938365,12.350058880833313
1523200168,1,30.460034189089257,0.3723786354504046,0.30675255211729946,0.9488634016263271,19.053676177291784
1523230328,3,229.90981949550655,0.3925307548389499,0.23080734972204903,1.0729108348519754,19.371663584704116
1523654682,3,125.39923809782749,0.3639703418709726,0.21964700935301185,1.1834357209112427,14.00752777174796
1523715614,3,38.24014618016255,0.34312428090977654,0.31040055429281205,1.0126540189870692,19.537778469095027
1523905334,4,175.3870097292567,0.38936497692986194,0.22794445742832276,0.9466545637687838,14.275860575197811
1524051176,2,75.81554062618062,0.3319813513063622,0.2658224972183209,1.0233134392969667,16.145675339485223
1524213012,3,53.228364890969736,0.36444636919462337,0.22550311848455917,0.9867989784788672,13.22735248248471
1524317479,4,93.83252570318511,0.33357965465792855,0.20388402721355295,1.0758051444954757,12.388109005926385
1524856753,3,137.09823585697183,0.3379818626468661,0.2546558843900672,1.1962080168538085,16.40584345185617
1524880405,1,206.28311649862258,0.35112372300228967,0.21681495554209124,1.1456567788180516,17.113430718958632
1525026548,1,233.87280979814756,0.37606657008143757,0.2679004396915833,1.0706487705689418,21.30756191547958
1525361018,3,21.639075530346034,0.35672457697883736,0.23310256383799907,1.0598127659879675,14.439682155602963
1525755711,1,44.3209359006964,0.3653662142253914,0.24086637475307676,1.0049622884402014,14.661506641735151
1526653040,0,188.99939554144225,0.3615439477792153,0.25686006884293155,1.179345818487446,26.316040983574776
1526713439,4,53.54799332938678,0.42000755529808165,0.30329096459518945,1.067136255638358,21.440928254717434
1527011099,3,175.24911653871635,0.3677735255014588,0.2735163591332286,1.0707988742397276,20.081019953389415
1527133418,3,65.79091824021461,0.3349107717945549,0.30632057641003224,1.1307567075191753,22.427154348877988
1527614677,1,-28.41198568600305,0.3498818621939179,0.2891820228681241,0.9670470794571956,19.460146724842833
1527753234,1,154.1003497178156,0.365895961408189,0.2076894425787082,1.412377472751071,24.724249812771582
1527864576,2,298.40103637784637,0.4159645705430759,0.23464653287951112,1.0228887014516288,18.993130307918474
1528273395,4,254.9250961118142,0.37716897127044763,0.19539718772935996,1.2688007391423952,25.32784572462175
1528295982,3,102.09431164568583,0.3697020228179321,0.18932919484590363,1.0525459906598238,10.016877530918288
1528389333,0,36.40057435315216,0.35147530020687856,0.32765575586530077,0.9433733200968053,20.43792562007858
1528618359,4,181.91843854602865,0.367308369864358,0.20044423893101526,0.9999907266385047,14.493216871039442
1528836681,0,59.73762842284613,0.35648272718432533,0.2500943292874228,1.0439380594994563,16.874236280075674
1529298649,2,133.64171354957352,0.44390923617194966,0.2062546622398218,0.9177041449138401,14.43945524402234
1529319759,1,114.47545119085737,0.34902399493327,0.203837893798058,1.1018802358307778,16.634968482583428
1529607957,0,183.9825684614214,0.35756308349160887,0.26802489823240466,1.1097790296287673,20.233124557970342
1529815158,1,138.56810423931088,0.35007457060317937,0.2145964116522894,1.0405570215994286,15.45822470186495
1530164061,1,69.80356802922348,0.3596652958002689,0.1740254554499442,1.1323137833220411,12.509343053233525
1530902893,2,167.70293531667357,0.3765721074858683,0.27494544032443763,1.0627207977917,21.005115680739145
1531080761,4,67.39044954962364,0.3643990270459338,0.3331630645964946,1.0546153909849338,18.73855916367364
1531336843,4,193.79664669039585,0.37416497151375594,0.3093222730348075,1.0994872724238884,22.55006046413269
1531370497,2,18.08648966288449,0.40125036406789366,0.3309925378043298,0.8103276162872066,11.024623279064981
1531901492,4,80.12526493589831,0.3250852864358561,0.26421671985939665,0.974975899967535,22.80077975302389
1532003406,1,65.38290119401329,0.3521321410752364,0.22143860538622268,1.1269933030313188,18.674833325182977
1532503851,1,31.82590421034668,0.3148949667609312,0.2744643195924736,1.036305084838073,20.070825040830524
1532559190,1,-35.686227235732105,0.3799948922547634,0.14690558137260876,1.2470285501739304,17.016771774050124
1532694125,3,95.66812401472218,0.41064164887388394,0.19546179546969888,0.8918884084663489,13.758328954855063
1533215185,3,44.04712606984325,0.39188735813048425,0.28853575539218573,0.9428573162859237,12.981817274985104
1533241544,2,229.9833103450846,0.43320885562492056,0.2346867318394023,1.0130700206912875,16.67839248795022
1533331471,2,236.57317148676134,0.39971791098438536,0.22746904792298758,1.0785240591444158,18.508060831136962
1533352868,4,89.03021733616362,0.33190638840783043,0.20216990422344527,1.1381267877485726,18.320771256916416
1533947375,2,125.51241796653896,0.35827827938546475,0.2079004971314906,1.1052192382848853,14.932789219888958
1534103449,3,53.175518071005634,0.383614137822521,0.38819136703574236,0.8726095624579999,14.613372870307252
1534344479,4,94.37597023758185,0.34128721447574406,0.2729866069794747,1.1384838840220295,16.153246291186736
1534350557,4,179.9320410182811,0.36772682359315256,0.25893162072906506,1.0204087996818383,17.59977359586895
1535224949,4,86.12317052913875,0.3798204681057872,0.24898228004350123,1.096440434581863,19.199261940209322
1535521231,0,141.03980942311,0.34093547199571445,0.18827741113071783,1.0506181909579535,13.502360501801306
1535630026,3,37.71676255350247,0.37092940279827324,0.25910190813208966,0.955749153065233,13.016946865185577
1535916456,1,210.77935868740252,0.375687709785363,0.21196008534599645,1.1524571518520745,22.104416640940812
1536018562,3,90.03131926217658,0.36336925891972727,0.22534880888756972,1.2086818826338201,18.73345594091309
1536084197,0,-15.41410759739884,0.3759410895778615,0.35852971422271274,0.8991064126880349,21.22085397892625
1536340511,0,191.7476651554844,0.36765701250335736,0.2586434935283809,0.9483284240735925,15.206948505608626
1536369221,2,58.77809176796019,0.3271017646820371,0.14640272410901928,1.2948422326529863,15.137153909265121
1536452950,2,144.95476539173347,0.3845428642426679,0.22985560965546303,1.060746449908084,18.696395303352837
1536569579,0,73.52143090309004,0.3177539891742654,0.1788881864790941,1.2208968353423646,19.298269144955498
1536803717,4,45.76204039413542,0.347383373738445,0.18342516774212198,1.024980436067229,16.023068084133097
1537088176,1,91.73399283347435,0.36951320589913966,0.2786018271727757,0.9488629564384248,17.225620839132116
1537297732,1,85.67272367214746,0.38235971021373427,0.1569759846253239,1.1190917026234184,15.682025582237966
1537341767,2,167.2301740587269,0.35840033601073906,0.2318571775154129,1.1766469528428958,19.72977790612097
1537875008,2,222.2272532237647,0.3682355848970146,0.18695964310897958,0.9711250959672115,13.877391584983053
1538292595,0,196.09303988817476,0.3661793166048046,0.23459151624054717,1.1194073135274427,16.99745646136976
1538729127,3,143.63661920930252,0.4352625443088491,0.21250972670127502,0.905778651775669,16.739548416139396
1539719616,3,34.920822017506815,0.38163930166161,0.3117831879278897,0.8883115528044871,13.36174178106443
1540110087,4,180.76921006169562,0.36635533524004393,0.26461522936794446,1.1015630315982488,18.81215637317215
1541215652,4,99.07177435161128,0.38735079863533545,0.1371844808432496,0.8781063755742686,9.598285431244978
1541292142,0,256.7505385098112,0.40196714241611353,0.20904044296810698,1.06792331794578,17.772101584960474
1541529952,4,277.8494358545422,0.42315737086842775,0.2033061029573926,1.0221302854348369,15.14138720990804
1541871733,0,281.2954013117504,0.36062740374758,0.23939092268020853,1.050188424097094,15.837742786415271
1542132482,2,209.1236116742099,0.3558781823091487,0.21240242745355467,1.021093767303112,14.562489239562135
1542525425,3,171.47696471612673,0.3690324320443988,0.30426649089230123,1.1941147777233065,24.412673287621033
1542527766,1,130.6165600510579,0.3562903337673268,0.21346679279236694,1.0437200023049267,16.749089000563373
1542725530,4,196.20994044623023,0.3602397048000739,0.22192625598567794,1.0304197934984598,17.663439844940225
1543008224,3,147.9257805683764,0.3564243379321818,0.20449202330200367,1.1564506536787564,13.962817167481214
1543532086,0,19.603886317881702,0.3788392995966723,0.1785193372260654,1.0759036584878015,14.479459841095878
1543949166,1,84.93010629235118,0.4037488185834023,0.29141273866974304,0.9497676135183278,15.004639566343736
1543966603,2,177.51380976072085,0.411354030905244,0.22068517911989016,0.9415242099965658,19.73727424623659
1544175741,2,274.70033471626226,0.38010554217988884,0.20158502755087407,1.0330252507082123,16.41144326528254
1544534408,0,155.50595977572507,0.44730986509922327,0.1580257027177015,0.982521759230709,15.14619598164596
1544660750,0,58.2058339876417,0.36896219949965264,0.24173156965055853,1.1215873291334582,16.230647944595216
1544969349,2,205.76416371875501,0.3736658598725062,0.2117849089264508,0.9301739500992683,14.783785740479273
1545578155,1,136.95692924373867,0.3743952868869866,0.16947356607059372,1.1829511302952256,20.338540000982498
1545962534,1,164.81354355923347,0.35754377027753703,0.24943285460368173,1.0115011785966816,17.6459840115234
1546473891,0,135.1892083716466,0.33962039667755783,0.2147989774534393,1.141668648967455,18.489539917578767
1546892007,4,146.45208976902128,0.3744963434151293,0.24832642113321998,1.0648551454891921,19.203443720336963
1546988712,4,318.5393960532816,0.40621401399841606,0.24590436624843312,1.1463619531676623,24.295676574958545
1547038341,3,20.594700231200875,0.35457063766733726,0.3435081562651654,0.9163678506950959,20.58983569492787
1547095755,0,89.0977521189686,0.35758213807560674,0.24366831323251004,1.044285455204427,14.642471379125466
1547207194,0,177.38443707546972,0.36519663933682894,0.22739521822567443,1.0811453211872817,18.663032419272444
1547263064,0,173.01924392849298,0.45317443127281803,0.2630956404660209,0.9736125951351222,21.808928924824304
1548438831,0,-16.521321767281762,0.3782899098912121,0.36053202684076724,0.895508052484095,19.83691513706956
1548803977,2,-69.14391704445252,0.32873145359889044,0.14712554550256868,1.5373555277085154,15.190388440133582
1549041363,0,231.78350534594648,0.3927310909510876,0.12633941917103333,1.0483943514196772,13.776650827029059
1549091300,1,219.96479467889355,0.3576164386938318,0.23347971715206967,1.238544749777032,24.40894746540594
1549258915,3,-2.4413151157501716,0.3540174302104791,0.27031778430059517,1.0861460263903704,20.697150840620246
1549335676,1,235.46963345683457,0.3581895658017198,0.2624094836647799,1.2566873469024598,27.107857027488546
1549802812,0,74.97901149196292,0.38395492916646345,0.291219977939182,0.9626057587194687,12.845503324918992
1549944889,3,188.53646206944876,0.360464156906921,0.23383138432862863,1.18636295333592,18.79832063529198
1550023737,3,162.42475445100717,0.36223430983840027,0.24814410594918382,1.1333382362999753,17.64056059627379
1550446062,3,114.33181479206725,0.3496735461312068,0.16471628426992302,1.0823030420816253,12.509180669591895
1550628326,2,263.30530178031023,0.39363184204674606,0.16831088968475877,1.3838209884136883,20.62754890263246
1550853194,4,140.13266284879504,0.3604269094998779,0.24815073191285425,1.1528360098165797,20.05112593521519
1551100568,3,162.05107508480802,0.3905969603427372,0.26650030143249376,1.0807219642305623,18.71681075680409
1551636938,4,196.2244608581537,0.3724190756146376,0.21547072238809467,1.1506594263491978,22.66838313198288
1551667752,1,44.24034153638691,0.3665990082635105,0.36249744735550626,0.9141942614998643,22.48529158774794
1551816010,4,236.47600685499887,0.3888574573693142,0.27310817089334893,1.0432104894731533,22.094290519453832
1551966818,3,98.47369646744679,0.3253272835832238,0.17619559538057225,1.2042604114987814,13.11566087325028
1552546218,4,226.86446477743493,0.35434412711052615,0.2650676766339673,1.0130629006668888,20.005120772895452
1553018997,1,29.345154276519366,0.33111543124691745,0.16059182937709604,1.109830260340607,13.85303276905505
1553515923,1,46.28593466521095,0.35370613730497064,0.2480029260680719,1.0903129934976605,17.94440231971882
1553955153,1,5.746728689692503,0.3996146398567618,0.3202586850329915,0.8267355553606063,16.28928678708908
1553956004,2,268.4595985535919,0.37139713819910614,0.21721661143757443,1.091802090081175,20.93391465675132
1553967571,3,51.695516469534226,0.34943540380394955,0.22648634467447204,1.0877911157017899,12.966740846828895
1554515864,1,154.93745607542454,0.34722024050207223,0.25647435173146305,0.9908540548858156,18.081640252947878
1554954449,0,99.32906500211087,0.361969831122534,0.16265886619573014,1.067964111280125,12.929016589789276
1555593891,2,-43.11310218330378,0.359372654007041,0.19244625530160528,1.2081040536302237,21.7058577319263
1556257502,1,38.36358449934879,0.3622860664612555,0.26470066690657457,1.0403279349573813,18.129722693599877
1556355257,1,111.98956023354567,0.3644585583724018,0.29636606586771247,1.2201970488548688,24.82821594985775
1556370617,1,48.441609670850845,0.3434742268579145,0.24771072378888034,1.0397027192382977,15.641695451792401
1556403536,4,237.373127599158,0.36034365022817605,0.2307191593889733,1.1558407702735258,18.151125093138276
1557378931,1,72.03129650704678,0.33271210591919403,0.270961947292557,1.2466744979653643,26.45160348578032
1558106067,0,240.94399199772096,0.3728129486024605,0.20966807544531701,1.087720537805121,20.419999674366366
1558371855,4,80.61855937113738,0.3353143399948687,0.23717108668689876,1.145845548896234,20.626701676089255
1558525027,1,24.13237410770344,0.36202496383549126,0.23505304965763552,0.9691929909335566,14.4238444016177
1558867907,1,5.5211304224608995,0.3368108450274403,0.2611538675341658,1.114848770999532,19.460687105843636
1558987909,0,12.46937553293094,0.36151230255168026,0.40816071668517784,0.8942309155819801,20.417742588980722
1559096063,0,102.26970523694288,0.3518284706019967,0.20949456424244428,1.0767284848442873,15.838702724885065
1559539391,0,-27.71395863591799,0.30894398720802896,0.14943163016466204,1.3214621321438147,18.7988849955765
1559560345,4,37.73702479466283,0.3652587482636015,0.14780424562967037,1.1651350996284617,13.497215264083678
1560086845,2,46.7976278262812,0.3645608386399719,0.19552515742715887,0.9758697163644154,13.36857534071153
1560341376,2,112.17726697601682,0.3346813407382968,0.2045408069835128,1.1129817024539954,14.34856762189364
1560496789,1,127.58142377720385,0.36875128273141483,0.22325551945435312,0.9541697637304047,14.616062893251549
1560564433,2,197.98682460932133,0.3801194486358654,0.17359059389226825,0.9587588554355213,13.64915128912381
1560692719,3,56.54722135308845,0.3697374636242174,0.2501707780836634,0.9782966712637716,13.416787843327462
1561264127,3,41.57568284786195,0.4499432005416632,0.20732843810970775,0.9978628870146675,18.891849430756228
1561282165,3,227.8885113146532,0.373405412115845,0.2360883793989336,1.1767086192631055,19.738834597606967
1561451639,4,219.50231827673497,0.34727904537875276,0.277040556667409,1.06266545451278,18.93448348755388
1561539918,2,70.74083089257883,0.3762058515574622,0.3124755654751943,0.9737669408345923,16.376854404897006
1561870991,2,68.74790970258584,0.345159366788959,0.17753247864106647,1.0715736659461588,11.979200153690092
1561932824,4,-3.115164123922014,0.3838304117040979,0.25840822567959937,1.2193683745448598,20.49565591569137
1561944332,4,187.4888153932386,0.3929482571037213,0.2092445531997293,0.9774606601421667,12.071458732376303
1562058837,0,23.00453946657005,0.4144326328157467,0.4027589650011684,0.8915619662647849,15.00941608211525
1562112815,3,61.251510368095,0.35253362219773043,0.2500601362421194,1.0873645930219364,19.714975838126406
1562477562,3,30.100874000415615,0.3858022656257478,0.3053497037431844,0.941278604718799,11.655477825907859
1562707517,1,43.75126828881164,0.3708616580198968,0.36984302982463374,0.9080496105757359,22.59201724499283
1562741783,4,144.16107418792745,0.3665688667047392,0.2463017531421543,0.9665956164818109,13.803245055072837
1562941493,2,16.747447045552335,0.3632222575442154,0.24964504268112916,0.9680525943470271,14.514928986876512
1563279330,4,153.31663391815505,0.3953916851374251,0.2567318228155932,0.9940661215900914,14.561678242872851
1563303704,3,218.2265264522514,0.3586846922494873,0.24667291025960053,0.9963351723462394,16.464987183741453
1563844313,3,0.2222127167814847,0.3437231663336872,0.299936186001518,1.0474650222719024,18.30583974392151
1564078436,0,134.2953742157011,0.3647996699565196,0.2620629424626457,1.0658183240892634,19.91194456911754
1564080444,0,324.4721642712353,0.4225090749488979,0.31437313804834033,0.9768775258287273,27.818096757675036
1564406631,2,245.22781952494734,0.37192989960108547,0.1890633993792173,1.2292828960638615,17.38075223457008
1564555962,4,4.548759761303202,0.350226915563779,0.3040305721790994,1.078241579503992,21.69471425678111
1564587390,4,143.7057842131739,0.3905098097975336,0.1878970757716027,1.2165465928083505,20.55517945104484
1565016562,4,38.15356131709479,0.35267669119015094,0.31994258975119083,0.9757505337916558,19.045717834384295
1565300761,1,-32.99296407712737,0.33135561828527843,0.11813925137368103,1.4090507466457418,18.38034752435406
1565790126,0,41.51780201968224,0.35242490156362194,0.29923213570789603,1.045664104750085,21.25222431482253
1566134688,2,188.45577643346252,0.40687133313613577,0.2293870017323118,1.0214402265060927,18.69280954006899
1566591359,3,-37.01945143957775,0.3952098334172078,0.33733811069289205,0.8631419734256878,15.8778220559616
1567869573,0,8.50195781854896,0.40055451099578315,0.2257984695646526,1.0630970948935787,19.979048773482127
1567960062,3,189.81081240407838,0.3289990924724894,0.2533415244568058,1.370951143427448,18.112769250764984
1568651103,2,42.40383659096474,0.40351152118141326,0.30780320697493335,0.881589489526406,12.293253347490513
1568726838,1,81.30584796912288,0.3402331286207563,0.19982021640448863,1.0977136913984464,17.71090489072554
1569031119,3,54.133151624125894,0.3934132919011312,0.23254642840952314,1.1078527319167115,19.167322658182282
1569186084,3,6.732403748884806,0.3513502444910632,0.30119618662953984,1.0119069039816748,18.705877677492452
1569573588,4,27.049251009463106,0.3250416374682714,0.27882862219686033,1.07028976087984,20.358502959252277
1569767963,3,-19.809621770787956,0.4201898827568699,0.25863454429821453,1.0075591660801577,22.791417255929822
1570146193,3,125.93706030820871,0.3136075562508914,0.21143013876057387,1.3022875688484694,17.837477614390203
1570200324,3,6.648665308451143,0.43587340605026037,0.3036815136711032,0.879856889890027,15.851846158070167
1570351096,2,34.47619767924173,0.36482760007882264,0.23298691705447436,1.0800019126414355,13.34173727310026
1570401711,2,121.82311615037766,0.3879950769512242,0.21945653686827424,0.980251089974805,13.537336871671222
1570549360,4,156.76214842721453,0.4022505586440588,0.24489358087192126,1.022866788822088,17.19713954948886
1570654852,3,111.47106432451439,0.36933351828337463,0.19179535097073125,0.9119739180593447,14.54977494238669
1570972826,4,155.45172654652438,0.3498366515751458,0.19066954321968665,1.2636095689730111,21.188354985633516
1571736697,3,19.721035628064655,0.3638799961343804,0.28946003808678267,1.0700300059512915,15.856954350104381
1571763607,1,113.9463346795419,0.3548307660529017,0.28545878621186815,0.9878505228006236,19.52628864939128
1572134392,1,-13.401529358850823,0.3642906576082684,0.1481467323718499,1.2462753451368331,16.362827036790943
1572433772,3,150.69268358245992,0.3685586691888817,0.2669484956842834,1.2548680912859214,24.108356884637473
1572814745,2,169.63654432468786,0.3713773227990921,0.21490655187903462,0.9725312511160504,13.186178047867054
1573303082,3,91.30775712804238,0.40271714839957806,0.20426925949174649,1.0384181359049045,14.589866299452025
1573438487,2,-13.10638060583598,0.37521827984443007,0.3308252294335899,0.9171286690915631,20.353332446918046
1573472944,3,111.88534176768515,0.3412568360471036,0.22338995066788225,1.0649570150720882,13.254456304515365
1573776034,3,70.15517059086461,0.3804506008573777,0.15589007108063063,1.2165476540323172,13.195007818209882
1573828532,0,193.92865731852623,0.34529548291419465,0.22034233555925797,1.0220568782982904,15.714780693962581
1573986676,2,-43.0222502034528,0.3832536531273047,0.2402116325780905,1.0184770126050235,14.161373200659677
1574150308,2,76.16736145932191,0.3506536377707274,0.27578566520983916,1.0750588762310513,21.21209991059384
1574744073,3,242.324248743962,0.38246355762993817,0.20985958102635505,1.1683330180708147,20.37776065851113
1574797277,1,24.194040008382146,0.38667059739911125,0.1202857265121107,1.2404122292790056,14.170390967130665
1575153085,0,201.41426439771107,0.3544990888287033,0.2481922442194736,1.144154152146498,20.989266957385887
1575277153,4,21.750995999610254,0.37301638565481665,0.22813409091805636,0.8923205830007106,10.229295012453782
1575557277,0,49.3968874731552,0.36819002828134484,0.24277676616581714,1.0599358426991285,12.294874824154618
1575613666,4,225.32115981959436,0.36371437240352367,0.22478217738750772,1.1766830431932727,22.04103072482671
1576291879,1,90.61334287225674,0.36935700170956526,0.3488935389135623,1.0543153421458868,23.570842473633835
1576399281,1,35.01329919896738,0.3853368031248795,0.23523136370371353,0.8974551170325701,15.352429215352362
1576797553,0,37.698568706215305,0.3712614349449871,0.32826813609768846,0.9793334143579553,15.952769182520724
1577222221,1,169.57285841606387,0.35205377694330836,0.24585247768337756,1.1723263727903048,21.862337421000735
1577413316,2,209.99322978890194,0.4134544597212099,0.22456403626623916,1.1267407484186687,21.621351609588334
1577441045,2,23.210213076568635,0.3816407785266308,0.16791109411853522,0.9038972776684268,10.530649286794958
1577638731,4,-24.00357905153075,0.4486342823358071,0.19707059650728315,1.0431628277979148,21.351874699211315
1578441092,0,352.69932000975757,0.3596994227556769,0.2500854362656657,1.176007486887795,19.875033511492063
1578457961,0,114.30949630123234,0.3418924880963273,0.26868978223537543,1.0649260153181486,17.519239198077326
1578702981,4,30.190616596131946,0.35302774961329525,0.11955177606547723,1.4058408690519126,21.413894857199377
1578799819,1,145.2288459230471,0.35653445366618197,0.21706109263824108,0.970311761355466,14.718398739905536
1579112957,0,57.26186200524177,0.3593798999630539,0.3391314095254513,0.9642414423991994,20.666654661838447
1579365390,4,235.50854882135306,0.3817076151693319,0.2365206345468326,1.106780592254355,21.884555243034725
1579852324,1,186.5871992992175,0.37533900229722333,0.3306992539451936,1.1145332429718193,25.059630631966936
1579941096,3,168.711210909077,0.35305106240323786,0.21172516053741935,1.0103742044577446,14.75155664039453
1580080124,0,95.86089839334107,0.3667344948242579,0.21870649846602774,1.1715351501399156,15.670523605619868
1580221416,3,186.52949893220915,0.37453015837616543,0.2176755707197104,1.1404518251916298,16.399588908363253
1580258863,3,102.48304971640745,0.4106537851538134,0.22210451427467312,0.8748328863080874,13.242899643387982
1580474538,4,275.81360163022816,0.35408646125357673,0.20588581288498442,1.1039094687301712,14.130061245600771
1580553227,4,179.37965711264002,0.38453132131275386,0.3027228839831174,1.0909244719196438,21.69420750963632
1580795142,1,42.54130417409365,0.36586902236677793,0.16973434407555893,0.8731732288690459,12.172683505272754
1580898665,0,280.53952672784965,0.37714503778824326,0.21325541383861182,1.1383786417792587,23.984220255871993
1580966726,2,110.5433335219501,0.3487731629426131,0.30300944354881365,1.1453314850540341,24.672843406981738
1581168714,0,99.24979956428113,0.3382495934414766,0.2661538193384328,1.1054965057519914,20.873874779946583
1581284687,0,135.35310481666824,0.3479166244306916,0.2368159702563993,1.0018478976237457,16.518155597106677
1581446027,1,28.404257942548853,0.41004206927804215,0.34165215190373577,0.7765295910569596,12.30075243717491
1581749502,3,232.7799640624171,0.38416375829578403,0.17987608573917002,1.0587037008855544,15.809648026926391
1582367381,3,80.19538487754704,0.35010995493415953,0.20543200682258775,1.163051820303773,13.871803891525186
1582377269,4,-8.530740697315139,0.37942935102582115,0.2859210936882438,0.9446479480205724,17.111738563779934
1582774157,4,170.07647319452386,0.36638856327830227,0.27590343358473807,1.0348907218388175,21.557045902777908
1583167273,3,156.34945810396147,0.3614556422929388,0.24927497916184882,1.2580748931982335,19.6897289865836
1583422885,2,39.59246086764698,0.37517759221111613,0.22111545033528573,0.9775144631320363,14.152320764078581
1583607044,4,-12.1338282059086,0.331276733732509,0.266963108616753,1.1227790352205833,20.445379120501357
1583883601,1,160.15354048127148,0.35529475057846077,0.20631501441839287,1.0474121262986296,16.062256932269502
1583954692,2,-4.042152635792618,0.41833198108354136,0.3089148109608703,0.9017535431646475,15.160146794538933
1584418791,0,25.592105017851992,0.4285704659374078,0.203422619550963,0.9050940649093876,14.319733045011304
1584609339,0,185.03868478876302,0.3920492587645908,0.18726698374727813,1.061718296708241,17.724450576528326
1584656772,3,91.79919054417815,0.3549309765111134,0.21364810331785872,1.0755084926416774,14.712328205064455
1584683487,2,55.39580535011741,0.3611012711247064,0.19898632426262564,1.0464765269138288,12.030279451953962
1584732566,0,167.0538157474068,0.3541075324890908,0.1642565102103729,1.056922313573119,12.976462370949951
1586829326,2,207.5173437873877,0.35361683068093613,0.21696795796708662,1.082641586459377,16.95834015475387
1587202589,0,129.18925906414913,0.36651227514978824,0.2654515595273309,1.0303534497590845,17.8338054789816
1587391923,2,180.52299335730856,0.3475489609682351,0.23775119615960627,1.2024731660880332,20.079833032432084
1587431956,2,58.82333125225372,0.35336313332394803,0.23718294972025508,1.1947078459817226,15.832918701221942
1587454382,4,85.34112599070461,0.3545418026777739,0.2876201377374345,1.0474813747657223,20.732932452956454
1587941896,4,47.023239113728515,0.3519474716845533,0.2958491616266247,0.9247862729433887,16.358397752264075
1588269269,0,153.24168950487402,0.2951961097800158,0.16717204187746043,1.233862839766452,16.49609653307723
1588320432,1,-19.598325825127887,0.34629778201853645,0.2614458690214328,1.068205332524205,15.981877852447388
1588395205,2,337.9100774818263,0.3818244739000535,0.14467606319362883,1.1994035618116623,18.37291290596997
1588401171,3,75.39176294991566,0.35252132595537217,0.2591534603341111,1.06108614863091,14.78152062082138
1588466256,1,57.55282234188859,0.3986118639732346,0.24125842064773642,0.88563213408468,14.100764827539146
1588472676,1,58.231773801286295,0.344112748959376,0.24436254548961303,1.0776859835669936,18.096213337340412
1588623527,1,132.04328805076585,0.3539768904438353,0.2749192924593679,1.0149473605172632,18.691137048677625
1588749798,1,37.61512534719677,0.30841350736890283,0.2259094911115918,1.1390006290331736,22.154411850117633
1589240697,1,61.34576987989061,0.3583815020295366,0.21988140654559812,1.0139462960136043,14.775898118190012
1589532910,4,28.895245730653002,0.34503561405343863,0.20253090928726036,1.0143140624123839,14.798799630681712
1589608719,3,13.703473571594827,0.411377893339976,0.38980682774424813,0.7886430991573393,15.087098492201967
1589952649,3,46.587047331879184,0.3203862632344261,0.2563540540442409,1.1801781830874332,19.103971619918592
1590006077,0,-9.167348674692533,0.5008417576692236,0.2606663111921476,0.8994701092112236,17.45290103732605
1590491705,3,263.53603155348355,0.3901459097613768,0.2603008158105068,1.037712991990906,21.30963109870799
1591097153,1,29.387218994650794,0.33125581383355635,0.25114503573917785,1.0968962735161922,19.576298603678783
1591202562,4,48.39183323291776,0.3312038877576702,0.22147712699760919,1.1050851438573965,14.60946260111504
1591469994,2,16.009576509285594,0.40306626001793805,0.2286547620520999,0.8186997917138743,13.451973865565302
1591544351,2,52.36682502844871,0.39738367012916914,0.3218809983168936,0.9266259763418254,16.236400206626463
1591651244,0,51.973856682492055,0.3731689718556632,0.3493340577361802,0.9006259726501424,20.55615449447023
1591681848,0,153.43295627155032,0.3587084509259814,0.2835109598376973,0.954698309424869,15.316024381892806
1591697879,1,254.69344707309716,0.3550417777948383,0.27457889809008196,1.249928742190836,23.59038902924851
1592713963,3,40.489458372808684,0.3515657382248591,0.2596510920345409,1.0253514420520105,13.91312956442335
1592724652,0,89.64185972966011,0.3978244556877835,0.21491080295626275,1.0085110614499062,18.50313798636612
1593705376,0,168.70931088558487,0.34205605673699935,0.1806850518799466,1.0585980773231753,13.955149630345003
1594377223,3,92.07855141565283,0.34742552109197866,0.30521347865759635,1.2052582525565276,21.893137848930092
1594695636,2,89.78771431899764,0.3433233542548598,0.27886329506399843,1.1558159080530268,23.665873494219653
1594797785,3,210.91785033761823,0.37986515053877,0.22978953740457483,1.327610982781969,23.852638538404136
1594981326,3,144.30822381757758,0.33752192893453725,0.2561900825801546,1.2865018103106567,20.443171053204566
1595107250,4,134.46187256476315,0.3717003165091054,0.22985747615030153,0.9990300817761368,16.806144816709896
1595192960,2,114.07467863187672,0.33666888290737185,0.260098058905851,1.152149600910171,21.50148148186211
1595605865,1,66.07344386415355,0.3432234223246895,0.19434453273315896,1.0416954023280447,13.057151220898955
1595837642,4,217.62417676123323,0.3672648747454275,0.20627280688392646,0.9931794850225185,12.997354132121481
1596320590,2,32.518051312082875,0.355943606474571,0.2848493921763904,1.0177194372132896,14.805008656559119
1596743017,2,34.47766259620558,0.34712784113983536,0.25721027074016284,0.8988525734748197,22.44031576367362
1597060488,1,166.31437946193356,0.35152962368859,0.20698652751654428,1.126188262254309,19.125129345320076
1597874068,2,161.37397859906878,0.3776743675717494,0.25380474437300066,1.073160806043196,20.976500331450517
1598034786,1,57.76872554238248,0.38240910174686715,0.2831323122681821,0.9529471014386195,14.737139912113507
1598043126,0,93.807704878654,0.366342928015955,0.156598790145271,1.0554075678850847,12.613344154621796
1598367606,0,83.40775958071907,0.3439505658943282,0.25842742374732547,1.0791847555529699,20.71923540899159
1598423326,1,8.43677334995165,0.3598377344466081,0.22929482402970675,0.9976338454175206,11.985480126145848
1598641133,2,325.54398093143516,0.3809177844440587,0.1509913989917644,1.1098990808337703,16.454460881411336
1599410150,4,46.72454181658097,0.38362301107011143,0.14841517315417027,1.3454136732050255,19.695982132820344
1599847368,1,180.67286563446632,0.3431181424045417,0.22403474896918957,1.187373089165055,18.24236796666912
1599967213,3,212.4214541126181,0.37377460974848076,0.2407760342350085,1.0683500835483706,19.200516601684505
1600032316,3,183.30128283416312,0.3638990325327769,0.2995911095002741,1.1996502640179674,22.33337124647104
1600783315,1,188.7385939658691,0.37242371373593386,0.21112013418975994,1.1149786336329766,20.13867439458464
1601240060,1,187.20918729506846,0.3784158592960606,0.3409189868958739,1.1298156973603453,27.984983589397427
1601398939,3,10.376452394387144,0.3782906768645714,0.27983817846694425,1.062085451216971,20.821530776877083
1601741460,0,124.83083205794901,0.38384675523705747,0.28455854179363504,1.0362445935394475,20.474539823711382
1601815856,0,17.953625240012826,0.3302470963150175,0.12523217907455428,1.343812618360667,16.0178210450705
1601908846,4,158.12689890795346,0.35700085850730606,0.16393768357050015,1.1856040629704092,20.709936010803844
1602086005,2,49.86077258871576,0.3950255407183402,0.20600580006866365,0.9905546164343134,13.572917605138631
1602099447,2,56.958132510046944,0.3554573977272705,0.24481300876958187,1.0452175599641862,18.60401105962357
1602838431,0,138.87046896216356,0.38333569683736535,0.1586696806040385,1.0050911018927653,10.698450713625123
1602898253,0,149.63297588344187,0.34332907815026714,0.19309829174203563,1.1426570037450001,15.450916466926339
1603135089,4,31.04222840220831,0.3473400405367729,0.3524960244542492,0.9264632050098196,19.7610977456967
1603270914,4,102.31465259746186,0.3410651263654149,0.2251453312271962,1.1437071649565074,13.679786270511762
1603750308,0,-0.06284542677818195,0.34397138414475265,0.2860737950557437,1.0544710635825096,15.636040863406535
1604219408,3,126.11398473992367,0.34315333147783683,0.2753254455669055,1.049750604618326,17.291353190036006
1604312905,4,67.80692459972349,0.36022008980538806,0.26227859870630227,1.2166289577981597,22.3489287273436
1605023913,0,43.84161630200323,0.3744587991558421,0.3366431281129834,0.9566968174018897,20.579345867147484
1605095414,2,-38.433886119828216,0.33337079933890507,0.1943219552521301,1.4386398703672754,13.902968005460036
1606219609,1,156.59165210523497,0.3702783558858873,0.28175566119928785,1.182309266311716,23.237830702221686
1606350633,1,45.6797621591811,0.35203680650110414,0.33859070379666556,0.9385753295939814,22.129486059679405
1606377766,1,77.95882403642977,0.3505026943204654,0.2970873942930319,0.9643669931877735,19.017716129025146
1606526460,2,232.02335642175973,0.4273996967285526,0.1910232645641895,1.189193774328533,17.709288045474587
1606960640,0,16.30064192474694,0.3450976029448608,0.2159594858848216,1.2248999331366377,19.52680470645943
1607403554,3,40.644086851780706,0.3468060683249039,0.272200327216819,1.0751285561768564,18.892850234536983
1607507482,3,6.924822431247293,0.3346002464682342,0.2100797075676433,1.097361116111014,15.648714580267255
1607608174,0,69.31306394567332,0.33349896399889867,0.2544978514796921,1.0677623246570376,17.590168507101712
1607796915,4,80.4511410923068,0.41276491455562403,0.20090469320040172,0.8823749666140857,12.225144035368324
1607934568,0,55.2637003031266,0.3245556399577044,0.1398781029180463,1.4192070240521144,15.559129974069789
1608160782,3,37.05201309881274,0.3987434904070359,0.32021762253306313,0.8660475352132694,10.307780302286616
1608321923,2,7.160189463228505,0.40533686140244957,0.1892032716387535,0.8431448952155591,11.262263667858507
1608343989,0,5.811460131487621,0.39043289476119825,0.2164875415049648,1.022359186633722,13.166161746281873
1608850279,1,133.8711082162252,0.3657114295668215,0.1917558069582601,0.9537409728478625,14.869327235346944
1609267020,2,111.64377355002983,0.3285436259087183,0.1974810144890003,1.071949834953527,14.504976905910304
1609304413,4,46.30173511627296,0.3478678860014505,0.22426288095386782,0.942175691084767,12.626025395175501
1609366983,1,57.239945390525264,0.4380694337469499,0.30370039587625985,0.8914670576472287,17.657029191656022
1609819225,3,134.05908436029432,0.3644652725807828,0.2828538368083168,1.1342950327708823,19.623135799703537
1609876819,1,-35.286922391807934,0.3492567427053948,0.25473750158406433,0.9855833141501367,19.718203091381675
1609935858,4,169.51706850147772,0.3724524765827085,0.22977220832964015,1.0045889662663698,13.828131474324373
1610540990,1,121.63399497987454,0.3614507144320717,0.2409817794046643,1.0849950168379137,24.42979759802811
1610776533,0,164.21322020270932,0.3742747020291382,0.2193146570019817,1.0482868188691026,14.945951241364765
1611088763,0,104.07371519253167,0.37321455488483873,0.23091954350512145,1.1352405113127775,15.873642184152539
1611331043,2,29.650449227242675,0.3540872953910591,0.34171184839194046,0.9354832761229747,20.41056760262803
1611579500,0,100.65498037098806,0.41758998446035495,0.12136002452999406,1.2652705527477106,13.34565144490856
1611681441,3,34.18973926379647,0.36866382948938564,0.244936930630095,0.8495107425122899,18.760491417952892
1611694557,1,-13.402373555138183,0.3717904310610702,0.335340032625017,0.9178696975589319,21.763168359923707
1612093023,2,312.80279781806706,0.38076971484002714,0.1703984261669999,1.0173468135072736,16.591099804530952
1612493686,2,101.74853328335983,0.4043268514783819,0.2107189943334253,0.975076238081904,16.527143832390244
1612521768,0,114.65927257334698,0.41262140740871733,0.36355555273006757,0.8325031852496734,26.114747442106243
1612716794,4,201.27654829634682,0.3393757316298923,0.2334885376368303,1.0633936494588987,17.213612808096904
1613645225,4,115.11090331112835,0.3449405266442378,0.22081941135206576,1.1079511086029257,17.279313649744957
1613665911,0,20.749731272081988,0.3182903802371751,0.2694483185352976,1.0950048400154422,21.76153731813529
1613802032,2,30.64009558464919,0.3373828934588239,0.18453083822030325,1.1180853249006306,13.739427448355677
1613873087,2,49.127544347179395,0.3519405917985472,0.3011195680066019,1.1257795241131474,21.055088495802
1613930825,1,94.22769549188071,0.36668664581197546,0.207527548850016,1.1087638105167215,15.593709810061467
1614031170,2,31.434704525173416,0.4185841187374613,0.3400661579853511,0.9298172712965563,16.274962949057127
1614212128,2,199.03753630164712,0.39079550588246104,0.2780220641343398,1.0228011701099091,20.707947498586
1614580924,1,71.65989630759015,0.3675549006680119,0.20675920671953318,0.9103228193453516,11.392918363094104
1614865951,2,36.998309949393246,0.3414555632189377,0.22370651731951863,1.1099295740065123,18.06100679657836
1615078461,0,385.01448726425843,0.3474597049472783,0.22692953023188486,1.1069201600895886,19.13250383008325
1615328669,4,40.211797353387034,0.35236338249462784,0.12624704017434088,1.1814058699576722,12.977712657436818
1616202781,2,-0.9013977933771002,0.33524275496129535,0.20425938215647899,0.9937325594349934,15.269742047389288
1617425937,3,29.42877496585858,0.40997974520788694,0.2627677623819675,0.8624707926458606,18.032557529748665
1617530326,1,215.943492045159,0.3869446691632301,0.2322676694887485,1.119251238573282,21.06268877012252
1618024485,4,17.749833080535637,0.3996662641220818,0.17332363303921938,0.9150632868080317,13.268460785079514
1618337987,4,149.72839359546106,0.3811419597896078,0.2574172106486856,1.1343600195343952,22.12004086445441
1618366828,0,102.75473035074732,0.41638985648222776,0.19673827380491676,1.0338045410713832,18.01562150128552
1618451585,1,178.5315089892942,0.3415566195375754,0.29328867880302173,1.077927971842606,18.903027565895766
1618749599,1,219.67734584304537,0.373651221621703,0.19643921031572437,1.0595376959704583,15.1203714825828
1618910183,1,200.03241018505702,0.3341729819546804,0.24617527132214545,1.1510026480426088,20.239374762711943
1618911351,4,35.825021730321744,0.3585657690739042,0.24668340467340116,1.0205496110895065,11.914792662313452
1618992612,3,33.94991579128981,0.3327849510960948,0.24985974050336276,1.1813004106442522,20.389888185744265
1619024957,4,57.21093871253373,0.40065470563487204,0.2646093142059314,0.855587850529155,13.835729891038348
1619167656,2,230.28817584211816,0.3821464181264648,0.27634709810743296,1.1448138710566047,21.507748210484966
1619197321,1,101.26059954252244,0.3407430649621038,0.28085309541381037,1.087768105504809,22.237058741615805
1619494019,1,109.64828240860902,0.37114489351568825,0.3164210632343138,1.0764487314538553,26.85026103607217
1619516534,1,-13.466070803133363,0.34514729835439306,0.15144703227615072,1.4324730959805319,13.34195084929661
1619538915,2,197.82915613906334,0.347504656437289,0.20554034941206403,1.0457915988650819,13.807497615169236
1619869238,4,26.750501946141142,0.3630512565727059,0.3774226498011706,0.9020460564043473,19.79612664208018
1620174791,2,159.79874524940675,0.4005791682620434,0.2937588237941287,0.9615041586423634,19.78294425678715
1620481410,1,143.98018068478018,0.36333659562478243,0.16227716186040414,1.2179773331583466,18.22237537145626
1620933064,1,3.467121711897178,0.38169748301940076,0.37161406598030533,0.8794196911809721,16.403057782801245
1621708323,2,-25.41653903068135,0.3644960840712116,0.29421225008133595,0.9384586792356374,16.676796138004754
1621972035,0,94.20645614951853,0.3546186580675448,0.1783436865444821,1.0806895506402174,12.16325518124983
1622243076,4,190.9812462332478,0.35437889363532676,0.26650478034943076,1.0446303380165884,21.071857556260234
1622288666,0,21.925750978492033,0.37695205918137054,0.2425820436712756,1.019504223015018,12.43281712542294
1622533278,2,229.90260427161286,0.35568493240986204,0.21136277703719933,0.9322783416060968,14.981944290380673
1623779443,4,72.3289393534485,0.3608539907471804,0.27613008657103344,1.1147379381413507,21.810942965063848
1623821086,1,147.830665475993,0.3072308483079268,0.1589671265900643,1.3024744906905985,17.66588779475015
1623930170,1,206.5964452269053,0.36886360069056523,0.27013453447649827,1.2468697106566269,28.07785703432766
1624065789,2,198.4339905125384,0.3766595700763673,0.28000534526696164,1.011328060149087,17.802998146906578
1624256779,4,-39.88933676674108,0.3516915948770147,0.20561490636863833,1.0092079769970657,15.763814179920672
1624258093,4,205.80749918593028,0.36463195805177784,0.2544015343248853,1.1424732166867266,20.696347597278184
1624614703,4,280.5375756426623,0.3892094596010701,0.17177168100430396,1.0507697232870161,15.279596912733316
1624631059,4,23.233883361136478,0.35482633218889414,0.23030759646888546,1.022336110175029,12.646019583731867
1625056718,2,46.39355150607274,0.34360285125190965,0.25440937931272795,1.0454792855695698,15.884788827153805
1625717733,0,169.0421405723579,0.28199950664566065,0.21487767487228693,1.161575218084568,21.410823397415378
1626154089,3,187.77152447829508,0.40314959987113835,0.20163840752138878,0.9486064075536567,13.822957090796631
1626255936,2,82.20779396426539,0.35448862491811484,0.22280377989421973,1.234742785485274,20.78827227327865
1626278445,4,217.33498502786267,0.3745901686329613,0.2071629627425564,1.005163580072964,14.695557155121525
1626805714,4,43.66719596637392,0.35467427345635477,0.2533004849558793,1.0549252291610742,20.67006343769171
1626973373,2,43.832849525160384,0.3558741880350845,0.26615447376253815,1.0636746002416126,15.076285772521397
1627008695,1,153.0874856503471,0.3697366387938488,0.2352337569811981,0.9323965049885994,17.36597060509508
1627088494,3,264.8799356394029,0.3745866233748343,0.22992180658670947,1.2974187308559453,22.659933679073532
1628056427,4,274.9032675700496,0.4052466747203142,0.18110642959155143,1.0797262023038994,18.643777356301765
1628304289,4,23.767107311472117,0.3994946305198068,0.21337889711317076,1.0169597087062634,17.010425271251407
1629034930,2,198.70112083370677,0.3713217189365221,0.20955383989599324,1.005281822871737,14.943651252359725
1629642981,3,62.76264412174071,0.36539814695043793,0.23733358409386351,1.006793929863575,12.453032610577157
1629866625,0,132.72370294790218,0.35378859012096986,0.2913853372596684,1.0990355517591182,21.460171918692975
1629965547,2,81.32764845440138,0.3572313161516359,0.22561441068627155,1.191510127406486,19.46606941939583
1630109402,4,164.26780370493705,0.3143274453481173,0.23524907097067707,1.158243567939591,16.902033459186285
1630196267,3,16.82154619317481,0.3714607054000281,0.37044276041880847,0.8943351373588333,20.843178125568404
1630481907,0,232.07995305320838,0.36821879288357373,0.18094870749360015,1.1886260212870716,23.334018799793782
1630836772,4,263.4423142037843,0.3352245124432725,0.2859877084195903,1.1020125296689651,22.80436437517254
1630847021,0,76.59601064260298,0.36008318053676086,0.25144330249839547,1.0304665150088517,16.492073283905327
1631091445,4,87.37732338708605,0.39818066400871516,0.1908421686929062,1.0514422244799064,17.37802944458777
1631230577,4,232.3057885518278,0.3689132235104756,0.2628298531574244,0.9863523722660802,16.75060636908666
1631608831,4,40.41949618668445,0.32282252884104146,0.23671275707994072,1.1532837882944111,16.705350671423208
1632405014,0,170.49894525781812,0.3743607902688138,0.26814536168531417,0.9779263005716708,19.759581078773053
1632457388,3,195.35126646130723,0.32739419637853073,0.2203817343365152,1.1035620066688294,17.228307585006622
1632465618,2,78.69008750255318,0.35566789668755733,0.24084542440618337,1.1138493701960543,21.51953175514832
1632814958,0,141.62235178743674,0.365955180936066,0.13859523816770553,1.132444433780554,14.145689815589137
1632815353,1,258.6734764227197,0.3798989302832074,0.26699089689377786,1.1408783698959053,22.32251484975685
1633207070,0,91.47708048221679,0.38468270446029906,0.22219082694578463,0.9244226486316012,12.378547572035865
1633403102,2,173.0949148673409,0.3541688920638122,0.24017528521582732,1.0227070181864975,16.66114700569315
1633678871,2,119.43040826971159,0.3513287848243503,0.25316089912591677,1.1186463956979689,21.25455187131104
1634407816,3,90.02374585419513,0.40130589378065407,0.329422187724578,0.8154013337155477,19.17926448836663
1634561399,4,208.90693417132277,0.3618813412497406,0.20082268069481035,1.0405551529224306,16.53777713329027
1634574344,4,204.9627658102793,0.3648333547720175,0.1754184805325787,1.2137617472251323,19.808218254017383
1634828189,4,248.40312756341666,0.35990617225735944,0.17293773218311567,1.1820157639320625,10.951186457149243
1634832271,2,217.2546332820931,0.36720974325849554,0.25302383094718234,1.029014037669913,20.38904940150461
1635058755,1,299.4466929495677,0.43953181904616906,0.2929270288845506,0.9107140557632634,19.44078885203339
1635294822,1,151.19231444983637,0.37045995102469803,0.23182316890101695,1.2468063970028767,23.20381209352842
1635582225,2,331.1771563473922,0.4146828065616725,0.17177553486473157,1.0845151886962328,21.317842041839057
1635861860,3,241.91565219195684,0.37143372651929385,0.2900871769105763,1.130144709936522,23.49239262143472
1636249880,1,137.997955171731,0.3491990642613945,0.2338238082561821,1.1006334893142578,18.83457448177643
1637316087,2,214.91398081881627,0.405381060160429,0.25414545590985865,0.9939527894590982,16.850594646809135
1637447040,3,61.222259040223086,0.3695786087612957,0.236012838192637,1.0749586709094139,20.226479551068604
1637633691,4,177.45411072291756,0.3757353696034371,0.2512038517279569,1.1495292677928215,23.102516424617363
1637714713,2,-16.247718702227857,0.34772359213624104,0.1825223243739398,1.1208771333293774,17.630627174145395
1638121977,2,30.626477282503714,0.33290084825513727,0.22266834921305276,1.1246915015675958,17.047438864874486
1638169555,0,136.6161637898032,0.36948962018249876,0.23377084135822096,1.0219694286200085,18.639949119138148
1638182470,1,241.853749164938,0.3300527972617666,0.22868819173766874,1.1053852751182858,19.281805430294522
1638745393,3,81.21065082934047,0.35053630349131404,0.19319639210258,0.9739995681412124,11.208761190746419
1638921879,4,24.774405887102233,0.34505407327510185,0.24919125921427443,1.0319417648030134,16.447804235286327
1639290741,1,122.7387214535038,0.36029610749450963,0.2454636971927435,1.024101699847161,18.333887591992497
1639497900,3,38.834600244139544,0.35627352639747695,0.26974437849739347,1.0094002785270058,13.92916865031891
1639513148,2,112.88094424792003,0.35179969682862905,0.22037590078031194,1.0734761588079231,16.39780492661789
1639677802,3,120.03170128092684,0.353991245056362,0.1648142262466522,1.1536977607030527,16.19805726229263
1639769736,3,18.40938951632654,0.36483817629947435,0.3593384059600492,0.9021177060382695,20.738942213107233
1639915624,4,40.68426075650283,0.40738910282311497,0.2586889363207767,0.8624442358450839,19.798151398293054
1640063479,0,55.485687584582585,0.3437329228289887,0.2127256091555812,1.1171701542223043,21.974830505076802
1640191566,1,92.35045480616691,0.3957140740964558,0.2126051425869368,1.0001041390918792,17.789116371012728
1640510001,2,89.84098710951196,0.36265906534935727,0.295832719814607,1.0095865159112123,17.64591207514146
1640870840,2,53.34554893784462,0.3544188452370557,0.33658504150631746,0.9439000766874965,20.037195264994068
1640890711,0,242.3817541723074,0.37335634954523517,0.25021150478840876,1.1849076015106539,24.55061767389529
1640897195,4,151.23706698261785,0.3788466495205067,0.2308663424984851,1.163052040957774,21.901123865539653
1640937510,4,128.56376406733045,0.40936831658493433,0.32905588045989664,0.953741953577861,16.632281695594898
1641068572,0,142.54456230929227,0.37926646157575733,0.24269218778328758,1.0803369855774936,18.771214002173664
1641679741,0,56.437799977362914,0.3444822042837696,0.25105662555749814,1.1568874694096196,22.88706006056245
1641687238,3,38.087715893714474,0.32694456981053166,0.22803654632249942,1.1034153753608231,18.208285216573685
1642318561,4,118.07382118843026,0.36966065778083873,0.2221289857552982,1.0032888202505985,13.43489596901455
1642394880,1,49.00929210240359,0.35174260186077366,0.25122180721320053,0.9988552525879674,14.715440979925399
1642545320,2,161.73548755203814,0.37327234409926946,0.18685900122417212,1.2406559005017788,16.8626708300935
1643898977,4,222.63276120060218,0.3688857165486791,0.1946192022581553,1.2206879866152902,22.868913246060423
1644429324,4,3.060113412873278,0.37670671788743465,0.32741252775148416,0.9162583380622269,18.73649227154729
1645271820,1,-13.647797244555903,0.3754352573467367,0.3436184037826364,0.9103683960078258,21.89379038043501
1645416728,4,61.02739992129488,0.40784799617768797,0.23833697710941074,0.8663969832938134,15.935609554331608
1645801286,2,21.342674536433478,0.3613139128839498,0.2611516163455626,1.113347987590927,22.438349610996696
1646057229,1,116.20811790369189,0.3679248316289689,0.267690112516847,0.9332444380772665,13.648845206881195
1646177027,1,173.3532881059923,0.36959348578690754,0.3324504191370722,1.169708015570169,27.250595160060286
1646241575,0,37.189299898491186,0.3415472967466777,0.16086250573267552,1.2332772654901227,13.183451694752796
1646656305,2,16.095369099992908,0.4174404512242641,0.21151747239563046,0.8253759880825464,11.759991401602257
1646893921,1,43.61352579301756,0.36462806141303294,0.201587542303992,1.0383706244707633,13.451557537334562
1646933225,2,220.56704112615304,0.36385855006382,0.2285200377424326,0.9583661685468529,16.064285431944068
1646984336,1,188.3600642649543,0.37348181027761845,0.22192511948694926,0.8927704091443575,17.236809784093904
1647029479,4,62.17141943432736,0.32290168315587975,0.22589536117787357,1.148817163322982,14.655148814103008
1647212497,3,123.251892974045,0.3562228930725736,0.20316308531730987,1.0841321273683833,12.892381496783024
1647532424,2,71.81251768647851,0.33932161333634164,0.26069060358831403,1.0796947964354056,19.354336901757215
1647821918,2,30.953302969949192,0.3426218733180552,0.19003096779480927,1.0364245411519997,12.396936004842203
1648167915,0,95.29449712140634,0.34506414792148277,0.20505035161170576,1.1378523251886097,16.930343412193476
1648532900,4,50.740331915313774,0.44400033208505885,0.2108609470766729,1.2517343412603688,14.938446000728874
1648622866,0,23.6583038462727,0.3690650418985927,0.21970201977334164,1.0435083504429166,15.033811869385685
1649223775,0,32.767403335589236,0.3067583808314881,0.2291759334253115,0.9938997582168011,14.32059513775167
1649295248,2,135.01633465946304,0.35675095987636524,0.24448608184510998,1.0003833041658328,14.969619204090238
1649345915,3,36.15513718616831,0.32185132086855595,0.2775013205927104,1.1067122700542513,17.695315000261914
1649518604,3,203.22756399196547,0.3811342707153943,0.24872705717124477,0.941369845843591,15.09400650188769
1650000609,3,124.63726873472476,0.35875666751822927,0.22621178041723988,1.227955456700748,14.742960271022028
1650198770,3,156.0040011244528,0.38845017413376287,0.24545552768457274,1.0998860976653504,20.596585954838197
1650263868,4,22.977427262311735,0.3480410356290185,0.20883305994070467,1.0357422273869568,13.786059462338219
1650643323,4,89.61941184489277,0.36091284968774223,0.15613760571594454,1.0627393794599607,10.536569068596362
1651023431,2,38.55892125750863,0.3708959123796788,0.2153909889453379,0.9980914436590272,18.58897687234375
1651258408,2,18.84632038956309,0.35223305046592196,0.32988426232652013,1.0242744353065674,22.59602625284896
1651483269,0,123.65919160300369,0.338446747880183,0.28966519377359873,1.1462655622825262,26.636578065177147
1652170327,0,277.7199068771049,0.39454573620495115,0.20689196387142944,1.3055048037103276,22.621473030047305
1652404686,0,290.8763224059507,0.3479987885349611,0.18840111568565207,1.1921979814323271,23.58208259992942
1652549742,3,-1.6221509880482046,0.33842354499380534,0.20786982565250212,1.0840842101186356,15.920645523903932
1652695363,1,189.1683558289734,0.3674909366231781,0.25364754994631483,1.1755563917414091,21.159791877358177
1652765029,0,-0.5720682063337392,0.3643587459602208,0.24352964534046262,1.0374641408234002,15.445784126737346
1653502391,2,90.18264508121648,0.3582331663187902,0.18961277446179847,1.0621464231615096,11.509952662398995
1653539066,3,5.500119736841185,0.33417098729036315,0.3130772007838491,1.0163187403392817,18.07922232392823
1653668180,2,95.72243543173917,0.3665699443202261,0.1781937868498516,1.0348837675087588,14.148968025265443
1653699030,1,43.32262762390148,0.3452540752535688,0.24618541841303987,1.0151648083607359,14.845893158606232
1653991852,3,143.4214201700695,0.3442892681532899,0.22829778543125692,1.0897364272878634,14.707000474614862
1654010569,0,27.286947664686267,0.3312910865192448,0.2017372673202755,1.0565820112839786,16.3780748898597
1654213224,0,61.6539717676403,0.3789016719419977,0.23634061816960203,0.9050296461237146,12.963841377455061
1654272225,1,126.67847010918035,0.40182047794098236,0.17292118910574833,1.2941376111170646,20.807948688199517
1654827899,2,264.3098143320907,0.3370895097261811,0.27903972204864336,0.9898503196030054,21.356767853422717
1654848941,3,109.52380650154232,0.33803409037989196,0.25741462889060285,1.1255157191799359,18.648997956211318
1655220585,4,243.36293987456722,0.3861802578865156,0.3528082882079787,1.1166541436616133,26.02363299426179
1655318742,4,157.55512856999388,0.38871363210210325,0.1080341766278416,1.2528583057729863,16.985727173023736
1655336489,4,158.12851013013213,0.3503982857370329,0.22675998625683083,1.0729323189252733,19.20140696515535
1655603853,3,40.576210140987946,0.41334958328333227,0.22811479153027936,0.9649740283522044,16.389883439525605
1655950813,3,-1.0969967807837264,0.3502964346130582,0.25226010904619794,1.054411622854024,15.213565069904279
1656073293,0,129.3434468533334,0.3973761476259165,0.18694063776352388,1.0631949163184067,18.40057548469775
1656097465,3,168.18396541226846,0.37116288752383125,0.23457074588723223,1.0937558911406142,20.2082030938834
1656589637,0,121.60910355131335,0.36930319934242406,0.25664983260630286,0.9866301496581599,19.751166898842882
1656633508,2,-0.850152827734064,0.3351105997068453,0.22548750462479394,1.1014987041463462,16.827544724164877
1657554335,3,161.88380532846423,0.3557639330445944,0.2875552812511666,1.0422601110631466,22.87240448066985
1658493417,4,197.2882686839298,0.36044854382629743,0.1915396956360838,1.050697539866303,13.751665395114646
1658830563,4,138.53116947552587,0.3813623992878519,0.24001284813799184,0.9407681253476519,17.154866345492028
1659755878,1,43.31906617081416,0.374152308588199,0.37617417633542205,0.9030588426163861,22.68451277819739
1659835488,1,81.50883265807083,0.3526967048663989,0.21227332345257022,1.0315689114652327,15.01128387705244
1659919472,4,92.86921786080374,0.33330557333493244,0.27536233323830817,1.1948651059202178,18.645585433462916
1660751847,1,20.062609330847266,0.36094763032356664,0.3037351349074091,0.9912943074284294,20.543485571068544
1661316204,3,245.31332287599813,0.3979667893562163,0.2947162219139072,1.097794024277671,23.0189748169019
1661521840,4,229.78495703941766,0.40927410669094916,0.2608098604954099,0.9526516044741115,22.430490461625453
1661804021,3,318.1619977232464,0.3897979219297037,0.25245938834998877,1.2250960983469736,19.98636028673934
1662111173,3,272.62049979278436,0.42449094558942263,0.25945079138961724,0.9965973046266371,21.50410014759784
1662427032,0,96.24296589148712,0.35972054823697197,0.2525436758312393,1.0835227220303107,16.278700009957877
1662473606,2,69.5483783109655,0.42956076393138864,0.1898783273352863,0.9920982728730984,16.480544840467637
1662846692,4,223.18381212725205,0.3965816533404026,0.1465153123353264,1.1320071076088554,19.417704840336086
1663220707,0,96.07119123225947,0.38231825836695305,0.26708778378291903,0.9281582528065556,17.512334025943254
1663257488,4,177.63747945423984,0.36775440502598444,0.27951700746512526,1.157391562305766,21.46597540434088
1663514336,2,-10.479309748033373,0.3739295482929412,0.32401933468282046,0.9193139489764663,19.7038401793218
1663579742,3,113.05680299524957,0.3719186082849992,0.1936277403984354,1.1530452927053982,14.790570901596297
1664000422,2,308.1596892449414,0.367143775437952,0.2268152850461309,1.2421677387562053,22.864974656243547
1664419715,3,101.48835841234485,0.3812038995787259,0.26051227680113814,1.1448190109892638,18.813779583474503
1665128334,3,95.37943731981643,0.40078089708910464,0.18281123263657373,1.1678108348829317,14.840492414060831
1665519447,4,-14.189786530526575,0.34637886479993707,0.2825396813766902,0.9725431399308025,20.252115916745712
1665622920,4,204.73815237949174,0.39666663100671157,0.27875340432420526,0.9402392277075095,21.68783354582506
1666147237,4,139.80868101083155,0.3705076389997067,0.2705274039930863,1.081773377633266,20.932420610074395
1666787967,3,209.01134927572855,0.3536736048794007,0.24310256191601387,1.185855489826064,17.957890627243962
1666962714,0,133.10064077104983,0.3225605274695664,0.18155115554744827,1.1375348473480784,17.112560422327817
1667507467,0,96.40354132195486,0.3384390268011597,0.23485923217876092,0.9785445998347257,16.870292496008886
1668029928,4,175.45606580592658,0.37390478432705426,0.22009218200323688,1.181573512717075,18.49310379446266
1668423016,4,84.1413073947314,0.32988046920395764,0.2534211472948391,0.9915098710959602,16.18385586971846
1668799995,2,190.16070919060965,0.34528633378975476,0.22995973523607577,1.1951087694290883,21.280409926862603
1669065753,2,-15.407819412237728,0.33930269431740123,0.12966700665012104,1.576513202088569,14.6610304550207
1669177512,4,48.925322484897286,0.38994719170208464,0.17876397988676712,0.8924035972245681,11.70716111206426
1669233687,3,137.07808798598103,0.3667147530390394,0.23621453054414837,1.0672953820795221,18.109133588645086
1669324306,0,59.69202437099369,0.3529755551255209,0.2344050276157147,1.055288177191166,11.661949220128685
1669400778,0,66.66687001470292,0.3333347361106441,0.17046554811674847,1.0501628167833688,12.664660646502599
1669411867,3,123.88471852636562,0.3731743994183657,0.25521462138561685,1.2112566605457376,23.132635715523875
1669796123,2,5.153361735113364,0.3376319529401369,0.2618124596602263,1.0815623465921753,20.133041447288434
1669900077,1,217.82553533387284,0.33180513669345496,0.24526081689695994,1.0352944554062158,19.662808714176123
1669945913,1,146.65641811904243,0.45794074402395535,0.18862971602069084,0.9862746545980665,14.569427930965015
1670036740,1,189.20368016737285,0.3680016099919713,0.2644954818980947,1.2331117824044588,26.225033391703597
1670250046,3,122.79472405091224,0.3400509036379658,0.26720704547271074,1.1775571408446952,20.23447194145219
1670434070,2,318.89356988858566,0.42635206389806174,0.26589363337694355,0.9451128472861854,23.612992400048395
1670881683,4,145.45492765741884,0.36690420879548025,0.26778069774203794,0.9357160316395433,19.068181299088366
1671082130,1,78.83483267373427,0.36132679071742996,0.21013361168926933,1.1449224744316981,13.788575063815825
1671135336,0,-8.674564526761372,0.3548520317117481,0.17258868662373492,1.1763077225254694,16.7557201911541
1671251574,4,128.7218611993804,0.36384323062816265,0.2941002322183486,1.0940802933474607,21.226102067004543
1671488348,4,172.96538809011332,0.3601861667768235,0.32638183873560894,0.9452540781921688,23.067884610385335
1671953980,0,77.04128632320803,0.3420334327214577,0.3023812245314485,1.0166504237404725,20.090479304481015
1672793262,1,225.78062118936268,0.36698940236180555,0.23817442975974923,1.119716975643915,20.79889737470048
1672845324,0,163.01510039994344,0.40414118329702237,0.1606524307865837,1.0683178076559674,15.281452085961012
1672978154,0,112.29978481653787,0.3403279717655776,0.18544575119352008,1.1799724007998798,15.664466982608243
1673102109,2,344.80419373846837,0.4466522411388465,0.2301052210085148,0.9716096585346734,18.707706949088063
1673426681,3,64.40866939169659,0.3613516667141737,0.18380224784556695,1.0236100310649907,11.974964962538884
1673485707,4,97.11736265772701,0.38278351337252947,0.2848947424131903,0.9795230727314453,16.02822969865255
1673575394,2,133.22735907353766,0.34262783963048143,0.2276478615870936,1.225210401238299,18.47872217277698
1673823356,1,84.57126021502738,0.36310968659735393,0.2730615912639365,1.0328363570153098,14.783076393045794
1674464256,0,128.54744885736375,0.38372217535830233,0.18922401854094206,0.9782902197963242,15.019697070114809
1674887519,0,18.243898597236594,0.3828521835214462,0.24196303027405347,0.9149277192989856,13.258583118535686
1674948032,1,100.61242250032308,0.4457497469507982,0.17512521648307866,1.0771553724810516,16.875905383098015
1674954682,3,189.63662736122308,0.3822747202439358,0.21097630427666747,1.0954888461423844,20.890304910693878
1675272151,3,111.00844167904825,0.35161200387996544,0.18479927431945697,1.1223305618059993,13.274599533601835
1675542774,2,13.26930012388722,0.3904905821398761,0.21139247674798156,0.8548850263518399,15.006101114082137
1675605229,4,68.55589702347811,0.38036255618322906,0.23202473631888518,0.9840434517048815,13.305485975005844
1675845282,1,2.3894391982393586,0.35392594577302394,0.2108256934524465,0.9384272098487414,12.786562875566869
1676036975,1,186.91845400803976,0.40443556166112477,0.2560078269062695,1.005619187432966,18.68311243177435
1676176971,3,116.40072820615207,0.3681316863241883,0.24128233115243272,1.037712230778242,19.737887304245405
1676315941,0,80.09349472894331,0.3498764456759624,0.1419487226885098,1.14485619386971,17.959011804202934
1676729998,2,44.127541987722765,0.3582856897678006,0.21358223909960522,1.0543943486949734,13.509824662734058
1676759354,1,179.93090943184043,0.35113164839184435,0.2606600032320797,1.2317293196947492,24.614717669459864
1676853034,0,141.63752464442607,0.3317575794240736,0.16232341050943697,1.175251422898736,15.485014321630548
1677073370,0,47.287097599131336,0.4131880987803508,0.22837259040275865,0.884058907734599,15.58069445419501
1677533093,3,169.80942522146836,0.3410793699033273,0.230307621953342,0.9921566650692738,15.167093919865458
1677600893,0,87.81241838901678,0.3614682005902733,0.2625779620984557,1.0622134237394123,23.877429105010016
1677738702,2,238.66039331529106,0.36854906325237585,0.28891804920418523,1.0965715499697977,22.410716502334147
1677875786,1,251.4109349059109,0.3717503109701467,0.2154688843396329,1.0847139578141223,20.071487751638482
1678384884,3,12.24567104204084,0.40575376039357963,0.3616626834206691,0.8353147092014023,13.564830775699592
1678410522,0,220.53277435314965,0.36224398899302807,0.23573364649775028,1.2237998838974835,23.997676531271782
1678521620,1,101.55985311141632,0.3626500596320837,0.20509019719995053,1.1285876663669263,16.49969179413717
1678768525,3,226.96218363104956,0.38040276513625754,0.22218200407039013,1.077978153609386,16.359098599003335
1678882147,2,66.69476075751174,0.3739873693540969,0.17245931853032487,1.2498062695752667,15.171177919482766
1679226425,4,232.25891428089483,0.35426551884392343,0.24548264553965454,1.0536229841014373,16.74388030181635
1679285370,0,232.26974691849114,0.3450864763504725,0.24965533792761657,1.1875384742965405,24.82054529575211
1680789160,3,221.28340379928164,0.378561187241566,0.24388825452471252,1.0178083552264334,16.771493109898483
1681110916,2,253.8070921597245,0.3833776656560817,0.18337173610231167,1.1375599875287008,18.296450097505225
1681628667,0,179.69372289516105,0.3748559626827731,0.178704222543251,0.9515067244135398,13.601440082462515
1681775861,0,70.98479058871735,0.35903499613850487,0.29614527135822866,0.9412070082434912,17.903354306379903
1681905956,3,218.3974776799651,0.344582001136843,0.27821873783127987,1.1318886090015063,17.58310775721085
1682827181,0,25.887086399173,0.3424844942168418,0.2701647107485025,1.0417897289185178,17.159256191096386
1682832675,4,51.56650064666508,0.350701822262615,0.27795645228890126,1.0513355702405993,18.412499326744793
1682900060,3,213.33578193672926,0.3632641392618513,0.26920556015640335,1.1984811805593434,19.015922079457297
1683248477,4,165.34796317105656,0.3657221829338717,0.2575351535269079,0.9960502345791169,15.70239166824172
1683353689,1,43.333931939812,0.3334103825797672,0.2767389243171843,0.9247894206209829,19.371639744078255
1683593138,2,207.78473182542928,0.37883806203089404,0.2615136073238487,1.0489669533928996,22.56874191482278
1683816678,4,44.72521245138733,0.40360473384439477,0.33467279131000793,0.8059243937041406,11.330863964923921
1683834264,2,137.30174415454962,0.3400371190514245,0.18999745795896816,1.042647538783923,13.895117601862921
1683937350,0,50.1268876508792,0.3190398909954629,0.13590618932236848,1.3045305862178835,20.877774789105462
1684744857,3,124.04634246908408,0.32986438141190566,0.24953573946481553,1.109928476205303,18.56073834761923
1684855250,3,59.068167336194236,0.49182488359311227,0.2110769369083771,0.9033168813209453,17.67458792481949
1685057897,4,6.728711015189191,0.3334646530614784,0.20007881842750025,1.0271093139922072,12.462933458785457
1685441802,4,229.60211891138314,0.3599332356639998,0.18313579568547744,1.0495773523166287,14.401377601465912
1685639309,4,185.67819638148973,0.34105089945371814,0.24883157503138897,1.084107181021545,18.59874969136539
1685741842,4,268.901937320833,0.392950488399866,0.23120687524752645,1.0751682283471813,21.075639742824364
1685793065,3,129.32998717251746,0.3561702332671176,0.2451359817086866,0.9743977726225209,13.68174468396362
1685901918,2,34.781022484137445,0.3453682845330319,0.2644606818649049,1.1289201776610627,21.31007325948512
1686044145,2,205.75087095371262,0.35209862378183127,0.2614592652145223,0.9758475268962297,19.15251904588187
1686536548,2,291.024121469246,0.4134688914564957,0.24290315415165747,0.9925148066135708,19.707614813605215
1686718921,4,38.34838331450643,0.344827152725116,0.32103956394799804,1.0593108972787044,21.357745822518773
1686919611,2,151.18461640751966,0.3276660544955199,0.21424959427653162,1.1536926485598349,16.516900296728906
1686952032,3,237.9184695967026,0.38638514959060544,0.31594274299943687,1.2096804544557238,23.749285018053527
1687301626,2,253.70397828232421,0.3648168204241262,0.22486948842686075,0.9811556386989867,14.537796584934902
1687734708,2,91.32577879171332,0.3904252126536993,0.19266105110180132,0.9709157374172186,14.33692057692024
1687858276,0,361.39333089965254,0.3689896845703984,0.19945350133257853,1.2932288177109084,24.469955202396
1687871916,0,276.1403647924842,0.43009074818851895,0.20769485661439963,1.077579413980098,22.27336611757591
1687937320,1,145.9600617065013,0.35977742093342785,0.2303041840763639,1.2432756426042588,19.966404262831603
1688474833,4,184.9033149874403,0.34283214194485223,0.18071749044138236,1.2977449441263913,20.28514405485379
1688918153,1,86.0437908097876,0.3499296023117339,0.324151982308339,1.0964809264267394,23.155854986317234
1689325307,0,141.81837589410515,0.3369401898022498,0.20040832309172069,1.0784387495155774,15.43071851020874
1689591467,2,49.3924264277296,0.36205975347913655,0.3495202234345439,0.9313642536935544,20.048315254021766
1689883319,1,109.18334872303606,0.34518939628278955,0.2134645130941528,1.0789815068095234,13.919372387309702
1690031324,2,67.8943751553928,0.41241737550319374,0.1351360237708455,1.18701105046266,14.748184114202179
1691054850,2,221.84767696157442,0.37421211584335884,0.18995677738214534,1.019902854919705,14.374483898741529
1691146038,2,70.03873891854738,0.3391113814976147,0.23109696124277407,1.1501689950325016,15.410981619433961
1691546435,1,153.57155307774963,0.39422114726614255,0.19284278221066334,1.1404384537236063,15.849709165395511
1692151346,4,74.26190448304185,0.3553634020307142,0.22128345852475173,1.087507798779321,14.355594001499126
1692408347,0,84.8330514093553,0.3696809014059899,0.18149515950732764,1.1121377596764614,12.134960905022522
1692538741,4,108.83168253149323,0.33997838919196943,0.15411169052391993,1.0052807448851078,16.908482207267813
1693140082,3,-15.415013984926887,0.36325494142219134,0.12943424869407585,1.4789719704061703,16.077693587634784
1693262682,2,195.1160485377261,0.3775156928832355,0.20672737460949014,1.0703576633934595,18.604422230118207
1693536620,0,18.788997046449268,0.3908116074172708,0.29691434628260227,0.8540675574888672,18.010973690937455
1694201985,0,234.16155724944906,0.4031381452659902,0.29660837219649716,1.0695957125297613,22.903966918126628
1695745153,2,211.7369014613155,0.38891826340449837,0.2699735816461349,1.0172677694021246,21.660249564092414
1695808727,2,-17.638033413294963,0.36473387424966675,0.2944329002029006,0.9423951320745882,18.6866185827026
1695838608,4,57.500496044511095,0.3894431281209448,0.22513340846829774,1.1061174259942679,17.07257260435579
1695890113,1,4.152055093424877,0.3968856172545444,0.3461978701427248,0.956300937724079,22.852683496122715
1696155039,3,55.521884806517754,0.391544951596601,0.1578727848395645,1.214756725074062,18.1479099668942
1696182166,1,119.18477214997445,0.36534534295067334,0.19981200624579573,1.0853582108257809,17.627655224563767
1696331324,4,268.52642549162505,0.39527956032544925,0.21862534774976972,1.0610264368374294,19.871192190497123
1696343001,4,105.22574303022807,0.3505743819315973,0.22332608701340748,1.141869411474898,19.367228806455888
1696594426,4,135.73254449427424,0.364818889727464,0.1872628225080084,1.0095645578313288,14.47008844023073
1696699726,3,117.69546360275912,0.359542603791233,0.21124960328542666,1.0800621537930408,13.515139728901879
1696944079,2,49.74186337979313,0.3718970750225496,0.1696264102795368,0.9689849492904952,10.140916486322254
1696993963,3,90.41363897820725,0.38491704571543883,0.2141217707050437,0.9893987720138147,13.35554278443302
1697131748,2,89.28241206703616,0.32983771333712214,0.21850985992491537,1.0126128827308138,13.876245544729032
1697480499,0,137.79143718233752,0.37191155472518705,0.23146054010841421,1.0295269966238807,17.63496291775519
1697683442,1,47.04992241235205,0.34106032272847303,0.231295487723287,1.0797841850051901,18.09029372151606
1697824573,3,14.533261182923184,0.3563956542344746,0.24553553196143219,1.0696391602215498,14.4130889342307
1697849650,0,239.7127121872423,0.3394765606785194,0.2628811785474636,1.1245407004779493,21.93679505076399
1697989359,3,274.6187169299819,0.4268629171689159,0.26828286703029935,0.9921688983005065,22.012486746170485
1699061144,2,165.0873125136626,0.3564122569094009,0.19976597645410432,1.0546668892600375,15.46545906355069
1699412272,4,10.739657741228285,0.3500104519247325,0.3042506368363765,1.0284838521404709,21.66518284139954
1699735817,4,183.79373292193753,0.3989354736374549,0.19045626247825917,0.887986682525003,12.045089742871323
1699979757,2,56.024526008530906,0.3628807820705903,0.21498903680552062,0.9924353971230393,13.833024171473767
1700419938,0,296.59262641249535,0.4232906881981594,0.173915387262693,1.061807141947961,22.400803822948888
1700578264,3,50.876890197449825,0.3443365631318516,0.33231525576770393,1.0796897685578462,22.710672152591496
1700596879,3,241.7257123224405,0.3945035697354744,0.2018192526354028,0.9769608148100538,15.363730538087236
1700600089,4,150.96717432614645,0.4068079958484309,0.20098827040064401,0.9437845456971689,13.125861971108655
1700861962,0,18.300171321013266,0.36206854941728694,0.21684680474815038,1.0536073514342363,13.976989128834013
1700926472,2,295.6952533613284,0.42966173946657293,0.19780366572537939,1.0109174654598383,16.316137627854125
1701051836,3,62.285158621352,0.3620422879829579,0.2674992871730065,1.0016506779680443,14.59648529989349
1701314200,3,187.27602248507708,0.3641661484896436,0.23472570679356217,1.084427704070894,14.425226262877251
1701467144,2,99.63074148624409,0.37600224038934527,0.25574500540766315,1.0277041741591908,19.691176350943646
1701555449,4,131.86046700187575,0.3991106068332141,0.20578079079435488,1.0612743214158344,16.23560156191847
1701689653,4,176.65597337501208,0.3510934138637314,0.18234325105205834,1.013923317829685,12.739414533554404
1701728451,2,169.66454051555263,0.3802327915407228,0.18582072074042222,1.2488907044538275,18.981788019395704
1701758700,3,117.12296473827666,0.37230532354231816,0.1920676943698843,0.9754242015655844,12.551034294299232
1701768765,3,9.942138994282658,0.38535417782676556,0.2881344527436121,0.9268240983855339,19.56910908443583
1701867111,0,38.785688292800565,0.40826574788256836,0.20957168958691091,0.9426660470826406,13.526019820297552
1702325651,0,115.9102886049539,0.39839417099941493,0.21165626542166405,1.004433788326533,15.442568070283187
1702635264,0,133.97891083057334,0.33965466142894474,0.2605131507394003,1.2665084240010787,19.150379747329286
1702898348,1,115.31666805890461,0.348248049104069,0.26677690813970356,1.2276785858262327,25.13905380537745
1703438177,3,140.04651648002627,0.3749336418689629,0.2305958903997306,1.0424178778249795,16.568900593277043
1703477972,0,247.52018109818033,0.33561567183733415,0.23925121107652736,1.0791096264525912,19.53805668894341
1703879338,3,69.54333142978331,0.36912258043603796,0.3215457757433876,0.8999845706646045,12.578781565875536
1704241791,0,354.59941541105417,0.38701339009083013,0.24368783662643703,1.1790201489490058,26.325083697936364
1704546800,2,199.73470113598302,0.34222811462554753,0.2296549412852607,1.1208436946916231,17.805506398352176
1704728176,2,-6.39696596305339,0.3494084694430367,0.20193719655386122,1.0474235118208632,14.931423526562432
1704846953,3,177.8661683007416,0.3523624658762843,0.2723099273638132,1.1813647526883941,22.60341343125203
1705151635,4,69.20734197463449,0.3454774246465972,0.28191643456108584,1.0792282924294159,19.55925862784371
1705359198,2,76.50213737320665,0.4318262917990233,0.2859067125828364,0.9220395471119036,13.902861869986827
1705636874,2,2.7084017583916022,0.40794988035709456,0.3342385610051499,0.8175464765350853,18.001521624550506
1705705134,2,176.04978802389823,0.35899020226539624,0.2284201396882195,1.1479330200240954,19.894268111068293
1705754093,1,75.83362088935787,0.3111038787798994,0.2727140833167712,1.0406739252978947,18.524325884568874
1706421625,4,326.4820613754173,0.42335933893306726,0.17526902540069705,1.0677226368120782,18.98211967248446
1706521131,3,112.16621765482793,0.3723472441310143,0.2253268138508247,1.0294626820533113,17.957951952303585
1706553936,4,147.0826600103447,0.36418312297548655,0.2290919734057728,1.0187147309072324,12.751911040925025
1706591309,2,15.73392796725335,0.3944613226153433,0.19482530380994773,0.9480123934838035,17.626829557771323
1706654876,1,49.69148844128086,0.3738842422897702,0.15818013041654339,1.2524716554888338,20.60943799363894
1706741208,2,192.79970284481254,0.3646379150870659,0.22703275114464772,0.9280265807663249,14.724326614820827
1706907888,1,144.23021777500267,0.3600851457688712,0.22039887370179212,1.2222566203249878,19.91822079086566
1706935597,1,208.55688005524132,0.4144761632777879,0.16217549218773664,1.38921158691042,21.097181952933724
1706990929,3,47.436348077755255,0.3586303406674738,0.25460716898723273,1.0393018951081543,15.348186158666149
1707333225,2,75.03656424862717,0.3766879315735375,0.20505998468448242,0.9426964065908899,12.822623937931903
1707392895,0,48.49395617846877,0.36054174097339586,0.22223968878743122,1.0729095763865655,16.495388809941062
1707460536,3,242.29876574613115,0.35363904256243256,0.24653708289979828,1.0623966784518522,14.606510821303361
1708403731,2,207.1356108418895,0.3769963736118365,0.303397776632065,1.146681081007689,24.289918319617378
1708543289,4,98.12623282205851,0.35054099448389,0.23098840207761692,1.123414863463175,18.167924905075722
1709391995,1,4.040212275915863,0.318467534412956,0.23568020464213746,1.0135105959029742,17.885944236182286
1710475458,4,268.49140567463314,0.37437775935844986,0.24457696330174,1.2713383669281226,24.400157455710676
1710724888,3,96.68922181638135,0.3507697286656417,0.2507921398736857,1.0385886649407714,14.140170431966531
1710766762,1,49.867038399710296,0.37315875149814626,0.24414436444353815,0.9252923110463543,11.212356837157454
1711010706,0,179.3769570392114,0.3637116962494352,0.21258081173511115,1.198706599215856,21.079970501367377
1711102777,4,117.67942602941146,0.3276299968221618,0.14042890735323912,0.9398744634535355,11.54185048264106
1711422948,0,-3.2357117447734396,0.32390058432994556,0.14064710756757176,1.2826578939939863,17.230179833913276
1711492844,1,131.85907848510743,0.3752666173066179,0.19196036322434995,0.8924468060251889,15.919200141472428
1711893868,0,123.65092625902294,0.391973749836324,0.29374956274296127,0.9351861598269833,21.727825871142215
1712077769,2,270.9964549417037,0.3865054386133176,0.16746891626233057,1.088122890933402,15.37142616820904
1712598778,3,207.1559277939167,0.37153146791013825,0.22862448646733663,0.9620918379682988,15.556069898783493
1712933557,4,65.49235864465663,0.37772521909390877,0.21152662819686918,0.9417211482900264,13.149734896070614
1713382325,1,94.73396511675888,0.3525372274611041,0.1992846306503887,1.2080264755346974,15.62008055308231
1713436070,1,205.29170029308,0.39328123748195754,0.29686246677350536,1.081730299677235,24.763025084948413
1713751559,1,42.07037455141325,0.38046182072208024,0.23124216766434497,0.9950211084191639,13.766359097052163
1714607104,4,145.07982025144855,0.37903459129820055,0.24629636512684086,1.019342388890263,19.18405171258371
1715193116,4,241.22209796545192,0.35656096693350575,0.22024121381019585,1.1304175720961085,17.875601843024885
1715294926,3,199.8795296977735,0.4617738131341991,0.22411593636130026,1.0715806961928105,19.659852953974433
1715402105,0,223.2408087724279,0.3565308737550513,0.26900260681778976,1.144565058283543,22.466140999776073
1715831147,4,312.3449650319527,0.41459818863981224,0.28213749590742143,1.0495529095320517,22.846426062464666
1715878525,1,45.79662398742986,0.3580441245491395,0.2483849938886086,1.073646427881846,17.841315155063967
1715886560,3,115.78135906642488,0.35599791460997904,0.23991572800196334,1.1369662889507197,19.47734878183562
1715966441,3,28.39276482488968,0.36004923349237633,0.1571860271874092,1.1438192212270977,12.63495240655389
1716148933,1,144.12288613140427,0.34971099423483554,0.2785660956751442,1.1782455206146094,21.671733928573175
1717221182,2,51.489950149167186,0.371820018071744,0.2913865981923173,0.9892951067223111,20.36573219018176
1717592504,1,12.839929707482497,0.33670092148887754,0.25709165540442075,1.1782934422272224,21.952502134486824
1718086689,1,224.22964794153324,0.3559611966914146,0.23227526577852725,1.2370658972747708,20.55923307622129
1718233222,3,126.84427574343921,0.3653919783992747,0.2648147729185221,1.0694800885237217,14.846729821636712
1718354162,0,198.5750168208068,0.33730591456437375,0.2556685416303943,1.1260877587808196,19.735222190951426
1718419889,4,90.19109725397243,0.2696452951865642,0.21479857886464832,1.1900543167157,15.741809885055119
1718537835,4,182.9079230868881,0.324378605812621,0.21064410826247756,1.0904672005872136,17.534562619095716
1718822131,2,208.30740877251475,0.3875167680103257,0.1632255821247423,1.1385064397452545,14.615617565314686
1719173195,3,95.49333910416918,0.3881234682600176,0.23730347438336788,0.8915747627500897,16.491397572329326
1719193785,1,45.680711880004395,0.3520391914887935,0.3385966477784861,0.9385732755587094,22.129614396753876
1719420059,3,161.3800651243586,0.372487210386914,0.2872463524183209,1.1515092960431865,21.685517422459668
1719450087,1,10.317207389492708,0.34742609003555547,0.24346359057844214,0.97172831399821,13.805972109961921
1719719052,4,201.35459227504953,0.34224899732052233,0.26881627240978984,1.0777570052477987,21.112209809076052
1720612082,2,33.54049553262462,0.3996184772246478,0.20950977729805073,1.1596302941968075,22.44785444655021
1720647838,1,137.27880545943097,0.3631157675262306,0.15480499799862266,1.2080438246394847,16.55514942684359
1720677048,3,195.78902080107687,0.37539828751805515,0.1992740905521311,1.0715537101164274,17.021379019117035
1720848416,4,56.559082867367934,0.3242248749163954,0.2612600692299587,1.099323244318917,16.593845737383564
1720993259,0,166.33093678490246,0.34542360445727205,0.24914074189297464,1.0483084046537132,17.67008953462023
1721092492,2,83.36550054664225,0.3835295681855842,0.24738682048941524,0.977204618565938,14.245816644568583
1721498000,2,265.7277725688276,0.36769916105003975,0.16189650133769004,1.2765022276076998,20.174874980838908
1721517021,3,103.36660869144002,0.3540645321908929,0.2313770024886411,1.138373044751956,20.012058798008507
1722126361,4,133.68484934524727,0.36651310807079285,0.16116831336045812,1.1119726573139137,10.009349450777082
1722404544,2,87.32287029864901,0.42365517235911765,0.24063879736427723,1.070806323070144,21.132618091129352
1722437751,1,157.86116503462972,0.3509019419616368,0.18923579123344997,1.2789611114492885,22.307025930156286
1722752192,3,165.11232877257743,0.37008139501734105,0.2864459839950562,1.2138478806511959,23.865744352657476
1722899407,2,232.12496469005833,0.3672706684873092,0.19692242446912778,1.2107949015454618,22.93639073688575
1723039756,3,36.36509463866871,0.3560220984950132,0.2501317949507285,1.1090517680062146,18.315370691308438
1723062866,0,64.93703280886662,0.334793561439024,0.2393378781837105,1.1116060425107797,14.910780815041774
1723225912,2,231.20709926388076,0.3679238748213925,0.21353652830149678,0.9428379187268103,14.724199447252532
1723711090,2,-60.33335029793763,0.3304205474822566,0.1326319475070587,1.4416315317305841,13.914494707849638
1723857031,1,34.89005973157892,0.35976285829336474,0.29127089979509124,1.0301084923868076,20.493115180742105
1724528524,0,131.4351772466547,0.35113857517264985,0.21713918455529524,1.1342773922497582,12.86323274997125
1724863374,1,80.41597274827005,0.3330012668107246,0.2394040754493201,1.125112741175939,15.670948590894332
1725180972,4,250.89274407265444,0.38902252094713174,0.28044834104993727,1.1216752496040627,21.015007000477205
1725259416,1,347.82489130285444,0.41393364614434924,0.3062376594245691,1.0825043712443279,28.05030989087897
1725823139,4,47.770425604465814,0.3587200407846762,0.16501564029704646,0.866504966708233,11.466203402809061
1726139010,3,96.41093916168037,0.36772751657953057,0.17038902312911158,1.0193736216030198,11.930029720472753
1726144568,0,169.43825241543226,0.38373598193742814,0.311207131205787,1.0023851165220201,22.59796517895142
1726627716,0,176.42210642927165,0.33907954315343075,0.19395736792472157,1.0766587150301417,14.553116668928192
1726926869,3,135.71170420782204,0.38803873164076813,0.27948358057054634,1.0331613099924686,18.445733198392322
1727053406,2,134.6894208057188,0.3763740646369808,0.2751456070103362,1.0616920963743304,20.798473257250926
1727549471,0,270.7507555753904,0.35990409852855476,0.23279441398742864,1.148235814269305,22.045503867362626
1727851724,2,80.4086012607194,0.34830760412610623,0.23386740243970836,1.040303597710725,13.788751750605854
1727933263,4,83.40380441399564,0.34822973454707734,0.31586136775700313,1.0331522309791403,22.299643660871972
1727988738,4,283.88929307906733,0.4095154983914592,0.2965207960884552,1.0642781694357397,24.016404763298066
1728252484,0,53.56109862216561,0.3703844833884081,0.2511716407575963,1.0081109977517264,13.847431709057108
1728340477,3,210.67782642202428,0.3540862314421135,0.2967691222621825,1.2509784250668374,21.334687749849902
1729263987,4,91.70946062190258,0.3319183630886259,0.18781240006997874,1.0966368191080549,13.083292420488606
1729640187,2,63.97856055369525,0.3544570238997445,0.24053229045550267,1.0833704860929512,18.994822346932306
1729688245,4,96.09569512667593,0.3544270522984033,0.2653612390714921,1.1450042117570411,16.588743995625265
1729742723,2,4.452358275770337,0.4054523869952213,0.3282658260869603,0.8144886362132013,11.433944620758433
1730077255,3,98.48808201726776,0.3434514058155365,0.2626872649518266,1.168759575548961,19.001835329153103
1730293187,2,65.53714742795086,0.36724248794706826,0.20736845490714795,1.0054582094476954,10.396538619986215
1730621528,0,62.37492741024455,0.3886729563080799,0.17623153173598544,0.7747427800953682,13.31439277475999
1731176824,2,113.60529312586876,0.3685138390617058,0.21853173603620865,1.0234782152348159,16.610086893992843
1731224858,2,23.91067397407319,0.34989122264129835,0.24427811965404347,1.0096499105548369,13.184138352500032
1731329584,2,4.481317513898418,0.4007206673928051,0.2524178939694587,0.9241632631969362,15.64563022752304
1731885131,1,38.043660487571,0.38207620204137016,0.3011597952608139,0.9345806717699521,13.162418750531778
1732473081,1,66.38055324010044,0.35785016748738285,0.19768285465037883,0.9978962682586291,18.128289960345096
1732679124,4,2.8219890105633283,0.38839721372293823,0.3442857125983504,0.9496571396408915,20.36084220006437
1733327889,1,61.04981972361733,0.37927111166954364,0.2961927817607546,1.0976454674543676,17.809928002512557
1733763010,3,142.26132907663163,0.3588081936769068,0.2172497558839487,0.9435122636619694,13.036505718109964
1734361691,1,37.807984627158966,0.33409146767344977,0.24262995524092346,1.0984723180307898,17.63570305136349
1734399308,2,184.05161209399688,0.39586895104882186,0.26864065996405306,0.9523594477265891,21.974977177789526
1734532283,0,119.89433399522397,0.38312867697355896,0.15589428218972112,0.9364144107899643,14.65051877577046
1734712168,2,161.5148683444722,0.39146584474800494,0.22583255104849262,1.0941112451230492,15.24917237982565
1734866978,0,234.2791131919215,0.35620346507150946,0.2120218091540572,1.2845310182077763,22.888186115651983
1735118252,4,-19.753330242713773,0.37213441569742917,0.3387932539169656,0.910212433721328,20.240064766447276
1736400792,4,-26.834153468554277,0.38393612873598026,0.35221434726581957,0.89664425365344,20.1329706219226
1736906548,2,178.5916359809239,0.36796208351284726,0.2555399797420546,0.9506336156197072,17.604092470130777
1737253601,0,290.8765591222461,0.3845968374626791,0.2421975569631458,1.1486999664427582,20.464227049669777
1737477599,1,215.70838337912753,0.3634299286695109,0.22088221299148267,1.0262673053784481,15.876618855864729
1737643625,3,118.60631206894675,0.3488975370917643,0.24456597392511795,1.1280446764392713,15.422261333948708
1737989724,4,109.92002105317034,0.3793221458816546,0.21343482958839863,1.1515299263799676,20.029681266670604
1738001334,2,116.16637320456229,0.33698749976723785,0.21235280485570177,1.3258776216350194,19.430330457716394
1738112244,1,7.396288235205915,0.4033283938661111,0.1661105379577815,1.0301022377171702,17.035339793604162
1738468386,4,-5.125167027202892,0.3476049088222864,0.3159150603611211,1.1330516550051808,26.83432127234156
1738776210,4,88.97691111805956,0.3540398997379751,0.1758734476536002,1.0623857048254073,14.767472555676402
1738997335,3,39.70922697409475,0.3518826046705068,0.23354403946023927,1.0572333251047603,11.726680591027453
1740193535,3,108.95548019399362,0.3325070268082665,0.250171494790868,1.162464251122952,17.39530453037926
1740911960,3,114.74306888533805,0.36283627975523286,0.23917247326846985,0.9913698403178189,14.585220959298681
1740942243,2,401.45538118043504,0.3953750647976255,0.16631332459664044,1.2286605703376037,23.70286045306438
1740967529,3,74.24537214149407,0.35733179957499184,0.19048910737953334,1.0997098182115308,12.053642762355503
1740996788,4,189.59966527505213,0.38070300068475926,0.27787958398490203,1.1244839589252744,18.977324270676537
1741015152,0,2.538660084121261,0.33532179073023305,0.38433562751952094,0.8749237029426176,17.74486219072855
1741494533,2,410.4871368244463,0.38006209817477343,0.2177870866930591,1.2436737397972943,23.789777884211
1741924076,2,102.0163422307027,0.33623979245846525,0.28438064511945893,1.1171343336240125,21.085713454811703
1742146572,2,172.7803239493528,0.3562100028622295,0.27110653464039,1.0044588395797078,17.305937659861524
1742249499,2,33.126873515070656,0.39646247902016485,0.19880711995367512,1.0684224660219988,19.985076897661774
1742353769,3,26.37088204051942,0.3790123960466333,0.21894530895623296,0.9817995022564061,13.34740072381753
1742360510,0,284.5845610853094,0.3531055988769027,0.2243909997002123,1.0603455019144152,17.71185528826744
1742360572,0,70.67711365219282,0.37996553810255057,0.1604709446898312,1.0508077313229776,14.983177671807415
1743216271,2,253.7482784564349,0.40562724225849567,0.20330174040097726,1.1195360872817615,20.800049689384494
1744491015,3,134.4670227908295,0.3692754034548178,0.21109630535335547,1.143377735281165,15.299878766804339
1744666695,0,184.96877457619075,0.34890988123400524,0.22407743853327838,1.0775592485302052,17.60481662087805
1744915619,4,204.65899542803908,0.35750493866179495,0.23758256922883672,1.1044401912443955,20.172852124499837
1744939463,2,17.386951120505316,0.3787279720929529,0.18867672519873036,1.0940286915276725,14.81419675711778
1744997791,3,7.445406536121553,0.39943674670909135,0.27109554641728295,0.8881358475225054,16.035477823880722
1745103437,2,391.1540579625072,0.444370685977615,0.18978137784695448,1.0118577827830795,18.88883200910801
1745290374,1,35.37767542150179,0.3553238793685026,0.232362943566782,1.0893251700282447,18.796366350245712
1745650366,1,-10.878028797408618,0.326820558051728,0.14119428561752476,1.2983129623358198,19.89811146352655
1746336965,4,190.4873904585549,0.3638681547643593,0.2410075384598087,1.2602080738719266,21.95404099194331
1746379826,3,28.32784799035258,0.37604428796279504,0.35428625279174053,0.9493969725779081,22.816667286309414
1746456403,4,135.63009276433473,0.3841767301494273,0.2915699468151163,1.0135249425535593,17.94832243019115
1747354606,2,164.87057262324169,0.3713865039822389,0.19840716384847437,1.0897767023919802,16.442745151326093
1747846009,3,23.230566917686446,0.34663823470130084,0.27051501358154373,1.0670175786052674,18.588493036481363
1748642050,4,178.37554215673646,0.40213913340186713,0.25240628272722093,0.957632696981615,23.925710976670214
1748671851,4,81.15405941545434,0.4376682939410952,0.19788750643720165,0.9650541615757322,13.365635968145687
1748848667,1,47.19148687493151,0.3707727746707431,0.24153988765766868,1.056207522964737,16.280447298027315
1748879320,1,161.71845615840945,0.3850199051248652,0.24151233792391244,1.1140277739828552,21.845919013311878
1749285601,4,149.73819681474095,0.37402434141377644,0.17678722932975072,1.067148643725875,12.560650269719492
1749666987,4,237.11691091888994,0.3424744803505525,0.23135598475336364,1.0660566496034218,15.865655217789277
1749688285,3,317.2178172420014,0.3855716519649797,0.23194408471877861,1.2385258384431226,23.79213467828644
1750306188,0,24.318906696731105,0.40352208532544787,0.3854402127884029,0.8543903368113113,11.951392366200395
1750548820,3,97.02947625380042,0.362943837970788,0.19637431188735743,1.0726450802867442,13.360743096508196
1751325850,3,26.253475842857213,0.34258328102045194,0.2173774311997923,1.1050052223817746,12.081086455018959
1751332443,3,89.57618149566169,0.3825491827361567,0.14401479058395833,1.106913517283448,15.788294886201983
1751447126,4,29.40952973192448,0.375802963571205,0.33096405773798115,0.9515535917765614,21.721239232879668
1751469406,1,-8.992371293339488,0.32699196127294816,0.18627655365271614,1.12128939694608,13.238692750580869
1751782566,2,58.44173394721517,0.3397813277482483,0.25508492866661564,1.1811250623731686,23.313034052804277
1751963173,2,14.452912338545048,0.4490291497331683,0.17781462589349767,1.0618024841664346,16.35770733745028
1752199076,0,73.43538288585208,0.3771862756951053,0.28696481245830324,0.9645802551948818,18.298184074855694
1752812344,3,186.07506772757694,0.3676682280049179,0.2590371065229974,1.1122853559047237,19.714813187644303
1753150513,4,203.80018812371898,0.34773384598840357,0.24384818265461852,1.177954278553668,21.415320781158556
1753201911,3,139.36638635910515,0.3829410924256088,0.22735309326445705,1.0214811497826704,16.083272611754712
1753371685,4,119.70185604993787,0.3881689132235775,0.22513021477647596,1.0736704980382437,24.626931267735927
1753717945,3,97.10219596189495,0.40170477400681637,0.18915282881825593,1.0209107274608276,12.836952119784481
1754228548,2,132.84341179753625,0.37153805020026465,0.17831340444176424,1.0785011310717818,14.442363244559948
1754638763,1,236.07122883611888,0.41869923763828676,0.28670326346117264,1.085847432660211,23.658029766992207
1754839380,3,45.00346676505049,0.3686791623011393,0.2578123052943442,1.0343603765304783,15.754784880229957
1754909012,2,222.3586074448571,0.3819550353889546,0.2489031566151247,1.0163399165884985,20.571297380402527
1754987570,2,43.044429180606144,0.37260164757767716,0.3089029899408491,1.0710536078394637,20.54414229922561
1754996829,2,68.08264411334022,0.3845418316116711,0.21745737709298238,1.031134566564841,14.789867219522906
1755097598,4,152.91631962063047,0.3451469171762166,0.2214246802548143,1.0370567640263468,14.96814609928722
1755361106,1,106.6487260403899,0.34635431272011674,0.24985128131210585,1.1802111177671315,22.44390970767133
1755371243,4,155.92932127167907,0.3575611013801584,0.2087177012200009,1.2094687660413368,13.784175066154983
1755519343,2,264.81112790678657,0.36391727221204995,0.177389122685725,1.179757757818315,18.396980029875177
1755789541,3,22.174786406874475,0.33491309820466175,0.24864870652609206,1.1500681943265536,18.752704857251057
1755924093,4,193.37960544776337,0.3764642271122013,0.21922614494811343,1.020495250898107,15.812387051788622
1756335423,2,157.11947994274377,0.3587266016903065,0.22890339411739072,1.0236062489586508,17.50334859538963
1756666691,1,115.74011328924153,0.3444712464797634,0.21829515304588382,1.1593189520010139,14.89556151782956
1756941114,1,-46.50615914523385,0.35035444074796446,0.13047934704765968,1.3720387236390512,16.823469277855608
1757174370,0,30.379678941238872,0.33411912966492746,0.352869653019054,0.9520433487530949,19.80397595269803
1757237275,4,22.640856537807664,0.4426905978839336,0.18861002996101336,1.239660833959988,23.051385191234985
1757460664,3,25.841592024220517,0.35810799813513816,0.2611475222907806,0.9997954482886202,16.09608070807552
1757862881,2,28.664275265602328,0.3581456920753372,0.25575195005625195,1.1220382105694604,16.516653483003804
1758001941,2,81.94488206139111,0.3407964111891929,0.27824905153202945,1.0342244667961755,16.614968464154813
1758192044,4,146.59603532314046,0.3732430331806847,0.3014358663680122,1.0967903366401897,25.805212138752005
1758920260,2,46.92296978400114,0.3442730144267631,0.21976903133869571,1.0618983192127105,13.573433518252497
1759081904,4,117.66126095527056,0.34831957256605184,0.1719847474039984,1.1019452374371972,15.78010375664102
1759526318,4,45.230909738477685,0.3758676667979942,0.2871976916158533,0.9485544024496247,13.842538608181979
1760524706,4,118.16215207660507,0.3688261604371072,0.2816214012034183,1.0566170146497194,13.297638649452026
1761132878,4,17.968933413748005,0.36943059112945725,0.25030038122879983,0.9380252781886151,16.06988586265824
1761703329,4,50.42460354678363,0.3976166816649588,0.2156266077719665,0.9130704672833477,14.744337706814646
1762139545,2,152.21177413403305,0.35300843622948663,0.2340412099633753,0.9383966454147541,17.00204094834875
1762883597,0,122.1186419525961,0.38196254055318735,0.2278550187488517,0.9722364972373009,21.26109344975451
1763751155,4,-2.5062450850477376,0.3335756037825196,0.22155197781004649,1.171270045541748,16.128625349118504
1763893927,2,243.95163269660134,0.34361059956991025,0.22209334140711176,1.1821876500673523,19.669977670523036
1764253172,2,191.21306213249676,0.3525498584287813,0.235409403396573,1.00382279483537,17.834976681413185
1764580479,3,80.57001300769271,0.4008580128895961,0.3647322936652808,0.966034749925778,19.926651400720655
1764654755,0,182.88771614252002,0.38552667034911586,0.14826403698747656,0.9701889319726263,11.570436928677392
1765162399,3,91.16019677343593,0.3621026346786099,0.24360580648822958,0.9654143616046748,13.467751219547877
1765350912,0,98.64781112067429,0.3343753440881439,0.2112402747593825,1.1285408915407062,18.79567377612874
1765460904,2,117.61867560567407,0.36299333929743666,0.2325568491884499,1.1123897445615427,19.89782573870176
1765837976,3,172.06197791069235,0.37003460035605007,0.30729202564580443,1.1881827648775378,24.44300892704852
1765927815,4,89.35747823773771,0.41081896612209823,0.16136786551388657,0.9469370858610117,11.225231183173065
1766008027,1,202.3754505995077,0.34120966261986996,0.24733309096842804,1.129505793686725,23.62278458353613
1766205762,3,50.559204607685224,0.3458952544259758,0.20856446841855844,1.2538082918671178,14.600029967810457
1766427036,0,249.68702946257253,0.39354305825208225,0.25711228917712664,1.0720369623730241,23.522168398275674
1768246998,0,112.67246174636847,0.3814960637712615,0.2625179395698128,0.9171740612332316,15.229735504550977
1768426283,2,370.9451757809175,0.3964376564354734,0.16844642739191057,1.1611041368478527,22.46333685424051
1769198640,4,22.2351973827747,0.38691131005560037,0.26430924850626364,0.8593514954011537,10.950094830039987
1769217359,4,50.80517228415472,0.38828436840642144,0.20779486360563093,1.0066068624561713,18.56016240313701
1769343674,2,181.08633531418698,0.37386615398246015,0.22776937889023646,1.0010963786395515,18.14550066180131
1769579666,0,142.12242482463017,0.36297375367392987,0.27888061255913926,1.0544165541088233,19.47360952129352
1769889494,3,156.50605092518896,0.3862355569000597,0.18975057597340883,0.9486609060306075,12.522130191036702
1770296397,3,116.58359577540517,0.3570416103418022,0.2159428049280982,0.9637129208071912,12.976837097357205
1770973625,4,233.98979397172891,0.3645190137313078,0.2637358341341293,1.1436412764740334,26.705038244164832
1771399222,3,5.32644248314034,0.3446512196617701,0.2559565544816627,1.0786199472305988,17.985422797531232
1771648139,1,57.65013574985802,0.3531286280673842,0.24170796063952732,1.0881567325045212,14.985807739010818
1772221241,4,370.8414539060351,0.38718628285031653,0.17427927029728263,1.1144436245550555,22.066528812438037
1773311444,2,42.51304072500182,0.3550654362788154,0.23536163502390678,1.1593459896772562,15.368982127331877
1773383580,0,72.92635572601284,0.3634552198290477,0.2258895822066747,1.0516312281801052,18.76751521248095
1773451274,1,59.63526331959947,0.381171467754426,0.2746683417655655,0.9492790528540497,13.767279028124271
1773543795,1,15.448483044876838,0.34711228076131984,0.20393234848278324,1.126601696358122,16.079672409803955
1773625763,2,164.65105210339868,0.4037506684808139,0.22150027296623565,0.9901064211831535,21.382341209620947
1773759171,0,66.87590365443887,0.39319116694058887,0.20459708404663496,0.9948894280426244,10.486280817769483
1773982795,4,63.82270539661215,0.3553767653836998,0.17714248467657792,1.0508918933427356,10.914126386499841
1774773315,3,112.6946106883112,0.3674317142082034,0.21713846740434029,0.9157773715070052,16.011104755098856
1775591199,1,95.38590682921827,0.39601023024989185,0.2297414501723568,0.9743635431786732,16.236146363886114
1775887847,4,105.52104964295143,0.33015130912880136,0.1813677068055422,1.1183394148761923,12.95500167912183
1776137292,0,311.33391014260815,0.3975527632778476,0.2669819225324864,1.1265610275213005,23.26731178275459
1776297302,3,14.395596870572177,0.3715904244975089,0.3252060381422216,0.9631028980276775,19.0174227553223
1776629260,0,126.8287077278739,0.36561589930209226,0.20956846214944,1.0861209106021614,17.61949776449808
1777009355,2,90.66822944911412,0.35465465172419486,0.31610444202884397,0.9610257623029479,17.51648265127114
1777047790,2,87.90535536314366,0.3226033443888971,0.2365078552268028,1.1987745752161971,20.500373255785753
1777341480,4,253.1771077003359,0.37049755280841606,0.1964114313757703,1.2124310630821478,21.593145497836804
1777517337,1,115.75992222321891,0.3643421748340714,0.3307528309096283,0.9177367935427886,23.709732132317093
1777622609,3,23.371839205608694,0.3809622528571709,0.21050852002795165,0.8987578960307209,11.519214867947174
1777831717,0,302.78394111845887,0.37624556432784056,0.20283668348365969,1.1801663920975376,23.41098690400621
1777861386,0,114.23062703442477,0.3451769097124615,0.20851483915933286,1.0331171403566317,15.821028856306297
1778072997,4,304.8398532990616,0.3853256592511473,0.17419163132119986,1.1339690929029596,15.766318267030002
1778095789,3,29.381837876251424,0.34573076784232465,0.245025012210497,1.0760538949907033,13.817047898118673
1778794604,3,54.675600729105405,0.3757922941063031,0.22708591229261768,0.995015173039758,14.717063479808473
1778806349,4,13.240138676321436,0.3705966640522985,0.25402601698610994,0.9408342024589373,13.494342208685694
1779122339,2,309.16719945087937,0.4091959647862425,0.30179901711981083,1.1180150813793936,22.92144095655706
1779443972,0,81.21329267133473,0.35289156555036405,0.1524549894765445,1.072289476415723,11.82112763788787
1779551878,0,55.4713793996167,0.3715147306749324,0.3344336348314723,0.9093943512278994,18.61783377308425
1780220643,2,-10.189079856592357,0.3659568685746433,0.3160866222023746,0.9348473690276478,19.30222856297357
1780262446,2,43.894484550010034,0.412715974380923,0.2287052248039335,0.9720291657175995,17.355970994429775
1780443736,4,183.65765259094354,0.3711254568147139,0.21051675176326884,0.9934091033132393,13.375716776159242
1781035787,3,135.06766386476752,0.38032006803797613,0.22302300191771984,1.1186917825813736,21.53082674766349
1781608309,1,49.93279667379767,0.35582080620746553,0.2706885484672296,0.9671740880394839,14.895525337696862
1781915086,3,65.0319271273172,0.32827998137350695,0.19881494416007875,1.1482352638283961,14.899563545949775
1781926636,3,-7.65577521724623,0.3618666874879445,0.2971773143755424,1.0052609149801128,21.525775576014084
1782813918,1,180.74280202064782,0.37339266982714286,0.2681549721888076,0.995852549720341,18.893372522031505
1782970907,4,170.3486338565118,0.3760166847571323,0.18611449739051628,0.9961003100451331,15.07171756982742
1783140001,3,28.659587981254347,0.39279666977355865,0.21959056966163604,1.094538121973642,18.193826012559658
1783164838,1,135.3414013610597,0.4077499504471281,0.24677108586473973,1.0873310455875664,20.246596590255766
1783173657,4,140.94446646674612,0.3924052950001899,0.12248250273212605,0.9299303210036691,8.349467924895611
1783262113,0,122.20199239038449,0.39463285362325756,0.20809649038547984,0.969070540184097,13.677136192192366
1783614985,1,59.25040874181294,0.3363705120685396,0.20825144362599401,1.0530460893973945,15.981751495040555
1784004493,3,32.571094519564454,0.3878073094742454,0.2250431472786289,1.0204329947427315,13.358573275500211
1784137084,0,25.478652157832983,0.3339653494177085,0.2626412019788274,1.0682338097213608,19.95940693430015
1784177503,1,88.14032590832738,0.3151333812918851,0.20359572115930072,1.1948425487616432,18.929852745036158
1784231547,0,104.8557576121838,0.37970906213002154,0.29595549022662143,0.950467076559824,22.308885775760864
1784319633,1,63.88538271891122,0.38468499599265427,0.17230776369162976,0.9385827302918822,10.77388366521275
1785002432,0,135.63736163471748,0.38688853791416045,0.22495621249562564,0.9969573115257513,13.412355145143366
1785099361,3,187.39554001659207,0.37242012875138997,0.27893286916084054,1.1141456204621962,21.665291543616824
1785446728,0,174.57763935739206,0.3765187785606605,0.221623006172673,0.9405830271254539,12.741664129961826
1785988282,4,194.44919814353037,0.3971193137168161,0.2954680004020921,0.9260636584803772,21.52371388381043
1786011241,0,83.15412464565978,0.30048557559243305,0.2205676341196784,1.0550581077401167,13.895356215651036
1786063717,3,33.57860165352068,0.38529166903024076,0.3274539415747652,0.8795732490020866,13.412032568402012
1786072112,2,190.42360752943796,0.382154842315795,0.2533603373662063,1.0328052405867956,19.59547892545425
1786149230,3,32.230849060325326,0.39311369444291316,0.2851366760467972,0.8837120362022483,18.317990847527458
1786272690,1,234.14210841381737,0.36805211510068897,0.23604700754393843,1.1407289807039733,25.188899925101797
1787334599,1,25.763546002832655,0.3242501415182434,0.24293866775442327,1.1338022271993067,19.53653540908613
1787342270,2,174.94587814331095,0.37354151075263603,0.24751889456813392,1.1268797672050268,19.412119727651792
1787772171,4,44.56530673861876,0.40380368730407884,0.3389845539136733,0.8053509972113871,11.343362983706605
1788116403,1,101.5155488823331,0.3706787021306595,0.2816792493929549,0.9909215421761501,17.88204005854233
1788310964,1,93.24227728447165,0.36221278380972066,0.24119939999112486,1.0852313102346174,16.704742585264793
1788326945,2,48.60073375708713,0.3522808849455361,0.17778342781892822,1.0411538388641925,13.696496067298863
1788446474,1,197.23251448290432,0.36827091534546963,0.19851368701375877,1.140941524868819,14.816180941405465
1788777860,1,185.0325722643318,0.34926484008081676,0.26756548901447413,1.1363796712104401,21.387010756304992
1788955118,3,146.5972371043797,0.34487467674256833,0.1548326650277148,1.2771777468386818,17.711215409402783
1789314864,4,-32.62497656951143,0.3682328705244133,0.2930779293227772,0.9776312112946375,19.183304986064186
1789414981,3,40.7901831366704,0.36135123985790973,0.2179330300988525,0.938371650999489,14.050142198058875
1789644215,3,151.91334857687696,0.3697979907122824,0.24413819181483187,0.937575883630403,11.840409304834147
1789925675,3,31.59453579828586,0.35639995148602843,0.22452263633563826,1.0542714944770608,13.644264608864617
1790048084,1,-40.14300324807769,0.3877096517708748,0.35287950064799123,0.8738872661863419,21.860036091503634
1790316910,0,193.91893879950987,0.3415271717810751,0.20745547965939837,1.080042043163972,16.485109376693558
1790362530,3,5.754121217055513,0.32262495829111826,0.21598233726962657,1.2367381805244289,14.933418952406088
1790709868,0,38.20397114778136,0.3591675577498791,0.23887102935354024,0.9852301517384908,14.70323412990166
1791119608,4,15.992953828601529,0.3831725317431428,0.3622055549202007,0.8519848121232242,15.24386258860643
1791310539,2,121.24381439791962,0.3613159924880407,0.2672463468392647,1.0798174495377437,20.607108491918083
1791321384,3,166.37899545552756,0.35510580501353534,0.21706181043040296,1.0245327165089804,13.714888560786498
1791454945,2,278.9452300280464,0.39155261443593403,0.20394175579008628,1.0103972305357147,15.07415972020767
1791486137,1,-14.52698810614676,0.34976811986711975,0.26932092289393406,1.0713373572431888,19.439836973221464
1791802492,3,28.660182629079983,0.3346478944073727,0.2011659359808618,1.1841603083715713,15.238940796788361
1792328384,4,50.010402972972145,0.40834180870632875,0.14713150194937158,1.2072178891425847,17.838197429877315
1792336093,4,90.53796216756685,0.456215657908003,0.15861089497309894,1.002115250747314,15.944245602795528
1792419504,4,82.80940578704482,0.3312767476890134,0.25433972218799394,1.0184198536278615,17.47176950428438
1792717166,2,71.07949121012584,0.37980609891118816,0.23742383711772075,0.8719409608490201,12.764604326860876
1792997917,3,-14.355692312906115,0.31870709588925455,0.15871615569510616,1.3774505598431237,17.393861934511328
1793024081,4,74.7975452666455,0.33978815156929787,0.16312313139964468,0.9500956621468174,12.601082887721267
1793643312,3,30.766024341279916,0.32233405965933104,0.2385341981226738,1.1667355502236505,18.89464627731981
1793714873,0,-11.832103464630038,0.3858512620032461,0.16162247355728232,1.1673211491555273,16.278678139778947
1794681107,4,122.39019643198382,0.361147956599854,0.19019696792529867,1.0862304395626317,13.620873845426509
1794683515,1,120.98045020132065,0.37306623977368164,0.24416263988900808,1.1177174384235928,24.141992697627003
1795125893,3,57.28182856441698,0.33386119918219287,0.28345780610311205,1.133244315706606,22.323090358506207
1795185770,4,247.04760440326726,0.3747484022464265,0.2126211347844752,1.0177622782380085,14.619799852204618
1795208457,1,54.910652844519994,0.3842196741892297,0.21750264557347748,0.8561126411050796,15.818618280345806
1795274975,0,240.4930211531896,0.37050010721856885,0.24074251623204726,1.2230564047346477,22.12823104959309
1795499344,0,312.4644145657765,0.43399231153068396,0.2869586490938426,1.030227246413175,19.868709194726335
1795625722,4,62.81077051298598,0.38008896944385845,0.22949976926990306,0.9221104986802927,11.989170641917205
1795760270,3,46.23710710865144,0.40333212395736656,0.22896810819976668,0.7432141361637425,11.197606652472182
1796091822,0,164.28478742934934,0.35412414534902636,0.233820234165387,1.1127401137210877,18.122450657197767
1796177259,0,365.6606418584849,0.4178022657647858,0.21218664271456855,1.1151944521139328,21.7502612888195
1796439360,1,193.7187321046807,0.3711989672763083,0.20207576550231213,1.197555356341885,21.562126421362407
1796856353,4,72.31419893528377,0.3442345455907869,0.1189894290947631,1.153093106499725,12.352174605971959
1796975944,0,172.70788309462142,0.3371872141708516,0.2299681391858175,1.0346158990213272,16.058168519341628
1797111879,0,191.2283161788482,0.3926034889237681,0.2141687578207082,0.991995533214453,14.959372966718853
1797127681,4,22.676070477953616,0.3727350190365114,0.18221432449965536,1.065872863727141,11.663104247412424
1797412842,1,7.520714853623488,0.36932173495451726,0.2418472872488874,0.9033837504446547,14.025072440189252
1797791168,3,29.33182064453625,0.3270021980142539,0.24473660362582816,1.060141540262199,16.781694063363357
1797950227,2,272.37130664037454,0.37904625549905946,0.19554135045865925,1.0305935365682024,15.841343413335997
1798703824,1,177.87787682323398,0.3337616970577615,0.19948100380046907,1.10510132457703,18.720274206561722
1798783963,1,274.7888801654983,0.3842117505546328,0.19588852933572726,1.3131811451383402,22.97639825145145
1798943055,3,0.6276021793899673,0.4050380641447091,0.30510553748091,0.79695388852853,12.80799212197517
1799071483,2,77.48928285963899,0.40681815263979837,0.20245604247427798,1.02837838572885,16.554194083894558
1799254140,2,92.96986535805875,0.37990240609374093,0.21341422435736562,1.0184986380479941,13.550150849708327
1799502171,3,48.73845643925647,0.40593309218611867,0.2974361884839897,0.9079525272511076,13.529012967335435
1799759378,4,-3.163552555456633,0.37071511072463753,0.23968286904002933,1.0803139345863149,15.468427753246772
1800029719,4,187.61704020726512,0.3789234469306604,0.21885561775280957,1.0103194349808196,15.83151773316462
1800644931,0,68.46558837477181,0.3676893259356431,0.22456919849573434,0.9771841679398232,15.851531709655085
1801218015,1,31.12055183111829,0.333206316083438,0.23512317944860492,1.2278527644910615,22.218926078281143
1801224003,3,60.26189612039756,0.3387363271813507,0.2375314072941902,1.0597056829401925,15.588488007433178
1801465428,0,59.38190958539927,0.3386203772122227,0.20218854636742065,1.0618483316547855,14.62748439850088
1801821900,2,70.87758360396398,0.3824747678920285,0.29968900518076147,0.9625570952384213,16.402107435148718
1801990211,0,302.7431733120303,0.36444925635385667,0.21924543887931883,0.9870097124349472,16.345831439758477
1802780820,3,204.95925863742923,0.37250954687976695,0.2530774975972594,1.3321157610309484,25.77979933185853
1802973320,0,62.68812937085805,0.3593409040354024,0.23517301718410008,0.9733259889303093,12.846745468162084
1803088964,2,174.17968587907632,0.37876093740331734,0.25540543135634985,1.0027846314473776,19.891986337679697
1804539920,4,118.70854890063643,0.38016181454641573,0.2098295346574488,1.104869861356338,20.948255342165886
1804622774,4,155.7441730781113,0.3891279623380518,0.15481342392360775,1.003087031289626,13.10824776404893
1804735174,2,74.62460891322075,0.3869158879214166,0.21425215219756835,0.9885427944468208,21.382265438364485
1804758935,0,216.641855454895,0.3152663040902498,0.17929872173094089,1.2363598872939592,16.058268921774438
1804814245,2,63.52004154400829,0.40600304823086036,0.24255501601482288,0.816914320655078,12.670751040039834
1804819295,3,89.22025971663739,0.3416306439012627,0.18452029503907236,1.112748486389032,13.911313389007558
1804829075,1,42.59269462308706,0.33449169282613184,0.2688013937331276,1.1124871593728,21.70670004715668
1804836030,2,227.38428993433058,0.36584198098110077,0.22835755089230797,1.1303738138849564,19.35928209052468
1805818890,0,201.28053284172017,0.3481495699222531,0.2172285142983919,1.1287795903509439,18.684954285070408
1805828893,3,12.450457062889143,0.4002615894961124,0.35339654287820205,0.8888504913705497,19.24810060950071
1806252045,1,79.94365811605569,0.33384797078462375,0.22191603314531283,1.2400673981901584,19.807947569213276
1806255411,4,61.315048375590685,0.3596741440628954,0.26225660757940483,1.092375088892911,18.85397626729194
1806416444,3,172.3397653039318,0.3613348863076409,0.258112564572582,0.9403571676635781,17.764072312734058
1806691588,1,135.1781779874825,0.33440200746125043,0.19800453818699146,1.2029079430551857,16.619485391056124
1806857427,4,31.74467597670727,0.3616937863289037,0.34334017083591173,0.9433733699821714,19.074882025513364
1806961099,2,190.2717037787137,0.4096662851790126,0.19611279429930636,1.1254748609691643,16.695667150498156
1807042238,0,133.38230028530242,0.33235238913824733,0.2709146019407152,1.1362837967097683,22.473454000649618
1807156052,3,42.53510368517721,0.3998789767534773,0.22680938876876286,0.9291863805199753,16.49455627648013
1807233855,1,15.911696185868024,0.3736256325816017,0.3231092597031199,0.9709945892376897,17.75878158247198
1807732967,0,72.44543369466186,0.33769994218670374,0.2810746635934608,1.0813357038438245,22.35372344307156
1808141855,3,59.39779933396134,0.3556455695408413,0.2436786930751035,1.007897788271367,12.957863945110226
1808438148,0,46.95974526441555,0.36835876207308277,0.19809015886723674,0.9727220029458651,13.36145657061538
1808604040,3,157.8972996683263,0.34447078725817154,0.26615510614737425,1.1984188916145007,19.1070577406295
1808750963,3,20.243363587798342,0.4029314215504928,0.2808937587182662,0.9295249331145983,13.410900902506992
1808991863,1,58.91118693052865,0.3614629912395629,0.22707620982892798,1.073984038992634,14.993206371354043
1809093717,3,30.301550937974483,0.40860914538800447,0.20043649621249865,1.1903406070393807,18.288004880146186
1809334970,0,35.40586946583299,0.34830620392327344,0.11511087269918141,1.3060970832877676,12.26185576007742
1809372811,4,296.4082046933998,0.4402264235064042,0.22017214218673473,1.0826340865127124,20.340229646049384
1809467126,3,126.47216317403904,0.39216890243762675,0.23885317954148813,1.0281070840928779,19.11053830200466
1809480718,1,139.77627113927647,0.40994921796923767,0.20386060965214906,0.8730992747836502,17.652176480159806
1809618585,4,-16.338872202917514,0.38778456853738297,0.31477955287926274,0.9153038499565269,17.12642313890885
1809672801,3,18.40938951632654,0.3648381765168146,0.3593384059600492,0.9021177060382695,20.738942213107233
1809695642,4,197.60035400793547,0.36064440155884403,0.1940278977193121,1.1539341628890591,14.283110882295531
1809858457,0,127.59303834388231,0.3531204068674378,0.17723800290575115,1.2267674420736354,17.95979042403288
1809876113,1,51.2073582927079,0.3517093015359728,0.2787848953226028,0.9307680252731515,14.503187023034663
1810490415,0,18.526051270437904,0.33298727680599605,0.2845852696608842,1.0498036372548938,17.497876490219006
1810774375,1,166.99457742991183,0.37237478287923104,0.21774426654149256,0.880609303780762,14.774161198762975
1810979250,1,71.77092130994578,0.36918480612488536,0.28031924309571904,1.0541219454686417,19.930856258491296
1811086141,2,5.051956927504207,0.3247902237811299,0.20719477313901313,1.335288319680025,16.229679808051934
1811300122,2,24.56672618509937,0.3427284100014204,0.22630851700809893,1.124163511296764,16.729871779055543
1811542913,2,141.39853703949024,0.37137650574774345,0.2920476441874397,1.1397558719829268,23.175694750471934
1812532838,3,46.82346661262003,0.33354266530209636,0.2743760821240979,1.0888993978426058,19.500098657084777
1812564153,4,163.48112609389275,0.3617447341121612,0.20218873950323316,0.9975239936755059,14.76124062616949
1812700910,3,100.5195376294152,0.38831331932097685,0.2534148194466678,0.8685513768044818,11.343934337496403
1813031373,0,5.4875599094129655,0.3417589815037037,0.1966732982008649,1.0919253479026416,13.292232651846861
1813310957,4,125.2415177610972,0.3683337746339382,0.27475827804562275,1.2002776824469543,23.57909313917727
1813912008,4,37.27542581740243,0.3664372350609868,0.13837912520924434,1.1908282037013296,16.124196752994404
1813959998,0,257.92778125041406,0.3722476621626656,0.2560302563596024,1.1259261544178378,21.04174958240923
1814261052,4,35.704801261014225,0.29432486108884687,0.2524440450518512,1.0758872813760245,20.392928000557937
1814313694,2,42.249009788335705,0.3462452750912946,0.2500632373519648,1.0717155585752798,15.03194969822664
1814513311,2,60.90534448713418,0.35139796930837663,0.18248442647272184,1.0138403358906585,12.15297763039939
1814521184,3,58.496914559571096,0.35890624629899864,0.17268378880256488,1.2622822330360155,12.654717883869221
1814522046,3,74.03380112214097,0.3816984225582147,0.2504018527612635,1.0101009073624605,17.908583160084827
1814526307,1,161.77918552883185,0.35887721443768195,0.16469259811980846,1.2352319346917,16.68294524994219
1814705967,4,86.25468168639411,0.3528541865242838,0.22505973385612033,0.9404705348840992,13.122177450569128
1814831585,2,220.00825668871772,0.3677637363425853,0.25129921222136437,0.9324381845615088,17.945178173957952
1814888987,1,-11.512745690405026,0.3379436141472601,0.17733316504950802,1.117233408978756,14.924297281033928
1815199784,1,75.13666925248131,0.3594961117232232,0.20827202851662985,1.182273880485184,16.88098558571161
1815220094,0,167.76280077846212,0.37250009845231824,0.22104194770038624,1.089595817294268,19.30283970140137
1815368241,0,50.631191991852745,0.33106762666885,0.3588921346285211,0.9371961894436285,19.957642670766408
1815372590,4,47.278646947521345,0.3556317978227208,0.28474475142697614,1.0216712506423564,18.661747486259713
1815391317,3,341.2808762424832,0.41668820434303927,0.2601617512564312,1.0413209921251891,20.006032253272615
1815514979,0,118.37092654987431,0.3680498683601346,0.2018106498783847,0.9443778064084886,13.429492520612468
1815907027,3,123.22416501363651,0.3581846079675122,0.21861097905910745,1.0992897506150674,20.014091134325596
1816427508,3,62.01266626633513,0.390471989695183,0.309521169233901,0.9283072625390822,17.546079209386676
1816536666,2,193.74884696097763,0.36817248549590675,0.25021762835525163,1.0666813918051365,17.652933173479404
1816744100,3,172.81965278064988,0.38639691726145964,0.22727843559665104,1.1233281331769733,16.02212909351649
1817213256,4,182.9572109557032,0.34956270458350475,0.24263086897108677,1.0715670148153325,17.532020372475348
1817586753,4,42.775465375125755,0.33805830390570357,0.30105720758321236,1.0410950656078122,19.335270250840086
1817646491,1,35.50197013424946,0.3691579252164524,0.17551718395395632,1.2517321322660808,16.244608077751003
1817835124,0,87.94319099131526,0.30546108190942145,0.1496783313205046,1.3864265575658297,19.058765740543443
1818051082,1,89.82019490355272,0.3576521924496773,0.2558294256475374,1.0858083090184198,18.950216562063364
1818615314,2,80.61640074934583,0.34130018093810727,0.30249464321062236,0.9469809838501232,17.45517061196427
1818810158,1,50.31466029051919,0.3475228303309085,0.262097210982005,1.053744038240993,17.376877413286238
1819092687,0,58.83915857278256,0.3256258567505398,0.294362721204223,1.0792783159736434,20.177331209367612
1819263382,1,212.10263636784896,0.3793259260223674,0.19254540463792813,1.0488772705397404,15.738095708752128
1819602456,3,-6.808555738759864,0.37171858917747436,0.2599251230989831,1.0460414849937665,15.570312743218926
1820587217,0,215.75748337531252,0.3699646994288027,0.29323281616782715,1.043887092604805,22.073120686293805
1820695762,4,167.34506335536446,0.35345093874042666,0.27746996621604125,1.1006491381674368,21.84264145000843
1820800881,1,169.13258367106846,0.387761909150142,0.204879404891059,0.8844405291588322,11.806966532248623
1820965288,2,128.20439956629096,0.3394953786002304,0.22757511067392522,1.252401304826182,17.2280995473778
1821594642,2,165.40922801646997,0.36973680223744004,0.2078372126666779,1.087716694297914,17.978920340172923
1821776890,2,141.9022311042524,0.35425343603753545,0.17047481061235226,1.237284444254719,18.289169928327162
1822483719,1,44.75432516972298,0.36150723548138397,0.3539884453764225,0.9220440658380612,22.3607920648617
1822664278,4,61.50838856625968,0.3622560978173961,0.21739492706926467,0.973913595142644,13.72094970942334
1823153942,4,160.29767460742437,0.3352351542778955,0.296929127806918,1.121182533601966,23.152208339842907
1823366229,3,122.97433274963782,0.3657162811418025,0.2376867725995574,1.0447195761309451,18.576753062432783
1823476334,1,56.03229951795579,0.3861448734571361,0.29485256800352977,0.9619539226881155,17.900172994934593
1823522189,0,-0.3922098500047895,0.39721602212071605,0.3070712377588643,0.9187051655438035,15.22157823876065
1823535687,1,10.966222857106388,0.35215247226168267,0.28299101965573575,1.0378384309842577,20.147731169235787
1824329781,4,172.7961579951782,0.3753108546083855,0.32036886723124947,1.1203298611872266,26.709484001604682
1824700293,1,0.957827391103308,0.40130702641910376,0.3400518091659483,0.8668339735301946,12.729287677576309
1824932578,1,161.31242412532032,0.35333917211305943,0.1930290089459164,0.9977394816746473,13.288115357959466
1825472814,1,100.69111577416511,0.3576214289164179,0.23890639272033207,1.1341616128470986,19.738179439667025
1826128756,1,10.84804856744212,0.3942731694810608,0.3367230062732999,0.8564326121962135,12.693501840061824
1826423349,0,213.77827212773394,0.3830252754233915,0.2068145157832157,1.0829037203415468,21.6505288504947
1826581063,0,172.07032720570044,0.366275748358435,0.22895066609815695,1.0186548793691252,16.913178016637307
1826810455,3,218.56765386107463,0.3291900424057861,0.236116212196038,1.0725976067152347,16.723125585040844
1827057509,0,115.92288717223084,0.3366553088577967,0.2413355474562423,1.105727813867039,16.9849686928511
1827233180,2,88.21888150352378,0.378971932062338,0.36968971977939835,0.9021098101394246,15.137678458073658
1827383703,1,249.7078084678507,0.35439175808716167,0.21238649708277382,1.1285731470703895,21.031130410452615
1827805083,0,162.309646386961,0.3636390854129526,0.24008687922784652,1.1323816252580787,20.099279892122322
1828252932,3,136.97000907331406,0.3883353193711126,0.22730096182421064,0.9659220643527964,15.741758073315848
1828453397,0,46.223741698422316,0.353540013475112,0.2193193732251247,1.1927236208866572,16.522938187183026
1828496288,1,61.52386232010739,0.35419349435889325,0.22094649885856033,1.1315998606075715,16.340302105346936
1828551601,3,73.59468209901871,0.2974250753674162,0.22175027139525177,1.194577821211882,18.089656458316348
1828668618,0,90.97457452754296,0.3796477055275746,0.21258255038690999,0.9786729855517673,17.266671730384292
1828961126,2,196.63200700653582,0.37217266917640474,0.22125898288350213,1.1004103861590153,19.032017955303107
1828973221,2,152.79345129004014,0.3506777038097927,0.20840792873062836,1.1891034049551752,16.971469266003748
1828977072,4,107.13481240840346,0.3921264545091853,0.2508984254755102,0.9729353694170514,13.997078070320583
1829411915,3,91.4518665208293,0.38396951522291906,0.20787565540495978,1.202503236884938,17.160134317567728
1829654817,2,131.05769497365313,0.3659082654482585,0.2704417079523545,1.1475627329939708,21.04732249915602
1830100599,0,172.92353163972305,0.3668488427058028,0.17859024715062835,1.224468151382341,20.19030931213488
1830469159,3,41.83194599424454,0.3381805342447998,0.19599029029071188,1.174072056981597,16.178188075427226
1830893860,3,17.155270570640766,0.37041412469363866,0.3684818601841805,0.8956956636275424,20.82493848990928
1831743927,1,157.2351143441458,0.35622126915693336,0.25149296555220485,1.2201301031730838,22.007043206675952
1832371636,3,151.5207072946201,0.37623132229402856,0.22891889964365084,0.9660272030459384,20.207532359322027
1832963659,1,167.40599121433291,0.3585199041462657,0.23593514413174757,0.9876148357520468,16.792044511619075
1832968600,1,49.52592703970467,0.37441895337078646,0.2620320705661306,0.9281286560655868,12.218870380029063
1833216472,1,221.46163383979564,0.3556568431299604,0.34273593071095615,1.1445463303244547,27.780502763355525
1834039585,1,51.09649487479789,0.3279075648912048,0.25063502560294293,1.1497463718602985,21.49398762654672
1834169078,1,71.52066657536793,0.38687838089612187,0.1849805925426753,0.9140272939974927,13.886730535062139
1834440826,1,21.646334756513113,0.3572700266905322,0.18335644683492247,1.1183664606759474,16.957364235087915
1834775911,0,111.76005686827688,0.37878645857407156,0.19670050758096258,1.0313816317130557,15.611330947120573
1835012454,2,14.999353494155287,0.3884572940590885,0.2770857004824413,0.8770400352828095,12.296814596544326
1835122928,4,62.65633260239001,0.34040122766192715,0.2531776503974191,1.1133616847869185,20.303021681134158
1835485471,0,281.65994440665327,0.4315228489097367,0.2032916688783521,1.1607850660622754,22.51615067072823
1835490672,3,30.866780399824535,0.3453104978574672,0.1900309966761044,1.0082197899277827,13.726786946868138
1835545898,0,195.85259531113087,0.38587818545954317,0.24535829319208732,1.0392007807800947,21.459494184996476
1835793920,3,207.3767626246207,0.3630664613435708,0.2808831989651881,1.2389735184852466,19.556926192462043
1836092833,3,127.59695623980508,0.3606209470374049,0.22566648501840247,1.2256422923571701,13.833617055047927
1836401630,3,237.34159439148098,0.3940765361218311,0.29497911331972115,0.9930566631135385,21.204709882016854
1836411379,3,53.13054532365392,0.4372495071867183,0.29474117453569026,0.9410946739902601,15.111156591239176
1836445960,0,191.98517708064645,0.3832392782955581,0.18438229493021524,1.0825412955133962,15.171926782682336
1837157915,4,38.97221748238409,0.34463921792567437,0.23503966713534535,1.0741974128825087,13.243757977954228
1837160865,2,1.0716418962476126,0.3510604334295702,0.26775097569542544,0.9881534581365138,18.657001771402985
1837451686,4,257.27103560396256,0.35752355663869595,0.21682304724997511,1.1180688246529609,16.6216876351817
1837536238,2,140.06482170120952,0.3619596949417906,0.1695259931492974,1.0633480117364889,10.964942271767661
1837695049,4,156.77173811102494,0.3728713147695859,0.22839292463629088,1.022713521332796,16.83028273052503
1837695884,0,58.44808352643793,0.35614413905910264,0.2326297652237402,0.9889722320617165,12.940149443715674
1837801743,2,133.54135995552642,0.3568122597924677,0.25109229219582485,1.1152354039691628,23.13466907222935
1838148916,2,14.620808099458102,0.36648973726223244,0.31738773709959844,0.9246324247425515,14.031613391825509
1838224579,0,86.0437278608875,0.365852511410473,0.21892575599227876,1.1558256535992137,12.765385362139972
1838851947,2,158.3749273448144,0.31018703589468116,0.2210611453505978,1.1434268345720024,16.887071612169407
1839284190,4,165.10038497114402,0.3370292210520318,0.22049114698796732,1.1132524204512686,14.535832882782625
1839465675,1,145.09665006067235,0.3694859799221236,0.19544752266269638,1.0013010730491518,13.54905029777292
1839521966,3,58.31876742502367,0.35912552783878676,0.2443715527483752,1.0850672967000616,16.297886071447046
1840288311,2,-0.06813132186222504,0.36904695229325657,0.2586698070051418,0.95195954937267,19.243876895513925
1840821848,4,25.21492956060385,0.34734802540186627,0.14414593595033323,1.454613962793651,11.766187666875403
1841717328,0,271.2733988538041,0.3784030335517877,0.21510066477380674,1.097485157321212,20.66673205394082
1841939316,3,124.42055300946456,0.2886144838830528,0.24711713659608417,1.2721532038831975,17.02654707924401
1841990330,3,261.27179971370674,0.3595793899337068,0.24546338744011834,1.0401985122807444,13.945346810323763
1842093316,2,96.67655712889574,0.36080600454361844,0.24289050903155324,1.1006527200403358,20.864667806896204
1842577004,0,152.78987042695087,0.3606319942963032,0.24314711591699262,1.1125455608957506,18.030827252799494
1842579493,2,143.5795305087642,0.3659021254619993,0.2392083536048449,1.0533674467866234,20.511468173441827
1842592587,0,-58.976869353782675,0.36312853354112445,0.2754685266232882,0.9461971457670312,17.152742954680757
1842699132,0,240.9011726500657,0.3638217422270034,0.256684732852769,1.0725471515584148,18.193411475863837
1843486758,1,-27.84141452027947,0.31489397696471577,0.10927382682683542,1.2550341570545331,14.812198669290405
1844365452,2,87.71048834458877,0.3285160317137471,0.2214735699830278,1.1762039334183627,15.649242455032487
1844848960,1,190.84647295202035,0.3816246557794225,0.3429362196415989,1.0373770796756325,25.306544063750472
1844857669,3,173.6612865784371,0.4017761033403157,0.25805733474169223,0.9993439165104168,19.085146813388192
1845417873,2,205.77399765207718,0.3706444467874688,0.1544809598209988,1.2336478782509852,15.351948567807728
1845492886,0,30.500121507424574,0.36625075875476104,0.20114934273504656,1.1381262185719199,12.619355309773276
1845526826,4,123.750038832311,0.3771886272623652,0.15898573579577954,1.0461935488433618,14.3807420261737
1845530087,0,154.51593989841888,0.33662960178494666,0.21983877202508373,1.3553338781281454,17.102131698332833
1846095810,0,63.12316789361899,0.3450416242262254,0.20921729613042542,1.0736431132063746,14.131833588860296
1846410609,3,58.22262155748674,0.36586301037446733,0.22017352889159872,1.1933696070725452,18.761912622898304
1846941939,0,252.66965478450487,0.3631598074940359,0.20984501189634436,1.2270096586896282,22.445152261612435
1847001719,3,44.431836487279625,0.3655817657795387,0.20700105373268063,0.9410206797695395,12.556209175680138
1847105802,4,122.32180522711658,0.3441077472589727,0.18818652820639709,1.1004597548408475,11.652121563423123
1847970143,1,73.41562342916508,0.29903557431846717,0.20112275429514248,1.0939495703829978,17.163298239572793
1848016305,3,336.80490192605475,0.4284511702153839,0.23989908224357231,1.2074580266616863,25.596099652185956
1848203526,1,119.931343402226,0.36337961753847575,0.2334449253876877,1.0429319051150108,16.7419891273725
1848234898,3,31.413241707267986,0.3629072274392416,0.24899203730475933,0.9787741168959486,12.726623171918027
1848433590,2,-1.2015023102781726,0.4136721763419018,0.2596257656098044,0.8750473252449678,15.821057226378457
1848774287,0,55.37449010482245,0.38447767846214304,0.2204487629126341,0.8894759817717623,15.310112592672766
1849021129,4,140.3275883785555,0.3830620346084953,0.23087944949545838,1.135424166780234,20.54792649301217
1849183324,0,136.80194991669592,0.3792435939252395,0.21495095331951,0.9608060459919795,14.137625282121473
1849374402,0,186.71626687239166,0.40319682904943416,0.1457542983213713,1.2897072794481448,20.852121518371643
1849381724,3,18.543358994435167,0.407712312553104,0.2275357641800649,0.8683274671868334,13.934318895714744
1849606830,0,79.67864284581714,0.35659942117216165,0.2554870226736433,0.9842452647040311,16.69636203793589
1849651127,0,47.045058474819896,0.38056030213516634,0.1702945563973208,1.1188055540415354,17.264541650966652
1849868582,1,30.887764704877085,0.3648541464877608,0.2766831623039274,0.9207734466712548,16.309374099158763
1850000817,0,72.75165416842447,0.32228518411785567,0.14572788538955272,1.259184319387611,16.97570485819702
1850128396,0,58.2651379950899,0.36791329869588435,0.3009700899638154,1.000609780702018,21.49678722792724
1851184285,3,81.17751090557513,0.3173530000190985,0.2203932950773092,1.151733153463395,13.846406045235153
1851228821,4,56.331373172273146,0.4151702727343865,0.35262578693941093,0.8425652683312882,23.27698589478188
1851430426,4,216.90123625243763,0.36489626589641055,0.24341970281325317,1.0965124995612296,19.046760907527037
1851457758,0,95.49118863651869,0.3312381604035458,0.26524717163839556,1.0026584752153709,16.358486050447834
1851478305,0,184.9466218762137,0.3518743438434232,0.22902998297677724,1.030864654648954,17.70341498850272
1851842760,4,67.45916914615984,0.3480661015109632,0.19876859028198213,1.0504345342759744,13.2474634269276
1852114421,0,-11.501752723505959,0.3682169026411635,0.2454415467635905,0.9162811744189177,12.118089426705145
1852303181,1,14.614601780896962,0.3907397163291236,0.3097546523512884,0.9225307047010978,18.054896444973853
1852392195,3,87.56236320483673,0.4025424242204793,0.22532252428479932,0.9499728886802911,16.169584156317363
1852502200,3,136.4509750616482,0.3646609918286707,0.19836779894341544,1.2370223085884742,17.307254658789134
1852654693,0,71.10144076258729,0.3699606738534663,0.26743193012543437,1.0237627415835062,18.792684782574938
1852734307,0,145.51074242414757,0.3425585825382257,0.18954051563486568,1.069398286003948,14.205293343231924
1853131327,1,40.74239773147663,0.36215512467025646,0.27364051021398345,1.0221248407630505,17.27212084269725
1853159363,1,62.001195963061484,0.35012630325005584,0.3164219286001839,0.9857162655501408,20.18726444932481
1853589021,4,159.4647827441709,0.36664763394465005,0.216131773726858,1.0481784854384182,17.55778529761817
1853676235,2,-15.872293038101844,0.33118891816753887,0.16129972444644056,1.505242009004148,19.82256872392674
1854475288,4,240.5803785843138,0.35432123059273773,0.21945228887279292,1.059832530516252,15.304997613365822
1854554359,0,238.15909053696697,0.37221826249720846,0.10877686008506049,1.1110908904116354,20.731766295967287
1854822078,2,74.38834188313234,0.3791863607572517,0.2192304230701855,1.1612784295921097,14.821515090494872
1854968322,3,301.36900949878554,0.38235835972956983,0.22943692546780534,1.2239558452742727,22.439330883178208
1855068918,4,124.7047154739551,0.3412288134829837,0.24306698205741878,1.1016636804226088,19.731535635278824
1855109187,1,152.3748652687072,0.3796684779959226,0.19483025718752905,1.1108254977313265,19.551628395159074
1855247636,2,51.33382119812584,0.35122815708502264,0.254669758148763,1.12600378232924,17.962868812346752
1855385483,0,232.64566554647809,0.4196767072823888,0.22585104035661863,1.0599552071463023,20.161209881642524
1855457163,0,123.60159721324442,0.3625929060768072,0.27882160641302256,1.0634051093411627,17.842413139167704
1856131378,0,181.92293942793623,0.34924633397031946,0.19595056563469287,1.138890143948488,19.42516510561186
1856962369,4,178.31324156582775,0.3479730534959713,0.3302089210955149,1.0935330065915705,24.011450026347152
1857016044,0,246.75624500933094,0.403222582699559,0.24362596092402053,0.9858845528959969,22.36309728507116
1857030958,2,200.61942959787632,0.3744969835076114,0.21130885734605664,1.0849803214903115,19.650335922280284
1857184942,2,162.810912936106,0.3622338060331594,0.2360177926071734,1.0035459076950368,17.64644414536148
1857351068,0,268.1987697983963,0.38502041120016695,0.18738978253750277,1.2809280584315226,22.949242403616463
1857599978,2,292.7200883920125,0.4394254304758344,0.16898581695010984,1.1216490779349255,17.838437366409707
1858324553,2,47.6538650096321,0.3777891904017594,0.33116568444254063,0.8810078900017932,17.763826775166397
1859484070,3,12.245223385812551,0.3403964155294355,0.2869127272165474,0.9569794510713969,18.810772138973995
1860210048,1,61.249544693697864,0.36679994457318243,0.2972277295944843,1.207874071406873,24.8808827546444
1860317687,3,36.403432719831116,0.33791368387772663,0.30511150603699766,1.079051419967661,19.0639834425972
1860476282,1,80.14260649150468,0.37300876665974725,0.32132960233996705,1.0618719307450988,25.57556423925557
1860497514,3,191.7999427879854,0.37399493017469554,0.2654817270297052,0.9469967037566434,17.11662994940889
1860569431,2,141.98697926342066,0.3839537267458236,0.21765831302814673,0.9619376925952229,13.632204156189065
1860871285,1,233.67400157247286,0.3790084664358479,0.17482430713588598,1.195908496096213,20.602711219533454
1861224717,4,9.18718369974441,0.3520327197581355,0.3095763001396794,1.0199138705812456,21.62943428593764
1861437880,4,247.5511598648912,0.3998194960732742,0.2027194657097856,1.0489410546953668,19.778895564882674
1861488768,1,53.1208940601106,0.34682499942962386,0.2644064837508209,1.0313289948560964,18.416391947420724
1861741928,1,228.31215480610186,0.42522549408385235,0.18206979922505895,0.8403064870625999,9.932074920082945
1861909022,1,64.80044202978988,0.37772345384690353,0.1502632550340995,0.977940073692761,13.48620527075034
1862037558,3,114.78906389243494,0.3778777486335825,0.17695047358342328,1.0606321961964351,11.129987496020156
1862323787,0,35.27497850538681,0.35285807648974676,0.2672930370935956,1.0545955493143415,19.102173588762792
1862970059,0,194.53616996429042,0.3382958984184123,0.27982808278833254,1.1048781481685066,21.356687069004533
1863175243,0,40.952332818160606,0.31163192232809483,0.2700992302066528,1.0829090961432994,16.003226138364543
1863577619,3,90.27003570421573,0.3368951857058945,0.17700058703243432,1.490076349356972,18.887045148763693
1863578660,0,-4.779792413253958,0.35427382500462484,0.20349287878248745,1.074374247018027,15.084462236385347
1863583230,2,27.753436015232893,0.3648790485428305,0.1342340194735425,1.2706977456381856,14.07016173998083
1863818535,2,84.52938555195465,0.36208767754234283,0.22277973115543498,1.068371748516543,14.803734195168225
1863923314,4,157.04473350257535,0.349004639797624,0.23113137337207515,1.1882853294026168,15.231729398847325
1864041202,3,90.61728080309894,0.3721579338126135,0.1937291738203178,0.9851417190081214,11.59375488188359
1864197716,2,174.29592975296748,0.3976132476642275,0.21861953480284002,1.0167462564684857,18.651010270726402
1864288375,1,168.94387941970814,0.3585975355833002,0.20923669512036286,1.219098519055211,17.805243153179173
1864402555,0,258.9090886529593,0.3598862863037919,0.29303911005581174,1.0540062507882575,22.684297174750284
1864430039,1,81.28070180197713,0.3415854570046177,0.2861983819698524,0.9825252082541404,18.643416818939002
1864529364,0,17.487090299059517,0.41209652093269566,0.29883018179584087,0.8593639195905136,15.494384155824845
1864581969,1,16.652887335608497,0.33648919635658353,0.166675373078292,0.9532950179881757,12.923182060262418
1864702589,4,97.21366634560823,0.33982832013359193,0.23753774233465022,1.1329684126720632,14.45697775308826
1864783652,3,195.97046856512833,0.3851447800524873,0.2667879893060071,1.091195606717818,18.436979344147492
1864971169,4,173.49752495078624,0.3843796420226785,0.3290710451375068,1.0846982823022655,23.321836365645048
1865123528,3,92.68790174173361,0.3785246636461222,0.23385646240753877,1.0388500740691384,17.483070160980308
1865362645,3,-3.2223816939944783,0.3694149850184633,0.28212895086673606,1.0364706885735853,17.839254849055393
1865534172,0,140.3342962310537,0.35912312929968976,0.19998646057545977,1.089735761552799,16.996988481000724
1865789709,3,117.64627152841996,0.36949089979669675,0.19313597515334613,1.146316120558815,16.658845531727103
1865790148,1,189.0479655240548,0.39134556287077116,0.1470351699116615,1.0595972277309396,12.43748384854622
1865960070,1,68.42659484820214,0.3892962564951299,0.20831159737104177,0.9176263957586177,15.634362148481234
1866518598,3,57.18122617890596,0.3518667144896651,0.2407664621231435,1.0248984204718792,13.59748855539762
1866896884,1,50.03227333475348,0.3352347454807482,0.22009322106792376,1.0687528254880265,13.280643682706833
1867066449,0,94.2032670549834,0.3375744020995132,0.23331273003417163,1.1453504538360821,18.80869914335853
1867844121,3,157.21865282625112,0.35701348912067915,0.2195553001931273,1.0246452585390025,13.755277801348779
1867867984,1,172.90722270208823,0.37923580893786013,0.1364303815999912,1.0867219756435935,13.107548097813105
1868095680,4,41.3118738551128,0.3553816623721894,0.16922655511533263,1.158579590426776,13.064202340274262
1868650247,1,106.61948914865636,0.35301567020673547,0.1890069398205561,1.131011692456002,15.164554933689342
1868729394,4,133.002402926388,0.34775100899971845,0.2646365536911069,1.1691843548411347,20.600381798642356
1869058141,4,74.82218920105305,0.3601586096588392,0.22681071290721833,1.2718980242246638,15.901851432451082
1869058674,2,206.18725344039018,0.3588599661628249,0.20550770648669978,0.9997124823429525,14.755340040805303
1869415100,0,106.51541665575235,0.3478205605927467,0.27062053813998677,1.1366470060251177,21.896821477087453
1869493071,3,294.5866568427594,0.38270646057817637,0.21072470668158994,1.2139160505075908,23.221634668571255
1869593647,3,111.67881022161835,0.38492821178846276,0.21131756901668902,1.0493498196260869,14.603964573039564
1869660806,2,108.17316739016651,0.3578110022064397,0.26282738908082987,1.0426834931531923,17.552577208571442
1870206037,2,145.83352906441516,0.32935181025576776,0.18352719134523487,1.3084715886293041,17.61846950890325
1870504474,4,169.72719387420085,0.3605913066546092,0.22462320280340897,0.9728095803201842,15.946214689374381
1870599069,1,36.428422797365826,0.40040339161323935,0.18883218459161902,0.9100264388052391,12.698702768269143
1870681436,3,201.9193588198925,0.3707060598211097,0.23499558375898313,0.9564330961190943,14.747651439405672
1870773223,4,125.34386110560902,0.3963133046515985,0.2554159146141505,1.0684173347906756,21.135004222080628
1870860682,2,-1.0337828819626083,0.39520725150406577,0.31795188176808215,0.8857455764699635,12.446414078171676
1871148344,2,12.194363045473963,0.4236074597873295,0.26667706559242293,0.8845161984621625,14.887099291526496
1871161866,4,209.63267005353677,0.36834187431308746,0.29547379566669824,1.1336851144208393,25.250923405554243
1871349402,4,178.10699865618574,0.3744245886644801,0.2732910579770362,1.1104174961119968,24.777190725630724
1871484696,0,254.51037384837412,0.3952160512645244,0.2075685336706785,1.0793829087616622,19.108065891757057
1871505743,0,115.0063446905594,0.36844697892780837,0.25518636312293014,1.0988856734153205,19.386763697214967
1871588823,3,191.63388905303782,0.37337300059805634,0.2503555824377565,1.2764597536549163,25.148843144577405
1871708716,2,58.97431942987561,0.36132062812276305,0.19433061365430052,1.1841896351865095,14.289058074921149
1872303483,3,80.37409492309794,0.3176255307911186,0.1742889246564433,1.059383328951058,15.964619002278559
1872457449,4,205.6201574007216,0.3429008934302058,0.18934567758140602,1.3599842048428128,20.161487426831453
1872607825,0,132.61646060291088,0.3746931585364104,0.23108757587261006,1.102455337903299,16.963865317635825
1872649544,1,-3.20621036803108,0.3355940064077912,0.21273502318697068,1.087859505666614,14.188917652589708
1872652115,1,129.52787660453035,0.36302275125139016,0.2291501673074403,0.9537918036091442,15.902369007213226
1873242473,0,57.8467682447961,0.35850311232265375,0.2037459254968414,1.0708829651878626,14.530719394501363
1873390978,3,88.01812568564036,0.339070982492322,0.20958706679196515,1.0668706080139025,13.422612796830649
1873610912,1,276.1835847661961,0.38422113782405887,0.19728055146588974,1.3107940916841614,23.025118281611725
1873714666,2,216.84722359758956,0.33548391015430096,0.27471303072279296,1.0043566972990818,20.064946487674046
1873866400,4,38.255281849820676,0.34536027200390274,0.20989035412418922,1.1683548618366075,18.387256007934788
1874165813,4,167.38631452560156,0.37705233589069836,0.1910767871538544,0.9740193687486052,11.921574032970193
1874299815,0,129.10999855790888,0.3449879385426596,0.2335268444826464,0.9793119477947543,14.407328743281779
1874313702,0,83.04646475942522,0.3334464248328676,0.23379872485630654,1.045262703294787,16.729172419737047
1876018160,4,163.05560166942794,0.38744180900068154,0.2979168975700304,1.0327752321727284,20.56962341894601
1876711098,4,135.09908505334124,0.37664264880931525,0.3008647742545914,1.1309682278503035,25.225914206157494
1876833893,4,57.12994729727524,0.3964479430497726,0.3125435238449158,0.8605673002113133,12.16349891491473
1877102749,1,-42.3829593815008,0.2924656229328809,0.1134964985779664,1.5154394771145894,17.005314788916575
1877161213,3,122.48856226830777,0.35107756245022453,0.23168998865836207,0.9560185832001844,15.289115093002971
1877302307,4,80.92554734465611,0.31312833040105326,0.18582354992213415,1.1307329419218095,13.702225458232574
1877327739,1,29.035584859828816,0.38590139938276186,0.23945235745633695,0.8719434083084157,12.101057218722733
1877647340,1,21.930037471336092,0.3557411600788436,0.3566858556960736,0.9560007885141004,21.62136954551405
1877844504,0,45.829398652110754,0.35113799116528055,0.21487924694666793,1.0774755313594384,16.00365649373381
1877921112,4,75.76280809095752,0.3527146685832505,0.17589255086055436,1.1635596893429827,12.590758193691993
1877965717,2,205.65704844779603,0.37331744192746574,0.23457011632636332,1.2772749958691176,22.80613660417439
1878179811,1,45.05527455088551,0.3309983755597386,0.22463436909341117,1.1450447820942062,20.48214208781727
1878617864,3,237.92839821095973,0.4238693385457243,0.3729400512655528,1.0699098474448434,24.124064046992196
1878660713,4,129.89304177705137,0.3704570414374821,0.2658664599514527,1.2433369726103893,24.346796088417975
1878904563,3,-26.49528068150525,0.3221233926179541,0.33092381344072597,0.965728555394052,17.49459834502817
1879018576,3,107.6875306752848,0.29336202967413294,0.21056900637900047,1.235153501050019,15.859775931991688
1879180798,0,175.86999854753435,0.34778823775543427,0.20329109626847824,1.0494862832807623,15.113115003886863
1879773381,1,80.55499802670391,0.3634340396582248,0.26649859295452644,1.098879404901144,22.970786917663432
1880766912,3,65.90236793746617,0.3428149674727267,0.23229285820132003,1.0810582723352733,13.722076705463792
1881186822,0,126.28457587020074,0.385351285412101,0.2308261612457811,0.9272998256246752,16.6317351754983
1881349845,2,116.62091116675951,0.36092801500526744,0.21984985201111806,1.0552281077782655,18.671226989091736
1881434698,0,197.13823438866513,0.38589467381484016,0.27199560218972396,0.9259367832453961,17.884504630645793
1881628793,0,114.69354876414704,0.3356669856627499,0.14753966467484753,1.1022290917951247,11.648517267961068
1881927203,4,72.5056108359558,0.3430908519227889,0.2409062968214951,1.0745401558194374,19.05988164031775
1881954049,0,432.1350489122073,0.41979045257044034,0.22212368323252846,1.1070680813442688,21.44278301889116
1882117628,1,168.18985384828633,0.3430023853861561,0.16957709087134532,1.20888130683195,15.899467292306566
1882780589,3,36.42269530051971,0.3728914971692999,0.25139151797149045,0.8980110985597521,12.457320331592328
1882791294,4,90.22326426944615,0.3622821650785332,0.2911438595633456,1.0962205898956,16.346467515992163
1882863686,0,64.6894078375292,0.3845466791119663,0.18931182566232863,0.9865467328634125,19.102852980861485
1883003333,4,108.00396890337421,0.38410874976094317,0.17345979362511135,0.9220886484451926,12.900499572661785
1883635741,1,151.12570538417813,0.36836362680607215,0.31916625256706976,1.092035791339184,24.483555541005362
1883833244,3,233.24553990270263,0.39223188416654997,0.2853795023201825,1.0718493564155247,19.70373070300383
1883909955,4,99.653249634004,0.45054075479657085,0.3423734199589922,0.9800996693339168,18.231137565224167
1884578116,1,39.58289413077925,0.3007268692970396,0.23325670290239667,0.9368441040369211,14.5091213839697
1885691849,4,9.556671240404754,0.3462050958524854,0.17704295509285667,1.0888959313621511,12.619530883585304
1885797446,2,18.344342176615072,0.3532489980182215,0.20940922103403112,0.9925227902561994,13.648853218372277
1885836114,4,124.11722439590282,0.34840558126912513,0.22964766238640544,1.0760015114748014,14.551317551937366
1885883959,4,218.07692372266862,0.3706368029590207,0.24906875085713912,0.9650449560510669,18.117985057670584
1886025191,1,260.4872453366928,0.4289848594471713,0.2460632835136108,1.0800965394161737,21.3373961894299
1886122212,1,242.8796587031597,0.41708823549029617,0.2394867165377838,1.0935245878405309,21.328871877109005
1886386616,0,51.21706811067292,0.330171361666111,0.2788119084839768,1.0430102093293494,18.894264680943536
1887035673,0,118.5084126893282,0.3939290244229959,0.2901056817273935,0.9492947966940474,16.710281681273617
1887357028,1,60.93409887941322,0.37347990614837423,0.23813434979862025,0.954866927985423,15.040356047226485
1887528434,1,138.7659462559536,0.3519941504961181,0.1669872887976455,0.9708147509563603,12.55425966401018
1887598982,1,70.38104445676638,0.3499078934833921,0.16486701261093417,1.1358827798022473,13.281264615701186
1887729559,2,46.24462167242553,0.32986972489802424,0.2054119931484924,1.1376433916382909,16.49681633475846
1887902393,0,176.4017093751521,0.334330923699406,0.2002777107794898,1.1298814562972956,15.508845422954025
1887990999,4,62.54868484269359,0.35733267876138397,0.175490917321248,1.1391407860508933,15.050910520900587
1888278720,2,82.60210586688723,0.33532755261086244,0.2650710423603628,1.1523858827114053,20.610074713752013
1888293192,0,155.59570812894168,0.3680237082225185,0.20393738541648795,0.8855477157985081,13.36675986443051
1888415409,4,94.97750774352312,0.3361710739754138,0.2502047325700818,1.1608221325640968,20.050663277304363
1888603184,4,156.66581157662785,0.35240922699481464,0.28261308538242974,1.171364272213089,21.980222183635274
1888669156,3,207.33656710418273,0.36293442713767654,0.2423873628662229,1.0175071672991427,15.969315203820443
1888885498,2,-12.411128301980696,0.3769318852682551,0.26368313474076477,1.0198811399489223,17.19663330456471
1889214322,4,69.50197562709045,0.4020682483158998,0.3227415551960176,0.8570274305236001,22.587669138794567
1889222328,0,45.256749056295575,0.3539828979716094,0.21895587266887243,1.0620192094822347,13.927630104342525
1889579812,3,234.59676684274436,0.3227112336793846,0.25663602093929505,1.287035094154073,20.311641383214912
1890198796,1,84.56962623354148,0.32109747911599246,0.1101351687456743,1.2886829397323032,12.443431589303916
1890222826,2,77.43401954537981,0.3535200367634604,0.21865074358000794,1.07798560307237,14.850631588645186
1890528933,1,282.2227671475085,0.40219224118759744,0.19026136336883043,1.2986209442081984,26.76158940157162
1890730007,4,115.23037802398571,0.371455248578102,0.32627302815484854,1.1511116792779028,25.646133159789933
1891219046,3,86.94657030385862,0.35560456525866707,0.221401908984999,0.9722342518142051,12.473626439777727
1891267124,0,25.685390964594177,0.3525571263854703,0.27579674530160725,0.9636666579185158,15.19195917558093
1891268046,0,37.743150275180696,0.3528400206300077,0.33589709553048896,0.9488018662270331,20.521511578245022
1891270134,1,134.9857836750067,0.37038239768328696,0.2599887396026831,1.1130034010274399,23.519803638289726
1891991846,0,159.3812422475786,0.3917053447071323,0.3192094270708097,1.019972322397746,19.55634831233934
1892436354,0,141.85425156376226,0.35386378106976407,0.12653094155721156,1.4653267457139822,16.412608178789895
1892438799,0,260.84217967565246,0.39326802123552534,0.18264922868040104,1.0440021149436898,19.73281584936835
1892522189,3,148.8874597311418,0.3594490483737311,0.2223449408468407,1.0373631125518439,13.376620591533916
1892682102,1,114.94607907931787,0.35888674824608674,0.25432238354795933,1.1301327857496166,21.11283306875181
1893126159,3,166.41050510884963,0.37969610502589607,0.22381817054346279,1.0745218653339175,20.879476203189974
1893396253,4,35.033426332708004,0.35582057699068004,0.21389167755812727,1.0458334213487737,12.825246505477605
1893806393,3,181.92594927215663,0.3735001689902855,0.2819598773682616,1.282101252949836,24.166024162731784
1893896764,4,-7.423733998989533,0.3245761008175928,0.26210368480017393,1.1012912130943855,19.209019892250122
1894105114,4,216.61483989248552,0.37460116461388404,0.16325922768301676,1.1723554946831192,19.75934171057437
1894241731,2,212.1092209589163,0.364825766083146,0.28684090494506825,1.090671604494427,23.81818541968594
1894260096,0,79.97897993332137,0.35163826334297754,0.2347786555584181,1.0527899983505402,17.528536338975464
1894298006,2,-15.77369598800675,0.33508365090624714,0.2669712699909544,1.0356495705064086,19.082145934299238
1894369854,1,134.76414257787212,0.3757033859461684,0.2135974008405854,1.1373758077925664,21.612491350536743
1894651804,0,109.66903826770493,0.40376551249528425,0.2160080327910376,0.9660754692161023,15.596821448127592
1894705136,4,94.09284323508264,0.3457701326693096,0.16881937012514142,1.2106803069630168,12.765443087202204
1895063835,3,34.69660638006383,0.3415848703044973,0.23351463444509568,1.0740394217968783,13.160169621381256
1895073862,1,131.86294991651903,0.314355489214452,0.23166129139793482,1.3165115737965203,19.191832949362535
1895904608,2,-59.18945360985545,0.3480360365160339,0.1624321877968152,1.3042412204601919,12.895077973359342
1895946693,0,104.317939010986,0.35327996627960545,0.19645413957995572,0.9767463350538396,14.041353929174953
1896402362,4,154.9636815249096,0.36356733365116917,0.2199673627742926,1.0220661209319641,14.947797801630227
1896761463,3,-13.247175225828045,0.3437612304368699,0.11954094522937844,1.4249912920583556,18.129690596319573
1896795195,4,82.29019591073916,0.3735453659577602,0.1300573610107258,1.1723763052663987,13.735227086991118
1896863943,3,43.3995211805531,0.3775268414875825,0.2489189852212497,0.9006344113911218,11.32489257535551
1897620577,1,14.984452088732255,0.3652513588165903,0.2616685033214034,0.997882186436343,14.15333742745198
1897678696,0,143.21612972704418,0.37013761509846294,0.2491915180735405,1.0347013585794518,18.615958949404256
1898005321,1,108.30598063292116,0.3553788736045039,0.24925322628318847,1.1415401747711975,16.893031556099697
1898276477,4,109.18919510008767,0.35849221480646587,0.21398184576665952,0.9609809197970027,19.27186825812681
1898882612,4,233.54129183659555,0.37990268761790946,0.25671159699381246,1.1846847826516824,20.75166898216174
1899186076,4,120.72797001227497,0.36201711623074373,0.1701246898449737,1.0008892490145505,14.298449052413371
1899283335,4,234.19476213932592,0.36455825985788765,0.20827088444337694,1.0296970907214529,13.093951132322015
1899317427,3,176.61688671489577,0.352671579360298,0.2755598955750838,1.0340099272693646,19.273773425172543
1899542074,4,166.9387312400641,0.34355008721172026,0.2646794769627771,1.111963989162025,20.635730202449174
1899805345,3,184.5335601647705,0.3669695272207641,0.28418863123847404,1.2922695230150425,23.00975089216767
1899839615,4,162.49157684531525,0.3187045540479586,0.26918611907009143,1.1150935078374506,19.76063927347264
1900067504,3,17.728778331995912,0.3510503983955916,0.2548746902948955,1.055890450270281,16.95209315880382
1900387245,2,230.95567610793597,0.3777276699759128,0.2013534393736628,1.1160044836847292,20.751232385982718
1901476786,2,226.89692019888327,0.35831424846880705,0.2351410196857872,1.1651706333100162,22.26634774453998
1901480658,1,15.215089152554086,0.35231804551299567,0.2806110688055437,1.0945329869250753,20.924416221627144
1901756978,2,271.7381641029776,0.36595541374816076,0.24844279236845274,1.1141814825671736,21.73582526385786
1901878899,4,19.467816523168523,0.35495929144512983,0.3003956793340931,1.1131408925698822,18.44250874755534
1902063591,3,133.86370914239427,0.3331396573497804,0.27420120289687094,1.1700429018041878,20.02315081915933
1902122155,0,270.83152843574004,0.37235287261295924,0.24315651973278493,1.213019725057964,23.7943293350867
1902160651,3,125.14271604579048,0.35630130161291146,0.26094792667487154,1.0515028248251739,17.343738234782194
1903144609,4,207.2799038971374,0.38064276702851174,0.2167636102874126,1.1577579057776954,22.26527359158587
1903600886,3,177.65118640818645,0.3563556662353404,0.22666416013233245,1.0144091709501195,14.329634667243404
1903713432,2,48.04578116263596,0.3500649843196628,0.22151034946270462,1.0357571068377032,16.538161794863974
1904729380,3,191.69909318933338,0.33753007310863314,0.22809428062465453,1.11167625527998,18.445721940012046
1905028152,0,135.14986743844307,0.3519369437008219,0.2402011474323365,1.0079316041092887,15.342169507077244
1905216047,4,188.38098599696932,0.35375891168985235,0.30162401286197305,1.0907744637607435,24.39200652834324
1905277968,2,192.51872363271735,0.3619351107944647,0.2258125960536265,1.1654474174933656,19.83350039909646
1905422493,2,271.0084455583338,0.41483132256347877,0.20204808082541414,1.1242544178369935,20.30051180260948
1905713032,4,161.69539367049396,0.3647294686590592,0.24011894729582972,0.9458658189742236,17.454246056866086
1906030698,1,61.60018294071209,0.36673003999609827,0.19985463633197326,1.1130684160923812,17.341735923455758
1906044444,3,283.777950440842,0.4123516159415011,0.23311405250767753,1.0046812776352498,20.78649946571384
1906060970,1,184.26472297870436,0.3588079436197437,0.23366879553829165,0.9658469432324872,18.494352760826285
1906506911,2,231.94540384961823,0.3500501402490832,0.27190973522417444,0.9916648894388727,20.158445432442804
1906633153,2,55.995139502955034,0.33450877662504674,0.2865850700310003,1.0661121023546636,20.86203252716771
1906906209,1,165.48810915510697,0.3464199920168584,0.220338709139671,1.0393442724521216,16.226052311657
1907401274,3,106.31125503076804,0.363269582331238,0.20791099694458404,1.2617375005541338,16.385162866901712
1907558248,4,63.968702185392544,0.3358607196974208,0.22237840183363877,1.1561271702231775,18.490597405225607
1907646642,3,234.45525402311736,0.3972656392560406,0.2734290503153433,1.269118444732507,23.155776057891302
1907952467,4,87.54072655201355,0.3589093284927654,0.3121186235104917,0.9602068770829361,15.182624316906745
1908228365,2,17.253684368932298,0.36702067990701337,0.25923401538753205,1.0268193126008516,20.013237062270026
1908364684,3,245.75179881088204,0.3691019433266515,0.24555595478013803,0.9671896237188596,15.077021712048959
1908775119,3,241.19540672783268,0.3921092521001569,0.2941247983318185,1.0772236222177516,23.291278214248408
1908941468,3,56.08991713087176,0.3511030990610159,0.2564915837504854,1.0098927352729155,13.088405526666262
1910103715,4,24.66273977811683,0.3707946462265029,0.3908553176036068,0.8916956689088775,19.822257326485133
1911086845,4,292.89926044375215,0.43405029347335616,0.22835706794363067,1.0864789031876207,20.618698642987642
1911532586,0,96.70779244764886,0.35408247122807096,0.18610974960326548,1.2502366896137764,17.439308772946376
1911905200,0,47.72137336938491,0.39495442312882345,0.22979117150152428,0.9411284769459972,15.438316894459785
1911926467,3,1.9188030962244795,0.41035046161423594,0.186119280824424,1.0555575393489445,14.830449276597118
1911963342,4,167.905859264348,0.3360641706406554,0.19687702448820557,1.0979974732984605,13.29643903162414
1912017685,4,121.49088533156973,0.37628357848035027,0.1896249755765993,0.9971823759313706,12.808200714681059
1912083932,4,67.13199398231211,0.37007655507054954,0.1975265496002765,0.9839092365480447,9.569380194603996
1912147729,4,219.15495430486533,0.4087034426707,0.18375927827698813,1.1120712531549315,21.19928465092375
1912251377,4,23.260407054752463,0.37659910887692133,0.4016817078206452,0.8840448667738984,19.843477921264707
1912518216,3,14.822821266822828,0.3584917410471077,0.29451685986179854,1.0426826058405612,19.14604378965481
1912601583,2,69.78272772405609,0.3444426599232374,0.23445297103469956,1.0642164673232928,18.504601817565216
1913033936,0,31.822694902492536,0.4056455504516039,0.27989205372233295,0.9054643676405675,16.221647381289383
1913604664,1,75.2068892358531,0.3342773984355765,0.23302198457933007,1.1943292867804882,20.30287512798714
1914456185,2,83.80564536056843,0.32261003139170646,0.19524848990514948,1.0302981485055347,14.00198237341531
1914838661,0,160.66568459273057,0.3724414531846977,0.20542788371264012,1.0400055903263676,14.59176808145579
1914886557,4,74.33138115987886,0.35476588307910956,0.23404578595357056,1.215337017135682,20.714314239163826
1914920451,3,45.85099358960404,0.37979699611173934,0.2109978882411238,0.9086105716752487,10.719566819255764
1914954895,4,119.20404178059519,0.3550467167334021,0.29974018748402964,1.1028873988694117,23.387854133542934
1914982152,4,19.045301007591604,0.3975208842185954,0.329301939410844,0.950646111725335,19.098595894378114
1915263871,0,181.01306116752534,0.34976214146061263,0.2044420004706124,0.9897515798372839,14.538683041835574
1915755051,4,132.91867437465731,0.36994786846730093,0.2055681477195831,0.9215231261086336,14.1573266696887
1916198200,3,223.95023226131735,0.37744990129801836,0.1919117324758384,1.3182533389570483,18.72608315879927
1916680069,3,204.94664408580243,0.3719873643098602,0.25388499372038675,1.3353483136802344,26.16576203840862
1916735639,1,164.8353607570351,0.36203116059158463,0.24560597213066582,1.1209190446893675,20.111085200264743
1916892964,3,94.17278663791913,0.35734025324161317,0.205949285242581,1.164130810981281,13.36137436051284
1916979239,0,193.4708151259759,0.3971649125187362,0.2818501569539661,1.0198975896698468,18.76677639430365
1917029887,2,71.53010238101716,0.3223674635021288,0.24383580266405858,1.0473489217243572,14.717113859775353
1917189140,1,215.7273118427583,0.46021461480336595,0.3042352622949802,1.0710474473549634,25.04452453912894
1917298650,0,4.120779746180659,0.3180729288552359,0.23758149109539664,1.0104536003941624,15.792489551154867
1917339697,2,122.88494696938048,0.35537747280521975,0.21272798444542113,1.0743594581059444,17.04461429629023
1917735870,0,246.0595626501833,0.4160748687038849,0.18342485998783048,1.2199322298825475,21.346507243538788
1917756223,0,185.6033386341561,0.3785812507454002,0.2833630260767817,1.0773954310875467,24.82956921488884
1917841461,4,56.68808417401063,0.3467125107392499,0.25228746305734706,0.9330530183348706,15.946279288473509
1917866361,3,255.48273609531168,0.38637874761600655,0.239684318327141,1.2990990708383847,23.209142899623313
1918165220,1,31.54516937309647,0.30234437882865933,0.08606284283612001,1.6027368577367724,16.640552041293162
1918242337,2,226.91719844759592,0.3653066205221983,0.22658063057445504,1.1356323463045666,19.36133738585627
1918548284,2,257.20523833830794,0.3698114763832566,0.22412883650424348,0.8665619508529013,12.979534510095654
1919323099,3,203.95429044924538,0.3574177967677297,0.19623509718512444,1.0672014614861531,14.842522101347267
1919352729,2,211.51919852363133,0.34250379483198573,0.26701506234828526,1.0088687803957852,18.041965089829816
1919555775,3,5.670148926353349,0.40903626246030633,0.2441204689936585,0.8660608977578613,12.898037707033605
1919636162,3,20.59783382479884,0.33961342899839464,0.2951381208857241,1.1150454695262682,22.661579786721394
1919652718,3,53.299599023474606,0.3410791577792369,0.3002414739083782,1.0962479883078688,22.490115979635664
1919727869,4,212.7921149766201,0.3559459857780226,0.2609878471912263,1.184995923682636,21.641196065757477
1919732272,2,21.067324403412385,0.33354237743297416,0.2763906964801664,1.1167042867794275,21.95355731215703
1919768814,4,150.6844663061214,0.3499360567779027,0.20155294297916126,1.19973467712641,20.6644049472721
1920006010,0,48.44831596162677,0.2964700627387806,0.17804839163252478,1.2121957327352368,14.953747113677046
1920455411,1,253.8245448537586,0.40452234783567304,0.25617496776063325,1.0322326293261646,19.742700454437255
1920671231,3,235.94263527091917,0.34833093799765447,0.2733836535204498,1.1026635930343525,19.644387118312213
1920918510,3,46.67775451031431,0.34946102735084356,0.22472090664381142,1.052667071321042,11.838668891695033
1921035085,4,99.68026551070017,0.34340693709041076,0.22402500449857793,1.1392479447626027,18.43123627451876
1921102507,4,167.0585052261173,0.3283814150203267,0.20180707189635633,1.0750338368991734,14.053083954513703
1921819978,3,47.75228313122418,0.38465402227560413,0.1960418558392362,1.23459497104488,21.037793400950306
1921941311,2,64.74482402917116,0.3466999661836646,0.24091655788915642,1.071829276801988,16.68656478010191
1922704516,3,54.452801556145936,0.3810374873604011,0.2150890691784205,1.1643312491501603,15.213685203444399
1922733245,4,144.18468603423258,0.38446943468301364,0.18581564071218623,1.1224452587322684,19.629292143627417
1922843556,3,78.19366332704007,0.36298933945755213,0.3257435445219787,1.0131185849009723,20.31123449210659
1923557092,1,124.44532690360762,0.37359360898862126,0.22122408389128453,1.1669509536677567,23.520754424871228
1924314985,4,140.2223962767579,0.36751395233653766,0.27268238639927617,1.1251939577711731,22.416865214056227
1924725049,3,4.080929227335545,0.3350283824316591,0.23148798933728446,1.1454474333663112,17.135911647501192
1924892938,2,230.44697012819097,0.36756228091492665,0.25748074814677635,1.1557633731329888,23.740606238756932
1925016072,4,92.57304335581247,0.3585824296510598,0.2505619102943269,1.170483524812475,22.489712906577367
1925322729,4,16.79512246733958,0.3620781031020894,0.17173196348117797,1.213757325414857,17.839990996657672
1926054747,1,56.214454652805514,0.3560969295172862,0.2588325127704552,1.0391021078644687,14.904046509855297
1926476264,4,279.15095395323294,0.3785017965081417,0.26995908090692877,1.086819365031947,21.91094516097355
1926928868,4,28.21514173118601,0.3813070329625221,0.18436074261397584,0.9229678297880008,11.597423008730736
1926938420,1,60.22735489536739,0.36376125220350797,0.23192506032368865,1.126424308814156,14.845884966878074
1927037390,3,82.53085753126494,0.3427952399323142,0.22963542266652742,1.0881050311048215,14.326997292325139
1927081299,3,-7.804356996418321,0.4665858794232193,0.2809923173034284,1.0091569558115339,23.095555114247365
1927128897,0,108.99509711154647,0.3486934402206436,0.2232500120599848,1.0080494093132897,14.17616350869935
1927758769,4,69.3408048784346,0.3893326606438692,0.209012174609891,0.8989726526069381,12.414825128387378
1927827518,4,86.24759214703866,0.3710842236308168,0.1920193763589209,0.9394477499885431,11.935197606264712
1927972099,1,86.44146991633023,0.35721600908856266,0.18775868200410645,1.0524000291873208,11.788994426785855
1928141683,0,42.61959144112912,0.3448727350276185,0.32191081305615654,0.9680606058152611,20.322383080840382
1928552042,1,56.37101019476922,0.4109789008661956,0.27521836560835494,0.8861435447894095,12.938319827782625
1928832708,3,34.80098377705215,0.3597327226153884,0.2779122060303513,0.9782507853643899,17.85856946135356
1928965066,3,64.55633915482152,0.3631231715020491,0.2596992278654878,1.0450278846589836,16.37972005262668
1929156646,1,1.4236786454925152,0.34181425436666996,0.22153611859844516,1.0488382086071635,15.406569029390566
1929935400,1,48.2694661763466,0.32703236742199776,0.2910774364377492,1.0376665091135477,20.216460587651643
1930036664,2,159.46133960611118,0.35389695245559427,0.21348822747455615,1.0180704936694125,13.370839564139988
1930079807,2,33.206765745784665,0.3839141981332379,0.31973374668643284,0.9392713948067364,13.8221287105075
1930443303,4,3.0922019702389036,0.40669496560823054,0.26065629268152624,0.8299562657690844,18.995321049506916
1930470217,3,157.51147345103735,0.34180539937735843,0.216556525177897,1.0866684183680124,15.371387230061304
1930894863,0,104.77915030108774,0.3429275892067929,0.198459507852519,1.0615245944321827,16.162653800153425
1930955815,0,2.4533961896117944,0.3783802966759262,0.2695169835688777,0.9124932490766738,14.941604016414312
1931091921,0,229.71376326628604,0.3887801073288728,0.15785077560677702,1.093544223944135,17.512074485999936
1931410833,2,152.8661037112221,0.40061874886473137,0.19781481783299565,0.9625197218533329,13.168632544862879
1931637723,1,160.82678702044598,0.3466502635434868,0.29213831279636276,1.1179468556507162,22.27544736422359
1931802720,4,-22.1277540723341,0.35048928214587455,0.2703423319633582,0.9874667561897683,16.35965080735971
1931909120,3,97.61587897830971,0.34742213406141953,0.2475865544567524,1.1534759911804366,18.95236176777201
1932242031,3,172.06197791069235,0.3700346007907306,0.30729202564580443,1.1881827474783913,24.443008397242387
1932390500,3,33.266879245602965,0.3549506118992571,0.3149226697843749,0.9998986089162828,17.07490712059005
1932564704,3,81.83991016506637,0.34111371835748294,0.20134071644396745,1.103968607325821,13.73225216200863
1932637388,3,150.0806540004457,0.3732118115007786,0.3162884120854086,1.0774195105097941,18.811713074661988
1932737205,0,132.44243138535595,0.356440808532677,0.29171599083133753,1.0966468790737043,21.76551250819362
1932802703,3,104.15029021679395,0.357598220477718,0.18003905721652813,1.1834236459034995,18.084799328162283
1933004653,0,165.60692026908976,0.3592762064092018,0.19432461907564774,1.1757284902088116,17.166290995001933
1933066795,3,83.4828519521961,0.369404043023244,0.28437581327205513,1.0473134844045537,18.303420384225998
1933529441,3,97.77577827529794,0.37263892779580843,0.2477231372286176,1.0663102858966633,16.610455291431613
1933712132,2,147.8082608687736,0.46219425553554244,0.2286281928513731,0.99308653513737,18.67402021846146
1933820661,2,48.345851769422126,0.3641493401178262,0.3531207273996229,0.9278710843861818,20.051024912152744
1933889140,3,41.65442357398584,0.384235995242195,0.3456037654226543,0.9332260708806532,19.011779260418855
1933958092,0,-12.170588040681864,0.40527621057637814,0.39840868121192263,0.8749489882037035,21.970557908225068
1934083726,4,69.82377034418487,0.38046201808428515,0.17209545490909592,0.9032144495821113,12.042108138663139
1934582540,3,73.12955391496143,0.3576601746219079,0.1861356970229655,1.025301602196563,10.813601579574762
1934851190,1,190.29062245905772,0.3398654386312618,0.21758382230063283,1.105190344526288,17.73681792093557
1935091006,1,94.44757523611689,0.35818192559281226,0.1340894154822487,1.1109310469343834,13.716215890653295
1936130559,3,145.20771217179305,0.34545627057566264,0.28611321830806813,1.0665088623568562,19.02139391717442
1936588352,4,205.26759739909505,0.3677947855546895,0.2167848140433502,1.017043466478575,15.028492540659403
1937333990,2,152.7127926907293,0.3494224529877856,0.2551117216185419,1.0085708922689696,17.510565946853237
1938625249,0,99.59594454266994,0.35155865203165665,0.20231510876617992,0.9627176534317575,15.244882659187441
1938664551,1,153.10068940790418,0.351390174739516,0.2139527903778398,1.0296859165036936,14.62069504246712
1939398685,2,118.68673571278477,0.3771951801773987,0.20259434145183763,0.9736529987883544,12.43384357101012
1939581854,3,49.849018045824906,0.37121241936831406,0.27405164598955684,1.0539602498430332,21.511287497565935
1939700854,0,77.08968001084712,0.36088971262806724,0.1911437504040952,0.9422357021785818,11.48503197970481
1939922135,2,178.82636179628994,0.36525576366969914,0.25102378954534066,1.082303126566392,19.012763699037347
1940131067,0,-14.102758500004029,0.421024470890322,0.31991800576200835,0.9393552468547923,24.539065797014615
1941096449,3,139.78358860099127,0.35243166005910265,0.25610746072041796,1.2250984820300586,20.057944512272986
1941265933,2,39.20893746808188,0.3960233186262769,0.189209992870599,0.8422111380427366,13.219802657206186
1941356734,3,278.261770041484,0.3983473399744967,0.30474632436381643,1.0670596845400493,19.44271932862246
1941491710,3,78.7099713127188,0.41308621209908697,0.2576677132861011,0.9432104580649743,13.314854733213066
1941500497,0,174.98377876575728,0.36621831275638533,0.25754993392768966,0.9694264517040563,13.489089967447214
1941951841,3,11.062722755215617,0.4213874449580449,0.39153468736140196,0.883019167386179,15.479570131969885
1942089131,3,52.45586057327084,0.44341840261696175,0.343979207737786,0.9252197578754613,20.219370877310904
1942247562,1,180.4978663822087,0.40635585055702633,0.23786181093062625,1.1201904263663207,24.47348954544519
1942353441,0,284.5227649813069,0.4132644210194938,0.18567330635739798,1.1034326025091792,24.74811734394534
1942367812,4,14.361102829423743,0.34704793264375067,0.2525023560504975,1.0105523213753647,17.253164408795328
1942693246,1,54.5712298770891,0.3235790912734257,0.2579108259486,1.182584700981415,22.44840423585385
1942916315,3,98.4881655352208,0.3434508129113165,0.2626884975013675,1.1687602019182388,19.001910826526714
1943060109,1,154.007897033782,0.3771982537598403,0.2751829680878639,1.2743224121880492,28.72091970924116
1944234117,0,254.4879252530278,0.357534468921948,0.19084152691266398,1.2031539479820093,20.920947144213304
1944443208,1,76.0796480472154,0.3866425988019111,0.2582910641625851,0.9120869270979688,14.694443942311601
1944562220,3,290.0676540769259,0.4077338448870074,0.26265814555184464,1.048553064855431,20.70667357601215
1944776345,4,78.69274282669218,0.36525806592137744,0.21034525158414752,1.0093395653332025,12.517041552597684
1945309092,4,47.65378347196475,0.358993221913137,0.19929348103485348,1.0455398052504088,14.380146542469417
1945809152,0,69.10313440051382,0.3358340010217609,0.17260469367248188,1.150796892467766,13.030734688340683
1946473006,4,41.79544757341246,0.39853955900909327,0.22603940418099683,1.0156634273877665,17.077147211186666
1947203303,4,201.36996682885086,0.3741983855660498,0.20574367752328493,0.9801304679224248,11.221484714469362
1947367944,4,23.273335656812662,0.3560061069099532,0.2334219121883971,1.0179200048246662,12.368316567472267
1947454451,3,290.05854059789044,0.3708083436233173,0.3023815055660505,1.1325805034653658,20.027659999137104
1947568782,0,79.14490349105692,0.4677812223120076,0.19400299452058078,1.012199650068364,16.368780443865127
1947579859,1,45.903253233336045,0.345585753508417,0.26243686438176467,1.044869323195657,18.066804350610283
1947586452,1,49.827829439332234,0.3429656400791373,0.2614496218698274,1.1041064309947892,16.897833342352534
1948010634,0,137.82894685197806,0.3554522855927784,0.22308546220163822,1.111529435271363,20.44447243913863
1948589234,2,70.99843586247061,0.3589119428193804,0.1895851296499244,1.013510416950931,13.109013658853026
1948698672,2,33.38720824921222,0.36580832926692913,0.18569038984743097,1.0770260529369318,13.464293101869023
1949061676,0,157.85632902357213,0.3714002611998286,0.25600700612129745,1.0119441198788293,18.50920069018579
1949190696,3,148.24475901605402,0.34535253841798497,0.2770516248593468,1.1431296756480298,20.20327536706243
1949212177,2,244.24875312339088,0.3743872633268632,0.2788703266711999,1.0896306019556987,21.120443990210255
1949333335,3,153.1629241459175,0.35265938744126285,0.21723217853965673,1.3140925766347256,18.756659065306998
1949514946,0,126.30057723422394,0.3497178787180358,0.23050093705682517,1.0216277803159899,15.538053893390618
1949780423,1,-36.79096360228661,0.43098314568881463,0.1957065212590911,1.1498288506328533,18.622743081529826
1949823161,2,8.326154854090248,0.35838256973785937,0.23479525618799035,1.0953492536119198,19.662459601885338
1949953064,4,171.03114498308912,0.3780815469697545,0.25385277126150047,1.0295796232258676,21.882396544845257
1950021660,3,152.71506079311217,0.36276471569425633,0.27438925779174034,1.1134920737174523,19.660712034615248
1950339356,4,2.544224660194928,0.31328012832141616,0.2665945480068494,1.0627434854266449,21.386270998801162
1950809751,4,75.05362606070574,0.263723564316149,0.19505200108544068,1.3027595928220896,15.830045975935326
1950874064,1,24.439964939345487,0.36682478534313945,0.2010832178919507,0.8926865022442745,12.087810102061322
1951077384,2,236.3051866306974,0.381407726618531,0.19837038436879756,1.1529507673935315,21.69740143684827
1951160334,1,249.81404529438893,0.40186108064530873,0.2337964451169416,1.1200766169441656,21.247748647048166
1951638627,0,183.50306672784274,0.3860324386452452,0.2693234973911093,1.0267471373322754,21.408836078786578
1951901460,1,78.8083938310235,0.385163978387818,0.3202119282333208,0.927153095098589,16.47606714025409
1952301542,2,55.46524987442947,0.334361752201347,0.20669686150122343,1.0615667350556814,12.895529536619375
1952404953,0,174.86883985343943,0.3569879437188911,0.20027270304586556,1.1216062228883126,19.8715939853423
1952508895,4,293.5982979215115,0.4002347195255059,0.17848490159185018,1.027044605536483,16.736533357675363
1952671139,2,-7.709504434576516,0.3807947292502683,0.27607169482986904,0.9335870994483417,11.912947661319286
1953033868,3,200.55575117849247,0.34119578777710324,0.22508710532051202,1.094347427326861,16.78603307623455
1953349565,0,27.342904766735742,0.4031167412167629,0.41365044206799173,0.8733480149858658,14.335883947575514
1953482672,0,153.18709352152302,0.3496288408828586,0.24188736638615127,1.2196819371772856,25.04102710340264
1953803634,1,117.7820476845467,0.3482448164717484,0.2714678293631646,1.144010341721277,23.526085055441044
1954306622,3,187.99449068716063,0.36288959245081975,0.22787209872192288,0.9951376891305709,16.124637722096722
1954721166,2,78.20471337736795,0.35456935030846437,0.2099962050476713,1.2201882311949537,14.812910595753461
1954861096,3,34.90502042079209,0.3628722704323674,0.21293331267105586,1.1794335518102166,15.417144532564869
1955776885,2,207.85443745762612,0.36055063767688067,0.18436749516230022,1.0660723161950436,15.575327246138253
1956029718,1,47.81151277394271,0.37364468615874863,0.3643984181965786,0.9683811489195837,22.46897912640992
1956150521,1,-4.641330865986504,0.35883155218993523,0.18492200727326719,0.9791789203279156,13.19045494015148
1956367813,0,149.5396899366997,0.38477675114395626,0.2156151417316226,1.202422541664277,21.281931273318516
1956396424,1,46.03641200710106,0.36719590978510486,0.24238442930941942,0.9648008618570827,13.18520513463282
1956587899,2,90.73963228256189,0.3658152188518612,0.2129710779159985,1.093552179748698,13.084159572449616
1956666408,3,200.51893646479348,0.3634340054515342,0.20843432933828335,1.0295683731693581,14.118706661099473
1956893558,0,199.3574628088653,0.4110204174888927,0.25589987211528153,1.1339556203740329,22.62051005117349
1957426818,0,187.83828896164187,0.3833304945140513,0.1813042201421119,0.9952194329050587,16.655481180059212
1957470383,3,17.848389403618313,0.33461060229678147,0.15398596288505448,1.3391919939548438,14.763768009447837
1958192948,4,266.13133401686946,0.38960124484868547,0.24063188045927103,1.1228313073349083,21.00562213265038
1958473963,4,181.81155433740486,0.3581470259657132,0.2617067651044489,1.0925478202435035,21.93399657514572
1958487458,1,25.12985797406148,0.3597915992377265,0.20241280928311967,0.9868205387145185,18.027829609852812
1958554605,3,176.22371091773948,0.3856020500426311,0.22422276710894704,1.0130111625698386,15.813618062940485
1958618966,2,62.95657411970472,0.36623566656252715,0.1790661128415693,0.9767579038809677,14.745814730298298
1958858448,4,71.3614877905745,0.40238473298846084,0.1875079222797006,0.9039191317275602,14.71446376273251
1959224488,4,170.40553782373772,0.42316508183712176,0.19034942919998574,1.0426679710781452,14.197193940930926
1959489258,3,112.41574257275944,0.3662121025119843,0.24836212240836683,0.9724363255028653,16.036166737414955
1960180963,0,130.86524002505755,0.3610611349138525,0.27110464465092393,1.0465674376307847,19.22358742456747
1960232404,4,32.758671801152346,0.35478711528374546,0.3102393180638431,1.0377256154710734,21.25140817111608
1960719660,2,72.485875924646,0.34310412275015345,0.2870847315436415,1.0575303467966686,19.365309248263127
1960875010,0,328.5346367291222,0.4476257736744612,0.23613885127222572,1.1195921056804732,23.224546565385303
1960968082,1,33.08574845413771,0.3580427934136264,0.2794153224718012,1.0782704227189062,21.273635054141685
1961009790,1,114.00949606075311,0.36493409973400276,0.2206117996784072,1.043678687986032,14.93075331852381
1961333233,1,60.18032722640595,0.3490542521611958,0.23264145075501158,1.1262376472568583,15.193426406523523
1961335797,4,288.4253429368307,0.4146863100087427,0.21269757976355175,0.9610420881724767,15.993448525164325
1962617217,4,109.32517675181167,0.3537225480175768,0.2614506545309504,1.0683944536771879,17.52021310819263
1962650861,0,92.04733702423324,0.3339512221719597,0.2547321055284013,1.0211902181297008,17.966867378994188
1962833245,4,259.5801434630145,0.36999631236643665,0.2328099611821221,1.0966572085665462,17.48138653820397
1963304401,0,14.301664866503202,0.3607096332391776,0.2856790872613652,0.9423627478160101,18.990197996242905
1963751846,4,71.14043004889206,0.4060483782039172,0.21189529597763923,0.8956583829775924,13.039149051643552
1964367064,1,204.77780899371288,0.36303163133800376,0.2638246076833396,1.0809976967020725,22.248476372321996
1964385683,3,212.32481381879916,0.38970602525304027,0.2783082741804957,1.1264587703250257,21.79408635436018
1964501919,4,180.22057920369966,0.3863575787643431,0.2512338126833236,1.1280187400217978,20.858852142291695
1964666760,2,8.666137666118516,0.34553300351912547,0.2780290930658916,1.0349105989939928,19.190192403167508
1964792280,3,223.2391002762286,0.3864402896830699,0.24994336835575393,0.998492270694565,19.23433916016072
1964948297,2,202.88830112992417,0.37140939352114505,0.24854886715981367,1.1829681535317202,23.221271718376688
1965550017,4,25.019473427555624,0.3882069446981317,0.17466121118986905,1.1237740478137064,12.32630901506235
1965690727,4,3.963394331787839,0.3425686239511417,0.26331875928241366,1.0852722052010042,17.06505566901091
1965799831,4,8.144011165244564,0.3781705336419592,0.31698421835952756,0.887033203364108,14.017363024584476
1965906081,2,17.00646606723562,0.36271296384693463,0.21723080843445824,1.2533378015500494,16.0240493278009
1965969714,3,44.750320508675266,0.348062634058945,0.2396183559059608,1.0337940517076607,12.658245597990007
1966018498,0,-7.690317896881652,0.41743383593785327,0.2364996254246467,0.9785595894754905,17.519229800464895
1966201897,0,94.24022685239613,0.3594298075130559,0.15841760732647014,1.2824908890559716,12.260904113618595
1966629557,4,12.437821209831952,0.34779327801792825,0.2984019207605627,1.0375166893222856,21.71062377314287
1966848887,1,42.940332016111036,0.37683265041520414,0.3817691669175599,0.8990129837757901,22.76573103230486
1967479741,1,244.69439052852306,0.3985936334713094,0.1419168661190875,1.1850342394227538,20.612712773498785
1967596895,1,97.92495494708962,0.3965040122044256,0.21968182613326157,0.899223888238659,12.84300333645816
1967679061,0,83.96100994735428,0.33122217364967027,0.1670699507424928,1.1788457285425213,13.410740690607787
1967860241,3,66.70336858074151,0.35324840387880113,0.1917860938363342,1.0367437507803903,9.809338694591982
1968301845,3,-2.6846931123381097,0.3610509903789218,0.2733907351748775,0.9365109471135646,16.317338209827213
1968819662,2,190.20708466375245,0.3725108872012082,0.22471373886247933,1.0973032607766662,19.084672014275768
1968997516,2,54.75905477649464,0.39014583218618903,0.24139147365628685,1.00481632749002,13.566604355192872
1969004591,4,241.30903925538226,0.37996379268340197,0.2402692463982851,1.120769252263028,17.503357347575374
1969083594,1,54.22863457829709,0.30462283355791864,0.2145511449044763,1.2365464291097896,19.493911663020814
1969287325,1,121.18720409478603,0.35320360864061834,0.25398319291612004,1.1040331028171373,22.155077018444036
1969520077,1,240.94816397879995,0.3665042988931048,0.2619869403838689,1.1028806479798867,24.00162907399057
1969822510,1,73.79330068968812,0.41832600724692687,0.2746689542823454,0.9179008739354967,16.15797782190735
1969835968,3,218.3281778232526,0.3756484192032284,0.22948699887730775,1.0345423542048107,15.957311883012057
1970056455,0,184.75033803916563,0.362513416135116,0.20208483110262898,0.9441410151408084,13.879392712534717
1970556387,4,124.58201669904746,0.35513398501099963,0.2912807623074881,1.1455611492893256,22.481122203053445
1970744006,0,131.09619951165413,0.3743503363577604,0.25656626930491333,1.002741525572019,16.005804193674763
1971561670,0,48.43683522130028,0.33622767573166223,0.3063669796694412,0.9953601822951885,20.072543408355642
1971686624,0,280.43902750955067,0.37083183863150354,0.2477957268477551,1.203844940822356,23.592992675161128
1971749373,3,55.49343525099501,0.38166273615743934,0.2971654546730839,0.9609709631951281,15.445250085537012
1971998855,2,45.73113775749056,0.34734345843605274,0.22370607851298094,1.1406845439760318,16.36674756044304
1972024406,4,4.833700197599896,0.34583935169756136,0.2387133826267423,1.1499470235826335,15.783548437328706
1972032416,4,44.717525174486674,0.3637116530658649,0.2737117411378634,1.032475584339117,19.078118398522864
1972109782,0,57.65608998113196,0.33615868762187445,0.22092211607041712,1.2225947133736712,20.72047368262956
1972780662,2,2.4466156713321254,0.352649414992726,0.22813281772942315,1.0218966885315863,13.814885312674486
1973157365,3,98.96397984136922,0.3811968812271592,0.238472692098805,1.1756522300770365,20.67367963432424
1973279343,4,47.29153025417893,0.3499799447506256,0.29371370173340416,1.0389199955576376,20.817964400615278
1973417069,3,86.20251220096435,0.3732267645104338,0.17118948230859588,1.1558473382702585,15.226932343483083
1973609313,1,147.75893517270086,0.3653214943899987,0.20946701765523598,0.9786559964469402,14.33897891707682
1974222133,1,255.3295885473285,0.4114648627286443,0.1483008756674677,1.1746200161254168,17.37698233567106
1974242688,4,244.02612927654405,0.3865125448112102,0.21602777511800356,1.1014895453227225,22.0999986800231
1974258183,0,69.91260056737337,0.3351238408949869,0.22615969790081447,1.0661298976314024,18.858968907054734
1974383215,3,15.536191533052943,0.35678747090229695,0.2904527589788439,1.0499020685393017,19.115190794540766
1974978740,3,78.10615989728348,0.4405137352846687,0.23325381708582915,0.7988011385243428,15.45713297478933
1975082239,4,184.9898162648881,0.4346660265355151,0.2866849379636134,1.0007277970088688,16.22800488924065
1975447756,0,39.030755413057214,0.33492835248957326,0.3031195633194558,1.0600782973166962,21.94600526374714
1975514366,0,250.71218198338642,0.3420554870610993,0.23737711491893598,1.2131290578002163,24.918921713883186
1975880565,3,155.49074655513712,0.3643909752487391,0.2666989027339383,1.1199593974072166,19.46418071536193
1976024514,1,99.63059089051967,0.3567836910220659,0.22290634973429033,0.9833943274383763,13.57976108663611
1976774043,1,75.8538107009571,0.3600795220065089,0.2569681186798887,1.0861284035279821,16.99285595542934
1977447931,0,114.04929906442858,0.3692447267242214,0.24329747546155572,0.9921466295778489,17.6506563777143
1978316297,3,178.8192083664448,0.3478510037655508,0.251556837098705,1.0863171904950883,16.481540992849357
1978540220,4,53.59902507120247,0.3374265208634575,0.2878502871732495,1.0896122646267379,22.44198826413308
1978620404,4,43.907436311063094,0.4044097554869245,0.35208082308324357,0.8035727100592329,11.381997430672579
1978702733,1,112.98205311911883,0.3571433626092408,0.12452690627578919,1.2445747802436191,16.241883986816564
1978759933,1,42.22593090792745,0.3821132755255029,0.31323082164308413,0.8908620164333816,13.868658490515848
1978914025,4,306.5700082634538,0.40263387403805206,0.24939418992926937,1.0355042611746548,21.83373207619852
1978930507,2,90.56688991847616,0.4341430926640707,0.19957650300191215,0.9497663999930985,14.701960722765714
1979011181,0,409.0092871502345,0.41769308504966957,0.2860763561835432,1.1199715827830006,23.103535721313698
1979505726,3,27.153779332294306,0.34862748225994755,0.26959998001344215,1.1453383755153967,17.98916455332879
1979525193,2,9.389318340608796,0.33093115124047645,0.20878181330593162,1.0372136482390937,17.117023342534143
1979934753,0,139.7486140880867,0.3813591588290075,0.22484099297791338,1.0244191013784598,19.931341793975943
1979939370,1,115.41794028579194,0.3708051213953338,0.2236651809530067,0.9300047660419437,13.617594583132412
1980536603,3,34.10593400900038,0.3550277581273845,0.24494452078628245,1.0604057463033825,16.267567959082527
1981136743,0,-15.994706915467575,0.3301966352120182,0.23482624204170927,1.0948534257282867,16.30913044641087
1981457097,3,128.05020817094038,0.3537176710511101,0.2884727972688037,1.1945225615222674,20.339397661495436
1981691204,3,127.75451118785155,0.3578818460351578,0.25339916166315246,1.0239550126442838,15.515188269648561
1981721677,2,68.13707662978425,0.3423039879051454,0.2354204805859999,1.160446286485823,15.628995372450412
1981870695,2,162.7138079310667,0.32709477290966266,0.23080087920712178,1.0590547413267177,18.21104196293038
1981886524,0,200.68160773711656,0.39268995605166024,0.23386433033121967,1.0743391185070346,21.054538903726787
1982249582,2,37.31359263372538,0.38086825670059643,0.25331626272784047,0.9630795840252101,14.322382802798577
1982444634,1,142.8517144882105,0.38136281431641234,0.2054003875961004,1.0641039309830442,20.005986966347177
1982948729,1,43.10401376189113,0.35130626494084904,0.22389011388106989,1.1055960209003182,18.637499387575488
1983222428,1,194.90771662260093,0.34984042763958073,0.2971821464472749,1.1084089031947588,21.582292817741013
1984190839,0,52.48559128495983,0.3864690773083286,0.22145076772538355,1.0808757796434858,20.773841618023987
1984350149,1,80.49505844148004,0.350522653455852,0.226401722035598,1.1273299708726898,14.36323571638217
1984402033,2,143.0286200000096,0.3621541173075216,0.25789470826763206,1.0316609095239333,17.890438176866162
1984563739,2,152.86116639849206,0.36035608264675073,0.23991247086972559,1.0764271029223678,19.400464325554516
1984715605,2,-5.992825213626617,0.4039483599483205,0.19611732149846345,0.8855406831195904,14.285631375561719
1985260994,1,48.50753612466734,0.414299263528648,0.3736317746772589,0.833943226839432,14.880315619497672
1985598557,2,-0.04638815618572778,0.3788572194872,0.29211997234796816,0.9040539781976402,18.091764912428467
1985922935,0,173.7991386409234,0.4105317215554296,0.21472257567963143,0.9387753952061355,15.632150666460632
1986596083,3,144.9951188926948,0.3669933629267072,0.2905473750070555,1.1562793764795856,20.543151033018404
1986643136,4,21.045138328371692,0.41650977615944723,0.35798521978274894,0.8203484265562617,21.353843646267276
1986951321,4,189.22713647164488,0.3622374911801549,0.23378558580678813,1.1252587232542124,22.446029963276864
1987297108,1,105.86698379008013,0.32081710003343705,0.17209408863268333,1.0488541339922235,13.960553296988843
1987380350,1,42.940332016111036,0.37683265041520414,0.3817691669175599,0.8990129749601881,22.76573103230486
1987420560,3,121.26540676853116,0.3613512224706892,0.2445506708249166,1.3088434280957286,18.960091109411742
1987532740,2,167.26156126108214,0.3457837661244784,0.24177742942485084,1.0044432125001361,16.187157299280692
1987791441,1,52.90473034591866,0.36580120597014026,0.24363708426619668,0.9347300256994757,12.557007715749481
1987932881,0,80.05283212975718,0.33989280745238665,0.2313299694405378,1.030688326699912,18.567269366598296
1988065987,4,65.94260141740472,0.36170672008323745,0.23313730655604029,1.0864861675902158,17.954116397339174
1988157490,1,227.17599850897693,0.37488929610855914,0.2663221137545199,1.1374529795727018,22.089285426803134
1988158741,3,171.5303360288359,0.3654250932301337,0.24319186069747842,1.0014241149805387,13.630339979236393
1988515420,0,132.44243467308226,0.35644080674124334,0.2917159960368818,1.0966468790737043,21.76551250819362
1988563349,2,60.189644383991734,0.3657746598492313,0.24708234494090497,1.0284309788419659,15.593987589467314
1988613729,0,284.69150424720516,0.3777726352167611,0.20439368781389028,1.2318500603157305,21.742401568022764
1988695621,4,-3.1611777822053284,0.3744492218947877,0.24631404162163467,0.9860671243778605,17.0951248753808
1989009104,0,216.06015146078107,0.35036757079345227,0.2399021487756041,1.093773005184626,20.51077093643744
1989599237,0,297.7610974992635,0.3890425666897865,0.210735742993967,1.13121098868654,23.571191872723304
1991040777,0,48.75961761642448,0.3204561052830895,0.14388628874646198,1.3125201011312524,17.767153603815345
1991510657,4,123.99452723868812,0.39791413664373826,0.2390830203038542,1.0356359460185556,21.52129790540758
1991701752,0,72.17271350828662,0.35223725247185234,0.1938543189696013,1.0149935207142304,14.12717292589523
1991992647,2,16.37767758859232,0.3567000839757682,0.22449490818265627,0.9211666464692376,14.874930762023315
1992818207,3,60.45777578673393,0.3601003284479847,0.22619070095059238,1.0711226201605903,17.256515258110444
1992987283,2,220.25849977266384,0.3395405508280558,0.1829043803831826,1.2657953996183215,18.335846415163033
1993503133,0,156.3000245886157,0.3556336700410807,0.22716231696779227,1.0663419073613563,18.57123280964109
1994005610,1,58.415294159819496,0.34713225218141125,0.1470932467786209,1.3095155825535416,18.863113097389803
1995309810,0,215.09181085086112,0.3471688764431135,0.18382805542220307,1.0659186889041679,15.284687490440765
1995487445,1,20.16324016641471,0.37892741370852623,0.16619632816673202,1.0464993147868524,13.761505225061125
1995567642,0,70.35347644822414,0.36395413365218104,0.21909844471915083,1.0385522245683307,12.418946249474722
1995858685,4,83.76048144418118,0.3301312885232057,0.2278235579738208,1.0281930523141265,13.224791515022453
1995899423,2,42.3599433382329,0.3354697258201916,0.23430984250957576,1.1468578268139926,17.57541499955468
1997329694,4,-25.51522899371642,0.3645166062342947,0.3172561483576487,0.9382692147221319,19.26306324744033
1997475828,4,46.830060692354564,0.4012100384350119,0.27798289134166754,0.8131239079880539,11.180362853379686
1997665708,3,195.0915790788501,0.37696342686291257,0.24601721926219733,0.915056107283678,14.304355762429696
1997781379,0,154.7731321533617,0.3615558267757357,0.17918988421055018,1.091133445235231,16.09147614540053
1998038943,1,197.4505941269516,0.3603592447348364,0.19060649291198706,1.1109663269736911,19.2012337765963
1998309406,1,186.52381862483008,0.41262070603399675,0.23341658735970913,1.1341506197913722,20.974417438071278
1998608102,2,-8.222442396661535,0.38446734951549955,0.21204713329181132,1.0062410663744195,12.473443802490472
1999110043,0,94.59783202282189,0.3790961446045329,0.1667939423721965,1.0030288811685506,13.5922818327481
1999630530,4,214.64734995994314,0.37736751475781427,0.22858936883459074,1.0888396234686066,20.265536623754848
1999832779,0,283.9422971722912,0.38547925110045106,0.16812579129447514,1.113688467909247,18.345799842241227
2000269306,3,54.64375032253497,0.36603551268412277,0.2313544068592665,1.0009402479758183,14.773974062296718
2000354912,2,210.8140987224079,0.3679125418754784,0.19938657468928458,0.942496777475858,14.208014448289877
2000390968,2,14.323972517633791,0.36738802807575766,0.16101277707859102,0.9395529284405084,11.163155421545042
2000404932,0,61.98275755103373,0.34685354470951024,0.2129628622485048,1.0673122106755657,14.172249126721454
2001829595,0,89.49721456613379,0.3552605287436537,0.20279916712583226,0.9277718226701176,13.311191782125757
2001832914,3,40.790837917422216,0.3630564384802967,0.20788490186215453,1.1913276606262324,15.883979661489056
2002181530,0,202.40586895910587,0.3627634742966008,0.23346178298711343,1.2541331301800336,26.608650572235014
2002293555,4,-6.589263267416399,0.43051622742322043,0.3316152386399395,0.8970159664664179,25.61733172818081
2002425196,4,77.24423629344241,0.3628314721578882,0.18138680465395302,1.0615451923889245,10.394900314225495
2002464485,1,211.63288070563067,0.34340517979709945,0.22263255067724796,1.0505472452939246,18.71245247145915
2002874744,0,38.222421867916594,0.3814307785548243,0.3188018745958513,0.983563350754682,21.143946682794258
2002898366,0,212.7436246532938,0.36221113589135584,0.26106539912671467,0.9802322338567113,16.72435645431655
2002993449,0,66.82109068115045,0.36449126569683343,0.21516988810201393,0.898578485834188,13.763412355117376
2003072511,3,129.63750027560206,0.3377174412745008,0.17987175613363598,1.419986845117199,18.74854190557965
2003251624,3,113.35743923008107,0.343288746628763,0.27391356707471887,1.2193243838388688,21.75223802771415
2003333074,1,42.60826608741887,0.3790420703683532,0.3867059385847263,0.8957396890343403,22.838173761094602
2003821691,4,177.86905543548625,0.45333308846261167,0.12578810237271543,1.0836971633997148,14.178399928294017
2004147185,4,80.92576088012558,0.38290555951458743,0.24202870534419516,0.9277483418749394,10.178083413885446
2004174775,3,54.92306108323783,0.37746022930701273,0.2992970299865319,0.9253055530673663,20.7332046776156
2004281729,1,65.1198417165298,0.4064372139118837,0.19038506741996625,0.9127765716444589,13.157341790477245
2004522316,3,141.38313780044075,0.3684711254028778,0.22516151741266505,1.181970225591071,18.14312912882295
2004781454,0,54.98744581095212,0.38206155667378433,0.25807163585565845,0.9195724367866323,15.795386365186737
2004817978,1,81.48922817788181,0.3579989291201752,0.31313173184241694,0.9539695966708035,20.074605250317695
2004822166,3,158.65194784766575,0.3575395655586235,0.18520680711557466,1.2283949417448214,18.67768430915416
2005210923,2,165.0349552962507,0.366503784001847,0.2635139366924807,1.158428096832707,19.634856578868735
2005402308,4,19.593310671494592,0.35620793279270396,0.22723501576406172,0.9444755325135709,15.492089580072697
2005457521,3,0.05082051427574186,0.32715242707707104,0.23157315337215703,1.0825808368563066,18.702383341157898
2005551662,3,100.75145403971801,0.3718137211811978,0.21865508391252225,1.0184151113161721,11.963328565588839
2005844572,4,185.30967945659967,0.36123481621355635,0.1709355017525882,1.1146116708923803,12.684399540942309
2006295259,1,171.91155913397483,0.45596917526029723,0.1958072173951547,1.0783960186009698,20.03801007006123
2006448599,4,303.30969694952245,0.4359268571451402,0.17077420959850131,1.031265504194046,17.425119536917936
2006513781,2,85.2645907531899,0.3733296210571134,0.2765115100874592,0.8984250423617498,12.607619654865438
2006683718,2,71.02150152262837,0.37617167792541045,0.20776353062744174,0.9853648592798244,13.247153573652568
2006821254,1,55.239529953642304,0.32604931024463457,0.22702614841334065,1.1784284972502599,22.91207789418767
2006996474,3,17.247293992015756,0.3460815793586117,0.2910422206250093,1.0414262787110773,18.534847914079243
2007281733,0,30.058099853949585,0.4119623712153924,0.3623785375176847,0.9240466232727491,14.847957084939342
2007312638,2,173.44695611622905,0.37220632380381485,0.24650289555659474,1.2266122635285561,22.793242119177293
2007560490,1,310.88325748472244,0.44015741237330597,0.2686612071664341,1.1991742887603387,27.454476351601045
2007665966,4,-1.6928561280051895,0.3295294421829483,0.14667244625979298,1.4567664719606455,17.858082651054804
2007994317,0,22.40316171812806,0.35284667580601037,0.21351871026970815,1.0884885755461635,14.654700713302272
2008537603,2,40.729928197943345,0.38793399754486585,0.2699772780560849,0.9527206029198974,19.644017936631
2008605500,1,5.966707775386325,0.3784825055745659,0.24331603488051076,0.9313205034599189,17.426307324955776
2008709540,3,187.130300360617,0.3694162673259774,0.21761348278831608,1.1588949031928497,15.103502482069997
2009603005,0,197.16702829581843,0.34883305381057345,0.19394355241012828,1.0692281348593777,15.975810607999628
2009816260,3,252.88130553122258,0.3595802679883435,0.26685878583053013,0.9867115793031347,16.895169662291142
2010311547,2,144.86621929969596,0.3629662918949204,0.259626942561181,1.1030958444999754,23.461379687279624
2010970125,3,37.15214110235052,0.3052773249855346,0.24828288955937383,0.9168916607031862,15.757144438058475
2011509747,3,208.5029587919978,0.3760738740572477,0.2789852782083468,1.1220774651199226,18.206697917406323
2011999310,0,-19.292270117512942,0.35516083187827047,0.22919185978812168,1.051797349537801,13.372754988360782
2012503945,4,2.874648151487193,0.35989427172049376,0.20657704889829828,1.0076647520508617,13.3354228439124
2012816779,0,219.31311994295578,0.34864152447352204,0.19635266269921647,1.2383653999158906,20.303391611718705
2013254124,3,123.322662746731,0.3564740723377838,0.2247320616509179,1.116919627302304,14.728070202172265
2013412684,1,102.81808975485542,0.3693035105949444,0.24333488227873545,0.9692785727980245,14.952748108627214
2014114432,2,228.4773350141026,0.37950661530533925,0.21109993727242618,1.1235325909005613,16.569771623511635
2014263245,3,0.5347569413570881,0.30419815584638765,0.10935508642156766,1.582216766440355,17.514749123852
2014301760,2,26.14925699148874,0.3372470110518696,0.2478135036586704,1.1412829657765053,20.12333436933715
2014418725,0,9.419864706645214,0.4034881340749493,0.35656042557774786,0.8663985153965322,12.857125960293267
2014622631,1,97.45281138004091,0.39706424739210344,0.1561341783410033,1.071165585237713,14.21945559598877
2014653068,1,87.38953037699724,0.36210273654663094,0.18986834664183525,1.1464535329291572,15.531631392265645
2014740524,0,63.83593380994796,0.36167936583154137,0.19938236756961034,1.0471612448938228,13.601766511294311
2015016927,1,128.82923492625818,0.35080307114747966,0.19676133194380874,1.1239215682145904,16.916984305761595
2015176684,0,102.49804933724802,0.34813815669848114,0.2545920715063196,1.0446484167869767,16.66869247835995
2015484909,4,8.464146129371812,0.3529878846029724,0.31204768711395336,1.0157546403848425,21.614922230865034
2015550348,0,196.94522512703662,0.39183183962845725,0.21906302619567952,1.0799966254840332,15.341663003407248
2015619350,3,93.20718213136095,0.3413945480498617,0.26927351254116283,1.1136439856664528,19.8383915272255
2015647676,3,26.540142864863626,0.3480924722680953,0.3213962255093249,1.0467472291783229,20.440314603451288
2015742836,2,138.15935130654265,0.3433296235440889,0.2614578518026105,1.0795308083423014,20.588346470248545
2016514618,0,219.4189058251851,0.34658391423970325,0.24340231252114575,1.224559812518217,22.814361789198102
2016694996,1,1.7563183638487487,0.40810132459368853,0.36546070888753623,0.8582497986886288,16.029101526930855
2016828093,1,30.703756295365253,0.37633277700204676,0.28578235191924833,1.0200094929789136,15.49592248873144
2017537150,0,39.73804068960261,0.3226452121209787,0.17407287580018582,1.2317095297562402,16.628651393894113
2017623024,2,19.11228420277874,0.38318923918335235,0.3315447597781067,0.953454086377442,21.985448654004546
2018770254,2,225.57475125472737,0.3761014159913337,0.21409625279680822,1.07345601505024,18.18921231965723
2019089439,1,112.37819720641662,0.3535717356146122,0.2925015528246203,1.15066203081153,23.800535800599484
2019160480,2,294.5198745225693,0.3786507291430745,0.1586371534017622,1.1917679316937073,19.24315094002001
2019662589,2,163.5799672140385,0.38056399179810063,0.259669760647594,0.9999445675280028,13.621830179752582
2019749596,1,159.89980673464999,0.35947313581532897,0.2837140706999904,1.0615238511069052,21.52505065972069
2020299176,0,262.6565048725856,0.36083129755967047,0.2593514062352547,1.2021444203078528,23.620841117598694
2020359190,0,15.851959337737739,0.43834499369410984,0.16228634703396433,1.0089310531873787,13.819536554957754
2020708371,2,-11.366886659578611,0.3759382871852648,0.3297817635408764,0.9149757669398426,19.705332761645828
2020818351,3,138.05916669887802,0.3665705020286506,0.18015920243544725,1.2218258417469965,21.248487762590628
2020857359,1,33.75155551352978,0.3777153898156803,0.20817062927079677,0.9279877739296101,13.768452356654059
2020969412,2,160.7787611341805,0.3351251031526169,0.22238634644570102,1.1423436375755138,18.256014432208197
2021130143,1,127.3321253587328,0.3368988666923,0.18106425490103545,0.9865185470437166,13.691816555278002
2021290286,2,187.35787542523622,0.36837841336090854,0.31044235538283804,1.1430256246356387,25.12444009550784
2021383868,0,381.86523997218114,0.3783324618146551,0.23091230259298912,1.1808816627522516,21.74018925949635
2021473660,3,6.707882877872947,0.3405981125037414,0.2611513400579292,1.0582091562420524,18.295278058707442
2021478343,3,-8.590708590730856,0.3097227504326979,0.1584535605816561,1.4095123848700533,15.142177402445098
2022011396,1,237.57338379551794,0.37768928218554065,0.29703129695050035,1.1827679244539222,24.024558813334373
2022159696,0,85.58597032729004,0.3237140387613031,0.2377150562526362,1.1459317010461771,16.53666744249391
2022505233,2,-68.37404892376232,0.32884677840230164,0.15373731117080713,1.4517112532085477,14.013573425658747
2023609610,1,201.06877984290185,0.3364732297502574,0.23841123442584333,1.1445473881966979,19.969831408835176
2023841912,4,123.36102573773843,0.3542643116062908,0.21523758288510422,1.24736799662911,22.18233504540293
2024518785,4,178.359028747098,0.32874152772571574,0.245413196138889,1.0824832361042356,17.997195625084753
2024524302,1,56.1323038015912,0.3378557118195327,0.21308965823335707,1.027379420020828,15.437753163612468
2024808471,0,113.65250994973131,0.33053685712472797,0.154528618051618,1.2651432180886826,14.831943276956482
2024926859,4,236.11161181174663,0.37278889419657174,0.2427127046447484,1.0355843187515625,17.544095381188367
2025206311,0,228.34823901450983,0.3629372339554384,0.23959318020013587,1.013608712944061,15.17125402419242
2025276311,2,106.95281017499862,0.36628940225489204,0.24134294941260298,1.0090855361812385,14.318275554984949
2025508516,0,193.4169292915111,0.34401548386686753,0.20781094545801132,1.1365042293549106,20.44297711316063
2025809998,3,71.31955784780675,0.35110567758582034,0.18480206640785934,1.1192894867650915,13.821300387026158
2025970688,2,56.6231277028866,0.3551071404082669,0.31906040875695607,0.9537168057415379,16.413517381553522
2026398041,0,207.29354757363274,0.3638756603490851,0.15458201652512898,1.253385076218164,18.484230404755415
2026422493,1,209.20911402120058,0.3679210472269384,0.19774280827956914,1.329691180924582,21.48450979706827
2026602715,3,173.88020383693936,0.382401695638017,0.2757956682216974,0.9961180331715134,19.509583776241406
2026869258,0,253.0253736219517,0.37117896181841337,0.23434685305530117,1.1689904057907126,21.09679056921675
2026975698,4,145.42811924984358,0.3576009855806749,0.20498604379962918,1.122959662660953,9.520626431306194
2027806037,1,87.84364202676528,0.36978566025024956,0.22075513942199002,1.01561697381205,13.720967912157572
2028307602,4,200.15898776921233,0.35959428843370983,0.20358897510098375,0.9732657878738528,14.471643841433952
2028500149,1,44.08791134424936,0.387252285191288,0.2610625058563592,0.8246688961464586,11.80330209918608
2028527037,3,12.254624166606476,0.40119994996852504,0.19705250642326538,1.2689507517575365,20.092431447637004
2028683291,0,159.81553116873746,0.3598692596226836,0.21962894694511872,1.0637116621652287,17.837025819641426
2029399840,0,99.6025241049776,0.3338701992109241,0.23181194558246696,1.1754961003272055,20.009036278349217
2030056583,3,96.82271252782418,0.3768737444487836,0.19055440381021982,0.9516376868750264,11.79415087195677
2030717926,4,-4.135307181578895,0.33763050564298625,0.30924889314251297,0.9627495890731368,18.731524698490286
2030734021,2,174.61062918332328,0.35018566051808375,0.25381486033530154,1.2451293545858315,24.303007804171553
2031010727,3,63.48563565616077,0.38404325268646167,0.2595947904794699,0.9454672274246215,12.126911241578412
2031068763,1,125.86227409789245,0.3739989445785007,0.25042237072922935,1.1101949177184103,20.20441246693491
2031096142,3,85.00165766500785,0.35215771744477553,0.2859185408784701,1.1661603344369182,22.508250183874793
2031152163,1,139.16976557143013,0.3663483219705692,0.2083611828354005,1.1312788845378066,21.634790326812404
2031378457,4,89.78381231752422,0.4208449944112612,0.2185002954241908,0.7783276301203228,13.292196698561245
2031413397,4,130.32494961789874,0.34286589051711147,0.17319629261564062,1.5290500150921744,14.364412964474834
2031789072,2,168.49989083714917,0.36391242816872793,0.22326538296666576,1.113956006772839,14.893959375944457
2032432464,4,49.360278059263365,0.34648802559928604,0.15364545438628563,1.0167925638391881,15.228408195919314
2032438783,3,176.95657093349047,0.36529862619491266,0.2362460656611515,0.9698780332823552,14.566561584732568
2033020840,4,89.29778294132575,0.3494350357147271,0.21488152911532155,1.0832994987716693,15.750046409716973
2033581658,3,49.84968618944921,0.378019646609683,0.20823730292417852,0.9632949498078938,13.580234888947595
2033646210,4,178.87498220749438,0.3778200858158834,0.21385794016935217,0.962154914811792,13.278767062087006
2033898259,3,22.99101070262951,0.35609936034815715,0.3445507583770875,0.9536240778462324,18.216793373225435
2034204725,0,19.196944704293188,0.37693845592996383,0.39343960395970173,0.8921249638253045,21.287891018001993
2034484019,4,92.2525856619416,0.35619251085531595,0.24814335051942385,1.1554863060299945,19.54400152052629
2035254874,0,48.0921335547681,0.3498683698930768,0.2853432515703376,0.9803816296376595,18.471995127970743
2035543497,1,39.31495414350944,0.3275637440831394,0.25834631304092365,1.0806847340145493,17.4365942241186
2035696631,3,166.5632360599286,0.3734907781524776,0.1907686365358366,0.8795666286268037,10.116205584288387
2035735306,4,125.42869292393193,0.38211202058607224,0.23658781460449993,1.0596596587907299,21.993047685985907
2035749307,1,16.970859143471742,0.3455883894550758,0.21598100245304214,1.0495195664877492,14.224343873238071
2035906358,4,182.19976182088809,0.39733742247882153,0.224350048378138,0.9576302470004259,20.362141437237348
2036221295,0,128.1910461728413,0.3593174362546125,0.23885295830647518,1.025024477763242,17.068447545875866
2036690814,0,154.97068505277116,0.4330813675206326,0.18396975033826557,0.9235210994270588,14.663462881292757
2036937559,4,191.1436949593345,0.3695826823544835,0.2568399830031575,0.9032921821992512,15.183773706493408
2036966102,0,114.80709532436629,0.2868864588145569,0.3336432353948412,1.0920111460289257,20.445033531880835
2037050348,4,42.31619587571404,0.3180423004674298,0.27086013604268205,1.055239190850765,17.6741624582583
2037235529,1,165.87059602611876,0.32908674913567987,0.20665153357114163,1.0926677994796286,19.017089734878688
2037427343,0,203.43868845770936,0.3707911475597625,0.2553016874022216,1.0200399782253344,17.868002561417065
2037755126,1,255.92127781080325,0.39107928136445425,0.18337669098774695,1.0521226947553852,20.043354899626518
2038032102,3,1.8321448681526107,0.34394274432558536,0.23328776525055286,1.1508075188640559,14.872859727547743
2038593828,2,2.00916162502358,0.36484580333747574,0.30940333106849377,0.9730359708703673,19.213043286978152
2038600003,1,109.58875832624534,0.36041683455346635,0.13173083916904896,1.1347023530597684,13.285780988492128
2038692066,1,189.82177694596174,0.39610150209665046,0.24770429033448954,0.9116049164259958,19.886954056718167
2038784698,0,192.0611038323933,0.36044900561916904,0.2018752350666135,0.9776921639157721,17.892821517647263
2038813510,2,208.8202382222321,0.4048149990979447,0.22743428588312428,0.9974045795713475,21.3548212007015
2039137441,1,30.480690616995744,0.3940284985254473,0.2188932128072708,0.8108546009349364,16.03492004317686
2039185015,3,104.83292879943457,0.3630809996680164,0.13614332214743446,1.332139563063503,16.536331787896078
2039265517,3,136.85755716062607,0.3260756260773601,0.24701709387980178,1.1394508522874947,14.404931641688956
2039296323,4,297.6394372687783,0.3988487130277058,0.2700447425805245,0.985934760141235,22.32480242880925
2039689406,4,70.84347015397333,0.36923564187812047,0.24207301781822244,1.0095333353763347,14.040495082988388
2040418137,4,140.063153818099,0.388436384397166,0.22434793711206785,1.0356404906568941,19.338631636361075
2040580299,4,136.0851821451624,0.38745818521405956,0.24663387029890352,1.0058500441846103,21.98372309204855
2040837596,4,-21.074778318554365,0.3760143138959433,0.34786433537989925,0.9017365472319476,20.257017634997556
2040930933,4,69.7091373863283,0.351105953782956,0.2794023801855854,0.9349724568652252,17.63993191186449
2041026757,2,55.08122460516379,0.4353978397199143,0.27265874587620464,0.9692057002545557,16.77060454010632
2041864294,2,66.66587951264793,0.371772106055167,0.31940416551753786,1.0526333500635672,18.493994120231037
2041930704,0,300.8087277460914,0.3685912697270642,0.24962278635767285,1.1968235491745594,24.024811307965322
2042324873,0,152.03200348089717,0.41635913339516306,0.26560975276538445,0.926752815087494,18.271107618639306
2042618640,0,37.949317017561356,0.3827198144891892,0.32727292972580524,0.9738849659939343,19.069792456729445
2042805767,3,295.6546042489699,0.383138266983855,0.22988866722006027,1.2076559245551617,24.090141090254228
2042962957,0,121.95001446939294,0.4071650158089715,0.13137819866153774,1.2222579454058062,13.34144463134384
2042985265,3,110.21738134254346,0.3233646523817633,0.2602663147669014,1.1117040852149733,13.18760430734049
2043343589,4,157.94953505286335,0.3902131328938757,0.2025832354628304,1.0401380858471159,17.33600898631032
2043894726,3,209.11727676592528,0.37013352799001503,0.26961656170861936,1.1648895877646865,19.98070063274891
2044319304,4,265.610255705206,0.3837060609942469,0.18822775148019744,1.1177559289353902,18.43827939012143
2044554925,4,124.415019020384,0.36243726545675536,0.19419372855959538,1.0853626768429847,14.003840465863973
2044694871,0,30.758385561149304,0.36950659759918164,0.2434801106822142,1.007032651970263,13.334550100623844
2044966386,4,141.1758871494693,0.38067978752877674,0.18668794190445678,0.9717219794943487,10.172156481421073
2045712230,0,178.21100435080814,0.3611590869228625,0.20180416897572132,1.0106045150868386,12.536907844712818
2046153733,1,146.62298662700604,0.34948407994253355,0.22964850446936763,1.097509680736362,16.063378925969502
2046167476,4,-7.676495287115387,0.4320172564522273,0.29516248841295223,0.9367890137324997,25.819924548697934
2046736007,3,192.4699238072534,0.3491555147602014,0.21522040677465415,1.0811161679955985,15.093844911017849
2046892348,2,32.67208461802315,0.34233216295505225,0.2656371402530691,1.1228385533969512,21.369264539323378
2046956333,2,260.190603470187,0.3678671984388679,0.2849988004511724,0.9839060349192297,19.61390526931482
2047082921,4,177.25406034189,0.34381465892151475,0.1890362484970955,1.1030361085602154,14.089595142104846
2047303918,0,270.30090255780954,0.37835274084355136,0.16083225110915766,1.1076234652500787,15.733662846739652
2047470696,3,123.0232391925776,0.3832687911096463,0.25235199504724565,1.04761589897168,17.04270232513371
2047526312,1,53.365697792879786,0.3319531708962273,0.24356399600565873,1.1557195769562263,16.744984159715752
2047662238,1,46.265492584018055,0.37494261874722845,0.2688798851218172,1.0086580378502372,14.268594496515504
2047820714,1,54.56331553689505,0.3667125182777661,0.2045235502196494,0.9777158400396289,11.668647563960352
2047965728,2,-20.98668438816439,0.345110743494,0.28412772131217756,1.0037392743396245,19.180814317326096
2048401412,0,78.58250995751222,0.44753913277750523,0.18607587712645363,0.9659230887710281,13.485201567103687
2048601766,4,207.2818839533088,0.3867465290969974,0.23466362064041657,1.133546160787627,22.429849772504067
2049016668,2,-19.545029763132504,0.39704619161875143,0.2975169288731262,1.0306675581631024,21.818131791192
2049074412,4,21.732722540041692,0.4719797738932498,0.19164029156992676,0.9526286136927101,18.12154205428656
2049185141,4,135.17007912616577,0.32604886443601583,0.2329893303821164,1.098921421083589,15.849364664408682
2049372451,3,18.19612475288585,0.4233555253144193,0.2191661535393761,0.8597266166426054,15.709590629191716
2049646481,0,98.28020961835773,0.3357858114566274,0.2173924681219152,1.0310596533933305,13.807155200579855
2049675087,2,51.40011208175182,0.355053466902339,0.22358480736960312,1.121747388425201,14.830555548531745
2049722638,1,294.7104747755369,0.4537556820500276,0.43699088899336647,1.125131130521765,33.899572969353784
2049724174,0,245.5959406347538,0.34079533351572566,0.2240208334444737,1.0779123668628483,16.635888937467843
2050460955,4,2.0581273408925256,0.3527776926681013,0.24157709802983848,1.042468068405286,11.68466109236241
2050550943,3,68.0186761195408,0.3926179256690735,0.25015428847935606,0.9773224756462604,13.193224755677255
2051195531,0,287.407863189538,0.4213317340067743,0.275196392479343,0.9832255650178983,22.198330604719892
2051477971,1,8.243056683135109,0.3602518035841224,0.2987820781362741,1.0107890895274334,20.443840570585557
2052142146,1,54.56282418827466,0.31960763925650004,0.1641861157016285,0.9155329459299131,13.46418372100162
2052261609,0,132.73644617513742,0.37564892824706253,0.1836264238689788,1.0379997143629969,15.068227722710539
2052739724,1,109.56400045641537,0.3662302479691102,0.1730809680965954,1.0701444476082411,10.828327528894405
2053050930,1,52.522691954184516,0.31976930597168624,0.19393154228017373,1.2064943415337912,19.385442259908757
2053127764,0,69.44412751175155,0.3661982612395623,0.26465807125084606,1.043759039520658,17.99755707899013
2053139068,0,63.86543457826112,0.364036814585058,0.23485065604451358,0.9914553497803427,13.939015311802732
2053145171,4,228.77455896409444,0.3523067539779292,0.22594256458602477,1.1226419941957835,16.719726569593302
2053208810,3,261.6604722228352,0.40397326728205163,0.25987013250415736,1.0787330068852323,22.435538530895172
2053534445,1,26.833459272533304,0.3707156852344641,0.17284817926899237,1.0923127422924315,16.002543944243616
2053664112,2,-4.587033926117272,0.3085971534685463,0.3028394167180598,0.9412190589260078,18.813754672496298
2053842039,4,61.07502803714277,0.37437248205521473,0.28916119853304156,1.028910262922022,19.724906902666245
2053942851,1,42.3234949366697,0.38080543269016404,0.3910941656438875,0.8929873787414202,22.903241750081573
2054944349,0,25.037524765918363,0.3440035690416741,0.27750925225417716,1.008195846235612,18.9874204489688
2055026518,1,233.62375870280758,0.3713431519790832,0.3074941652594685,1.20547751473371,24.714262457801723
2055219346,4,177.5883274716326,0.369016089054048,0.2172985268748453,0.9903320837647197,19.411274788322125
2055251139,0,26.857471974867018,0.3344431570174585,0.2287786488865006,1.1137414331818154,14.522609531373739
2055325406,3,151.8126192440773,0.355904159239441,0.17969647918062326,1.1705157758105946,15.239911269168138
2056311741,3,146.01642319249282,0.3780029496618087,0.2720354872290578,1.14497027916984,22.49186857831578
2057063340,0,227.60932909844536,0.35872135641398223,0.173511593190725,1.2478361918160585,18.143021754408952
2057209972,3,240.22468758183047,0.3786244036979664,0.27717928682868753,1.1762272196748629,21.672769227344503
2057275568,2,124.97952390183289,0.3701057605306879,0.18528570319370205,0.9942885596008837,15.752446492935603
2057370661,4,110.44111715945627,0.39118630599082665,0.25911111752937227,0.9940489629483339,15.531811189415377
2057806483,1,11.795830377381478,0.3018858013281707,0.19607797415030986,1.2020742339403876,20.36594351613082
2058153586,2,265.52547838735586,0.3759563205797044,0.19802580885943202,0.9222680355171097,15.290269372191963
2058169887,1,163.39306459063704,0.37268605887184086,0.29700266956580895,1.111651405038332,26.286531425559446
2058537463,0,297.16587437450164,0.3757460373865411,0.20007984804034448,1.1307669524164197,16.877941012376247
2058722180,2,208.87826521085594,0.3642039909032196,0.19815663207195333,0.9753837672349663,16.595005036285585
2058912273,4,234.56310435337733,0.3955149297943005,0.27057895451951,1.0973878951676612,20.411833631508678
2059069732,0,186.63180518310548,0.3541012624713225,0.26371552937072634,1.1760295846535251,23.136012764273918
2059156449,1,38.34641038112768,0.3197919870466652,0.2607395377922831,1.0410380625551787,16.248384123109695
2059422357,3,31.229435396222726,0.3860066593579578,0.3275179353867707,0.8860309422642055,14.154491886386598
2059649155,0,-16.431369575033017,0.38438091596507534,0.3376028118505092,0.8683887924512841,12.200954256317686
2059802205,3,177.38565945045292,0.37480755496185064,0.2608767831412736,1.1101514201703149,22.761304664883333
2060308564,3,85.63031066039471,0.3358367908178359,0.25896373512440635,1.1120935999099997,17.920957444523303
2061363511,4,112.84960717607419,0.4143379696148348,0.20038503774435903,1.0515852621462203,19.95435676376557
2061931988,3,212.96939869890747,0.3747960263652787,0.25155142976306344,0.9231247309826459,14.701630094771753
2062389305,1,181.79248096058564,0.41232739642215893,0.2607187723917353,1.0898175478482002,23.66783745005781
2062460228,0,-109.74551843363047,0.36767628469056113,0.22184258383989894,1.0821038159047072,13.537926595247683
2062588877,1,85.75338069165015,0.38430168863344155,0.23521490958297342,1.016872513891591,17.71165702789922
2062611807,0,15.892832351408657,0.38753547655605985,0.30123169199023947,0.8821591109560449,11.941734937425672
2062868312,2,132.22179869920666,0.35770429879619475,0.20252646557227694,1.0843690882599513,16.476053095313073
2062933383,3,229.7566141624543,0.3674756508451199,0.2762314889306676,1.0423164147015576,16.659141958257187
2063026043,2,181.06453789232665,0.4073842029457098,0.2657241918445441,0.9046426235610516,21.744724486501248
2063396498,4,171.52395249275008,0.3408098461984404,0.2555315640358296,1.0764835238885333,19.73663994077027
2063473981,1,1.2810094729276358,0.4097004211077688,0.3638376719298045,0.8564747419582954,12.405775307193423
2063616676,1,211.51733133879742,0.38986274986242514,0.30948175922414134,1.0866748121727545,24.526088085830523
2063798200,4,268.24228096025996,0.3528087685697634,0.2698408741204477,1.0728850476678073,17.825404436360586
2064196181,2,174.38496415065964,0.35430424829507623,0.18334505987560007,1.1269383452523698,14.362146137479884
2064758203,2,50.06853986273303,0.3394407405882673,0.2790139448402041,1.0654675379199234,18.03768986382631
2065005983,4,143.29430783429103,0.33961500891998214,0.2271042137214949,1.076192070441424,17.555011582519494
2065007908,1,185.85445011235066,0.38657456610672103,0.29180567156441956,1.017959596632018,21.70746624679703
2065090283,1,-23.992868742414203,0.3653102150566635,0.26436537684378825,0.9635282018784074,15.450848460245355
2065153152,4,109.23180675009614,0.3425708046549579,0.2036900586622693,0.997707063420311,16.815383673829942
2065252291,2,-6.684754326221295,0.36609184182709364,0.3174351389082667,0.9409871505583861,19.18564167064693
2065279499,2,152.05093506803152,0.36055308031530636,0.21506617043276657,1.046401668233887,14.703459155076452
2065383771,1,149.68413140132282,0.3752951880200703,0.22946717245981751,1.0654342582223724,17.227226554379826
2065621883,1,263.21130846921943,0.42002794428977297,0.20970187254385395,1.109116249470117,23.22787010689714
2066065208,4,95.45960531700547,0.3616022094167062,0.23676668278069332,1.0956590550843786,13.088297385680741
2066192425,4,118.64815071663749,0.38368607353534934,0.16535612213992626,0.9425753648289892,11.256259400143094
2066262373,1,80.24480205808132,0.3561487016507138,0.2980909563883591,0.9640733520959907,18.01003485530466
2066820207,2,189.74875555070895,0.3741059412979474,0.24751265495322003,1.1154511033264354,21.264440577421198
2066955666,1,189.89325662848108,0.38530794810825886,0.24722894418595728,1.1066430852153486,23.203509545701795
2067168064,4,60.10921681492055,0.3680715834894646,0.21385601109375513,1.1023213194198518,13.238336676451507
2067238428,3,77.8846201750558,0.35022291448977216,0.2035002073028377,1.100685571052663,15.513640242360633
2067309904,2,212.14420263345136,0.36728767081941893,0.19226452517941345,1.1450889721170898,17.75372175883328
2067484299,4,-5.119142738655313,0.40800023721706635,0.316106692587515,0.877714834802517,11.7909607935384
2068061676,1,148.92962437420584,0.3656406255738501,0.2470247577285635,0.9750750052382274,15.411852011408264
2068076576,2,169.46767195246554,0.3573716741892909,0.23439077555928217,1.0911060829657022,18.167872960984727
2068084714,3,107.90680706098514,0.3246253301934596,0.21580292290072123,1.0722494584912596,14.08947341577829
2068351519,0,101.52715909556314,0.34704077460580623,0.28468640297569914,1.0209670686815222,20.646079418621774
2068477355,4,37.53250311032015,0.3477512218364109,0.3220114858192264,0.9713529250315959,17.446139916347075
2068736249,2,90.3575661701848,0.3549893640026192,0.255647799391424,1.1828789480199176,18.80604188287232
2069332669,3,161.23492428485164,0.3897729556197457,0.21684041597134118,0.9506888374643307,15.899145792445758
2069899879,3,171.7273849465148,0.37728875219134783,0.26328109957966045,1.244262685061433,24.227505515160487
2070158798,2,151.10244880809557,0.373642129528153,0.2251664373729899,1.3040689689500469,23.719348501327605
2070291544,4,62.382159530371666,0.4017047406908097,0.22537177790957355,0.8004452092734169,13.084383489506294
2070641529,2,252.76100580707163,0.374530096720853,0.2046948976451298,1.0849727205790791,17.24851488672055
2070649419,4,140.00905493044922,0.3754166937596816,0.2053831172185658,0.9789986561222515,16.64624268756405
2070663964,4,-14.992330474029146,0.3240895072908651,0.12446845390803171,1.5719732644021815,14.609611332518217
2070820503,0,168.4298870252332,0.3725073945137085,0.2421688275641102,1.1482593819163132,22.67644850996817
2071087091,2,216.9912737657021,0.3725899412890459,0.19044841729722572,1.091812421590671,17.194893072803197
2071088939,0,398.1172865521981,0.42070945803190807,0.36161640418664576,1.26788449712562,29.385395179677445
2071134178,1,178.696892318216,0.3491007760932365,0.2085672913515199,1.0793651618096927,15.159032070565425
2071365385,1,138.48236555387527,0.3706475196012185,0.15089536153393965,1.214916062461223,17.78336113586674
2071704186,4,298.88167015622,0.3686600891560562,0.19060015544216932,1.2335673161977325,23.651487661344262
2071844706,0,27.25513562476671,0.3731384924035747,0.2459562996152547,0.9053842178221158,15.006670182683008
2071858672,4,76.6291020782524,0.3619871350423973,0.3104462542899735,1.0117556591371093,17.476155057596205
2072168111,0,81.32593921647255,0.36549562065552615,0.24031657777459323,0.9227596100896874,11.83388240915972
2072452393,4,149.32431330874775,0.3502154904203452,0.1937978179445603,1.254934907196923,21.132868126599707
2072866385,3,17.74059111127356,0.3679105544581254,0.36420764797569816,0.8986926318318088,20.78481627163684
2072955704,2,-2.4677602569802133,0.37088825549254767,0.19278408282262913,0.9454573905939907,15.009587427591875
2073349658,4,40.26446943585451,0.36064312366640777,0.3280959402915433,1.0702072555151014,18.912498028278787
2073433279,1,93.8205484436757,0.37504331647248534,0.15362711606156176,1.2364604417276284,20.410526723571458
2073505666,3,187.18746004767598,0.3783076711339167,0.27844889560413216,1.1684691489938452,20.30094883588658
2074001151,2,208.76058354809282,0.3772915142513837,0.22039365103989114,1.0597077616632942,19.765222139898423
2074006647,1,164.4914299133353,0.3470737366225266,0.16928329374989778,1.1366769950199693,17.832268483544215
2074158001,0,2.8363045237654205,0.31481644285540994,0.13330000233132544,1.4302268396020303,16.32908786571029
2074267479,1,35.91982091536171,0.3504728091435993,0.26972585868365617,1.0005905145888054,15.8240205202726
2074410152,0,64.60999609587802,0.3697121475916798,0.16279230511852022,0.8996885517362087,11.45740907996559
2074469442,3,78.46801646205063,0.3627074813110791,0.20534372771394316,1.0320935200155872,10.527521633413539
2074481050,3,65.87049414586888,0.40181362148477384,0.2143680430454724,0.8046393177724754,14.68823646333795
2074575987,2,123.79472144214193,0.3504444457340459,0.20480665952975807,1.1724373372205878,19.198883811997216
2075083572,2,70.50735296944129,0.38573284059489193,0.2080656221721406,1.0042521993179045,15.310645572337902
2075349566,0,315.92859973796686,0.3838130870330754,0.21986507043492753,1.2005166341433313,23.143303100317482
2075610197,0,90.98397372614001,0.36966949624366935,0.18417675401321568,1.0251695666062461,13.602417157754978
2076091344,0,35.41105092252101,0.4255394927709374,0.18975406788455518,0.850054855919727,12.042756507055717
2076186789,2,161.94822604890035,0.3376067090563409,0.2461934285837183,1.0177935349068299,21.418117499787023
2076683779,0,33.31142341056734,0.34291197148824887,0.17434763483984828,1.0610692615463977,15.33402758150721
2076949860,0,67.87453737471628,0.2807324041291661,0.1912751019036178,1.1384823427291988,14.287221452005383
2077226118,3,205.79006850850277,0.3666107726787886,0.31763826137081363,1.1629137580754694,23.673557178772242
2077350791,4,42.74789341647786,0.34563534947240204,0.21231996857397203,1.093566626387155,18.610838373321858
2078434455,4,251.41390003357955,0.4024141916801729,0.1981009050665823,1.096656787441758,18.129882593264615
2078494815,3,32.681725740876246,0.34815122890242994,0.21063168689512263,1.2076144101913642,15.511243266974141
2078520197,4,108.29333777412285,0.33563851121224103,0.20861220221901544,1.1347113428888818,18.467404235794874
2078647419,0,83.5513148629687,0.34491591216140466,0.24568132454550348,1.0352050076189316,18.419820965755427
2079303447,3,-24.093277626397565,0.4068862526606459,0.3982080882818648,0.8699579760133986,21.67876557313095
2079401317,4,47.75800819337797,0.35278862235562797,0.15996493456884342,1.2451765158723482,14.315101946745237
2079617222,2,135.63689315321912,0.3548350977162255,0.22107962338687365,0.9749361550336816,15.576158153179497
2079708609,3,82.97176216822317,0.3659058655262669,0.1901403312276913,0.9318443176530871,11.666999519830622
2079820575,2,139.32871109990631,0.3727890476940772,0.20541341659409024,0.9606799521766037,13.473491230976334
2080041266,3,149.55729375881245,0.3473558000763783,0.20205267229355878,1.175432948632385,17.38599709495369
2080614685,3,193.87343298589667,0.37768095050866074,0.2743669504468279,1.0688255935254878,19.57894414054174
2080644160,4,190.01348407332728,0.3792681289758462,0.25458054986102013,0.9127998507398173,14.410734843760064
2081117789,0,112.13546425482029,0.35420203509261144,0.2589432765955712,0.9910608125880356,16.79949333700666
2081485306,4,0.6595670774886742,0.3328986540028328,0.2391756668386743,1.161114094870325,14.762461870045682
2081569182,0,67.65325531055697,0.31622359607164446,0.2641275703262642,1.115883504380682,18.460194214360648
2081754132,0,173.7373556878262,0.3692212152772363,0.19650270210280463,0.9856448765734206,14.437201818397503
2081766771,1,37.937001562889094,0.36439322831226806,0.21537515710309224,0.9201750524213352,12.052005696629681
2081786405,2,217.40870728017126,0.39582855473935685,0.26538848945823096,1.0547400692935056,20.585490005308166
2082251214,3,14.504597821440669,0.37798389848427477,0.38393244458095854,0.8850066284049011,20.968265353009627
2082516558,1,114.34112834955548,0.36220654317968154,0.2078389507583841,1.0905367334770792,14.854470990217758
2082878937,0,41.81690949754097,0.30788208625018804,0.10118352219195934,1.6127015679002086,16.38986519660577
2083351176,2,126.65407319602598,0.3940538690127924,0.21669432998304555,0.9763727082319622,15.812346944377333
2083399085,1,59.74365680384058,0.38362673360745486,0.2808908524084317,0.9755728123670806,17.69493730114296
2083473001,4,141.9639042102766,0.38373114606638525,0.26731779796744143,1.062117378147912,22.88749546294684
2084095989,2,219.54528867195535,0.35896671528850455,0.26485616629067815,1.2373466302728826,23.061523624086675
2084277972,4,186.91695446447383,0.3688548648233692,0.23814208688867516,1.0130628063524831,16.877860525125186
2085027374,1,147.2318796874776,0.36663387949493786,0.31985479173871606,0.9164158725508221,17.519238248511915
2085033079,2,107.20129247622835,0.36608972860871253,0.26292570515720515,1.0646343741965807,22.856409161413552
2085100639,2,123.45561690208969,0.3604592193567036,0.2252783169862015,1.0373743238031568,14.015021993797031
2085613609,1,122.71779791661577,0.39889884520714186,0.24297702915301952,1.0150616195351216,16.465752679339236
2086500241,1,-11.2115259026192,0.3714579977356162,0.20172482178221557,0.9635912422484949,16.299700077790938
2086671305,1,83.26774035511127,0.3846415958855488,0.2120897604216362,0.9120853314740021,13.689269746993777
2087529784,2,220.15877690675393,0.36140388758240777,0.22931362471713235,1.2269245544421152,21.94838090962903
2087902310,3,330.7877340743232,0.41536130556323514,0.269036737572183,0.9063688047297608,23.25719578586512
2087962619,4,116.34487787605791,0.3685004010131456,0.2533769975865653,1.0249517381676054,20.55845293714369
2088540616,2,179.572601348915,0.3895142528382696,0.2037441804708447,1.037954088007625,16.712333797462858
2088836138,0,110.2540036863331,0.3358290029218827,0.23347234503651426,1.084954237755417,16.902835149505893
2088992800,0,36.57287093893389,0.3684412192447006,0.2456442988102271,1.0164654664322423,15.221680783296295
2089130160,1,7.983980756882644,0.4123325349386816,0.35981778785326624,0.8028330025522588,20.49477482486685
2089319482,2,-50.39913798396124,0.3428305831017191,0.1981868294535649,1.2072422231015023,14.984273977946149
2089653204,4,73.53628831010619,0.35393579468235364,0.2598998170730466,1.0763331647923096,21.149971400827877
2089703645,0,106.57977718628823,0.3252874943459567,0.21401772936370153,1.0394976307361736,14.792842713834753
2089849247,4,140.62758630083522,0.38857212710375266,0.25201093676868874,0.9634698945095531,18.909987453354965
2089875346,4,77.25840243060972,0.4031281680660954,0.18167791823717824,1.1068094042086085,18.074147662528315
2090259325,2,203.4733184322493,0.3752587317295216,0.24205542005559735,1.0318896888945281,17.970934551169037
2090445254,0,-43.20633002040255,0.38649977352388853,0.3256042716757133,0.8908242757917013,21.49508570727649
2090672547,2,180.64494769454956,0.36037861632237067,0.2835356107538654,1.1247016092575621,23.040414643462324
2090987332,4,91.63674613262519,0.34751006739647605,0.14110356939204832,1.5035261329966647,21.693484781054273
2091289727,3,104.30838093250914,0.39807010422060135,0.22534012565279649,1.080391980715642,14.624421579806897
2091496127,4,57.53890978131308,0.3541488921869894,0.21584901947122,1.0092487361738238,12.276261316461476
2091819408,2,18.599983750853923,0.3970061735820995,0.22758887956686985,0.8848371646206972,16.38076958685225
2092024077,4,180.28434218903558,0.3979840377961437,0.24662576684176007,1.0148000206776464,17.34693865160055
2092061977,2,21.854432426519836,0.38161727631126086,0.23397442574885957,0.895484787868049,12.249772067682741
2092067263,2,148.52162795601063,0.36453420962332184,0.2559382287827978,0.986111328746489,15.673958788177364
2092210478,1,99.25547424881358,0.4385834679148276,0.37989447074771954,0.8785456595025071,16.04596194661822
2092278480,3,207.87897946126293,0.354868352089572,0.28211427505217,1.1293418959130614,19.989715813867672
2092674324,0,69.78922370544271,0.3463343084152146,0.1540558505175696,1.2128955778942916,11.578799145338824
2092935211,4,361.87314537021086,0.3888392197071587,0.21997522107807893,1.087586759677093,24.53477807165475
2093130856,4,28.15561710138033,0.3574102664586007,0.36838765276898844,0.9107506048802421,19.77873790401439
2093549092,0,284.5655185744357,0.42623274176407344,0.2511201488146881,1.0492775353660044,19.432415087202045
2093679226,1,7.865911991754288,0.36376033041190836,0.24504245331277183,1.1184540524976772,21.646518150958165
2094132157,1,37.38795740249335,0.35503084967243853,0.1815796884474346,1.019676695186832,13.750248698342034
2094564559,2,206.3032667255,0.41963640199296226,0.17223919283608574,1.164396253547984,19.83571865834361
2094965474,4,127.81841204039901,0.3651184028545052,0.21327324807297218,1.0004190851222008,18.881695280302694
2095077077,1,6.306734211257023,0.3511096973793221,0.30565317509026985,0.9599129036524602,21.081454654043768
2095656240,4,295.18983601236346,0.3807342213851548,0.24205860065740614,1.2355828194336598,22.717632480594084
2096099449,0,137.44180721404433,0.37784496435030257,0.19505090702858208,1.021900872696581,15.314706090348986
2097065173,0,3.6181521456327914,0.3639481874360446,0.3085416686817093,0.8883648671342231,14.386776441295456
2097105908,3,201.6735821876933,0.3622491759119528,0.1988527574720363,1.0416338505300646,14.865228135139114
2097907422,0,328.97774333228443,0.37588447490028104,0.20857952325290352,1.2257942155123898,22.42296228745982
2098139319,0,29.829208347211342,0.36450031154103946,0.35846886140975276,0.9243632753372814,20.831102099767424
2098169121,4,174.2094716182904,0.3832433540248402,0.3337112114273971,1.021346567817435,24.77015486521845
2098235605,2,127.69216354358446,0.37535297006455637,0.23990461248679157,1.0125248007930507,14.100465506862946
2098276804,4,34.62249349865648,0.37443365777551085,0.2802817653721318,0.9533154901557115,16.815161832431205
2098860245,3,207.76476699012488,0.36505751413038895,0.21881340279897665,1.0119429680627985,13.369318803441603
2098949434,4,83.945432279209,0.33367675005920333,0.3480725362222545,0.950491493127348,19.756277229768166
2098983815,0,253.68403671387847,0.37040756690668053,0.21445653072114051,1.1791570626096208,21.085278493988724
2099106036,2,110.93387801080608,0.3521846360277532,0.2846275005534021,1.0226140659357656,20.33818710989069
2099208394,4,176.64958025247182,0.36900618168047034,0.23527772042256495,1.0835033056222516,19.943681309185088
2099643847,4,221.18042235275271,0.3732631305470546,0.18096600896371595,1.132482101276119,18.698758584373923
2099648126,1,147.56569996157944,0.40742075194769195,0.20865813313373735,0.8841844888135905,12.78422577552348
2100810597,2,207.78467756924545,0.4386046609385109,0.22048886135596996,0.9742555769174966,21.951787830461956
2101703893,4,-6.30678819517621,0.40367799153611406,0.27805793774093623,0.8956007064284865,15.606805999725932
2101723306,4,120.65900290871735,0.43078085670359567,0.18542921471883667,1.041658363879084,16.88336016873193
2102034218,1,222.53943506855637,0.3703406470171708,0.2007021756651835,1.2984659659245823,25.254334357395024
2102039309,2,180.3962102197052,0.35711189488671813,0.2943229524087147,1.164712358346331,22.422167433467283
2102048266,2,80.85546536391382,0.3044312224287681,0.15615481411548848,1.1591780713132085,14.231488773541573
2102097019,0,28.24553030287396,0.366400040040302,0.27406940645191785,0.9558834652029082,13.430037858533835
2102135850,4,0.8017817001508547,0.3251536593510272,0.22439073847687746,1.053012831310771,21.74497989013974
2102234224,2,71.95981813910458,0.3921327935003283,0.23316346711900182,0.9356686434575667,13.203581758336155
2102406766,1,103.66160837684244,0.43918268071588246,0.1549383292450637,1.0481518875426372,15.59324813791538
2102601525,2,-15.601961602086547,0.4013386611891723,0.3633310491600169,0.8157254271238298,18.58718830854916
2102738323,3,108.38271741277957,0.3617408127049227,0.2518225773155585,1.1239622537745337,22.3198278123538
2102908349,1,203.9789486850917,0.3926468114520684,0.32578473299796307,0.9126534000529523,19.128461194219412
2103171558,1,106.30594442483915,0.35877199681853705,0.21295260320940607,1.079829602986828,13.75578193765495
2103300246,1,-24.757816103303824,0.33598908953403495,0.16106881904471448,1.455176762175758,17.667697074442582
2103389743,1,18.332626898395247,0.3573122044695099,0.228726513924374,1.0195927309853356,14.436494068238808
2103408562,0,37.85779329212931,0.36080899600218547,0.11930297040799709,1.4174821431456441,21.215748311372536
2103439506,3,31.046724840721325,0.41127238768580426,0.2680466499451399,0.8429549180633237,17.629307514059256
2103456476,4,63.45635941566163,0.39381114764728026,0.28385044001799753,0.8713214410973902,12.110947617534645
2103595659,3,-26.00125528569697,0.3354714018558571,0.24269361972919215,1.061295068883759,20.093147215719483
2103648490,4,166.75030883596452,0.35602103600827884,0.23323085868468235,1.0027098372743277,17.879138608821478
2104121723,0,165.62877707369756,0.3513962066198819,0.26838076681000844,1.01794798208304,17.740272839057813
2104215335,2,362.08183133156587,0.3736971077167336,0.2454657094135394,1.197747709118972,24.854394680319295
2104280105,0,96.27375216079331,0.3299740245011725,0.1573013616383383,1.2456351354375914,14.675874086910142
2104394110,2,100.27968444168063,0.3531777160024829,0.25334385268889736,1.0204672471988656,16.886626873893874
2104615575,3,100.72895847906733,0.36481442948569626,0.25848869738503827,0.9667164843754672,16.168209508085685
2104808505,1,165.71532986207836,0.3312777788857412,0.20480899115191345,1.029149628170047,16.05446618920513
2104822360,3,304.16416162530453,0.3818742403934847,0.2426988315385665,1.160676384414499,24.37118099069479
2105181780,3,333.9447928763812,0.4405331394227794,0.20149307478223594,1.0176806672392924,18.564724344043007
2105271867,4,176.13132966808575,0.35971170494156607,0.18841591672905994,0.9948535075992024,14.261224623796853
2105289986,3,84.04848062986169,0.3808228229970245,0.20715641236479637,0.8904618350371305,13.004454036625374
2105342564,2,167.32292500501256,0.3619044079499302,0.24049559927226333,1.0038624634897366,15.44812262792878
2105808752,1,133.9103963200052,0.35391891892187755,0.22420749492674694,0.9607876339673858,15.573143725613166
2106014739,3,65.30144624320593,0.3712579417197428,0.1742740352978312,1.0083289260748571,9.603543980047705
2106275080,1,42.131235827505556,0.34646622989077297,0.3088236809311238,1.0882567455095056,23.870536302167807
2107302149,2,118.41494105531136,0.4075843504973582,0.15950027515878706,1.266163681225459,15.874718388420721
2107491529,2,-11.144707586727108,0.3392022584036233,0.16276336900418292,1.1692560380460584,14.323494578844711
2107706475,1,-34.28420187035485,0.37435300381053915,0.3249076306032143,0.8993464780004319,20.74425772871585
2107751440,2,201.1722187269966,0.39153656204366716,0.24154596566534686,0.9636026413136047,19.082110834378962
2108285261,4,33.234493534833334,0.33047601069334176,0.2764153968518375,1.078033842155387,18.868541899155183
2108373019,3,17.277046427605896,0.3572510672326303,0.2606828611237385,1.0739937403374693,13.469374280629054
2109042008,3,123.56317106645257,0.35975357423960813,0.19998230404231507,1.19113179843291,14.108934651923109
2109143268,1,94.28446233353824,0.3624563438770285,0.18974240886504717,0.9630467532010636,10.726136812357613
2109376187,0,68.68974884332854,0.35947719989021604,0.2700503085012466,1.0848864580614288,21.820442105653793
2110077418,0,108.53191729530771,0.35742150111609977,0.26441531589758893,1.0068345194059705,17.329025718065356
2111187299,4,159.8695942280978,0.39485294313191877,0.3283889025722157,0.9778817235162519,24.44092437056237
2111235464,4,135.38458521139881,0.37680627748402173,0.18149659584814196,0.9678682950719489,11.522058323232727
2111449660,1,133.0534777307771,0.36136491717625996,0.26037196755433945,0.9502092972188331,16.40398786820305
2111641058,0,15.29418999126898,0.3812120713778978,0.2401471216907364,0.9318986217090237,11.90089236099963
2111688362,1,-6.170513297148304,0.3512326620095105,0.18213935841540774,0.8917631737192804,13.614752599576903
2112106908,3,77.26191699864336,0.4127696082004692,0.24579704467349872,0.8821285659685273,12.240078360886642
2112160292,0,69.75841770977857,0.3448803056262153,0.2013632541672933,1.0454057029245138,14.456295555654457
2112420491,1,167.7107065023711,0.3422734724267661,0.30952486526154743,1.080992380894051,25.250819013784955
2112498322,3,35.5662888471992,0.3992705318357196,0.27745006735235345,0.9988672494900503,16.020616761916614
2112731378,1,25.448344214037334,0.33258981694776973,0.23015768574735507,1.1543225332407656,16.969719340817356
2112734421,3,95.31860952426005,0.3722173302966636,0.18089269954068568,1.0176791926616178,9.084639670169835
2112770434,0,164.61795246420752,0.4014414641264194,0.3088997736912864,0.8849338752097372,22.713836081823974
2112796549,2,333.534072101777,0.3656463126456774,0.22927153139731016,1.1175171545478066,19.68038897544616
2112814629,2,13.55867548043264,0.37823335887670584,0.20434239686158975,0.8942872996668559,14.530747350946578
2113232814,2,158.73304528629336,0.36790673287793063,0.21361334085078834,1.1119980156204619,13.81593496743315
2113271620,2,88.22641124453821,0.33090633582683354,0.1874732822152358,1.0225981478908053,13.405764263383231
2113327142,2,235.21191096214403,0.3771483388880142,0.2364441921575688,1.1781417808130563,24.02205801375128
2113413468,1,177.4496582564675,0.3750900439796342,0.14353748005238287,1.2022445161091209,19.10379125875731
2113953037,4,27.270033743343973,0.3504611144308217,0.2835580618185476,1.1290845015793245,24.142780134399516
2113988141,0,184.061296355997,0.34076430767637444,0.27341681729390943,1.1305481217767153,21.404126769357163
2114154599,2,40.55428736678619,0.41911125176267927,0.1968734600810814,0.9992788745296481,16.4799935488627
2114560231,2,247.8418146424429,0.3531207581563012,0.2161954765165896,1.190869985645655,18.44861270902495
2114893562,2,327.46722700833476,0.3991833810225477,0.2137361531683473,1.1411839122053908,24.334528646860626
2115270537,2,12.98491633625568,0.32330691030807895,0.1626481662341433,1.3523692592950758,14.59505904058288
2115445958,1,159.44043204865292,0.33937497881189793,0.25970944682449953,1.184775801233761,22.346041493025744
2115845960,1,224.47716893110237,0.35675397958602484,0.2350169977042052,1.1900671900377975,21.894094020492055
2116023272,2,132.70862587281553,0.42677434902185724,0.20089289585846629,0.9656087581412823,18.57028351837538
2116043723,3,150.20836297279462,0.3550344452524001,0.2670380253602478,1.2166102213635057,23.8674105929383
2116336179,0,159.8712318281336,0.34990137347517547,0.24260463313079997,0.968360550366896,15.923311882654984
2116365788,3,190.0500211844507,0.3638131022808381,0.25124508414585006,1.1388843882715043,15.958934281835571
2116457345,2,218.20487608598108,0.3741152282540609,0.16507600788895643,1.2161462116365707,17.4721921929442
2116593356,0,62.221942928895174,0.4207056207810339,0.3069102563011408,0.9825369209941585,16.37051402695829
2117478348,4,69.09042159894594,0.38434919939740464,0.25166557731174727,0.940036543856362,12.604728899942524
2117609308,1,127.27648095188508,0.3831877888201967,0.2556456415426662,1.041825639624575,20.254173665744027
2117950580,3,137.6674608176952,0.3820666491145839,0.22664191951993445,0.973926714652041,16.961419071218195
2118544879,0,299.40194910439055,0.3688580663727691,0.1574531240770924,1.2712872887997442,18.865553040164144
2118719720,3,43.98306111842714,0.37861751227310964,0.21925660278938885,1.029440363298005,15.1899970415379
2118723389,1,60.84403368800485,0.3345808201144237,0.2491785168137782,1.133949782746017,17.640604503642244
2118767527,3,147.78704054479027,0.36252787045365054,0.26772886036903265,1.3052352278712596,24.822932903321714
2118906166,3,82.30376553551933,0.36126606681942497,0.22737999981426163,1.2189902854257764,13.68257568487951
2119541663,3,66.61668028620655,0.3646071136137361,0.18243519758725113,1.139129698839476,14.939117812050187
2119800195,2,39.58249129386518,0.3712067343097283,0.29360567496117795,0.9893454982905768,17.048544373077714
2119910769,0,66.84212226645073,0.33818685026938605,0.1624577239636708,1.129339879366187,14.578075760143761
2120362276,4,140.96531205810595,0.36828611240808534,0.23903442099516678,0.9848304549729741,15.528819958127626
2120569877,1,48.10339693794129,0.3691421825866191,0.31722090468246955,1.0214458520755094,17.34529181612021
2120715373,4,54.8623914993492,0.3674376558340505,0.30247998657273184,0.9917931531868293,18.629275625923185
2120990962,4,81.34200621782645,0.3498099335919899,0.3198478882150055,1.026459632498773,22.25555107835971
2121376176,1,158.71040011858608,0.3522413292864689,0.28173633379343205,1.032486536295716,20.811456932311852
2121841286,1,49.780683055267886,0.3863473131075581,0.21125543955209225,1.0706670012339314,14.708495623206899
2122013892,2,6.247396990240588,0.3361313626182725,0.19414655036564002,1.0485062298435581,12.309838616961482
2122531737,1,135.43590847590198,0.3866678701946454,0.24776129766331886,1.134387618436238,21.79612750510858
2123056342,4,174.3538992449088,0.37060246254374574,0.1741151863421233,0.9442052011066157,11.8635704600053
2123073246,2,55.622650454779716,0.32358966116842613,0.18864379330320713,1.0662578357269161,15.208803780447717
2123232751,3,122.14158693241288,0.39944549248101757,0.2089179692324197,1.104802130843038,14.542001097031989
2124031511,1,57.153006363493546,0.3749263108016046,0.23763083396281384,1.097387425967466,15.442877635690316
2124040823,2,20.478224323252803,0.36772271211817825,0.24295619489189996,1.039336858491989,17.41500724962016
2124483443,4,75.9652688344813,0.36642203097591,0.17882566207898287,1.0055461456226689,9.493591917605002
2124605218,0,255.51057910183482,0.3663018773139092,0.20629058815970874,1.2211361782578813,20.94562555085759
2124727719,3,51.312149020782705,0.35092230326450824,0.2199299658912545,1.169736990008594,14.685824520928266
2125797590,3,171.63085823711202,0.3482066732712537,0.2651505816081667,1.1764210635671795,17.9962907106888
2125841447,4,221.19509806319945,0.39300460125664227,0.15757999697403402,0.9935974908551735,12.435614039338214
2126001551,4,55.112900958888,0.30892344496579877,0.1809621990394118,1.2781451297065185,21.24588529694777
2126142504,2,21.02448914626555,0.38306604236135233,0.34530154273255453,0.8746441725550852,14.887941132471477
2127024895,1,52.05276811223712,0.3628047065159548,0.22175622711178233,0.9214289131286904,14.79678811722255
2127124600,1,268.15339182226467,0.37274817823662687,0.19788152642855178,1.1462066608100225,19.058493186506112
2127233037,2,-15.942744692826551,0.3904303327823919,0.36779488893409035,0.8694993583621828,13.162538251562639
2127356325,2,19.017905570977717,0.42243758567706313,0.381081950895145,0.898664529258651,16.364848882836068
2127384896,0,48.32271824056365,0.34208145210039465,0.2554037902496639,1.0982298421170062,20.121763403463223
2127609495,1,38.00329735258131,0.3561906153085383,0.3301913815330847,1.0082677248666378,22.78485598697702
2127644258,2,259.28467440445564,0.3437416110421103,0.1783493972804528,1.3333968476919087,20.98059420786595
2127806896,2,49.8666627756746,0.3562723452695206,0.3220091137719994,0.9874500286058837,18.241170090925728
2128237869,0,173.13384091727306,0.38227661649180333,0.1634936689253081,1.0730447972063828,14.682122946376055
2128329222,2,12.199354614387843,0.3610474801928579,0.2177398721798642,1.0336184351316882,15.403771162597554
2128364241,2,251.4272260395726,0.3903243195855738,0.2567539912070921,1.029103041744139,20.872371125113123
2128965450,0,53.39416431801976,0.34047357411819307,0.2824550229831453,1.0374506393858185,19.556622225101666
2129332781,4,31.035951753560468,0.34733709396977647,0.3525013186950544,0.9264606563275082,19.76129558915796
2129403327,0,159.7262365217537,0.35073498129463904,0.19208820271897592,1.0178352388859122,13.310452411147727
2130807414,0,58.284752570344146,0.35270536035411476,0.18417881020321733,1.0120368359435439,12.702492117345587
2130816588,3,91.69527667182916,0.34033345118773284,0.20576643281453397,1.1826864266627364,14.205398970705634
2130846532,3,229.7118619024986,0.3713513310892887,0.19809538080384625,1.070816342982918,13.686233466405364
2131450394,1,157.90920507960766,0.3513101047885784,0.21670499999121723,1.0568204365111933,14.353473360879041
2131565375,2,176.7088514531279,0.3413933418230915,0.20519907030303036,1.1095992074277252,15.361136180867497
2132236820,1,-19.88622314025372,0.3423277866166086,0.1891748207993623,1.0079720495746873,14.832200958048254
2132602127,1,92.41706552064602,0.36294933434558146,0.2619228870838688,1.0128358915980176,19.568413246154186
2132630814,4,279.67377937328297,0.453304303172238,0.23395301885152564,1.0407302530999563,20.55633023586043
2132767837,0,183.16930990224608,0.378775374078374,0.20665403405774577,1.0162128780697035,16.02045375855302
2132825345,4,75.4028050840658,0.41933686849975493,0.17362541548220495,0.9270747089091811,13.952807456597764
2133999177,1,189.66417605156408,0.36945788831215853,0.21964904769666185,0.9013621830348696,15.69187913898125
2134272821,0,46.028523084703515,0.3355272180095263,0.18849359738582716,1.100793950913383,15.336105283055566
2134740083,0,56.93382253572408,0.411717625550391,0.17300229314672338,1.1073230644572045,16.541532019828715
2135550018,0,138.77553915225894,0.3599761782049607,0.24984677116884854,1.0883583671866592,18.184937869855055
2135749372,4,39.42357969865388,0.34471574667311794,0.31320900669900903,1.016886246557678,19.314149275405608
2135907142,2,189.2288321049537,0.3668159789636061,0.21153096837231383,1.0154381656084395,18.633080479309392
2136380644,2,60.15835891198123,0.339493487236165,0.2427203096213989,1.0736991546818677,17.474833253016705
2136556254,4,149.02073381427567,0.37434372467784993,0.2644359780559033,1.0527590860790643,19.560075673900947
2136774388,3,186.16858110923414,0.3704832436767282,0.2820798677677473,1.1091072277860152,22.40856292194813
2136777400,2,179.84711051108647,0.35813560599549654,0.18561982226435256,1.2250621073706254,17.287556165899083
2136833669,0,169.22632557653043,0.36489887574515406,0.19054628405614976,0.9833654153444094,13.619211520370346
2137189788,3,54.22882310968958,0.35969889751657075,0.3071787725609722,1.0085056622562751,18.35997162570614
2137510659,4,180.58329184628343,0.35907161908761026,0.23778993413843322,1.2387414308131979,19.887200210020836
2137901854,1,3.1072302821393976,0.39198417096516625,0.14742564462641317,1.2414523292684354,17.845890235240038
2138950642,4,227.97536688038525,0.3887525602820667,0.23046122054747406,0.9651761451959984,19.29601520604922
2139033638,4,221.87163019663177,0.36376489538567774,0.17634421176034426,1.1980897461571594,16.438899910461082
2139220347,4,43.19393665832649,0.35578542927885237,0.28308089157325833,1.1058863864073873,23.444618185132747
2139752461,4,245.8206037126472,0.36817158565989117,0.19888120006996007,0.9776188692676441,13.404032668103204
2139764431,2,287.170847292466,0.3973909666711086,0.2542818003253709,1.0589931238101598,22.334996502896466
2140175803,4,52.79913090875279,0.37474924923178876,0.16787270842714785,1.077931245628882,13.97262835772191
2140329869,4,176.950412904314,0.36915963955257813,0.18281593887585612,0.9759818892221275,12.79125482227539
2140546586,2,187.99674199002902,0.3934762822824631,0.22244086013105932,1.0103814960227686,19.256146824786786
2141222333,0,61.14969044075103,0.3887446154454369,0.2222877880168367,0.8535325454769498,11.892235501548448
2141227349,3,15.240604793662115,0.3888076971171742,0.19606952047040432,1.143824092988147,19.559948471534213
2141673799,4,-21.71574709016346,0.34839196495449687,0.2754328489891954,0.9871197164639859,20.14021492953595
2141743526,2,102.63937234795885,0.4198900921789018,0.2972560102247802,0.9872800052191579,18.095426446968776
2141765674,0,150.43357669626639,0.35077880155310487,0.2468309533892822,1.0342470992024655,16.320199970103495
2142082158,2,27.46495588572094,0.3479260182885786,0.23707307684425855,1.0345485485225654,13.292310456797221
2142258643,3,29.14022377883164,0.3236846606981607,0.0868882561383642,1.9250201117718717,18.526873934458695
2142436702,0,21.384229575520834,0.3642402636737453,0.26471596991741125,1.0705929113682544,15.088618330482975
2142712159,4,9.879219802414113,0.3446485338923771,0.24836544472498534,1.0382918309088462,18.600665480199392
2142796643,4,41.05478362065148,0.32448640585278865,0.23412335622674538,1.069163409993423,16.02261630900787
2143562639,4,329.7369631241223,0.42230579381626715,0.27523376302903624,1.045159801543165,23.86675641567149
2143661007,0,131.75757169007255,0.38366453060637423,0.257206068684567,1.1536411127407245,25.22571616930699
2143712913,1,159.15041105224168,0.3581934626855786,0.23004248121162502,1.2272609731270594,18.60020477026316
2143907277,1,152.84422521391576,0.3751843010096595,0.15570125743032148,1.1179663381311935,18.52445613304658
2144004917,2,89.30889162801188,0.36472087762047994,0.20619658994046886,1.01917710218872,14.742378977388004
2144112404,1,268.94213496600435,0.4033618854813153,0.22768698506006926,1.1141493411347931,19.229207162966794
2144122430,4,96.64080446933033,0.386111898927849,0.19603461860914603,0.9090939482176724,12.488109527561381
2144407419,2,148.94109946838554,0.34205472404894754,0.24808404929434918,1.0072130306600788,15.344136258766943
2144585137,4,21.648958399066075,0.3991614992265946,0.3475941576254454,0.9034222220244484,19.277182685094036
2144833176,3,102.9288601979271,0.3510178130055977,0.21977139075194485,0.9679454469971293,15.092446620187589
2144885299,4,177.0754152739831,0.37832095248522873,0.27184147555380433,1.0846210409973784,23.539532818298078
2145754904,2,100.05831327731671,0.34933825770630006,0.22822071817074008,1.1883812736241826,19.936106380322293
2145995824,0,262.63735715446944,0.3953015313124765,0.15984514456421758,1.188143553401963,22.195358195188025
2146083613,4,27.723466606590378,0.345754527552801,0.20672301561847525,0.9803160962196534,15.471142171116224
2146213237,4,53.69869760465305,0.3675750951282062,0.21139661386017117,1.084123236404092,13.594246459525012
2146592435,1,90.642707547608,0.36498951559862236,0.25010929217448785,1.0705077914613428,16.807839068010423
2146810552,3,88.06341747157266,0.35546360358439205,0.23847703905479278,1.2185235359189743,16.361410573618745
2147191531,4,196.59621963971648,0.3678695116233234,0.24355612864703974,1.063053433270699,16.967655295996583
2147435020,3,105.92243385968315,0.41217646403677727,0.21571923498906712,0.8685598327897314,15.836700722665443
2147438299,2,64.61253049789589,0.3764237779313253,0.3303287519439965,1.0051929150399088,20.073012226496335
