sample_id,fold,Tg,FFV,Tc,Density,Rg
87817,0,67.21230381200073,0.3763992747091472,0.21083279516204448,0.9690067747936831,11.426639085663433
106919,4,152.42994405814056,0.3676680198243973,0.26031871617385555,0.9359600997745563,14.987452439984608
388772,3,192.5714348680935,0.3778620923108569,0.24590975188636321,1.120176164675184,18.9969727684862
519416,3,227.21476864678039,0.37796932973219327,0.27160333013512794,0.9232597831585871,18.18325638025363
539187,4,62.785984221598795,0.361656794613929,0.2638873643619136,1.1152015000253035,16.873116223576567
950661,0,43.24704414705374,0.34720556679565995,0.23091218026269786,1.0519429173308843,16.389560642271658
1012066,3,179.89820686820124,0.3560593801732721,0.24731184071868798,1.0212943307957951,17.43224320983853
1022104,3,201.05836890130928,0.37574783498340975,0.2606557143368821,1.0884368415301353,24.770618256565132
1722264,4,28.13573889040488,0.3531206606800875,0.2269646986874814,1.0676421317900833,12.175905569542717
2265305,0,183.77255507924065,0.3417214187229707,0.2933330150874388,1.1022996130654295,20.300050484099106
2986007,0,23.247587922863218,0.40217436112905486,0.37546979432034044,0.8930798581593747,25.64678890869665
3013292,4,141.08586253677535,0.30187736065339044,0.189162217133583,1.159265865909611,12.959927953402715
3053950,2,142.4434975763283,0.37106706738188105,0.26005169859379734,1.1823881386493786,22.729463892614994
3128201,2,168.20165815859082,0.37807436149100543,0.2772571413940193,1.1662700885571506,25.53928828179044
3139746,3,19.08168899397087,0.32907757143107036,0.24595603088509707,1.1619695759858502,21.879074674998705
3254580,2,138.1369197655336,0.3498858174634243,0.2657640623684444,1.0104081036884731,20.92339582350101
4600132,2,165.3909436825137,0.33633461523396,0.29000835769479644,1.0926240001585585,21.81800364862592
4658296,1,251.51391366240256,0.3619881342904967,0.24461146865822447,1.0764786956851418,19.45287656610288
4834929,0,216.22918004659587,0.366527609485922,0.27422544134116267,1.0447486370910815,16.901173499607886
5118841,3,16.021885177866196,0.38785868871090945,0.2557739212699255,0.9574060281235834,12.606258636325219
5350166,3,30.995210967287704,0.3153032518878981,0.22350001660782695,1.0890592090041646,15.789598904653875
5650517,3,8.246417201551253,0.33571754578200197,0.2412746836062829,1.1011187141077994,16.649353756880956
5661484,3,323.0901315559844,0.39743399275753744,0.28430743379920353,1.1497207855663092,22.873114950691022
5709902,2,59.13955663778019,0.33832993440523,0.2964783674461662,1.0524811975471995,22.997822283064025
5724071,0,107.20373175140318,0.33310114749440295,0.22853402734560907,1.1890586453328873,17.154382423449427
5857263,4,140.6526540707958,0.3660342524444513,0.263353011091348,1.2294920916231258,23.649341241169314
5905810,1,112.27507994897154,0.3488396032691591,0.22957375037952968,0.9541306400886136,12.442502101215624
5966923,3,78.1340231567759,0.38272777904926736,0.2496945288154964,1.0642221273169699,18.42519857502685
6019988,1,119.73837365126528,0.3350447432164587,0.2601583841024832,1.0226876001456808,16.669059485674286
6102563,3,64.19977428755882,0.33392406093929444,0.2516749616570882,1.1864540030700992,23.817225237020715
6259923,2,168.77359293858592,0.3420497796109453,0.2209357804633013,1.1576090605980862,16.20891622909839
6645418,2,50.319020317483485,0.3355838996703042,0.2872909946971993,1.0129841411376979,20.18049626092784
6665789,3,181.15378904842424,0.3495579732763487,0.2653779125917091,1.1159443355385568,23.588652567502354
7586800,2,265.99989445890986,0.38236818101132314,0.3049252033254494,1.0953509456875652,21.505070587995508
7687820,0,38.37257890462658,0.3768468626146877,0.39001381442845995,0.9260830735924785,19.170651779344873
8689461,3,-10.66378453959507,0.40483608375870866,0.36855405942615616,0.784255225774393,10.762162702352109
8973725,2,50.202383086259424,0.3864926418771102,0.19347740785476747,0.7316143522142142,12.17317289881344
9231170,3,47.68816472831812,0.3950998644635262,0.23888290220340025,0.7737390075753972,12.719896753283576
9284896,0,-42.49092077210837,0.38948838107601536,0.23060967827464618,1.0304675513577304,15.954558080237057
10061985,4,81.37070570846083,0.35326541231027964,0.30221303466135974,1.0853298554298108,25.137511385421003
10142210,0,39.54062587469879,0.29288374155853647,0.22681305357522225,1.1374821793548697,17.264222961345094
10557152,1,192.33917027488755,0.38706376411140603,0.19894151308288016,0.8148945974001853,14.70344692461451
11301237,1,331.7339560618425,0.40227093349663945,0.16843083805683784,1.145894623760712,21.199048277035473
11664621,1,-71.01625076958118,0.34657434582277213,0.21294786803553545,1.0308484652052639,13.944623662413395
11667291,0,153.78927347518828,0.3782169716702303,0.2215193013189699,1.1837757433800227,21.507672427126042
11796436,3,254.93032830961195,0.374313940029954,0.23755603025735217,0.9247743266730359,17.663325835900736
11894206,1,92.56848498558796,0.3517280462405419,0.18178310351228322,1.0455622118836927,12.794630089456565
11955349,4,142.4565402444848,0.39670656405499355,0.27464938708671244,1.0463661661393242,16.74242694416848
12008966,4,81.98931634580141,0.40993898409430957,0.19319135944519356,0.854619868883369,11.923330068092524
12265790,2,-11.592429615828607,0.37140841198386937,0.2026895999296096,0.9292900017246107,13.67693984029043
12381586,0,35.008521437660484,0.3627861498158598,0.23938169845569485,1.0540966484868555,12.718496804116384
12395811,0,124.99891706630856,0.37889181189119864,0.25486596122008254,1.0290455650876509,21.268084720602474
12627006,3,209.95546962404734,0.40140348129459674,0.2485026677569369,1.0820530076453507,18.54195645538541
12724819,3,137.7934560016478,0.4017001559610438,0.34432729521007943,0.9525609225670275,19.80196656103564
13021733,2,-113.35897676672819,0.3730584769870984,0.25166103195807477,1.0468740572571222,15.159952839622342
13364814,0,1.097380042367135,0.3391832850759914,0.25454658188134494,1.0431813225029583,17.559886912245606
13630833,1,253.13115631879023,0.4260282644434661,0.12515938055612413,1.0547928348218216,18.411746964497706
13838538,3,-9.881328222612211,0.44330125447992363,0.18462708841651107,1.0573220433532946,23.704813091448628
13850404,2,79.22048578280231,0.31328390701078407,0.17980982035605264,1.3703180098966847,16.463072662520123
13874722,2,-63.15300348030347,0.372061153544366,0.26795426085095614,0.9670575979126521,19.673441141227514
15891916,2,258.6540276515156,0.4000850650866272,0.35352969509274385,1.0928704523192276,25.192679354794464
15979280,1,112.77117717346904,0.33358060646932647,0.28132194523371284,1.1902239843354312,19.82149204560681
16364869,4,252.55447709601341,0.38983231571417426,0.11578377700427434,1.2219796640747755,19.152819513145154
16498242,0,-11.301641973015734,0.40919268581222984,0.38313485420291654,0.821164603648668,19.069161711095102
16855553,4,57.18677361523953,0.3406217386872565,0.19799121568471656,1.1258842602597945,13.985542596632039
17114758,3,105.15527218544008,0.36403069052268694,0.2432376739032618,1.1037066805728426,23.39638857172818
17899555,3,115.39056687164832,0.39424701086423247,0.17729198389909784,1.1032244980230026,12.867925910696309
17943713,1,33.8815089795162,0.3631641122270186,0.20068127707941974,1.0981704541862172,21.273732808764365
18227797,3,14.548448087503559,0.355301189557428,0.26933831915519363,1.0268219135281111,15.99771685219384
18308835,1,83.04689151640653,0.41316363733748296,0.169721725959465,1.0219489540753293,17.43717754342783
18339242,4,50.54660671372257,0.33297437152845677,0.171756585987757,1.0476831374063957,15.527360757958636
18520951,3,200.66734452662325,0.38095760873056755,0.1558386176427305,0.9475749078468048,11.948843136171345
18696710,2,61.184746878886315,0.37222862128302187,0.21364761324677117,1.18007692446783,14.943881630407871
19277692,4,225.48246321907214,0.38994517847632154,0.3006012276975024,1.1147715579369353,26.91245409202255
19303052,4,94.4748274537854,0.3582908756568069,0.1347970247330774,1.231748285222328,13.748659792968988
19522327,4,98.71131495309592,0.3651366631959804,0.10873987534959004,1.3519713582181165,13.947171568886702
20039468,0,160.76331691367426,0.3740038533844506,0.23836604470576994,1.1466605474583127,19.475836202638945
20273521,1,123.50040414906339,0.3333421814086256,0.16522607995313662,1.1242197823999243,12.245392192170012
20627281,1,197.88348874971604,0.34661953247694727,0.20103815937280012,1.08991671455539,14.321698466528169
20883601,3,176.24976851908724,0.345341273237804,0.22947837436714716,1.0961504312928594,19.305839411422657
21279513,0,195.40539220096787,0.38431779480048506,0.19499408851246078,1.1247477390363896,18.80482622143548
21520341,4,222.095014180777,0.37666428836942395,0.24183612465563273,1.070916692861283,18.75334300934042
22184710,2,-10.037555899154995,0.3747711613793702,0.22663070535709373,0.9827426948637004,12.496184650836764
22597605,2,278.16251675583055,0.4201483574938412,0.3450135411587547,1.0616752964804224,23.35658803958976
22905078,1,-70.32523653667104,0.31220908102214495,0.11209260470977297,1.5330513221044426,13.036420687507887
22928574,2,-43.22599573784244,0.361444919426054,0.22657251265350792,0.9904878804448832,13.78020492001918
22953969,4,35.59827941561133,0.3599165833735187,0.3011184021479855,1.0269005501519313,22.532393517419678
23036398,3,147.55574926636592,0.3531823967735058,0.1770954646521024,1.168203168239708,17.61638448292098
23192453,0,41.70010973212324,0.36393341885704983,0.1930395732022419,1.214967631546213,16.246041510157628
23694396,4,-126.01049519582148,0.41947485296986464,0.14914917570176212,1.7595767421683206,23.745767744395472
23713841,1,225.25711396665974,0.3640930052634336,0.28880392829385204,1.1714307957804884,20.631376260818058
24351648,4,209.08185207467176,0.3549307817957186,0.26320363633761623,1.0332430360115779,15.913512581384854
24969052,3,9.309333486270774,0.34229967111151055,0.2510144625820227,1.0862731532550334,22.26819714531186
24982830,2,309.9645890208257,0.36053118217386765,0.25524072538932163,1.1956956958585105,21.027913914669377
25581268,3,200.11511045826586,0.3773574612707134,0.26322236162048884,1.2029726136628773,24.35675066111488
25596707,0,227.18721134014123,0.415207166319231,0.21161840029236798,1.0113110056782444,19.751846843742307
25599707,1,314.6282177400145,0.4082833909386763,0.2514314748844944,1.1393690683042461,22.580985717740475
25748429,1,203.11544140765207,0.3898146043493507,0.15644136159075447,1.0405314475379515,14.775252063895975
26299008,3,68.53544178360217,0.40474417491099085,0.1834438515344496,0.8346337414016103,11.129021129637891
26367456,0,154.66788545824957,0.36130675882919994,0.2667247972741672,1.0167102016650318,18.112774433198183
26995134,0,136.61390183409168,0.34104103222342785,0.2811702790313093,1.0906718529673747,18.451861848938698
28121925,3,325.66633301681986,0.39921310184631137,0.22449346621894536,1.1801235845653895,24.176420548433093
28200504,2,18.862013990740707,0.32859765617431347,0.2605008689258277,1.0803746527336069,19.54087487091082
28479659,0,192.5182753287733,0.3621568478382258,0.21356385274994671,1.1820512753615517,20.116862548580436
29482987,0,186.44583823126487,0.3992594513657766,0.22717093995193838,0.9862977397231288,18.072628800294048
29766304,2,96.5078966948916,0.3578362299553764,0.1761812702316566,1.1080684877577636,12.353075590181316
29881762,0,24.077166755515222,0.33588775119693803,0.29376409401989695,1.0654019760883857,19.354241877395516
29928066,1,89.10369896844902,0.34594596562260316,0.1654636769698556,1.1204077662186687,11.37070130410002
30582999,2,40.20113386612918,0.34524262445584153,0.28207368931447835,1.0728026321260251,22.03170812035907
30682090,0,214.47149579878783,0.37708978728738585,0.21753179711808976,1.164262772135018,21.43823623287673
31430153,3,25.420153751756303,0.34241774772612493,0.19777083656263184,1.149732216805628,15.542049904051755
31529134,3,192.86253836376528,0.3427234428825826,0.25794762849000014,1.1845694493039671,23.144698871312137
31841016,2,26.069636041693983,0.36946999015305865,0.1712899526203909,1.236406122703041,12.77630652885185
32316139,4,117.16834182479602,0.34368769834533663,0.17820031471439501,1.2275518819899407,17.45765878681144
32586958,1,155.44516099887332,0.2880455229668618,0.24672258278378573,1.1567741697953866,17.97587739681912
34026248,4,168.69372749740384,0.36200600467251876,0.2480035086142675,1.2166198158808843,17.07679945037764
34042817,3,9.373548770002358,0.34656859540563695,0.2604857459553896,1.0710137884985818,22.14164341450106
34234994,1,198.2258433206605,0.35570590297606364,0.22270149329441427,1.219256477012312,21.351926676836015
34546505,3,136.14541293794653,0.3833686824303091,0.21396623856839053,1.1442671274581275,20.125154128586036
35288312,2,208.3972841410565,0.4279644239759993,0.30571235803846264,1.0178289610620088,22.1219934724272
35380876,2,302.1955375434746,0.4028077078610551,0.3681093633852307,1.189944751520528,27.59914214588231
35399593,0,125.01648010033608,0.39135569447913265,0.2262687202180281,1.0434906540632605,19.592164824516964
35822036,0,226.89719442557077,0.36816898503805073,0.19758505449194735,1.090133983770501,15.930158803412002
36217683,0,40.32521217259479,0.42340447648061846,0.35000358443398066,1.0371538183318993,24.098753933775683
36780446,3,78.06009640546509,0.3578411564616752,0.23702767690926968,1.0807314380658883,20.871534939097995
37511814,1,145.945502618186,0.36904887433066996,0.23499395733791284,0.9759835411830219,13.149677336555303
37571918,0,240.2881826522442,0.347007244342215,0.2686849098459032,1.1079093076120925,21.336686185747617
37623475,0,249.46072868417832,0.3723454905627539,0.20821960671390727,1.0015131775803578,17.683826356391123
37727451,0,227.2602251663642,0.3579099811818082,0.25183072513351495,1.1147380292038294,20.825213389977915
38112797,4,298.5912230931199,0.3821245046792791,0.2492194063027256,0.9862868007238763,13.47938200608306
38228922,4,225.29481083681702,0.3685822164408507,0.2785071417486115,1.195335186464953,20.964667699031448
38242048,2,-58.504781261850226,0.3266267651800625,0.10614059748159435,1.5257600287524002,19.281920194816415
39109326,4,171.30009614226333,0.357288525615077,0.20725468492865293,1.1212489484904253,12.315930186150869
40088405,3,262.968643987727,0.40299432851436773,0.21291608767443987,1.1594029930719834,19.56725608749396
40146140,3,282.44795710518054,0.37014516134459063,0.2704225690293505,1.127266325615936,23.366484194491022
40417262,4,138.86745548607067,0.3332310037317973,0.2731435453171099,1.1997412045606257,17.496337462534267
40655089,0,195.48936073130534,0.3611203440352138,0.3050205708397332,1.2206824969240941,22.858297838516147
40953121,1,217.3665036026175,0.3665710743255378,0.2428597977681655,1.115175186295747,20.08381521028539
41386383,4,-4.371496823120083,0.4082374803466365,0.3587254918260312,0.7863237019409592,14.953721106499401
41421570,1,271.8461701945439,0.3732229715474533,0.18941478675515072,1.1895262823286892,21.410706149173933
41644742,1,127.56702627333416,0.3485714246534293,0.21618632673134172,1.1402023719013512,16.71535148760862
41684723,0,74.29507893550317,0.3694733488146024,0.2697230242181309,1.0201834361607407,20.661295811549827
41977066,1,162.16927676171343,0.36243063900971056,0.09001226449668245,1.4607796767241878,12.864748824967965
42779237,2,11.814562976525337,0.3763797799627064,0.37831250370204456,0.9963927530274282,22.110768183638676
43489811,3,31.74604404653239,0.3304112338396604,0.2522291491634689,1.122250369139301,21.582169200170366
43517583,1,141.32697068284085,0.39342603378753577,0.19742870751139355,0.8948773027661516,13.016866486280264
44130721,0,116.02749933616224,0.35699859020906166,0.19794141564418127,1.1629751891665172,19.880577550025645
44332410,1,-2.945393286935925,0.40981936863948704,0.2816385771970586,0.8125219133773086,11.400702689304755
45108843,2,-115.11992903369686,0.3645574570423716,0.1417169017398704,1.4979264766249523,14.078229289513288
45704443,2,173.31605629067633,0.3804438605993725,0.20877922327709944,1.1067235562031101,21.03952975971364
45818224,1,-108.03299167615475,0.3071450800089192,0.09710281282680777,1.7390390416241583,18.009057036020234
45908417,3,184.01133910801673,0.3708589580396183,0.1981487454609587,1.1272174514131252,17.936121688045663
46067784,4,96.80910722178159,0.3664314894516071,0.16523588714479664,1.0282898934685274,9.307698871111551
46369100,4,191.39067137746946,0.36040929421059154,0.2154594882020135,1.051587797668382,15.937870906489081
46473006,3,89.38191122028034,0.4052604501727228,0.21240499669318144,0.8856506578164526,13.761964219620367
46656995,1,-48.562753206927624,0.3963526014627907,0.22655980815446158,0.8429577441094966,9.642584162026985
47046176,2,136.3938618661998,0.36951824144987205,0.28320880958492567,1.1743757754988402,23.568561472397658
48005195,1,94.69468051672324,0.3808838371861221,0.21290803957136248,1.206952840995161,19.06625484893553
48202315,3,256.4606979182013,0.4119347816714202,0.2694285481879089,1.1538730919033824,25.66798904605084
48308812,3,86.46570984298766,0.3213384395922713,0.2844509727683694,1.0605850532087113,20.80325776343173
48554956,2,158.8898049654719,0.3664942815221091,0.26105376415994025,1.2001477527955133,20.694562450417457
48717962,2,155.46397456908082,0.3616544063721087,0.25621359493572327,1.0151036852266946,20.374785183904446
49062920,3,27.916672403957634,0.360104001063641,0.24169049657278685,1.0745475551738783,19.52339608696994
49325830,3,291.4784794282553,0.3888918164900949,0.26481366649343346,1.1573254305725718,22.411677122383956
49367014,2,126.73186639062742,0.3754570470782555,0.2951422550519125,1.1503814803413261,24.804575636335734
49737348,1,116.67327335567236,0.40677458349497053,0.2919363769662984,1.0561615011143606,23.642279258205807
49886836,4,243.77939874773756,0.40271680009821076,0.13684308804800455,1.1946557893536573,15.00056494092468
50053709,4,158.45701180219925,0.3700723048788118,0.1891530968928436,1.2644248139222067,19.047779424640733
50438012,0,35.287498167231966,0.34848305604444607,0.28264276614415595,1.0444267248334362,20.88966166322927
51223278,4,115.52950077437923,0.36048071749426064,0.2084828844929497,1.1914312017573143,18.991706290413532
51367162,2,135.68198682401857,0.38851588869711073,0.2007081101444084,1.0503184070486518,16.014679912475504
51939851,0,301.09683777939335,0.3872451263646791,0.26605625052008275,1.1448616109602625,22.6550379848466
51976096,0,20.943121909964162,0.350407543052442,0.2767757507182181,1.0241933920246846,15.972520787197896
52181246,0,75.69154069199651,0.36125060544578386,0.23478586784005678,1.172624612930764,18.196818386770452
52357313,4,269.87137541065016,0.4156488412710706,0.15665379419445585,1.0737337895845245,15.310335340656065
52649125,0,63.72951832812737,0.3511481324711624,0.23759415878747003,1.0624340050242345,16.363784787975685
52868719,3,19.772556182934522,0.3803296901258171,0.18963439733514542,1.0646232559423545,14.432568581138558
53248904,2,61.89154218585495,0.37408676770678206,0.3016264002602248,1.2590897306939635,23.955358136682378
53311142,3,-40.71343045812412,0.3392653194561778,0.22604018442972124,1.0698657493077754,17.067425993122523
53548350,4,215.30613923709467,0.35228525572742775,0.27101769865061465,1.057144289204741,15.972948775407755
53844809,3,0.29689781110586466,0.3692696026433687,0.22075359726903773,0.9413507198316864,11.136948618770475
53951865,2,114.2030301122944,0.31338382840182577,0.239114601517809,1.3079668308256671,16.660655885380113
54084083,2,-27.718113477542715,0.4123804732871538,0.25402451621257754,0.7648143088218617,11.694796085401602
54206705,1,42.59518764024819,0.42298564842682596,0.22820017406374277,0.8235865870545285,10.71194983141891
54625460,0,216.67545601793526,0.3449220657359858,0.2709667016309214,1.1700804301092405,23.026136985331636
55326263,4,284.94510303089635,0.38179455023538633,0.23043056432111092,1.1994101478365673,19.465569005672663
55400154,1,167.14899280238137,0.4046257850501007,0.21323543452271798,1.0979109933873894,19.952907298461383
55701750,4,9.75229561351982,0.433705072358187,0.1977171851376119,0.9080254142552906,13.984863678238167
55715472,3,199.4752894421988,0.34576521540363725,0.2503199472750689,1.1639810565264592,22.25437238413926
55938751,2,43.26255599472662,0.38385391112774864,0.18987485434207954,1.2435186060047896,19.06843022259605
56235690,4,264.87727255857385,0.4062178764610153,0.1973817296083711,1.1408231795794201,16.488492515907947
56319655,1,189.42044735000462,0.36561199957922613,0.2693518867664748,1.1247131916453168,20.393285593317962
56734204,2,22.290170621014227,0.3708580474503657,0.16549256372439977,0.8874819952406057,10.852743983758428
56881469,1,221.01191464883533,0.37614022653898993,0.2092524988645662,1.193752764039195,22.729772076268645
57070808,1,273.4791887690517,0.38805057163364925,0.2570895208916133,1.18557992518816,22.31283168095925
57222914,1,196.18212325234902,0.36302918010065643,0.22695910960108864,0.9770423919579609,15.18578830266049
57727191,2,39.08487392169383,0.34382527745876246,0.27955294107790923,0.981390779020619,19.526874181283503
57989832,3,-21.461606881872598,0.33598127862043425,0.19565934506671656,1.1397868646067135,15.3953566527974
58312031,4,198.4443108909702,0.3858178493361488,0.17630764506069346,1.2095209855150633,16.891991857105463
58492814,1,150.71463125685705,0.37007145030653055,0.27419683770628317,1.2019538480791212,24.30206452698042
59233337,3,243.87652010055592,0.3730020711982559,0.24062695246319687,1.218256024039936,24.895040577312418
59411967,3,208.83141819770424,0.39438151144735883,0.2520842001362738,1.1130285865506386,23.6501710063602
59671897,0,169.075294004618,0.37825131345326407,0.2198062842230578,1.172517229019869,18.49707030733987
59967073,1,116.78534535928284,0.3217880199224564,0.29738342784440003,1.1131648587785452,20.173275981265128
60015302,4,19.404111774778812,0.3426226844710264,0.24125758416699,1.060770972012838,19.86507746021973
60029399,4,146.46518984653423,0.37889207445327927,0.24600402577683003,1.123973283705651,19.526291600762455
60738401,3,60.90391532898855,0.3808593326826919,0.22588131299804765,1.0463354479254297,19.123435902448662
60763059,1,354.5637145478885,0.4288345578388842,0.28113483961124797,1.1632413307040326,24.897601525699038
60840755,0,41.51216356903507,0.34854631514942724,0.20909926041324256,1.0685552430289267,14.439031312417534
61414691,0,-25.512391881535066,0.3496160052607701,0.2270533128699837,1.0020110172856855,14.375691819232859
61470142,1,185.83398494766556,0.3848666797568354,0.18992315134409823,1.2765223809360333,21.720249711644716
61636599,1,188.82124605862901,0.36668659497304085,0.22546466601165896,0.9667911559186807,15.775778613979131
61782925,4,20.456524571411776,0.33918053595902425,0.1494634864190419,1.149020601689375,13.748558778394973
61915107,4,274.3404398387202,0.4174487523314343,0.10997927426943635,1.064171712598677,18.993665191821247
62163979,1,152.30154550209272,0.3716690371181386,0.24477945104709356,1.1828622161331919,19.985937165566014
62269402,3,263.9422495141862,0.3894268942921072,0.20549513578120665,1.0707097993086878,15.812910109498432
62619308,1,94.38662368708175,0.38409213964885525,0.1563238665397369,0.8832866726408596,12.36104683310679
62619449,1,206.21763192880024,0.3405600421650994,0.23186292164567626,1.1699887924946955,21.692902992478285
63090033,3,57.039786855077644,0.3620256944890458,0.12766915767249007,1.21143402744622,14.656053522384497
63333676,2,-18.08099446226393,0.3583335601026577,0.23046912273508574,1.1238485972183154,18.594130014210297
63397318,3,195.996111917429,0.3601550073444247,0.24814763076059423,1.2725166372574643,20.29934299350465
63969847,3,69.6803877314362,0.4127466222949295,0.3135527900674487,1.1343520671734506,26.606339280128346
64606581,1,34.76309392901575,0.38360499318987207,0.2480195498816506,0.8885760955656443,20.711165877534828
64725995,0,204.2053336330505,0.4055113828199642,0.2200986900579242,0.9426984670483567,12.292165271370457
65098291,2,211.51021912520474,0.3709654226982253,0.17954924419085805,1.2301291845644327,19.046857143025854
66059501,3,150.32496739810765,0.35782560880907793,0.25483949623412805,1.1658285153120311,23.58844541330528
66287866,1,162.9076781065355,0.37742083681622085,0.2086141617304611,1.0871805985233916,19.04712443311126
66714118,0,148.83049449115956,0.3635151862789837,0.17199466114057704,1.2086680506990415,18.593633953673034
66764672,3,70.48288668678904,0.43223413560549323,0.18263849151910805,0.9047611844805533,11.66879609241958
66797597,2,129.7919999348585,0.3663487885654737,0.2707639966382101,1.0465520704815316,20.175675036164513
67251636,0,36.02580314165262,0.34403798248205386,0.23434526015874294,1.0415944906991015,15.227014619351825
67510171,4,77.35103476433983,0.38870946783009586,0.1547139157740598,1.043351254820298,14.425073890446233
67637672,3,112.99070187613839,0.38141378158709593,0.14811965168670624,1.1425690751444453,14.82137144590341
67701587,2,50.162979532740884,0.3744255235602297,0.2896719241872246,0.9741397301670601,21.390193563213632
67919894,3,164.15405714229595,0.37695956342251097,0.21817326981997978,1.1352095493155414,20.61968311800598
68067670,3,268.0321971702384,0.3923481698974498,0.23748507490944484,0.9886477530749012,20.20855859379705
68287641,4,273.7974256106483,0.36586455628848186,0.27113907769474416,1.0065939940231927,16.94700559401153
68342514,3,57.26075197378841,0.3615380929273692,0.19015470808059287,1.1106843386316525,12.516174905225379
68581387,3,102.80474207996903,0.39247214773471184,0.29732601310272144,1.1379969273998147,25.09696770710311
68792546,4,5.574836516702419,0.36707947774005195,0.3064937177137393,0.9425647402015223,20.058446143281945
68905066,2,222.11471233442103,0.34317601968330863,0.24057026996403408,1.0517343789220683,19.67801276655778
69087168,0,91.5102207635716,0.34893629592314623,0.23702781769032796,1.0651363404650644,17.22946858667245
69121777,3,106.28927059998993,0.3434564272448254,0.27842140447750147,1.1800073756652205,18.991863847968556
69694252,3,-26.342102074197967,0.3356694040458005,0.2500994830672578,1.0653280866717143,20.86211286687091
70273581,1,159.68699672211528,0.35161833680683424,0.2167615678764406,1.1421475521195814,18.23422511582277
70329705,1,-68.67314440229552,0.3260740025012854,0.10389444215124172,1.4662467252141935,14.161695447691274
70414190,3,2.018022424433198,0.3444151151167588,0.22519855662745558,1.0606612179729709,14.893232362688774
71102106,0,103.19359660888202,0.3873356582555188,0.320302862063784,0.9599761452419804,26.970133604000168
71135797,1,75.32297941593292,0.3358341758965738,0.2523007707326006,1.190180470523831,21.279094567901183
71203158,1,100.3629897029508,0.366239020345187,0.22530944641724018,1.0202184690288392,19.059784748978977
71861682,3,206.89054114634428,0.3726934184755862,0.24121773541314737,1.1669274976089872,21.531245294506682
72083210,1,41.549040474621954,0.33782204119862996,0.24445143952255557,1.0858193461521564,15.29476272581347
72192148,3,175.84694472799606,0.3995685487955915,0.1652498988094405,1.2891502736084424,23.00211532621306
72343609,0,114.46807484892351,0.36539319857170577,0.29031666764373915,1.0551635510774144,23.48043083746576
72459734,3,75.14372632190727,0.2878024867745588,0.26426475819626666,1.1321657252094703,14.427515555167695
72780876,3,215.3598695950597,0.3672735345127889,0.28188053774724553,1.1244248796835907,24.386211590620697
73164224,0,90.95424939243675,0.2987594862780953,0.2075395283777946,1.1403601573506625,14.890713319296745
73437424,1,107.93644112782057,0.3778536234564579,0.2084391414832263,1.2924745301636649,21.83049289696052
73489735,0,49.49888589465832,0.33742825873393606,0.1614955519759658,1.46303323545468,18.739645210814867
74066581,3,139.89728326082047,0.3530766876888539,0.2723791690207508,1.1633644655691024,25.92750080417947
74313131,2,12.051994819060695,0.36095966398002527,0.22939038107778187,1.1044381797480831,14.718967469850766
74688893,3,14.292696070993557,0.3766582289809621,0.21870395880606613,0.9271846478512512,10.206743624145242
74865291,2,22.451453909520993,0.3248178072195282,0.17348248159372168,1.2187262778373322,16.174789069338253
75135470,0,45.17572304101888,0.3632330596637645,0.19405895412189128,1.1030582534756048,12.436292307219865
75252869,4,-1.963509100163293,0.37485366830875977,0.21482589403924823,1.0439992298809968,13.336633623571672
75381552,2,162.3487723261473,0.40773067932934476,0.25563924868415083,1.0079766872284377,19.541915889974813
75443529,1,20.843154537202693,0.3757945691675567,0.29326894305264595,0.9614225071784887,20.898447624194443
75466481,4,243.53687422060233,0.3395307255897682,0.26843589085331104,1.097560933588412,15.530281460424337
75536580,2,199.0079598994278,0.36894322441998567,0.26607930071755126,1.119119917248025,19.328304460887466
75538162,3,246.2429511891058,0.37064112485530026,0.21820271220533144,1.0201685472883888,16.118847818580367
75851204,1,-8.757598986766268,0.4028426215391079,0.24135872601702427,0.8134621325957845,11.832749723567355
76090504,1,6.391892511745084,0.3406467054925996,0.12155288175574941,1.3874116172887614,17.121744674526877
76415472,2,123.9042816323855,0.37873187135062325,0.30587714059596127,1.1369328541589425,25.372777602861007
76724169,3,-7.672305090511443,0.37280204513584286,0.2660316229680851,0.9669132154386734,17.472268738492133
76990549,2,-6.3353309382037395,0.34980861216155096,0.25641831892183714,1.0407690528049265,15.070655021025408
77456502,3,311.1930726415703,0.41183286473956576,0.19164300330966505,1.1008187789190642,15.43170903554736
79415769,0,108.36191554250075,0.34478808799631283,0.23261088992007958,1.090969883783132,16.378617502646215
79940149,3,88.41409682868479,0.37068104460959395,0.29819439530465885,1.0664740466645013,21.360379638542437
80116442,1,-4.257808535465983,0.33845011077126325,0.24827634585147898,1.0847469898749136,20.504800407901445
80376161,2,156.61417853853516,0.3681361423975615,0.24941536291100935,1.2217996243762417,19.56297528499751
80487296,3,152.44048048926936,0.3654075510460015,0.23607303358992304,1.1151390508362784,22.27392540919621
80883741,4,186.89073489713252,0.3403202084091853,0.32158351503947696,1.190672457717191,23.701225898170044
80922127,3,171.01677411345304,0.3643748118711948,0.24081809707348278,0.9683913838622529,17.339622104727578
80929895,1,42.226250779176965,0.34824564481184356,0.22856228641210077,1.0880056419013984,13.217469075154709
81065395,4,206.79900260759194,0.35943713557705587,0.2657522834593701,0.9981631163422214,15.136146171982151
81137216,3,31.399284186956336,0.3803774493431669,0.39710944687365324,0.8865172397122174,23.572093476889584
81531670,4,18.508175181859414,0.36440366256803586,0.2269035845008581,1.0714455203139606,19.00897169024254
81725470,2,49.873800854861905,0.39870558122609906,0.2421464496691449,0.9523693495025881,15.684270016542088
82529518,1,182.9385697546541,0.3642307115393836,0.2542838945417006,0.9832900752307676,17.292687200203158
82633177,3,152.35786453012452,0.3912604584168568,0.1561827865817786,0.9444196770050274,13.479634241251727
82784880,1,75.51633993744073,0.3272179156033178,0.20174958206317478,1.1028825168875163,13.682717183640438
82911538,1,210.8073754516895,0.35799011747691695,0.23391789380827835,1.0546772887260674,16.275462375451855
82950702,4,53.05934005522263,0.3415503678557765,0.289569112285125,1.1124271386946227,27.42153964048544
82977315,2,-27.47944052480186,0.38352827739683815,0.35141445493433704,0.8863091003293485,21.553281721345574
83711501,4,50.109273130719295,0.3245435891405381,0.3671016881076466,0.9226727792333265,17.6436709858549
83752896,0,81.3147897145733,0.403110367295843,0.1104602602366325,1.324153864620819,15.71822160211417
83890516,4,3.0031382671575386,0.34525066808553834,0.12936404052405842,1.252723966965577,13.25983966556507
84000426,4,336.5791313443651,0.4245194524285197,0.17625900556293111,1.1301829003079302,20.316068187746176
84183521,4,146.06058866269086,0.3680950768658875,0.264268106950249,0.9475652636699526,15.900098292428765
84553861,4,72.44164078592222,0.4340440898071399,0.17592852276189608,0.7300833111906637,11.318740541767276
84753546,4,174.5349773230132,0.3603603234534138,0.1922418898704976,1.2689839986126907,19.031885534842914
85350789,0,-108.51548795915527,0.38165317966793316,0.24540388985606676,1.0528018647516442,16.817792526862597
85512320,4,154.0162472946048,0.36477105402662263,0.21623877044070283,1.2251923899895867,18.2280905247795
86043004,4,179.47194326007872,0.4429517938642207,0.30321114909236135,1.0973459844778106,21.304513932470112
86169021,4,159.6234913641561,0.36633378781467146,0.27264331458062085,0.9498998829875085,15.833077668861842
86465615,1,98.84137144364999,0.3248484978998778,0.1804459347612139,1.0780859915089211,13.40087695356855
86721128,0,126.1532016139848,0.3852377389731844,0.2362837606118984,0.9968654387847754,17.420217454192624
86909617,2,256.8926006429383,0.38123918187801514,0.2845278513346036,0.9957320982066898,20.35829379279167
86993682,1,139.206573848616,0.348849760965072,0.12986700334087878,1.2571620141779452,18.97544053140653
87338341,1,70.85968066821074,0.35017997337037526,0.29440485474500533,1.0978776704117312,21.803441080007765
87721068,4,52.26095358260279,0.33879398265600474,0.2397683244097071,1.0527657758217923,17.6669118721148
88136935,4,161.04029920404133,0.38112281408238324,0.16332383028134473,1.0147391769191965,14.199993886333353
88832421,4,-13.217578950378169,0.3869134035312639,0.20103784228494495,1.080179113240086,20.87479263273554
89077090,3,-27.925602463791748,0.37626412154683503,0.30138624616914167,0.9004237947214788,13.527701962065196
89099554,4,42.12914527523649,0.3473678070023236,0.18187974241297655,1.0952704446392774,11.357189144240724
89164117,4,159.43021588120513,0.36230624833533837,0.16764496497728582,1.2575767633677093,17.020861618475234
89377326,3,250.36166910962044,0.3653737311633499,0.23789362203978134,0.9434116400473711,18.462421561700967
89692209,1,160.68910388220334,0.36315773514900834,0.24619982067017385,1.2146809327239867,21.13336317786062
90074942,2,67.16901745152568,0.3532269542148584,0.26126406219312504,1.1549227606956938,22.118286252276373
90183382,4,127.00293949483626,0.37623282216288784,0.17269810348415848,0.9677148115368674,11.395647792362418
90208491,1,177.41860766177282,0.33809025491351635,0.2770406517055511,1.422355852684245,25.93929826795033
90217162,3,-17.279909743331345,0.347462489800268,0.18522297239986202,1.0548385761627557,13.209755236758973
90460674,1,37.31734170211187,0.34736436992367553,0.23220120668565378,1.1639255272084705,20.488403571763403
90954727,2,-115.36539757346448,0.3243636360281809,0.0707649669448199,1.743055881778324,16.514658289321414
91029862,1,307.5176051737976,0.4067100080667032,0.2930415979172198,1.0629056394230598,25.53917275997263
91669068,1,204.18625823119154,0.3780598073094075,0.2578636285222059,1.141017885613568,22.520000486067293
91718962,2,-16.424159812096732,0.369158814152485,0.21169431945726574,0.986349411455615,12.780550833497022
91927958,4,60.68233954418672,0.36066722000743584,0.2094540132997659,1.0656605641933319,10.890250671080036
92209780,0,48.53475357443422,0.35804601190444196,0.1916097403194546,1.1410699613682638,13.033120576296705
92330874,2,61.424009867626495,0.36617439807578606,0.2773709929610008,1.0410648303135759,22.57099722398577
92595615,3,45.924395848169766,0.3474129605638683,0.21421145119649063,1.089815158426247,13.239248219535696
92619090,0,44.740138755687994,0.3551746465188477,0.21062302213752254,1.056398044906947,12.9759048714125
92814383,2,40.81116666021904,0.38895151197128214,0.41537499219046203,0.8652812644560857,22.119791648857007
92922401,1,231.67069740141906,0.36694913063155715,0.1812727593989078,1.1519961134973213,20.845692894858903
92946122,4,166.45862585545024,0.3601375933438811,0.25966533592477115,1.2125731926981373,19.726720700265982
93073928,1,222.37249525272972,0.3650116146857114,0.2827223992725725,1.0839773172932319,19.622137329988387
93319116,2,17.02049129075995,0.33174890176634386,0.2469720693796406,1.1982850729517123,21.772790494180512
93467042,0,159.32923041711896,0.35295001107313284,0.22657169330783963,1.0935256109531202,14.421113796916472
94248723,4,-18.816724849019423,0.34139006344596745,0.2281902832826355,1.0341670846911868,13.597820756979633
94344742,2,297.4550662484363,0.3980061888571961,0.3997940315945725,1.0512682434164962,26.385262103097222
94543909,1,41.8326442601925,0.37012194154011285,0.19332260054296976,1.2702881987577295,18.42267746043612
95310452,4,89.52730526137155,0.3599000388098061,0.18656369871891992,1.01688121938052,12.242260145702584
95396471,1,98.12293649519876,0.4225800215139469,0.2971972038134153,0.8490110389498301,17.855131596832337
95579704,2,121.70337275262838,0.3900047955880613,0.21358997975395594,0.9006015798558186,13.968276978545386
95950675,0,237.75734353097175,0.39422953204316125,0.18526493661198332,1.0568171427419009,16.137827795713903
96953852,3,230.05301603706678,0.3542487115405155,0.23007223502066163,1.01541700129291,15.770393167515552
97597340,0,7.461063664091526,0.3763925648944183,0.34133296435189275,0.9286479338450143,19.957251011448324
97633900,2,90.01855149193703,0.36567916590840766,0.2512156493425377,1.0855089205502644,16.95359323875033
98585154,4,283.99035359306947,0.41212931440941813,0.2641956996335679,1.179830740422052,25.665395690299142
98641557,2,151.68356983821823,0.37503842098200263,0.2302826032000741,1.1824168591714443,18.58838922724996
98940224,2,214.84544169457214,0.36212621520565164,0.25365818499615156,1.1459327359333646,20.67249379340149
99321215,2,54.117037962027254,0.35394729321669033,0.23960254100946488,1.0940824261203903,18.614168865122494
99440116,4,32.101797872454185,0.3669363439740211,0.2147683057741329,1.0447724369255622,14.167983986293187
99885429,2,180.56863637196943,0.3639240011206745,0.23282798614269473,1.4075009514235315,23.64058985164908
99908460,2,63.36911779560472,0.34874787065423907,0.17812384536878426,1.1193196358908688,12.584699406926637
100028701,0,126.26286043782491,0.3339568114449417,0.23659655526243295,1.369299930317922,18.43451413279136
100174621,3,34.78737369142514,0.38477569804486805,0.16881046817036754,0.8347094102901916,10.09639348403356
100767985,3,35.776814221780256,0.3533608209531332,0.2831130872881453,1.01086972562835,19.71612154388389
101151007,4,-3.6182213361172018,0.3631237863454914,0.28186972949746386,1.111995801630394,18.102683023981847
101268497,1,182.95952956560137,0.38528864357214243,0.11689507159389442,0.9430877233171938,11.657013671630796
101351388,4,49.90399760146169,0.3540608510679595,0.29888449241752374,0.9930468921282933,20.622138440374098
101355121,1,222.11250917735492,0.38600188826803716,0.27468999889859974,1.0498529681485698,19.792209621076715
101541565,2,117.99509314066101,0.42415923253549986,0.43879552055222526,0.9114732912164204,24.982346146832374
101762204,2,146.54419690650585,0.37473053290720715,0.2910272290162027,1.1662070430719926,24.29194408644461
102315862,1,54.808788690938975,0.35773739301982727,0.17487659686858886,1.1694065748744935,15.421685361888759
102324503,3,133.4323489371092,0.3760037444419649,0.2299733134106211,1.008221956121535,20.206222678567112
102434627,2,155.09810477533478,0.36752939627885883,0.27769699143505455,1.0799097795701829,22.780851847320633
102464376,0,215.7662813309579,0.36306726516678467,0.26444648149136063,1.0767283940089276,16.615937339851122
102545459,2,49.405091855646276,0.34798631784340295,0.30447902804871246,1.0044381888707894,21.667312448049735
102606896,1,51.400834231676875,0.37495294228665615,0.3901697926384826,0.9146445183733397,21.667811729131273
102779162,3,-3.1603579213505952,0.4010517169586247,0.3850234411123209,0.8977118506373079,14.724452553460807
103257739,3,284.41764450962046,0.4016871607524202,0.2027425637045901,1.1553273299757012,22.438812732782452
103265366,0,74.6888844385606,0.3452079875033885,0.17014097201805894,1.3314258462532371,21.880810709508616
103451865,3,66.93892261548888,0.4953681487610049,0.1658934992098854,0.8689878256974728,15.234765792027481
103929649,1,190.08364267713264,0.3750934415779907,0.21437938870913292,1.1878233548541322,22.374974676878715
104251154,2,191.1386769044432,0.342942946262063,0.2977099074263206,1.1256403799878525,25.095730589290227
104578958,4,190.66248307274253,0.3869546380235833,0.1670144091085859,1.1160691135965881,14.930980549331247
104743895,4,114.17945026948128,0.37007058299507856,0.1872493082617424,1.1093637366109312,18.893064163657847
104905382,1,319.55758538648126,0.3989587524475847,0.1473666915765102,1.0666767952889251,17.254126005188848
104973461,0,50.75005644940251,0.3537933069657652,0.24310184199676027,1.1134076049765063,16.836692852963708
105391120,4,137.87544087343665,0.36123477172719853,0.22103906072223517,1.2306993511094597,19.088370261602364
105613036,1,204.68016582156866,0.36710972945490455,0.16983659787018873,1.18650593365617,17.89274009386191
105789643,4,149.49653937102715,0.36270060157976763,0.2173298823911124,1.2254358527577167,18.04996318294788
106050783,4,148.3263973522304,0.3957833046515504,0.20447019290934734,1.1163244731399824,18.069251385669272
106083096,2,79.98775977970237,0.31105141257847546,0.23935551433394606,1.2462259091318597,17.61506871662783
106612314,1,257.06951666729105,0.38554867216371547,0.12560503316217028,1.2502565062741609,18.001776091504876
106732867,4,244.20240604197144,0.36604584266716395,0.19085530248259613,1.196877959579353,19.299167865323344
106795224,2,66.29039959233808,0.3606985024578369,0.3122018679242631,1.0219655130370042,22.886502607344823
106825904,3,-58.21771102214345,0.3702972197603477,0.24765097802615058,1.0308819521907426,12.141085409894163
106963136,2,229.0687274180297,0.36294944037892635,0.1813778259515743,1.240407174334687,20.506287313781094
107158685,3,212.78815805937955,0.39668761849676504,0.2593344796199876,1.0620321576309226,25.138342387068363
107530968,0,72.41513072112542,0.37742972794501284,0.33884350648641126,0.942849290905673,18.478769286331516
107562247,2,199.63847101190822,0.3482296548279418,0.2164217481780059,1.163794895235279,21.79255564928581
108528555,1,112.01844427761223,0.3566893506315437,0.23704444176719777,1.0003335695424058,13.355173936888757
108998578,1,116.35604516602318,0.39056370809856067,0.21601997366415,1.2273270725110499,18.266813994894914
109027922,3,-21.594634277470973,0.3804746647705902,0.22106747498515106,1.0402750815751625,14.56570621273467
109081671,3,20.34290362494673,0.3601548673772994,0.21187122733423058,0.9482560518129561,12.968191456014555
109313016,2,77.07281408793884,0.35997656431216957,0.2212451176671712,1.2725640782167131,16.312501769706387
109395625,0,145.0794551971233,0.3680712827101054,0.09641754445645756,1.4072082345400008,15.216624315007662
109705207,4,167.42887926251447,0.32375020373357155,0.2042119968577685,1.1265453735365394,16.092367674622647
110596247,0,75.62177678324568,0.3575794392808159,0.29482388818278116,1.0158481039088363,19.288937315811474
110986650,3,80.29764927032352,0.36282638773079323,0.2462533936385476,1.0994008441661347,22.701314716712346
111009795,4,68.68615689523628,0.3422719505366099,0.2761579858268558,1.135517130077211,23.809333816030083
111108341,2,55.98622114273526,0.39689809512328766,0.18487695490384992,1.019612796000042,13.96132608004799
111650158,0,171.8057572928846,0.3604915078303283,0.2049486092482068,1.1943011668394063,19.886154480202737
111668732,4,85.96976308895223,0.34920741559495705,0.22451512098454077,1.1747175134322019,18.1751632132047
111707044,0,213.64436960997418,0.35451050832249303,0.28622751738192975,1.0372345750957104,19.286977084418506
111708400,4,22.63796410281222,0.3550286962693467,0.23729891741719178,0.9363424898555995,16.031821052780753
112017015,2,159.15559244609005,0.3432424218004823,0.2503891803062889,1.1290543350872333,20.841933365678216
112351140,1,-62.22008160053488,0.35161864392445424,0.1806740452045815,1.547866470245175,23.05165019688407
112553722,2,137.9883798982078,0.33182341613223404,0.2834241003803014,1.1355371155710212,24.795941055948376
112989596,3,-34.278966824399106,0.3123602040050087,0.23418883570734217,1.1655694420190958,19.12080223617331
113181684,1,32.21027733243807,0.41784407827756864,0.20284272845593943,0.8272598192130896,15.779051414171334
113263690,2,168.9052455686895,0.36774422711273175,0.2762369683690729,1.0366655500217035,19.802160070283087
113817075,2,31.34341849585165,0.35312468789092805,0.22170275275123072,1.0793947797848615,12.643751401366988
113985401,1,93.85719286928723,0.34761465849929885,0.2446633365250657,1.2259262204555141,18.3360903476941
114257024,0,116.97691250562984,0.3741116761928615,0.26497002260320274,1.165699176454038,23.49283071066816
114287113,2,61.220274506271316,0.380398224046151,0.20408016179363073,0.9599139589323535,14.772032420747268
114988183,2,202.00973074489747,0.4110495410110987,0.21866062475405468,1.0424933629390056,19.721763981466705
115242060,4,97.91498234388834,0.34464214006878807,0.25774785219656665,1.1737325376465289,20.16019656103201
115627985,3,44.35960348005642,0.36493482729425125,0.322890991122993,0.8972160967531166,15.990281122489128
116018739,2,42.371367655944084,0.4061990401598513,0.24877099557779336,0.7923575580663595,13.119712448837442
116082085,1,173.54300143572738,0.3443041236006876,0.31613858077161827,0.9792777244934723,20.377772644648136
116488904,2,-27.698540559220078,0.3816646079210927,0.3423708180829577,0.8938657490116226,21.42967595924735
116842973,2,228.69388500788006,0.35142147959117626,0.2962247747264798,1.0551374653450813,21.248101285962942
116907306,2,5.782136649710694,0.35744794098018007,0.19100983815439626,1.104104214151257,12.891798080809313
117726673,2,123.74219467415551,0.36555227084219305,0.23482856936358443,1.0927207707704691,21.93745424873363
118056137,0,-35.964113321048686,0.3212679041893213,0.1129325814502522,1.4774538938473625,15.156849004537643
118556246,0,144.6167274432542,0.3993967898349734,0.16319172653326952,1.371868192767573,23.34586089705836
118829848,4,199.94598937380914,0.3660508242669616,0.207333166154193,1.1196947611395809,16.89159100783592
118919299,0,230.4460188242689,0.43499637426176285,0.1957577210402604,0.8917108701929037,13.770337566277957
118991284,0,13.53236320829157,0.32962061405394555,0.22395613633704228,1.0984177144145126,18.01051984153711
119301714,0,33.930554881163694,0.3191611853849075,0.267883978291751,1.0599030676497327,18.36714513687651
119392727,0,228.56993697604918,0.3503711823236868,0.25649693763631526,1.190376550796067,22.884893634496727
120060047,3,216.16420761573846,0.3913966890284258,0.22030904394323358,1.0577553430007502,18.78780504321128
120425171,1,58.956631731451274,0.3731480168598471,0.24762794478273106,0.9383511003486503,17.542864011691517
120794322,2,349.37457189714786,0.43240854508922205,0.31312669551282485,0.9128162934467269,19.919536432245092
121214961,3,200.84557851984184,0.35990569416265783,0.1615056281828833,1.3038246442577703,21.541119821169325
122170493,3,71.1407776471753,0.45807316580096363,0.225592654833775,0.9296712729868988,20.562133721775734
122752033,3,31.677298749028054,0.3416209574807058,0.24569739034045013,1.020498989705801,17.161199294116056
122815777,4,176.84839471608524,0.3735635682925139,0.26445747787135965,1.201430704569952,24.460876702251053
123479038,2,39.97620129194747,0.33367567646967417,0.15658474819903195,1.11580892808514,14.520933719665894
123524661,4,126.63277090544375,0.34916299553050295,0.09624543489795356,1.2554858086072445,14.188299914639169
123705047,4,49.59099019247424,0.3723732773453716,0.2594239422556062,0.9163995552411754,13.628842276850833
124053674,1,121.70069637950172,0.411583017019424,0.18115157031733206,1.3064472241123892,18.63706672779996
124111614,4,191.59218415292426,0.38376121186603973,0.2764268319832934,1.0330437606391845,22.723337850705505
124665758,2,-27.517935287240974,0.4140258668004175,0.2402263981505186,0.7604341964345226,11.631265786847585
124836094,2,210.13930099986277,0.34847742889879524,0.22311758810860466,1.233627555437678,19.68870988511742
125425163,4,315.8681061549337,0.4088789840942135,0.26314825311307916,0.9557160593697731,23.769438640209398
125472122,0,2.332447313572061,0.3133620423681408,0.2448790981122047,1.150048343040297,18.353365749449313
125514208,4,248.2690790547685,0.40056117263135144,0.133024697245372,1.1424927463487755,17.73390588169002
125846951,4,37.13832310446375,0.3806209870310772,0.29556187136406203,0.9443059332785899,11.782999617304476
125969488,1,10.142076231565213,0.30616408666196265,0.19592336572053687,1.0800617530505794,16.035173850220946
126334280,4,208.31935573785117,0.3638107470821872,0.2974925062972222,1.084119340999802,25.072585244632375
126444620,3,69.40803401622138,0.34631803512547765,0.20512372929908257,1.1643288306687822,20.28585598374032
126841859,0,34.85472817563519,0.33375817011630743,0.2740423675533962,1.0819865309395855,20.914485732866233
127626732,1,93.5704670413922,0.32148837842277245,0.14943317445731924,1.1405866968872747,17.223333981688093
127834200,3,95.94095127673074,0.315442207076924,0.164537056752058,1.3918297713694594,14.217245833141067
127883611,1,157.46135894915994,0.36741012119906036,0.2029238943660214,0.9281282814025007,14.078445918058303
127891371,2,126.62712143670022,0.375275240379755,0.29390481793999557,1.1507379979939765,24.740202382553555
128067074,3,369.27029461404334,0.4499026396336125,0.21832350606429046,1.0209038634974923,22.064584172413507
128211105,4,272.8284016502264,0.38663400652464547,0.19572291750246562,1.0406985678463672,14.837888643230759
129058504,2,79.84526439035821,0.32033749740960016,0.24565107708138967,1.1544444852188245,19.566002792406525
129677973,4,111.72156399862061,0.3890459155376717,0.12039358178768436,1.3693944137019456,17.20637366283057
130236950,1,179.5918788837775,0.36627484561556406,0.21775777165760335,1.229514769941014,19.07381526790987
130348754,4,16.628150671763322,0.3860461882158967,0.23664270484305105,0.975392848601503,18.211945912344238
130603875,1,174.112161210783,0.3526573639767514,0.2479115981936196,1.0629551213972315,16.271805997588668
131030961,4,142.62248642273045,0.38395662735185243,0.21370446345070498,1.067104039592067,16.111799620803815
131086449,3,280.4848976854938,0.3899703683829131,0.24061191228910223,1.1004715876481523,21.811163595368704
131094319,0,63.31665551942774,0.38795428149717653,0.20711304854373255,1.0197728809784952,18.185842804652093
131123838,2,82.92142046388146,0.35905795253970474,0.3084895646154612,1.0509011167181326,21.474022201376155
131275030,3,6.431004159962541,0.3703939994205565,0.22442333034631484,0.9056416682944548,12.403399842453815
131448132,3,186.43068717161125,0.3495343736019243,0.25879100601879323,1.0910209453846325,18.92333792832396
131486630,2,-5.552054758080445,0.3487807517047826,0.24246829152151395,1.044066930619755,15.316632546239052
131992742,4,360.4956733521094,0.4312665988835535,0.31952545930458814,0.9427347561745748,22.63226065516965
132133665,4,78.66493468487351,0.36060092486686085,0.19340549755355305,1.110684006688843,15.161982044515703
132181866,2,203.05197847254317,0.3678460264221227,0.26944877437836473,1.2242302865644614,22.42425225730323
132706466,3,350.5758230863114,0.4069209436430459,0.28240742831861243,1.06499730279605,24.04249774415139
132725176,4,169.74917508601192,0.42004716036850964,0.14966806488610931,1.193751265949381,19.576673317167465
133123853,3,118.74543961583498,0.3264071516886361,0.2656120956698298,1.1702244792981484,23.236634539741587
133124835,0,80.03228548408984,0.370109617901623,0.1993601659231369,1.1368080984069802,19.218459921384873
133986624,2,18.58405956089497,0.43933535493450565,0.28965939144440445,0.9142213339743074,14.625946691853043
134240821,2,107.88989076778658,0.425870599695784,0.2880054038483434,0.8986390496433769,19.196473060330156
134957671,3,-4.1402439978782155,0.34365224733859234,0.21117156094449047,1.0198012382542159,12.466220544780745
135202428,2,237.28395462324272,0.39031517291309825,0.34772039955594364,1.1058183404967294,24.659711022525006
135272498,4,9.559330727615333,0.36100458971658517,0.26501549982779243,0.9593008402614523,14.98882799617967
135399849,1,212.76013337003724,0.37417391124159216,0.2739128192191682,1.1078079436046497,21.45877302554243
135571738,0,173.4380147813984,0.37516883388226074,0.27118383008955044,1.0156686421398786,14.89723788812736
136037972,3,122.18387541275396,0.39566534208191195,0.24718844696096806,1.0062377878913078,13.69772893492466
136482029,1,137.6591224821729,0.3529785458288257,0.2056975542359048,1.2225355459730889,15.590073570196669
136535007,4,265.3076565326619,0.3720655800369083,0.24899242778492323,1.0285871812486385,14.777880126303696
136564910,2,69.66822513456523,0.32869602503333556,0.23358254609203685,1.1540162020721343,16.948766512213787
136668087,1,8.780321667208696,0.350825676759272,0.26389192706343234,1.0526680190811086,21.559486500434787
136676580,3,84.2848798662938,0.34016199232864947,0.24985909786924912,1.1355185755583772,20.400150530494525
137060513,1,-34.20213016254246,0.36362011871428807,0.20873469637909753,1.1105597073302442,16.678052526973755
137117611,1,132.2127043955449,0.37019794569250064,0.23786043716230743,0.9326179793582974,15.016637580989899
137415290,2,21.004414358242343,0.31783458632051775,0.24853950773744282,1.109983031063013,18.689427412036892
138808143,4,-51.17269333013135,0.3195539085267898,0.22661287012911063,1.123524724392275,19.238281749403793
138809640,2,25.864737563397583,0.3611103044049761,0.1392493427420977,1.2253129822052036,14.352507587944375
139085360,3,21.299431400368775,0.3355610016806886,0.23018688948829621,0.962411577735656,17.542212154439223
139188730,2,173.34556487266588,0.3752598342782422,0.29774116436518167,1.0799050704072755,23.89096761151086
139200098,1,-53.67722407996638,0.32405690311171764,0.19651886724407028,1.0995620234128196,15.942516052534465
139585639,2,150.0549212755593,0.36814247241660836,0.260226782402333,1.1450364909137392,21.427373850190662
139914608,4,232.3176947719433,0.36284574573664663,0.3294618383436664,1.1479156228859546,23.582320024630096
139977598,0,228.5427672057004,0.40296655100257467,0.21155836474986434,0.9877688772128819,14.842993348973376
140168832,1,4.410577015863765,0.34247314801860773,0.25041680703514474,1.0772744977112283,14.636676148401158
140415340,1,-35.594777034789786,0.41676295405673386,0.27820215253711716,0.8354967474908532,19.990671711383555
141066783,3,312.3538786486862,0.3691936811275874,0.3396169406419075,1.090851442898415,23.805731093016743
141135744,4,392.20770944812693,0.4264208168086644,0.30795813794343846,0.8893421428430217,22.834849569045787
141962685,1,178.96279436288586,0.3857472614366611,0.2056428414787655,1.0571344879255669,17.60727427317183
142147775,4,68.97097762225465,0.35184980406659716,0.27617858674666934,1.1091729583084813,18.671488276984768
142186672,2,113.77389082616034,0.36390995796658426,0.16329391821603764,0.6974345316106025,14.047294838349428
142224028,2,272.60820270309443,0.4263676537576946,0.18933026867231817,0.990297736241976,19.436419458171514
142367496,3,20.827615098632265,0.4060410111864999,0.18964883825126078,0.8516615641184779,10.769443828005327
142490647,4,123.98324221266562,0.3771145007782455,0.26423846750748176,1.1969296701939605,23.490036235121735
142802262,2,-18.52730583058542,0.4225734232649637,0.21293754935061002,0.870479034349742,12.684500458809316
143774509,3,190.062154672668,0.35981784870837774,0.23386821533797422,1.0551615478215945,16.167768096796664
143809812,2,183.7398831897067,0.3803136558701387,0.23115347363839853,0.9944652908589179,16.139629639378178
143899690,2,164.90978628011675,0.3663769985742425,0.18934979021194587,1.1796167873256567,18.012655263547202
143924095,2,78.89581847417047,0.36265651021510686,0.31567908865745,1.0306708706921437,21.316438602169693
144238786,1,11.596369218640746,0.35588075644437517,0.22358361751547812,1.071892220050304,12.659233929774958
144472572,2,212.82777629373368,0.37767240270443597,0.28596311795247603,0.9832340215371276,19.69563682652638
144839830,2,140.01163368598247,0.3626008982851072,0.2683236931452917,1.105633599856821,24.259056018289634
145920765,4,223.00198343961864,0.35232975778634534,0.28591043822484175,1.0568767784565227,17.552192103912148
146156380,3,162.50128362173461,0.37299266862407415,0.2533762704087391,1.1385926219820999,21.620784649807305
146165767,2,36.844235951315085,0.34396365180510147,0.19065199677421463,1.09259007807062,12.888215938945812
146221251,2,76.74388427786354,0.37673057690311634,0.192761853525586,1.090976688419126,15.820328241427136
146716935,2,121.43636789888518,0.3524320829195147,0.26308828164159204,1.0506590021799513,19.939237516067355
147030895,3,261.62892248089577,0.3749115435810312,0.20817591434953509,1.1668045030416427,23.780945172807584
147633092,1,25.165380170965804,0.3374479017391147,0.17515103683722882,1.1248738295454337,12.858760944742297
147677118,2,-17.150921394720896,0.3576205678401053,0.1929605793741642,0.9694471500487334,12.81535184730692
148111753,1,-72.14941280799934,0.3254579912438936,0.24149489539309252,1.1626583725732604,20.327768970685554
148248890,2,-25.936882961861414,0.3680891358379165,0.18507700787463965,0.9298361974759974,11.052892643425194
148252767,3,49.70681035682864,0.40504728980392196,0.17908045799372807,1.2236468364305835,13.536402438342366
148616974,0,-33.711271186902906,0.34025533271401504,0.23925523235950524,1.0686367636355365,17.790523669328973
149053950,0,237.25363755618935,0.3847264978472602,0.17911540848813629,1.197131778323903,20.826042314674403
149101883,1,250.04424706950007,0.3884137864806804,0.29277590084813654,1.1628211085866595,25.46914768321983
149152941,1,136.77476751360544,0.37330318540493285,0.29823369308010117,1.2277795244694298,26.995283022454274
150274872,0,88.09403125865214,0.36152359306224735,0.21288244179449123,1.1033423039037011,19.390084924008242
150383443,1,-67.64083743908364,0.32506489472991196,0.24069456717663484,1.1644959142907538,20.314611416918666
150398974,1,204.73493305571156,0.37031437858902005,0.14204625995081943,1.1180171600768731,12.148453465612722
150541495,2,134.35911594048417,0.37946164028135004,0.30957132975683566,1.1141300667447849,27.303433674699285
151009154,2,160.400324251851,0.3387990016572592,0.2777335354575648,1.2688938855668197,18.256443431233766
151282337,1,188.95077083118827,0.38246409335043163,0.22484033698757666,1.148624886232965,22.55443359620534
151355449,0,11.881733905074299,0.3469307716226455,0.22274268752004805,1.1993830253675826,20.224608662705624
151560379,2,-33.766592852752936,0.36009521289660185,0.27503718567425856,1.0030092074872026,18.541805365203697
151874358,4,71.52126408790704,0.3392493868844718,0.23312234014453315,1.1304168702214616,21.182287414093718
151905187,4,-0.024289969623410457,0.33326886423917235,0.2523876725062527,1.0816632447277406,19.07204496702159
152255453,1,116.09603930479791,0.34452916359802843,0.2675463914714276,1.1909467226519268,22.603453443616182
152289390,4,132.5507268776858,0.361089099839996,0.2291535296722204,1.234545694361725,19.76915044894796
152393943,0,212.9928211578145,0.3677691227163289,0.25108852773578944,1.0261097538697763,19.45004749572597
152467749,2,210.363691012206,0.36823660385820006,0.24241267145503775,1.2095863656122772,20.5456237387178
152612020,3,18.02475259468885,0.37108826070395856,0.1988187986301103,1.00290557728006,11.668616488141298
152623829,1,110.87704802775052,0.35986473622776155,0.24666887736660464,1.1230132262130403,24.41182931537182
153052486,3,280.88055897693243,0.410446223470023,0.28848227862444914,1.0960432699489246,23.48414777842989
153647431,0,242.210897610656,0.3350644656181548,0.201089156231758,1.243841450874894,23.98935853866885
153735651,3,81.19902513027762,0.3497861596811309,0.20133704348637507,1.160973614035937,18.157433232092234
153736542,2,9.184175709485103,0.34464783437994684,0.24664514513081834,1.0975361047099226,17.393372605904084
153783159,1,6.898825787024947,0.361064050277272,0.21208111217147152,1.111731256761483,12.306263831879406
153852064,0,94.90200670887884,0.36446709858513315,0.300597289702657,0.9287254246647496,21.31733373774845
154178646,3,140.8281275953244,0.35204824054943495,0.24557078808343805,1.0377281335982382,19.036685446619668
154318869,2,25.773166689110624,0.34562966925410765,0.17067964229336335,1.6365573210685114,13.096694701120102
154607078,4,91.43135817370752,0.35799815629443466,0.21701515638672492,1.2207223784729864,18.602857524360118
154881704,4,181.2906054411774,0.34920091011933263,0.19014847846674943,1.1758316692466297,14.548995332918134
154956060,0,235.20911891289336,0.33915972951495266,0.23742406372304942,1.0891861911100211,18.583974590095753
155701787,2,21.905528187657296,0.35948583108139975,0.2134884442021754,1.010241250705387,15.7906595463168
155951033,4,57.69563834512692,0.34427445595974915,0.2717293105249224,1.1443533633970067,24.136743815987593
156397667,2,313.21149608693696,0.4548724643339666,0.3076421435704066,1.0296016131759718,21.615969621813015
156526173,3,96.5447693736023,0.36897101625202444,0.19114628918130816,1.0207012656595404,9.73988164067281
157448813,1,21.485073479775693,0.3735961685946145,0.28667279987827554,1.020304837685788,18.184517436304287
157842166,4,72.0746283154761,0.3929983208296517,0.18033787515659902,0.9837997309429848,12.924959889000274
157943579,2,84.68650298284544,0.4217422090953701,0.1914907166067049,0.8750051486927695,13.875753310132811
158153643,3,327.97332604855194,0.3828994309064986,0.2550368069287442,1.1614905426815456,24.85995310669933
159062110,0,273.26384097450847,0.39812068715583093,0.22165706604907992,1.1082168431095973,20.6470318942817
159202130,0,178.1054880621374,0.33954934483620747,0.2524201066204571,1.1323291059045497,18.638306609965458
159242278,1,-0.5761234300254188,0.35841110992306574,0.26228101739709003,1.0168695540532109,17.973423974235892
159632571,1,202.07165205587532,0.42444038561982733,0.18584791089455482,0.9471301088105917,13.659784713720583
159895291,1,209.9259817654113,0.350644412430012,0.17581440467912757,1.2013833023160017,18.50946035548111
160086436,1,158.4198844759127,0.3803020484838702,0.20456937134247308,1.0178701689611664,19.04739694460131
160203629,2,27.24313626008741,0.3537546143121476,0.1929026033981976,1.0894624329137776,13.62428968130891
160829220,2,34.48321707302687,0.3952180188335224,0.23650862848954296,1.0368825430558584,15.497145655863275
161010769,2,40.52585712645062,0.3752282762861634,0.21468909915876588,0.8843089415775545,16.812944167150103
161201125,4,107.41348104913118,0.382752788128041,0.17299591524654012,0.8786774383338213,10.409155647176291
161607336,1,184.25849703108503,0.35930952109695286,0.27722944073506023,1.111112322158843,23.76897143366226
161723503,0,181.16974762871655,0.3685195168753344,0.16423642722043283,1.185475471149567,17.770374911876452
162025525,1,133.59621680015158,0.36840134841806804,0.25527072194844697,1.1164200550890357,23.469823174223592
162133188,2,141.55421159499187,0.36240148621412976,0.21332491384869895,0.9423563441500714,13.927193357577274
163611533,2,166.36308563860672,0.357140484064681,0.24365944390847893,1.0435743441221492,17.030942389844686
163724879,1,165.21668026286827,0.3647714719600356,0.22780708702577063,1.2352239653874686,19.485740687241123
163827064,0,21.864125836258467,0.36859809665676785,0.19855123474876946,1.1623380038902578,17.505122256703615
164182648,1,77.61712899383484,0.34228570799274827,0.19069716162103045,1.1038270557509848,12.969896209254475
164916720,0,26.439700590764346,0.37491927463504693,0.2693235442410081,1.2490669448803162,21.05676060986563
164960718,0,237.80839534534454,0.3877320935646718,0.1711741268079472,1.2207603841163088,20.830380971213525
165064963,0,180.86230576462424,0.3642167842486367,0.21733734401046612,1.0407355391494617,16.043807378244892
165170378,3,37.877130386207234,0.3768615846961064,0.208402575338633,0.936141615428599,11.98043547574068
165675920,4,78.1411564436757,0.37276970138614474,0.18097684929686275,0.931461894830735,9.75311007817542
165704886,0,23.135489606090076,0.362863550498059,0.17714325679380205,1.3465993811396229,19.926394227431363
165718490,2,93.81493509281887,0.33925805812545784,0.27397856757774686,1.1836247146932584,26.9886977038783
166073456,0,74.9046743558942,0.36584408103568966,0.1962359960401866,1.1042141994921235,15.41923981032486
166405771,4,12.962270793604219,0.379933972867138,0.3208017571537714,0.8877190928158871,14.88021667972426
166484126,2,191.73757022578707,0.3605508577384342,0.2777447424159983,0.995051775244769,19.321422647947433
166538508,1,159.78650635948856,0.37283058359769505,0.17231100340510608,1.0758261824543849,12.676808463364472
166991206,4,-12.219190627519282,0.37753976244628384,0.3493370774273824,0.898924767209156,20.85235232883159
167315243,4,66.68856493227145,0.3777477396583592,0.27308793435448153,1.0320984276109095,21.380675014637298
167636925,4,217.6884703498569,0.42253450952163446,0.263194109517402,1.2012965236843383,22.52234005589301
168537867,2,191.53969114127582,0.41275791425859687,0.31923395674260985,1.0612922651662702,24.079163912612003
169123787,2,168.92523219041396,0.4110661240609612,0.25049299919056395,0.9391801659663841,17.349789369185043
169172468,1,161.21312553701887,0.38106769271061636,0.2772280250505821,1.1908076829767733,26.46618803859228
169292990,1,63.017980926567766,0.37085770388053885,0.18649718408984375,1.0957176363409247,13.119102257321925
169412293,2,-52.0755319884051,0.392292560877371,0.34555399562550276,0.8707895078487191,21.298873599209813
169491723,3,241.46273099191558,0.3735864578536477,0.277750545179576,1.1697124920101756,23.849546589825792
169582663,3,81.84777755624252,0.36307677544278877,0.17485619907622224,1.1267327198883077,12.266629860026118
169699943,1,127.25421857244754,0.32333803728589733,0.24742230140076685,1.1905769257781422,14.914873380432516
169832897,0,119.84248655108058,0.3836170020802569,0.1492394622909896,1.363494692014723,16.41788228645392
170092813,0,181.62860244097493,0.3709770287304507,0.2496586141670654,1.1919713059206332,23.435332801010652
170253465,1,157.06738968958325,0.35883304214913186,0.25936579550202654,1.1914287597707056,21.127535036334027
170762410,1,147.25113131999964,0.3684473826071896,0.26600472459603786,0.9376151474447179,15.695059645702875
171128702,0,53.5537374029242,0.3439041408913381,0.28326540650437465,1.1054689083181088,25.50536700322555
171195170,0,-43.10075455265796,0.3782409168680874,0.22660485783062562,0.840848972960001,11.715978857998403
172004497,0,241.94352655501137,0.3966058705687801,0.22788921917495494,1.0924776764372555,22.656458682725884
172704550,1,65.49458572471843,0.38628137934193124,0.17458933325946085,1.1044003079039264,18.168507113206484
173018796,0,219.27921690909358,0.3815091269054233,0.18948571686993582,1.1415912572408398,19.730315255260596
173214636,0,246.4243819140974,0.365407371946871,0.22486764276199797,1.1498374233346618,20.991217791166424
173616711,1,272.4427927300729,0.39150381092810693,0.13349114478793084,1.1587104991491828,18.618336614425
174572139,1,53.69345700144969,0.38245294936821894,0.17511469687921982,0.8920248648654208,10.735997468598631
174718000,3,145.3332530180811,0.36545474648272563,0.21647239950094843,0.9886707721458584,15.391159329953267
175197734,0,21.086861304887975,0.3472565044200096,0.2677488267448836,1.0387905641660087,16.120630268615233
175226564,2,236.51804720397325,0.3690669832729188,0.19057373937412825,1.2349742506902266,21.13021068231184
175456331,2,11.232482290150912,0.33934816772926735,0.23094389535496151,1.0994794491122684,19.077976565198142
175513548,2,-26.712271649258014,0.36213758086947495,0.2800825083263534,0.9690769503082254,20.662198931071018
175985223,2,-22.983718875095235,0.38695412036696986,0.22410854170187564,1.0233682258414745,13.233152884025253
176911109,3,192.8895113218783,0.23353946135264103,0.13731788914122559,1.1336214944066902,18.305158148334456
177156003,3,27.9625538266384,0.34330158535240185,0.21018137855727692,1.0474077834293616,13.542919053749088
177272960,3,219.04823620716195,0.3986992642728976,0.2539911518042884,1.051838893691619,23.099903762967557
177304158,2,-38.41269908003615,0.3292456392958806,0.06767037480989449,1.4092203151460017,12.880232935649886
177634653,2,212.31253244383518,0.3609034676095656,0.24184938567008207,1.1218828977213318,19.1772054326662
177677392,2,19.105420795522164,0.358042989213824,0.2000280456317869,0.922981907907452,13.820530271281061
177977769,0,366.84945739575136,0.4166253368524013,0.3715431273157873,1.1774770048243701,27.002277860920184
177999649,0,-25.082041656513397,0.42612420596507056,0.16778361004493608,1.0266944775968265,15.926218647100015
178586120,1,91.92303509311378,0.3513129601049658,0.19751295628738788,1.0886661068051826,13.231681723508306
179710096,0,-1.6076362441448708,0.33218696098944855,0.26067004291672335,1.1169759729961666,18.07468204041005
179732838,4,160.0714370129145,0.32060895745694157,0.23645134858163844,1.2290625969798452,16.266650602680176
179923409,2,35.739152780752114,0.34462943346926694,0.2620375011917298,1.0361113101964152,18.981291049095955
179976364,1,178.6012804933883,0.3545817287622102,0.33141541451370726,1.2159500267916425,25.776891249956762
180279074,2,243.89673900259464,0.3611579461626594,0.3007053720941234,1.1840410369242753,22.359837217901678
180321996,3,-127.07943923446169,0.5525293178300731,0.4021151008259306,0.8578400619746139,20.726003552688105
180324539,0,34.584615156235586,0.3749523113586681,0.08389634681096589,1.38840323408988,14.678140017107486
180355416,4,124.58318629105065,0.3817393051571887,0.2556519427069021,1.1620021593141325,21.50486434106239
180651708,3,-33.545224859064035,0.39192128581390306,0.26879454792698504,0.9742893117798241,22.527331151669355
180714059,4,57.1206358566523,0.3409987439966873,0.2537570020355576,1.0743947537129068,17.308991843209213
180949734,1,-90.04579371521365,0.37170830824821244,0.21604077219198503,1.089508322975936,15.347086433719113
181297795,2,160.34420979370773,0.3685011651297055,0.2754858305755948,1.073827116783453,22.53946022419054
181346795,3,76.21520319681315,0.35372779041345814,0.22227079835404584,1.1255472203348627,15.503596111510426
181691220,3,-37.42032425128596,0.2994782000968434,0.16255443908794487,1.4778461760242974,20.060832485491037
182042962,1,94.24136401082158,0.38441349875167025,0.19565931014233856,0.9427563712838444,16.320976641062014
182803961,1,216.80922852841996,0.37195872186458107,0.1884976936401284,0.9850745183733581,14.882966872315908
182838821,1,-14.198054937114733,0.40319766003761476,0.21955272436251078,0.8063351238754962,11.743105457876883
182963487,4,136.52962387099006,0.3715798779819007,0.25601767300120315,1.159309329497118,19.378539648287852
183287787,0,313.8235606284825,0.39350607947871846,0.26907989353413,1.1012371861807844,23.112806742377288
183910750,2,-8.52218068432164,0.3180474373847419,0.20470821167763903,1.1434796022643514,15.926314818545688
184043122,3,-21.820667265572055,0.4119657483111829,0.301319220031682,0.8351482515658407,17.099627874645147
184129336,1,192.3961337384343,0.3584012496925048,0.1897009091630375,1.0438205133914256,14.35698597391306
184214887,0,153.12200311574304,0.3794590639815639,0.23098778298545444,1.166644706488281,21.537613220331345
184273461,2,16.10466047147662,0.3357591995385911,0.2679871980977786,1.127614190704597,23.515410164554453
184399060,1,37.129771839512706,0.42795919891355694,0.17093727835456024,1.2596565827144324,21.715362526625835
184854748,3,176.16216152706886,0.3558994577350099,0.154148245682864,1.01147705806482,15.393873526760473
184918589,0,8.017077364702814,0.36788980936190835,0.2865119275007391,0.9719434530763567,17.750362696204547
185502634,1,141.7152679986118,0.35539989097946123,0.3068960946810081,1.081129701526809,20.125475882176964
185789282,4,96.15590565829262,0.4086268737983062,0.1469562668655527,1.167968637765306,12.732884583149565
185974329,1,60.961162625235154,0.3970651669900057,0.15513908330986165,0.9714526787735651,15.548149397716019
186514002,2,11.68832918278342,0.34869245637626617,0.27099461890590854,1.137672783618946,24.724601303704233
187577688,0,77.82156816541318,0.34075896741266953,0.26907586314144954,1.0345431605424655,17.340450450777848
187968183,2,-102.73751493601388,0.31877143003583003,0.12266708984280542,1.501286920951145,15.339083680957687
188178084,3,199.88971220660784,0.3761139872443698,0.2468040356464384,1.151422961477737,21.423545774466536
188574710,1,97.80531671059205,0.3475115915809731,0.32076730923170005,1.0902690829839694,22.736267570582484
188691845,1,111.80380242508679,0.3628566137811352,0.23711093161297592,0.9682624159836972,14.632122366718297
189225250,4,215.9250556184029,0.3785620886072515,0.22208398202918195,1.1163558820304296,19.927338992811453
189385552,0,-48.135407684812336,0.33136375423374576,0.13024362945744192,1.5830385709649133,13.795657774571207
189585434,0,182.35417733906564,0.35320043379136506,0.3278610365050849,1.1674978652192887,26.176609160736135
189637201,0,25.622529637262446,0.38419904782968806,0.2282695804892207,0.9423613316101721,12.075662799783743
189875275,1,58.57331055707734,0.3727594977146224,0.15669874303467937,1.1017110467966957,13.373410635171018
189877162,3,248.4908268729597,0.3804960319258987,0.24242208512811356,0.9703832185914526,16.924309727959102
190124790,4,111.64561331459579,0.3567354223665188,0.25336743392636574,1.130914060674432,15.623597719335624
190194752,2,21.358781841012913,0.37032553098451476,0.37078667190801606,1.0244353615485038,21.382662123177738
190344544,3,222.54125098639105,0.2982376149571907,0.23180548128637748,1.244693435733911,21.47781964429418
190407869,2,124.13763069708642,0.3003921579951053,0.2535904837027286,1.167529279326323,18.106204490344602
190689808,0,50.65302249464996,0.382378260645562,0.1930372879682907,0.9510677274414527,12.034067032361392
190870051,2,23.413361792935973,0.3778940257538468,0.18993559158845402,1.0838714568701435,12.033845158140508
191380298,0,26.296414902073366,0.3620925613460475,0.17104666905556692,1.1281489452205957,14.015314250729997
191414295,0,196.72613762019918,0.3610855776824054,0.2258789915267802,1.128171736638165,16.23233357222494
191656364,3,107.04353042084776,0.379425020870624,0.28341409363688186,1.0519470728856302,25.08617661583449
191836476,2,62.41466335544566,0.33158040363764385,0.24061714600755202,1.1219422457078574,18.62857975024666
192948428,3,-5.781759298370062,0.339178501586631,0.2473208482734812,1.0877190397369823,20.005007608215983
192960125,2,191.91150876917604,0.34278672676130983,0.28385380168232793,1.1006234533986172,19.969673604077485
193203313,4,40.38267749513164,0.3363337370344705,0.26677906676697916,1.1235391830100003,25.217192351114818
193475796,0,229.75230856971893,0.36811309208430126,0.20731371707125987,1.1789071167302785,20.330583326887563
193587045,0,41.43768341687121,0.3163611960901539,0.330173844224476,1.1516536185510888,18.800922342671477
194134308,0,-13.208852014079383,0.3461304056459559,0.25176983392966573,1.0328365210278105,19.872962167152114
195032699,3,131.57599205422332,0.3532801025205481,0.2554469566404139,1.0681962663928168,18.240406832467517
195040498,1,185.97220889915474,0.3908620526844092,0.2757291640388122,1.053188210125456,19.406753859883807
195313590,3,28.88897505034943,0.35404984346698976,0.18849462734366113,1.053196244616073,12.893640581052459
195349220,3,127.79419557841692,0.37174707466086754,0.1638401877893214,1.2129102406407,17.913900691766404
195585477,1,96.65684104220622,0.38100192040110975,0.22514263632869827,1.0500431294998716,12.896399205050843
196134048,0,68.15116831155495,0.4158872626065228,0.13520287864200942,1.2015292997662836,13.370567555867275
196264517,1,-31.989465312221853,0.34950980060447195,0.23864074432807902,1.0731792538680829,15.262350241954323
197075441,4,265.2379274957246,0.3803767857117704,0.2230795136423009,1.1557359803887493,21.282983875915445
197916751,1,117.74274803902058,0.3497946004257981,0.2205500098510112,1.1252375172070141,16.77966249264942
197924325,3,40.41866187437773,0.367024908995594,0.16987983268986317,0.9024753715954371,10.894315954157516
198466108,1,171.12023723438853,0.35155533733069705,0.2165160392406682,1.1564819502194306,18.439024053974794
199188552,3,173.3082127616114,0.3437990858934063,0.24433430265883915,1.0205332594999312,17.23005779955915
199261804,0,189.53216501693663,0.35929269476449877,0.2128004961159954,1.196552215696846,18.372104174036263
199401973,2,63.059996579150656,0.35796608868151575,0.2770827679704577,1.1161437352433985,21.745074928562396
199573915,3,35.20437549022399,0.34336024287957945,0.09202772746711016,1.4122962831250054,13.445113928101478
199989730,0,236.31198013312212,0.3872705378509772,0.24272557744586487,1.0614368144435014,19.59901070877261
200483739,2,50.81165290276394,0.36232165272294853,0.2860852131959368,1.0849288429984543,22.101385919235327
200513526,0,88.26829924733141,0.36710340581907186,0.24743690607583568,1.0610962974526013,20.975553076845337
200916875,2,312.2585133457647,0.45292261319627636,0.31113006690207357,1.0493647209848946,21.621852479879227
200989241,4,83.97009886131785,0.3782477732988468,0.20452065967038358,1.124438617823087,19.471036070684058
201251785,2,126.47792371314526,0.3611051968256184,0.24900690225349137,1.1591589660781436,21.581459157343165
201564281,0,111.78922722009439,0.3491319312261191,0.2626357241194828,1.1577523376442915,24.908024905869027
201596108,0,9.509816898893973,0.3813380503663321,0.3475967385566664,0.8962468329814972,14.605070540052111
201709435,3,193.24462965819436,0.366981892577324,0.26603169770850116,1.2034708556250329,24.143965154676966
201838282,2,-62.10687643551272,0.4035251390026841,0.3105808951688635,0.8258980963761346,12.801307700635455
202074426,4,111.25256812034415,0.36029315166990467,0.21077837728257576,1.2603267433278447,17.75924351797521
202457389,2,251.17405312169876,0.3768038668124599,0.24696027511611554,1.0630079403428891,20.91977356744291
203166993,2,56.489915207497425,0.3418074071324416,0.18375338006151298,1.0786558888474764,13.212430559665503
203328995,2,-52.79530808735903,0.3918695138296629,0.3433444067101947,0.8729519357596284,21.26513031871166
203569820,3,-169.71504691411303,0.37930534463172094,0.18057389429570933,1.123128591064144,14.88473758364182
204188551,1,51.826305862867656,0.39745121910326264,0.13425625802201074,1.2388845030791122,15.1433427266826
204433294,1,72.04813921227225,0.3308729381939695,0.21353440490950792,1.0893080060511002,13.984468774287622
204583818,2,58.812425759300574,0.33214807101501215,0.1597534772336289,1.0336195452765562,13.95741828892417
204710529,2,238.50903212640526,0.39245160577126836,0.3283703423124176,1.0943960778566908,22.188268807603265
204753687,2,-14.851076363719628,0.3520339660222269,0.2818138944389728,1.0814472854482884,22.220159035167597
204849258,2,-6.796427116623406,0.36553880361294255,0.23216886661529876,0.9632460878498295,11.726530870461865
205078323,3,27.968186277391254,0.37022907815639217,0.28273919034858397,1.0284546929433083,20.41878963997614
205238044,3,54.631182540961866,0.3552812916222543,0.17291276674456263,0.9176803727183243,10.40765352616513
205810542,4,163.82930538300945,0.3457264697452205,0.2637516103554965,1.1249270172961057,16.80420987835893
206145001,0,147.8659873701344,0.3685812583001219,0.23104969252390894,1.1998589035602196,20.124747421810447
206778782,0,342.9983969046991,0.4360814312909389,0.19271762069788356,1.0753852528312215,21.781275068244135
207198573,1,52.28781412307538,0.3858275770816947,0.19377302347837505,0.9675388908747209,18.944226497376853
207258565,1,111.38506292952357,0.41896800240993143,0.28316588305540663,0.8673822775294027,18.47327639997816
207627808,0,208.10161810066734,0.36068065456062776,0.18322570627369678,1.2381757356844667,22.066430139043632
207945160,0,108.25178821765937,0.3829441109390977,0.1836201511880877,1.168423015101879,16.75757421570658
208376671,4,305.6921574777207,0.39352880756279146,0.16327601064071112,1.1437184124977233,21.388375004016858
208448147,1,76.97489677529582,0.3334752388012872,0.17019900227952792,1.08726705313246,12.827419938926177
208451383,4,-0.7334283221655369,0.337002372226647,0.21454548682558666,1.1272442739895847,15.3790983609826
209437861,4,36.450247114136815,0.3510993174651026,0.27786761567838536,1.0058284856661603,16.77281070489903
210091509,4,46.296031130929585,0.3620075329097531,0.26809175113479394,1.0136847330903505,18.769174392882498
210562725,2,96.22660042322207,0.3497038144574687,0.2919931064212348,1.1495824804310142,27.826371229752716
210731746,3,184.2834339175771,0.30922069096247073,0.27806933974735,1.2930154940265477,21.84990990711991
210803302,3,92.47273736245108,0.35034695665975013,0.20480943517207942,0.9304599415041703,14.629072085570016
210909359,3,-4.210065006617683,0.35368046935406566,0.21993511230276475,1.1390082527961791,18.432149896363754
210914084,0,33.83709797265262,0.35464259072536636,0.29258608975409556,1.011574201133489,18.207783189274554
210989195,2,135.1550643305471,0.3858340420181068,0.23704544273498296,1.0774891086857739,19.99164058275298
211760119,3,44.12799149269242,0.4132978458699253,0.26324979001855603,0.8774462207288796,10.819547063972667
211825763,4,10.38241290081713,0.3818848104386196,0.21137745170924044,0.9144663292607265,18.121106184771055
212654540,1,29.609453667299917,0.3687216126465676,0.19050966387965562,1.0049104989821993,10.613460137663761
212760661,1,109.06500130718005,0.3389500754422277,0.2988428646801144,1.1785590386850604,19.68059295600647
213054047,4,110.27652256367075,0.4064391289256421,0.15742111616444346,1.0746941207966594,14.005783182616184
213771383,3,101.72465199856637,0.35108538843818476,0.27948319085266227,1.1164818038767315,23.62882617696947
213984999,1,123.59171255141058,0.37674827730767046,0.19574891877819103,1.0211764693166012,19.290507230058836
214162824,3,-19.244452441864084,0.4178278914419605,0.2396816743849206,0.7854704343706645,13.463865886288918
214279994,2,35.85635970190656,0.37735573816254836,0.3026775987803402,0.9675719956234382,22.174829438129535
214573613,1,110.9323049616929,0.3393497390084046,0.22266852285476213,1.0172295567931446,14.85589034364988
214883571,1,219.67053951047848,0.36982074624464123,0.14754682829945218,1.2007782346553484,20.161432926809947
215105340,0,311.5093695211144,0.40942160953525136,0.22716266834203305,1.1188151330431224,21.665216765923688
215128069,2,37.08107097582813,0.35965951701556353,0.30239993056537284,0.938797165986966,20.019163377380384
215274198,0,219.44494461767817,0.5009500749133213,0.3192536481697057,0.9934013177594343,20.681226212713508
215595067,1,43.28760337090103,0.3584270747744341,0.1747123666520473,1.1344636001100996,13.405601396254697
215880524,1,166.65058722866058,0.3352702833767808,0.30186555521327585,1.140783514018106,19.310748990336492
215968936,3,79.24481527289471,0.4500549030012315,0.28552236862560326,0.9989675501329898,22.120827861434826
216165703,2,187.81527540113134,0.37534745014990484,0.21449934743901322,1.1280076475324479,19.79589473451421
216288111,0,191.4230482090709,0.3609625599337914,0.19594714038653824,1.1954914733952386,18.3375814919701
216414863,2,210.79756415038068,0.367119110784401,0.28024230079731066,1.0634682475879051,20.44105996193892
216608930,0,22.30005204512713,0.3353194761979597,0.24378965316894238,1.0900316866397592,21.321365866282093
216626801,1,67.04395631865857,0.40228358323266916,0.2879984376291253,0.9140950683458683,16.08530886489166
216772383,1,-0.8419001643088535,0.38421368802807576,0.20933725063447256,0.9327538454167213,11.255357402718026
218059466,0,207.27151980725603,0.4213502645964301,0.16079145005287193,0.8997027303101095,13.03632958454154
218216912,2,45.8147974019704,0.3387660058699382,0.2504790142389125,1.1521624033872764,20.64088018663741
218350404,4,-16.149304472209025,0.36975136633677663,0.309106404116954,0.9373895640006535,20.467525031102582
219039564,2,246.6856560568114,0.3837965983146618,0.23385039467289867,1.2255031034666088,21.61258610092694
219386483,4,115.97355263620582,0.3680230652283287,0.19931405248267872,1.0792602979133128,14.699826695148415
219718402,2,139.4810421180784,0.3563483001197962,0.3250445794016216,1.0372885293009884,24.143409023828102
219873035,1,13.006078089289744,0.38628646169980335,0.17108364417442018,1.054502175607424,16.174002070943022
220000766,4,14.763021878355218,0.3854478048332993,0.22008773709154866,0.8895320525755963,11.399225717412238
220223317,1,142.21729438297135,0.372039228800018,0.298742311870273,1.2403722240770119,27.439096655042583
220286370,4,58.18286804949465,0.3641184478797766,0.2643320115983088,1.072168565254858,21.897951114969032
221632888,0,-40.70647443201578,0.37417639442054906,0.2129451946311236,1.074693558081276,16.50924327461757
222144803,2,249.6396339863353,0.3472640068032089,0.299533354615416,1.0696433567932293,22.324826440282525
222164121,3,43.61784379122975,0.3401123483365942,0.23535108120967513,1.0962408459581878,19.538329202567812
222724508,2,29.144130519586938,0.3718072603281133,0.20021579061432454,0.9845852743148519,12.125024443892435
223538531,0,149.94575043963314,0.3449523750018778,0.2891030132077448,1.1535614418723519,20.66642801353864
223648222,0,172.3182743742177,0.3419163696982899,0.2499358692652235,1.1083808422229757,18.039062878093475
223739255,1,194.82991206320986,0.3634382252326464,0.1865589658044347,1.129912122415305,13.251287805680926
223791997,2,86.2265325467198,0.371479133761437,0.2214382728132405,1.0875154715878297,18.30503606728871
224878400,3,21.636483133083743,0.38375087266348534,0.18674096626714115,0.8488045633490684,10.122357693077237
225113015,0,68.706754607744,0.3408115047872669,0.2461729517665796,1.2484200484783101,17.940557104591292
225199973,1,154.99482185126448,0.35523387021390185,0.21459075161864505,0.9839195488856297,13.663138407228342
225304239,2,194.7944992641597,0.35779067766197575,0.2670642715582719,1.2140979227330855,21.584354622194958
225689380,4,157.2249768511173,0.37534088638906044,0.22893684625578148,1.1803004700294641,18.709781311433314
225811773,4,217.29951225684465,0.3464118806557141,0.2907636280460799,1.0788258111866063,17.47369959421484
226076507,0,79.94822900707317,0.35969824309661963,0.253659809274822,1.0372327790329128,13.51910981115708
226216876,0,167.70811273877405,0.3633093545835444,0.21017420531283507,1.100227650248868,17.33057107250953
226520604,4,121.26510392647191,0.37872727604904577,0.14100676194833622,1.134047176457423,13.314468458811312
226546629,0,15.910408536341478,0.34758573767872203,0.24434776169776146,1.0103267467496537,14.771643082192151
226561298,2,103.31842112728367,0.39027572497480917,0.2868276069664567,1.1148673014176493,21.35717010965189
226567495,3,236.26434642602018,0.36007901910518453,0.22036720266418025,0.9414517479764433,18.040432965428916
226643768,0,39.58346494871199,0.37510061877609213,0.15342555280167391,1.1103076418766933,14.766941097372424
226759816,2,106.84793127611755,0.3627100255097752,0.27453090728010704,1.0239216643928462,19.858627763450578
227298587,0,-12.836207961512045,0.3510160070738815,0.2599671037820893,1.016285884925765,19.993595448324285
227838325,2,109.28136181377192,0.40118847791856904,0.1382360956361927,1.2031955480968992,16.07366623385074
228251537,2,141.82861563580715,0.36208055534652217,0.2768404557895694,0.9855137185715853,19.963324418499067
228252916,4,70.81471727947158,0.41445404935125174,0.3054774378208654,0.9120024246332187,16.392017580797802
228347866,1,98.65610828145323,0.32817939381921846,0.3018195015233746,1.0895657213607268,22.21887528956657
228476998,0,172.19981759473222,0.3476274404626158,0.19170355984451687,1.1005710574557641,16.66545944055833
228510296,1,192.06183200863728,0.37338169958575523,0.1738846712399466,0.9707167743554438,11.552538009053217
228992973,4,190.26703479561297,0.4047377961451482,0.1783154537348224,1.1712222829720291,19.512095983609555
229505065,4,109.17555633082222,0.3633256636928522,0.20752814211162177,1.2510018999726364,20.597855318108813
229703472,3,300.1881057314507,0.37896566093657263,0.2971383399178344,1.1448059616293107,24.588002030429692
229766352,3,185.75579529670463,0.3716884123522043,0.20194221129712886,1.1474487180070103,25.17505318366569
230018905,3,131.29610669000354,0.38185133099171537,0.19243841751106097,1.2435566276922376,23.71259647331368
230210475,4,120.3912682546419,0.3631955079494426,0.2417885220360038,1.0919887595404123,21.973806362956324
230305493,2,0.8440643331033755,0.3648304053033926,0.3017924564269425,0.9509193481078586,20.64258448276626
230397925,4,5.224101272723985,0.4077689256018763,0.3570247437600631,0.7874540535128634,17.447385158160742
230432971,3,219.77122106014576,0.36509161916345717,0.1881778881373305,1.2403395080859894,23.859145087494376
231066951,3,226.07657261991085,0.3796308055804763,0.20716043767006476,0.9364250910246465,15.732145668236335
231144775,0,211.93245051260845,0.3931934402698883,0.26995807146165396,0.9902977904039661,19.44447858115948
231347203,0,-22.487210230053464,0.3378719180254863,0.29476123685426275,1.018310022925351,17.042230902096822
231567628,0,53.35292636672677,0.3565261354130521,0.1846369085134059,1.1527916865172316,12.927496664178738
231654446,0,192.49893034707773,0.3730251210772972,0.24828352148683447,1.1919338982678838,23.30703825450426
232089797,4,121.32222142916729,0.3527681403131049,0.2475653137338537,1.037012809126587,15.75598178331633
232335054,0,213.3980005500929,0.37427383811026144,0.18556941930964416,1.2047454165180997,20.98795930725614
232528549,4,269.823297576162,0.3703904303129241,0.3223889737623096,1.178551556331281,24.27869663896716
232607063,2,33.12852832867797,0.363933104318668,0.29328127117429775,0.9626781435547307,19.277359990888776
232782325,0,164.69389236685961,0.3802352742669428,0.28850268381043,1.155383401005251,21.0733258365779
232863145,3,141.13082004215966,0.3437116907681379,0.2113553316119356,1.192007949859307,15.381086059765874
233782359,4,184.53351684973347,0.4156006215482872,0.24735891872059906,1.1309146221741495,18.394590307813665
233996434,4,206.61180965013475,0.3718134479339628,0.1803734826769946,1.2080359064966355,21.92133459362485
234298821,1,132.14058167288482,0.3545506396842736,0.27233199724242313,1.0022933373780882,18.742888018256245
234298840,1,110.74239871991563,0.3858609897237966,0.18621126720635114,1.0374074185700048,12.902834626691526
234377391,4,39.501552498866786,0.37652594451932536,0.3765716488186175,0.8941732688654321,21.321779053253334
234483624,1,113.26074671612731,0.2910010965851107,0.2960270966478439,1.195869125617565,18.470194125730025
234538951,2,157.32730825496787,0.354232605934146,0.2710934319842007,1.2018706618193358,23.92741525729487
234724783,2,256.8098599625724,0.3870608058495933,0.32192262072238265,0.9973335012032645,22.20370942967419
234741357,0,22.73979201653266,0.338980632727419,0.27246901521126654,1.0676227685132262,17.82742836974604
234747929,2,249.86970733393645,0.38136601442164986,0.26487276468309595,0.9920522385115295,19.389876963888433
235082589,1,166.9331951264234,0.3554688459049903,0.23372326491127995,1.2466622442785482,18.25148672539666
235587729,0,222.3888799762193,0.3815329888016158,0.30842749027285865,1.1705557302586784,23.990747174105717
235628108,3,298.2702395465117,0.4048097108226098,0.23722624217515648,1.048442267089856,21.152183842614154
236163730,3,141.81733761612912,0.3882682881585281,0.20734091975920044,1.1957068170367302,23.68913294920657
236477815,0,195.82188137180384,0.3727831512387335,0.2080432064339436,1.0177062774481664,14.799590061360059
236843078,0,260.10522924447764,0.3731604101464006,0.21106345803587423,1.1087148686145245,20.97237585464255
238179937,0,221.83075555530746,0.34433230428183237,0.21641167069667636,1.0347131713051159,18.531075982522147
238223157,3,184.28605304058436,0.37601307094705677,0.21204636548361339,1.1221754136157305,17.583189744709564
238571886,1,125.8619377384342,0.34996034215306265,0.28802379825765695,1.188890606897802,25.99232605489113
238619204,2,45.484919804183555,0.3438623983917844,0.2476850764903838,1.1526021819050178,22.59975464438027
238841218,4,284.8689808714188,0.38692500487556597,0.23298500067910966,0.9712954053076065,14.109098210080361
238997456,0,90.86066385163322,0.35272881917773646,0.2099995697123918,1.196446384244829,18.433888085963233
239786978,3,202.5602288214497,0.3628325532391929,0.28314422734866324,1.1865568668248228,24.14789949500301
240082161,1,63.11435450663915,0.3495062678743627,0.44328930304011693,0.9078893870089142,20.036723695682866
240111092,1,108.39652480679337,0.3806328220579576,0.22537736141243572,0.9490248197072233,12.742566741977534
240232361,1,57.02704634166337,0.4142577306966723,0.23387912271302796,1.065394733470689,18.379786800561664
240796718,1,31.053622894210548,0.34208424409887905,0.16714362255062207,1.0776798743547897,16.632767450557957
241359312,1,242.33027158802219,0.3733534881999183,0.11983855951579181,1.2161949771095357,18.408295516367264
241371117,3,148.3730359104836,0.47030045739754284,0.34520781205243467,1.03262217133622,24.29857953739034
241512397,0,167.2981003887981,0.3546162888965452,0.2680449987910568,1.0960713627490417,17.605837920229014
241814157,1,-36.98813619765457,0.36396447456512154,0.291536648245273,0.9554573198726035,20.416783019423093
241915001,2,0.4518328160309153,0.3461433924184638,0.24799050992145805,1.0552996181180412,14.191610389121589
242653142,2,161.43757362855987,0.33426419725633977,0.26237814817854077,1.2924827092641227,24.38429810524253
242836460,0,-21.12951076693048,0.3397446361839198,0.16935858911966206,1.3297289096065692,14.72476129597752
242840603,2,55.02423187504451,0.4269251741013092,0.346018590074224,0.9682244206000654,16.558180762785618
242927288,0,27.13517964207709,0.34747428900860733,0.20768372716066924,1.1310840503999913,12.924252829487834
243127357,4,156.95204616728492,0.3685737249982609,0.2255193709476497,1.0706338110582985,13.340090442750986
243290882,0,212.41439173912016,0.381496173048714,0.25201730225260066,1.0140998948303974,15.420302155130116
243418714,0,36.131253675796856,0.3505315263837923,0.2096430732160059,1.0680407102617817,11.47747906331391
243622593,2,24.629134360568827,0.33415331133200527,0.2475556312374168,1.1133292762782343,17.347251449949688
243711331,0,59.269367425572256,0.3689200411317892,0.2740945049837986,1.0144841325315586,18.86736263335785
243853291,3,39.91073909118398,0.343280007811725,0.22297345702973145,1.1661753846987308,22.07531168694646
243952176,3,-14.544629966985994,0.31846288194458844,0.19846170493767393,1.30670385503782,21.118785923751638
244278527,1,23.09812153586053,0.3625430098369655,0.29821254029311306,1.0045037801632295,21.68994031746125
244304146,2,199.79862170257718,0.4151076947761059,0.23959246183734625,1.0186029446634735,19.805130470678957
244332189,2,8.42022151283416,0.36311338713272495,0.1596221991606722,1.2955133331311812,12.479658438374509
244803582,0,126.32596176917835,0.35366921435696236,0.23518978944786031,1.1490694021091392,24.02498875700005
244913940,3,211.36450435046356,0.354506012846074,0.2748542366055509,1.193582694421006,23.743359666288587
245591935,0,188.05670577230904,0.3306424370582115,0.24373354651100518,1.1993309023865328,17.679774465231333
245779778,2,133.68317544706673,0.34893499020336305,0.16810283117030594,0.8862411039561909,16.531034212839323
246955408,2,206.56913559039396,0.3656947987943321,0.23585393716226813,1.0928814284289696,21.562600471607475
247237663,4,143.9158384074072,0.362196463854698,0.19441713158936402,1.2467400118356968,17.279432383726295
247440971,4,165.8756934361324,0.36912910184861786,0.2291488355882676,1.0489136859708559,12.666557353476586
247441113,1,213.44269244950675,0.3776219900825543,0.2947975442555309,1.0481318540870332,21.586338439220494
247473503,3,36.502825765382156,0.3785262632704109,0.18068263092396725,1.0868161284231082,15.119184346181981
247558689,3,-30.60087626123861,0.3552629046365446,0.24515125277728106,1.070291071446513,14.151740073344117
247866107,2,169.16598722420994,0.35089443799682785,0.22329367796139749,1.2237157344182,16.62654227983026
247996319,1,30.88319417341502,0.3538559045285989,0.21378526095391834,1.054114333196292,14.910867761892208
248016214,3,44.63611471897347,0.3508794055140184,0.17972050822440705,1.0248956366084225,12.015865201114153
248038345,2,69.37573682947162,0.3553821752203321,0.17382087100116572,1.0190255584614734,12.712132174617889
248424742,3,258.07626920176153,0.3723623201552547,0.23653980083511944,0.9440479442378303,18.455179774152946
248434754,2,75.84772810724758,0.3449667362889942,0.24550250360928913,1.1414324951279837,20.026254954129673
248544464,1,158.27371320781197,0.363695419567326,0.254813292929829,1.1971777312135012,19.31916380655768
249614010,2,290.57569410975447,0.3674055622419631,0.29295850756063463,1.0813821629178937,22.85954475429135
250010482,3,227.52190090799914,0.36659422776042383,0.29549380518745644,1.134646565128872,24.89288002791172
250039671,2,284.23207465846514,0.364762801811485,0.2676398144941369,1.162361089421727,20.705289097481455
250587037,0,173.60604389841046,0.4005186464941485,0.17666443521172354,1.0733849508558433,16.001020428896858
251202338,4,17.602480665062757,0.3477528966169417,0.2634088209898973,1.0646605507433498,15.940073903196854
251297590,1,221.08322285398378,0.39861383654583415,0.19565094313608167,1.1389099781975407,19.31790664934308
252276774,4,7.489997317682835,0.3479988904747854,0.2559861158697434,1.042529513143902,18.340001976206185
252299281,4,93.44422439351074,0.3592731606065834,0.21903190043184856,0.9189173375212628,12.908730028077823
252836035,2,346.9391203166452,0.3785445510121388,0.27418472102967023,1.1528178902150714,21.524625143579165
253276168,0,33.751939285385546,0.30740293149233466,0.24591207851635863,1.1257997941744886,13.632422075845103
253355524,1,175.80395695179868,0.39358449419476876,0.2814596465777981,1.3166148221274483,23.363880646190573
253518655,4,-3.220184750266867,0.4073394839607631,0.2838372204916144,0.809348594450051,12.772917049496261
253610686,3,365.3193208318458,0.4236273953720593,0.21621951263369277,1.0367064383104978,20.589051846757606
253726027,0,194.59844607633636,0.3540464956575501,0.28641228297159627,1.1510182334665071,21.408947744534288
254267891,3,-16.18847040729041,0.4145839437980354,0.20841010810485805,1.0619695120035744,22.69785720190387
254408923,0,46.740713648925635,0.35867761587431374,0.23497973011840145,1.0758678941292898,19.582429450839136
254419051,0,226.5417780589458,0.3569104857108152,0.22718422970655658,1.074033845635767,18.17169621933917
254630145,2,88.31002256710433,0.365558140121368,0.19108896781625875,1.0683440575643144,16.170060155972394
254694603,2,41.50039313665587,0.35124290076092196,0.19488102153763504,1.0980426888809227,17.189283144474196
254845509,0,-23.308497416914122,0.33976595782719937,0.16053195366912043,1.4696976441381586,12.47417518853086
255108764,4,181.03381933299076,0.35870467380102433,0.20979474163563866,1.242722972669315,21.2607098832991
255514575,0,266.62347545618735,0.39269777028523317,0.2914101989392832,1.1699901893080822,21.812726665847908
255574677,3,159.66538141556953,0.36053590657647666,0.31014324973310337,1.2135395155759312,26.793003754907915
255628383,0,42.75148515810438,0.3751561084333416,0.2016483930623058,0.9979177530100941,13.755101272523582
255934897,3,-0.4953868985904677,0.33342668558627786,0.2419788611139962,1.1171921153372713,17.313262262955856
256392827,3,228.82264291578866,0.3765617872848523,0.27372083556524057,1.196722735807798,23.470860240673744
256452381,3,258.84784145910453,0.35673700710279377,0.2304768823028568,0.9971317422509626,16.265967406483682
256964530,2,76.4044643737427,0.33301884427414796,0.21968132621980105,1.101406221916627,16.59028054523111
257055666,0,173.5579115850142,0.3784311447285935,0.16079760300624393,1.2278219084776512,20.377661495561963
257349913,3,34.37514911954005,0.3761498927241238,0.25979655290012144,0.9577167420836399,12.041704905717133
257379568,2,252.72044930964637,0.3883454418359566,0.24996080478864913,1.0905849415724829,22.61390436938335
257538013,0,-44.72423381188436,0.4730660232312053,0.20019912788261693,0.9307929200331572,14.583720546610612
257696451,0,27.436466882489214,0.3270694405614418,0.16050482237218738,1.3536126636671102,19.31886898780471
257850952,4,29.685967574073487,0.352237091830662,0.25773882506051754,1.091309520350912,18.894129002371784
258103927,0,143.65116167435247,0.42828587878807295,0.18978866913757014,0.983382046473027,13.885908574753817
258160847,4,147.51917827610094,0.3532467795045926,0.25051062099689025,1.231503190595644,19.67122993459119
258763444,2,54.701668689042464,0.4167353256020141,0.3580808038548239,0.9501637915682836,16.88166291641904
258775514,0,5.161187317141994,0.3910510450643729,0.32932428377678497,0.8552524221808668,11.699999600061243
258956403,0,185.26747766371153,0.3496220818037044,0.23530501677388904,1.1020227221152434,17.50616622088456
258994540,3,217.92000888316701,0.35824129552260386,0.17396718318083348,1.1696723347798132,20.874470065061672
258997794,1,118.75032268912604,0.3990895459446472,0.18419353146671413,0.9299141196141119,21.012786673589094
259074348,2,96.98131835232601,0.33698463851885074,0.2755325808635806,1.1605964246264222,24.585919847277612
259180745,2,46.76370753834265,0.38240328508692933,0.14316092843459877,1.3401451318547435,14.183375836397035
259297341,0,154.63134566787485,0.37190681548747107,0.163427506457154,1.2742145656226702,17.999978484393136
259345713,3,157.89495448420502,0.37109334603128286,0.2484534578661708,0.9702903354221998,16.76798228334811
259345728,3,179.5315697358022,0.34592663488158704,0.22955978536541008,1.2429724513450044,24.729318279264305
259439423,2,252.7738916507352,0.35905351545339015,0.30644631013443135,1.0327970622211762,21.699548660542483
259788945,4,91.09037842706694,0.3578908203080391,0.2252405284286391,0.9613575040587015,15.497206721670235
259984370,3,138.58088998863172,0.39379267235946996,0.29238423551322423,0.9316644235265604,17.847462738082612
260073812,2,96.18036610093255,0.3586406010973386,0.2662913579903612,1.0695270780711001,23.0171355963385
260077968,1,-0.7827272807912777,0.35923951231924756,0.27121511007786503,1.0850876423684004,21.858324020318676
260201518,4,32.82838789654603,0.3381234424009744,0.18417693921938,1.1348341709520824,14.374489865847405
260366998,4,32.23121977926401,0.3565677899196058,0.29258662324019624,1.0300192862780946,23.444502660177932
260773607,3,285.1239792234867,0.37750029380991734,0.2464001864851154,1.1797500944843853,25.916932231485706
260812845,2,-23.45699556678845,0.38811467032130814,0.24729158207901542,0.888835333456799,11.842132179312882
261071879,2,59.785401904220244,0.4055474177311251,0.19070322476183957,0.8682987814514783,13.217999189874021
261334701,1,212.02543197925593,0.36610980499395207,0.20869747482960835,1.0535171731306563,14.697475154787552
262074826,4,120.1910625750911,0.3640600076343475,0.22880282908721958,1.205750637740187,23.194612695358487
262353559,1,200.13761155208653,0.3800722525508134,0.20669632707199448,0.9445866930232785,14.409747529688731
262479772,4,113.6505520300952,0.35700671151634866,0.19254485119301468,1.1130289435637077,16.200462895899484
262850499,2,248.23981087904906,0.4154220233489155,0.18153609062659853,1.1734621441781388,19.205378968672647
263068772,4,-28.687809583557623,0.3720248008755457,0.29718455617086936,0.9432463438312391,15.600969826902993
263087206,1,75.65784669128962,0.35817647644875394,0.15934142978011784,1.260257418886113,13.479512082730295
263236795,0,4.341636049780888,0.322907933031205,0.2893716244995795,1.1865863050232666,18.661287503764292
263279017,4,157.65351018446998,0.35893154375868164,0.2349114077215863,1.165451434531802,16.766897724723886
263293393,3,172.8450422383733,0.3880533977612846,0.2316577408381052,1.1193560385008523,18.641089540099436
264131865,0,153.55738356204176,0.3779219583770636,0.20824648814471353,1.178618078615149,17.64451241218714
264402592,1,186.78210311706312,0.30557103727280244,0.26350800073447606,1.265286279061817,17.548524768906088
264552260,1,182.77469674565265,0.3430297276291283,0.27716099570326924,1.1126037368939914,18.604284523943296
264939963,2,40.86359169786074,0.35057655258391796,0.19228586616078275,1.0502834912020007,11.964341187440844
265038627,0,-35.25810697004367,0.38747061053509635,0.34035051676910827,0.9039479538850156,21.49004361180687
265862660,0,156.56743509697628,0.36927287988775326,0.2312891371509862,1.2213997989877652,23.464631792566987
265889946,1,142.00992547932006,0.3603351386341004,0.2746554437576979,1.1877856946022773,20.758321014559375
265939765,4,10.414993236839706,0.38304578400365713,0.31615727187796105,0.9239594207422205,17.73869946970034
266241866,3,-1.3639468844370128,0.37403914804990407,0.24656693502278834,0.919258536212331,11.194850600980656
266415058,4,-21.30780375268442,0.3157361730351189,0.08599957854767484,1.3638046489206088,14.12452720960108
266479070,4,41.544349273639696,0.3564088349293182,0.23503958675719547,1.1059633206421164,15.08416887178094
266620737,1,161.22648098609636,0.3572920268418736,0.2516109152583378,1.1697348326315318,19.067857424020776
266988735,2,15.849018897237784,0.35956438857412265,0.2991553227832017,1.0486625633087427,20.971362093121545
267049794,2,-32.20849089314045,0.3171862374754726,0.1575869502233055,1.367424399392997,16.43363134211654
267912832,3,51.764582475978244,0.36033851815541795,0.32363089454961347,1.0747369187859444,23.090011222896475
268323392,2,105.53429750788302,0.3625377177615122,0.27922998749312306,0.9803757563338139,21.331538810728127
268434909,4,136.6174840105163,0.3615732684240801,0.18264275611413072,1.5758952346476462,17.829835125328067
268436916,4,4.794086132628664,0.3648316836986832,0.17561952771959483,1.1614120231110514,17.83732973701018
268533943,4,50.41988635414004,0.3713859881164778,0.10432236725194619,1.2570382500449049,18.09563976885628
268805413,4,62.34795503062682,0.3902286368257273,0.2673783374502931,1.0519533339844676,14.312937388594289
269136469,0,219.87134957111,0.3331418237868164,0.24137780866770642,1.1696242219008965,19.237498378568702
269301575,0,199.50270140699325,0.3477101240826432,0.29980627861456965,1.138203808484775,23.046734340577554
269388015,1,130.93254008330564,0.35690049838271204,0.1897503269627589,1.0774221061515508,19.938399474836505
269527017,4,122.22508983637947,0.36653405427612323,0.2174672915175991,1.1650444525178196,14.86629410887157
270193915,3,6.252857025415125,0.35915083841571127,0.23456259918187472,1.1047037386689917,13.581556755243511
270468068,4,162.22120858711642,0.36738522637158516,0.21019010032071125,1.2971336464027075,22.197975003536786
270662526,1,216.04772390551472,0.437754109944108,0.22595984729242863,1.1961916179708785,20.3881758663508
270794936,1,172.6647339138258,0.3487104383729617,0.24515784309088348,1.0671742861580555,16.253421080225056
271080458,2,6.451969931433894,0.35222554596357336,0.22065865272955726,1.3495244235433255,15.86764356074053
271082869,4,-1.8900270155809125,0.3305246630677623,0.22051949100288568,1.0690461881539641,14.25987153078745
271540328,2,92.1978108827101,0.37322816371710205,0.26166113829596604,1.0412574494009341,19.6934940599649
271698010,2,170.32049099623413,0.3778326415779234,0.21804608957627714,1.1525627001399585,19.153027994725843
271737793,3,207.57139286237964,0.36428871644066096,0.2215368901765187,1.1721781076762987,21.113440709699734
272150874,3,7.3983024106083235,0.40133604669849593,0.33943621297711885,0.8366725212032412,11.836170855789124
272832139,0,49.49610776591379,0.3482144269860484,0.19891785082329005,1.0918467175120277,11.942508305648673
273139332,1,25.782019391902296,0.40157703370089115,0.4300190904947705,0.9285585444905813,14.330003240534436
273204422,2,50.94181009680025,0.39997770731819854,0.19831013409065393,0.8797249116929923,12.641241199925817
273571217,4,175.56748602558355,0.3329889839885882,0.2373892276271221,1.2285847431733958,16.566666721566865
273593115,3,256.7884624545385,0.3942607989301122,0.2161105144139784,1.0788565582252683,20.919144377608472
273667291,3,188.90227070375366,0.3594525397276134,0.24405676747006608,1.0815250305416488,15.93260573173844
274064100,3,199.4274704030076,0.33694804285630353,0.23327065770316222,1.041750189923833,16.52532700263595
274098381,0,157.79047586528475,0.3780044718108944,0.1756713474963736,1.2612660676497593,21.243025157854003
274614510,4,23.08503619737735,0.36921032783208146,0.20434126635694433,0.9264597438904673,14.747101376265077
275666084,4,41.198991241028644,0.3667123165637882,0.2000921290491199,1.0302797958267103,11.982318393631182
276378650,0,11.964887079283201,0.37188491207611435,0.29830975229810885,0.9797787999976687,11.880030214203448
277002638,4,70.35006086253478,0.3401040936827494,0.2933861848860996,1.0624960746136263,22.888063042072666
277986602,4,36.003149136484474,0.3785629652501856,0.29842491962851425,1.028201312501377,23.131803953983216
278061089,4,175.8222791360552,0.39490849525321375,0.21827101943093777,1.1035109793994158,15.66554213763678
278123349,4,88.26750099310176,0.3776847417419543,0.20140192315262867,0.9163934664786139,11.146159095381194
278169291,4,65.81359363999022,0.34560019652688523,0.26327913620361376,1.1209306483380737,18.351581818174477
278692232,1,222.2976519756279,0.37417186978689787,0.3242268418646424,1.1085914831283181,24.327807851888785
278844630,0,29.341046742492964,0.3319971621773012,0.22612675461366158,1.1616466477084715,19.358990712077215
278926278,4,181.49939783490933,0.36790061347536096,0.2521727279371228,1.0577431725206086,19.649169412000045
279552323,2,189.6375642839385,0.36353694063573966,0.2410624530359873,1.1528250882511504,19.41128596525989
279624532,4,3.1499794916580868,0.37546943277305367,0.2841403264948013,0.9816495982796772,13.348172724855417
279990409,4,43.87829842563914,0.36454257034814136,0.33957500644412786,0.9282449181875939,20.789570375851635
280111011,0,153.20514971449927,0.36126598759080314,0.2379225349335044,1.0176012387411084,17.665868210036315
280819340,2,170.4943888474852,0.37174016127465487,0.2798452424206484,1.0292016521525844,20.039556988201063
280901586,2,243.29757440033154,0.3930333517097793,0.35183446770908944,1.0979327308223157,24.809775438810586
281000054,1,193.78674266808162,0.36447494221995175,0.17799060513519638,1.1612903145572613,15.87345951110751
281136178,1,133.18123496735967,0.3369263317823203,0.23563205649640365,1.160438921344799,17.341221209869847
281150361,0,134.70176677899337,0.4022918612620328,0.21762540061306324,0.9645933571633242,14.815625290371257
281517661,0,177.076515203334,0.3946061809676712,0.24372422858669393,1.024424018874533,14.97266188169726
281814625,4,163.59479814213674,0.3496446065851514,0.26732166013754305,1.2347335160172253,20.147954264371137
281920156,1,10.754580209750301,0.35238243491573323,0.21064496179046882,1.0872316232279178,12.676605035448556
281967969,0,74.85104496408273,0.35408667124425885,0.26134717881891595,1.0333166602246022,17.645977748725468
282298315,2,4.306951703061657,0.40428680475753553,0.2609216619869006,0.9710332605759334,19.60930049405985
282747611,1,149.69480916530128,0.36815967377873504,0.15205796976339267,0.9854366677123853,13.273159719861965
283523819,1,63.06276290149914,0.39947287085343824,0.3016289587758443,0.940839974006229,19.02832769368062
283582804,2,-55.38602730198447,0.40550221502634326,0.25220540090021687,0.9515727220792922,15.115230526919175
284421147,0,300.6061512008575,0.3819647816366811,0.2304797739164412,1.1039305784675466,22.099144886318285
284595179,1,12.738830606786905,0.34521951837896253,0.23893130308818442,1.1511886219829481,19.22957005652418
285133703,4,231.45534795544756,0.3731509930869966,0.2523116354462868,1.0326219032694048,17.39818436351605
285241910,0,102.60521031101278,0.3716786723816617,0.19922595137424493,1.0989737341678416,12.140533136393397
285299858,1,91.72171901089007,0.2912047138122358,0.2293629039852713,1.2788426121268557,15.358495190053134
285419416,3,1.9266938724274638,0.35849089950563406,0.26385033593536267,1.0632705331908974,16.629349999258373
285781116,1,157.37861452243106,0.364760263263753,0.22068353039623634,0.9302439201015047,15.19732853623144
286143083,2,204.40495136507792,0.36968031454313144,0.2524719337303781,0.9815658260366913,19.33049179877628
286285970,2,-126.56156803157306,0.32674085297759214,0.09450664817917498,1.554957590811223,12.522430476936112
286520814,3,4.303113708160666,0.3624416633102248,0.2503183176670673,1.0293654077744343,20.015824395081946
286659449,4,70.05711608151913,0.34924750565391377,0.15590655604485087,1.0463253082614439,12.322654910513341
286702486,1,130.89025112553537,0.3495039057011251,0.23847762962222943,1.0575538284827373,17.004197949178877
286760389,3,257.85328294858726,0.40118160992831076,0.28432837713152165,1.0049791858234056,23.130576359094125
286863590,3,287.7719125838271,0.3946698228607313,0.2970596088973496,1.1108968518082751,23.471046732431727
286904793,2,133.3507545906621,0.3535939218698369,0.2769886841028689,1.0473755965359206,22.231263424230733
286907970,4,35.5780776660458,0.39333712544191207,0.22359786965158723,0.9937676230762144,16.825470551089314
286918876,4,13.40853404169411,0.37886008265601434,0.3157323929777102,0.8907888117714002,14.864816840488029
287377564,0,254.19527815739747,0.39798230607225094,0.14137918408577654,1.5332785644516422,23.892036864332976
287416791,3,116.3039626354036,0.32531715726598753,0.23625936678592097,1.3517761007277391,20.521357722738095
287463310,4,108.81487551058426,0.34228374378284787,0.1550966229383417,0.9866731476232412,13.337500618824347
287576128,2,90.4307747172512,0.35015956686502986,0.2579415107307855,1.1607883006329414,19.22974054190904
287781923,3,33.80314468133957,0.39495669635096603,0.3353403794489185,0.9242772069558363,15.63280980022581
288191338,4,121.3494698492251,0.3460572650685048,0.22359146887158535,1.2338983202811924,16.418931267674274
288320875,4,285.03824332021287,0.4023860623455072,0.14932733655023658,1.1216746793309122,16.53442905912522
288350972,3,129.12475015472276,0.3609324725635865,0.1911979828562601,1.170408597067513,17.85572440243209
288433754,4,84.10375103519317,0.34853381712089493,0.18440805319299353,1.1313102864594515,12.552816896454903
288686571,2,200.13935731915632,0.3602864531095214,0.2156876087865638,1.0924666997930053,20.801184308235886
288758624,4,15.198355992871697,0.3715014712123306,0.22990978089169828,1.0547360914906112,15.287173284830311
288986880,3,51.360288768913605,0.3523603272481592,0.21812726442455496,1.0277218321887693,13.057952535180842
289030100,4,259.97896301225285,0.3760281735771175,0.269432851857862,1.000197013080613,16.639086802583687
289287510,1,148.08053438648636,0.3396010612541891,0.27273309432323073,1.0847607598452782,17.182489956829436
289478370,3,177.42957653087825,0.35527456450663153,0.26104098917014806,1.2523382031722425,24.49307931503576
289637508,0,-18.655312594783084,0.3720534456751421,0.19207966042076657,0.9586226612198885,10.328536917907861
289857593,3,4.971471138421606,0.38475413093652355,0.3215639269873034,0.981283920957213,21.30946103094006
289881295,4,-7.3318231563153375,0.44639941332595684,0.3428547725473467,0.8922630994671326,24.503365329593578
289972048,1,150.76348911698835,0.36230545304165046,0.25471614817416843,1.168740556141433,24.25221786114086
290244345,4,149.9005646561801,0.32201138378219596,0.2319643750075991,1.2755318749275917,18.043197438855074
290253227,0,170.93929017086742,0.38376471474170976,0.19111139794622126,1.1005550043703458,18.06653610703471
290300802,1,-4.594088850311479,0.29705977259652605,0.18140471687703,1.5298772117013868,18.52420205294489
290418374,0,183.86193520710884,0.3533924790613071,0.24936731971590873,1.1828252917208264,17.77601209733325
291057839,1,55.04594519249566,0.38058974749552943,0.20706171699358564,1.0504212306707645,10.928383481073304
291499422,3,37.722388322819086,0.3272970574548777,0.2149511464176662,1.1237267041278072,15.79780381352161
291719291,3,89.18004498707023,0.3974258172864446,0.2229043301527186,0.9624907851756779,12.888181458682471
291812607,3,140.65933447151718,0.35190812911024383,0.21913502949466165,1.1645312523403746,16.13432478017133
292223018,3,32.25014504819514,0.34381039454163853,0.15443603899375008,1.2403832495405522,17.41632889328673
292271271,4,166.63919274258228,0.35586694660434587,0.22702785447911156,1.1758017693866734,19.803017956776042
292300264,2,178.52302903645,0.38525766540222695,0.30414006070095045,1.1014199107190703,24.656469572744797
292368159,1,61.11235290407563,0.3174557836750925,0.1816992279253204,1.1611600728529299,16.49899927738499
292543407,1,155.16438658992215,0.387501132946534,0.15759313111268405,1.0179611415662733,12.08034088432714
293023790,1,42.09852981665361,0.3861547538697121,0.2966164648907727,0.9260900965828968,15.963905269133813
293350949,3,323.63522985043426,0.4317607789589158,0.1261993660350097,1.4928323741790646,25.255887824240098
293363115,4,39.73218374743014,0.40341468463453295,0.21738333386078074,0.7893543791192406,13.489983792576417
293508970,0,216.77306203706834,0.35823921085765337,0.23715047593085628,1.055517057524777,17.74841683763059
293562405,3,71.7064865020758,0.3554360431011311,0.16519178279730304,0.9849263888009189,12.0233103017648
293886642,4,246.80422573425417,0.5131237373467361,0.42287277472765417,1.146444493626133,30.805290123017702
294224638,0,44.62535765423374,0.37495329037715674,0.1861117797655456,0.8707634021714368,12.622293445659805
294498348,4,35.839354489862956,0.3619449353705688,0.26023643004764563,1.0662509986931377,17.184842141285532
294894075,2,356.0484080473731,0.4402398034378163,0.353566169548364,0.9884050002330651,23.35448873007243
295260492,0,-58.525464529376464,0.3786871817998788,0.24559091855612117,0.985389185357566,14.34151864542902
295275980,3,35.34163223496418,0.3640703798963086,0.2217926812428009,1.0015891524107587,11.006639092299654
295305734,1,101.75164972632535,0.3515990041913925,0.16775301319637115,1.0473139954246775,11.714586229353483
295343824,0,210.75280115633575,0.3944509604077992,0.2462952195912848,1.004923979281671,16.846343164429015
295492872,1,177.18978430091215,0.38951362908171683,0.1628899057989,1.092485193099263,16.15061100077514
295884244,3,188.38959741939112,0.3989194942855656,0.22365315705116418,1.1007194471911013,18.228806462334358
296205481,0,-19.39716831363461,0.37415321326914286,0.32393816954787663,0.9326671301423857,20.367555192593475
296253043,4,81.47782771794836,0.3473627076445198,0.29765523454092024,1.0513827932441835,19.40283225810981
296446712,1,103.43930362930617,0.323441485030072,0.1972107975682202,0.9793203743760738,15.802063616911925
296474292,3,-96.92772101444817,0.3190037636008134,0.06955015591838948,1.667986833977572,18.179472769771753
296559312,3,182.72192881609533,0.3607131762446609,0.2575436618794518,1.1660666748307484,26.010790566363205
296620653,3,146.95790103277747,0.3467951804474084,0.2837845124777929,1.0843726879693318,19.804342741531507
296709911,2,154.71762650408806,0.36212136757680535,0.27953790927834393,1.0330614602317456,18.895039959292948
296780712,1,55.62119900950072,0.3313862528291374,0.25393970236555874,1.0884508650661169,19.26252701724821
296827731,2,84.96819939387083,0.35473485900628376,0.244769568260176,1.1213196066342577,16.28338875369102
296831504,0,88.73841246742357,0.37422827209970555,0.2661424178950123,0.9658991175260004,13.986992058065763
297020286,3,35.260613139081414,0.39305403715055515,0.21898143527022654,0.9131028312382464,13.680658316492767
297297701,1,224.12852905498715,0.3680175673847688,0.1809345798253957,1.2266245571856018,17.30229712129815
297474668,3,248.69328775399543,0.36413740937017103,0.22285839682840936,1.2881613409137576,24.02393015849741
297502549,2,57.21464896525032,0.33519264725927844,0.2699064268541468,0.9959773831485108,18.516719786468958
297731512,0,202.3465452252997,0.3605150562256324,0.2998480843409068,1.2277750044009146,22.651089882024102
298003696,1,204.46757345338932,0.3596178654325097,0.23969485325516135,1.1260421436507289,18.39215467173415
298173145,2,65.80416923675152,0.3319405767240841,0.28796463765073277,1.158324101326374,20.339764377736643
298248052,0,288.0555847282555,0.39340128777604005,0.2189325804608665,1.0560791137006578,21.244253481078815
298750870,0,313.7220093377595,0.44497012377160117,0.21302139338870346,0.9856081651530602,16.721967042255866
299097300,0,88.09783926766792,0.33791508799353787,0.20837405521352426,1.0444641077129058,22.798365947239006
299152684,3,37.397897690240974,0.3665047398658245,0.3568049407519009,0.9278341231956898,22.784449775505937
299349220,0,47.00124623381453,0.3011830022088364,0.22915404931704086,1.1162858307050987,17.255733393215202
299618473,0,302.67528833887417,0.365149564491283,0.26788149524711613,1.1246524775171582,23.532381391785293
299922696,3,292.33002847742716,0.39127498196216487,0.2780017130172608,1.0949418082735776,22.54310083114749
300005769,0,189.2666087862233,0.36545632018415447,0.23006303105300718,1.1297223622933505,18.26929470864121
300892142,4,-6.636791086301358,0.33779825933703145,0.2024630647702207,1.2065790252921451,19.215812982829817
300941372,2,149.05245011269608,0.33895430864207937,0.26287621232835884,1.2136628533782514,20.290401632716645
301268217,0,-31.271567839356166,0.3894926626024343,0.3970581443855784,0.8659153621173448,22.354723459594368
301459957,3,302.7895763841573,0.3898758305874513,0.1869485097255148,1.067413287396485,17.529112962762515
301935252,4,84.61351843774692,0.357567149780263,0.2948518911661968,1.0826053359724903,22.015672160107677
302206099,2,60.46059637510977,0.36285541672715876,0.22653687032491962,0.9661169269545538,12.722680536372557
302309984,1,187.40940031612763,0.36489789254092825,0.25924824771777627,1.235473111931926,24.487886234624728
302979803,3,5.493939408316393,0.34125274831155716,0.2399092856450235,1.0899847305090509,16.69662527841874
303176560,0,208.21643865483753,0.3553442442294624,0.23234343946462552,1.0488411457816338,15.74192783957248
303191070,2,71.32329645875741,0.3920398029277481,0.28540242219635253,1.0640014483773907,20.4557902284805
303219921,1,121.85070280495484,0.3529990156569405,0.33040838284209445,1.089000861660914,21.79756651868828
303267980,3,12.023205940893519,0.34864369062692496,0.2511761447872027,0.9851382571216706,18.728824110816074
303343344,4,87.78060291578888,0.4553743598213504,0.24588806288036638,0.9072224696592811,18.770555390470356
303682893,3,144.11076733228788,0.38253735594875266,0.1969952552645145,1.0091714058027885,17.64450182407953
303795473,0,100.5846624803515,0.3459706921704945,0.26896900893344017,1.0213325199787087,18.19457456860236
304139587,0,187.13011928671506,0.3805458130198206,0.20934044369211868,1.027295968705534,19.415241503285046
305079648,1,81.07308062873216,0.360674678661282,0.21457667590191365,1.1819744321155663,21.940558048717698
305318799,1,76.68804316378308,0.4186633382209415,0.3050881831221954,0.8398509496435109,17.602770734088335
305819221,2,207.2131022364683,0.39989335427364403,0.17031873997001645,1.2997411228993099,21.321128062946595
307030577,0,222.44106276844786,0.3733515023736419,0.22381677871037406,1.0281939175267212,16.24428280918124
307396008,0,-20.155844040364215,0.36189916712656844,0.2099379516844186,0.9900015133299863,12.033092721072585
307817942,0,155.52364116790028,0.35677444065671227,0.2206628409222987,1.2111340820800307,19.497436614811694
308504449,1,-33.46068839202917,0.4381549703915241,0.33084014632592496,0.9113292172882362,23.15947846073899
308535213,3,110.539753124653,0.3609474846897915,0.1959348969651618,1.182182199394149,13.462096333812621
308745808,3,15.70401584860491,0.35487039161054007,0.22744053154342023,1.0627919435648312,20.312020989307506
308992648,0,-64.51303225953443,0.3216942439003618,0.13090409850814652,1.5125824048399157,14.066936165014809
309072874,1,177.40805520818074,0.39164546059429817,0.19077565571398836,0.9736297578108889,16.610199341880115
309419979,4,210.9888920570408,0.41192644963936936,0.33447725270552997,1.1585949614815423,26.48476508273704
309733373,3,35.5580706806203,0.35749403972975063,0.27367420288418043,1.0600129953670878,22.595292033075633
310196546,3,58.040589167764004,0.35353873047103296,0.3132834042533337,1.0662957228109557,24.40435692078857
310395295,2,255.67252827273563,0.40022782632194065,0.35989810507674214,1.0894647606368877,25.134793457705435
310494439,0,31.69709718142942,0.37075775053404886,0.21339089333477063,1.0182098728122062,14.904806559339104
310611274,3,30.915588291579738,0.33824117043767365,0.21882034031117328,1.1387436813729168,19.763159586482484
310843241,1,-5.080181029746996,0.3579375433277616,0.18804493421687374,1.0345045906880936,15.853097673747941
310898724,0,220.60067247721105,0.38511577817042275,0.23085843301771825,1.0276859661942872,13.854767651161
311037297,3,-88.32700212201388,0.32870337062572735,0.08098411561225499,1.4711158381348919,12.881041791266131
311737289,0,100.94064597976751,0.38418453005140396,0.22657609199277987,1.0401086389132685,18.86024283633987
311750318,3,183.31816682354923,0.34949902886003237,0.2246049869277039,1.1279307729260275,18.32112107459874
312401249,3,322.52742099559794,0.3847898025581614,0.27306348826683,1.0228578137598547,21.902279123907945
312938401,4,148.52979959305134,0.3890135608712918,0.345973417969865,1.1566443465567173,19.88440333412204
313210022,1,-24.11777022124342,0.4130089939635275,0.33161461632847566,0.8327258979868725,20.351005080662453
313256095,1,211.18913684151687,0.36842899580433275,0.19885186658727086,1.0323881938473156,14.632435836849131
313737003,2,123.43961132785496,0.36327591625985556,0.26740730455563144,1.2256671363236191,24.151601233791695
313765532,1,-40.85894765259911,0.34764362758817835,0.09759624444595877,1.3792767560512542,16.486438934733002
313831314,2,-3.1022456349273995,0.4007449306357066,0.21754403870852523,0.8255772645093178,11.914334386740897
313842947,1,315.8455224052625,0.45640861670062094,0.20449138565196384,0.9237060756958149,21.874614637048275
313907766,4,81.16359733309034,0.3744329320372808,0.31223083676626356,1.055450152436029,22.70480809442659
313933456,2,209.64729236069655,0.36769662501991096,0.22308087819581796,1.2015613790402573,19.256336810069538
314234289,4,220.17358320192056,0.33289151873994627,0.26059392760994543,1.2375178351944582,18.53920313473469
314354319,2,36.63071752181008,0.3616028572893254,0.28149331147975,1.096936751820205,19.13771690807497
314797178,1,215.13749563979619,0.3447710073165797,0.1880542260829043,1.2294127557943697,18.890311819334187
314863833,0,85.8452445349281,0.42953522461424765,0.19154308332459127,0.7953635298428765,13.2284717863048
314916411,0,174.89809404227822,0.3007356167352982,0.2450150981627943,1.2153405519873093,19.11034260156866
315380987,0,346.5098990341572,0.44261390842015125,0.22948685538128127,1.122801748348458,23.630107716256433
315519001,4,71.2362557085064,0.3559633502863701,0.1841265153266904,1.3141072213626863,17.864233099192624
315538569,0,305.98990826509305,0.40241241041507975,0.22887034715225735,1.0371898634542507,21.908729910439778
315696598,4,2.3740433618049366,0.34492705687290603,0.22326256952010287,1.0451782476862277,14.629300105463367
316809152,2,313.1336791552551,0.43699673973965003,0.30234482823709813,0.9852090397602352,20.171724623708933
317007708,2,52.71956482570389,0.352064175857171,0.3053273641659371,1.0814440087303718,22.294745251466274
317020980,4,60.02418763805767,0.4296062982260649,0.2287289294162225,0.9046152071351519,10.813465084446971
317112247,2,35.340661456468354,0.39355986264653214,0.24224508214108773,0.9155412962222148,14.01557509611214
317286954,1,-1.7287085783364802,0.41289145390798787,0.19295909820068285,0.8798983519241751,14.228891920711222
317794773,1,20.517624534454114,0.3400028974581579,0.24646903193597033,1.0873518415927457,15.612978051711986
317893081,1,155.44378917990633,0.339992125527005,0.21127024812554493,1.108485784060027,14.57264004410445
318193611,2,173.68286200359373,0.38043978385824956,0.22165895771825023,1.1469581516800367,19.455133844234965
318514421,1,-54.054804060057876,0.36504711243708365,0.24500053309703465,0.9616078508032833,14.936337483080106
318909763,3,229.3512246998458,0.3678954630027268,0.22949871176823458,1.1686296039238284,21.634656033919402
318923469,4,59.96782398027722,0.31900403969813174,0.262876982215787,1.1560219943073453,16.30499491179164
318933021,1,43.83533836752301,0.3753249915913973,0.290218182214072,1.0325739033195942,19.539784248473474
319236312,0,151.12068519635596,0.3777995192615179,0.14548372453933245,1.1561600103011622,15.857178741874906
319319228,0,8.377188604519702,0.3494474098572815,0.3193598516846766,1.0064720491601402,20.44886720495197
320070845,0,181.0515472918844,0.36472274825889206,0.23311894844176373,1.0178667463691498,16.314027898114155
321187243,3,67.34958707201123,0.35617323864818606,0.2840824598080695,1.0875130425407629,24.161592864255212
321215899,2,68.59656885976895,0.34702390754710805,0.26346193075972874,1.0809222316896878,21.87419249242679
321268777,4,60.37070070343537,0.3511475668454579,0.2723252769964585,0.9728778880768317,17.334138263370527
321308254,0,86.08339674479194,0.39118549036822803,0.3594401743332625,0.8767265949077025,24.703411796009412
321519190,1,4.074085651946433,0.37535701606185673,0.3382014568197421,0.9290107848745126,20.864062845252526
321552204,3,-57.48423631425811,0.395125809674,0.35519406056318326,0.8511379715997203,16.916126872271555
321955140,4,15.400807030237772,0.3497744299892994,0.24832858330545168,1.0049676407985013,14.324520300066212
322065979,0,273.9721750357515,0.3823505892657169,0.21941332288879467,1.062850427344952,15.220529575773492
322351570,3,45.44826667933839,0.34664544518165435,0.2754760955528055,1.0772466847865754,22.060275788959242
322605911,3,-10.842259064518402,0.34449964308936193,0.24939057689357438,1.0718293647960766,16.295205353834273
323040540,3,94.88935585054547,0.3649170958067555,0.3193536073068678,0.8810535770947384,21.856919772034246
323411656,1,53.50516165766607,0.343647062124723,0.25264661149833173,0.982253252441391,15.238141637316302
323702728,2,94.3049752498149,0.36646018923663976,0.29946521652219255,0.9272598422030404,21.04499364730293
324341393,3,184.62700673206527,0.37838466174642044,0.2646535458290904,1.12075410342836,21.931107994699925
324348126,2,8.509445807169755,0.42885881866918796,0.2004605643928633,0.7909528487916831,11.833508741757356
324392817,0,-20.422702210702184,0.38631441567575475,0.32358502542202505,0.8721812182727218,13.204261049079143
324827592,2,108.34309945347955,0.39646836465829444,0.27083169592489587,1.064187791565133,20.775871137160955
324904007,2,95.71784696931621,0.3733470283293731,0.20481960432261972,1.0357421154055961,17.27158744324197
324919224,2,-27.766048815971118,0.3511220363224756,0.23022232348978464,1.2062870329705049,18.752109462517623
325038822,2,120.22108363690694,0.3921127253208515,0.28649147580729195,1.0140074082168835,15.616151935551649
325850735,1,146.74536211225666,0.35248095473832464,0.25293513867684353,1.0622539107808833,17.511795380836638
325853121,0,212.83582565034877,0.4354859372491116,0.13237237433564802,1.5765395156674513,23.60483311402351
326740697,2,27.894542785371726,0.34945439821648827,0.13662501208178868,1.1339798329992612,13.106711828367134
327326654,0,175.37952238348325,0.3809180684533086,0.20800311853722805,1.087128167392321,19.123664269990392
327432808,3,181.40030063861016,0.3743894579448788,0.22278291701602598,1.1854660795259173,20.236343481608632
327552819,3,29.849912573691853,0.3600190592751893,0.19240284641158717,0.9980764604517864,10.087951553148137
327962548,3,-61.45839468021893,0.34870209777812694,0.12463357567161937,1.5006345690958702,20.021387889259668
328019914,2,-7.301443675866821,0.35330566364417326,0.1775146588145971,1.2974440183009208,13.089817066742004
328180933,4,232.3402001162703,0.3663303464459791,0.21271823426879852,1.0597208710333692,19.18974815323002
328387168,1,193.32587085273116,0.3649634106009194,0.21335744029333364,0.9877241599611836,16.862240420036162
328610666,0,145.38068983391423,0.3286263253848506,0.20890162671804677,1.3435060572788409,18.254073893307307
328753275,0,10.061872177010102,0.3338801345019364,0.27260931764422663,1.0249916407806463,17.401056067946186
328792977,0,160.16439838452328,0.38547141536967433,0.19899770387297405,1.1110352743981105,18.546200334128446
329116469,2,246.71525280509968,0.3959923128049394,0.3465347978041154,1.0868399484357258,23.664340240559437
329479579,3,237.03474275058443,0.37459307229492855,0.21450393179918792,0.9778329894440051,15.280511637473474
329844440,1,177.1988989827023,0.38966775123319713,0.22869814344517528,1.1044097317824921,23.833133417514993
330131370,4,77.5932842836735,0.41323199688916756,0.34063593371998685,0.9573343103290098,17.735174423826695
330131913,0,-9.434292325914939,0.3645232877972222,0.1792542195326522,1.2257025213454738,19.658638559647574
330440675,0,192.7856924125865,0.35642776331285164,0.23450046085951243,1.1090675162548482,19.374846695451307
330874137,1,210.17606172497653,0.3621497773137522,0.25327087629604084,1.126980493961575,20.729246386866883
330921769,2,-54.482499072388364,0.39677599547172177,0.35127364084613455,0.8428540999296432,15.978917202635724
331019668,2,-31.8993662856749,0.3378534594600082,0.24335224187300583,1.0659542021527701,19.71988585716126
331170381,1,-71.52861196317747,0.3199160274660026,0.11197201597576967,1.5863794729152123,13.336594278254296
331790904,4,144.47809671081797,0.366677445147134,0.17050128291132166,1.1238314260660873,19.922027077256285
333349586,0,19.079559723589625,0.3596713653218806,0.3382177063607976,0.9556648100406036,19.92324713286843
333365529,3,288.33045392799795,0.3594534629890235,0.2271726432069283,0.9725039657727355,17.95931527592922
333446735,3,231.54351083415784,0.36522381811326593,0.27606632729218705,1.185793827250499,23.998207011243167
333695147,2,157.6842732525401,0.35832468951555285,0.2681090378167007,0.976746780050336,19.912430648385218
334420972,2,141.57903719011316,0.36641911817632156,0.2301065053203324,1.211764630993116,20.958618314924987
334571792,0,198.88100550986348,0.368610881334962,0.2042489216266861,1.1697915901803506,18.771297198683715
334621145,0,0.9091642857203368,0.3780867048853593,0.23423775005215075,1.0508090690800957,20.00518574485578
334995050,4,247.31950623438314,0.3601876099666091,0.2738998233293044,1.0146052943303077,17.232912172649677
335146594,3,124.11095696863119,0.3545608851753424,0.1912101121580768,1.1116533232047556,18.392988084154606
335695120,3,199.42002728303288,0.33898256499848645,0.2343294491230769,1.2896724915946185,19.805149636268453
335867964,2,44.34362741292601,0.45256171583392857,0.333819206440204,0.9715016700879286,18.14177547383416
336148935,4,108.27432341118296,0.38127034829064477,0.21037830843792035,1.1122915716065813,17.30133873352146
336321161,3,145.26895755711462,0.37895581629230896,0.30199773488365905,1.028890445870435,19.514254811992085
336593955,0,0.06745374292951567,0.32763341253679745,0.20317172272640824,1.3002668735183625,19.098058816519824
336780982,0,103.46118301060093,0.3876277371803699,0.3277067806106073,1.0276627990486387,17.293470542433422
337489231,1,271.4054337797038,0.40816885537093955,0.13132472296619457,1.0793039110068163,20.034086232273694
337825369,3,100.38393433135028,0.35317740837993594,0.17912973862095943,0.9913741471503268,13.609115150934247
338101273,1,281.65081097225095,0.3688957939660308,0.2442053565117726,1.2430472127245624,20.249964755816606
338143659,0,227.7578817247088,0.36014472568759925,0.2622976057972761,1.1937230410625872,22.877743157038168
338510207,4,146.40557462592332,0.38303409194207627,0.13458665903921882,0.9067673390445238,9.182088085459835
339460948,1,208.00089765660877,0.3620253995037722,0.19199200857251347,1.2487920584656098,18.054257080591146
339625856,4,109.09789574534875,0.396754818669038,0.19876848846965894,0.9159990655676763,11.311793976006069
340997850,2,297.10451704460394,0.36606881245274003,0.35513095366174313,1.188702177113249,24.90079844634606
341123684,1,49.69575558970215,0.29590934860094886,0.33000391624293,1.1737204015698726,20.10378746270666
341439882,4,47.63265316664564,0.33772988991098646,0.2681152436585493,1.1520712472013594,20.41292330529744
341816925,1,149.4622528739824,0.33257778144698,0.252752082696224,1.2734294445964325,16.77262057593526
341876947,1,272.6020028736433,0.38241676389274754,0.21209696459250504,1.2820804593325592,23.89029475048416
342399286,2,55.973470939531325,0.3451356808154689,0.29176785685797335,1.1106588138457716,24.79929616261328
342537511,2,75.61530139767206,0.34642413897073027,0.17474766786784784,1.1018059725496563,13.727868710324554
343006911,0,-49.07396149422884,0.40988296819124465,0.2440028540443911,0.9304218864902183,15.150596828267343
343110199,1,45.60643579728316,0.3361824051587051,0.25645719466997025,1.1531040759911468,22.58193978101324
343123949,1,-37.745538554225845,0.3538192259099776,0.23987019801459747,0.9669131219766103,17.91284587145215
343155685,0,19.359693732827466,0.40008175523892076,0.2380302025078119,0.9670036858243086,11.936426944804326
343326237,3,300.0528066475297,0.4013940887180668,0.21769684237599934,1.065764700856598,19.606491940109862
343355330,4,104.44496595422062,0.3890169854485647,0.2755284963082776,0.9164788802364203,21.527962076834797
343928203,2,322.86904255543396,0.46352814945466486,0.3940882836980671,1.0141199111035446,21.294066581557075
344065840,2,250.96227767209984,0.3827377714773232,0.18274862546750192,1.1672494153862434,19.68253285629082
344567495,0,26.596321297429043,0.4078484943229909,0.37960362116617286,0.9181518914956709,15.878613002877874
344756877,2,-25.891402715752065,0.40515437255795206,0.28665707176227506,0.8654474996972693,12.11960707762605
344924762,3,230.09289084856508,0.33662038068542915,0.2489129259089425,1.0104084242293283,19.297533110906674
345530183,0,178.84550922969964,0.3497275757483728,0.1851885452492641,0.9311649321206547,11.089096747966725
346660576,2,80.30639786990426,0.407288734775842,0.3249071580371373,0.9035007410838455,25.58199819906457
346744541,0,172.55416873802793,0.3398748304157281,0.26114743167273113,1.1969318744700932,19.72217471169239
346973737,3,-129.85373191703,0.3150496905734754,0.07907048335222419,1.5669233341548527,13.66346928639068
347210288,4,69.76122386394769,0.3715890814242865,0.17495806913153883,0.8690422786503694,11.675776832673112
347336274,2,149.4559330058937,0.3986672627279627,0.13683832557209524,1.3495633502359508,19.609732278793377
347361170,4,209.5384685576447,0.39566311472458077,0.28417410407265137,1.096006193511283,20.392628863476872
347389709,3,10.475036986152787,0.31369731603815176,0.247856128456558,1.0865004557062696,18.377352313175987
348198056,2,141.18161742546036,0.3712111162686068,0.2647390638094083,1.1713318836100544,22.567963030877657
348809308,2,47.91728556422994,0.37967444294099617,0.38383694958029735,0.9075751159934584,21.15669273644605
348992789,3,106.27987984135038,0.35030311478318554,0.2451769594764768,1.152127087541659,23.122692843870382
349443030,0,252.25441494967237,0.38370323811320844,0.3292024323956244,1.1296596693795151,24.409945919016483
349759369,3,156.4169606543246,0.38341836119680534,0.24340877873947447,1.0385168456133764,22.11331415089026
350457801,4,219.3040408871811,0.35187585562666684,0.2888177962840496,1.0644503217397485,17.560574081189213
350689430,4,57.35530810220594,0.3280817514247221,0.25649464364075353,1.1383504927453933,19.173824126487467
350799877,4,191.40447353372292,0.3959729020195815,0.1279263326328351,0.9915533379735045,13.54297123851779
351260510,3,63.719973669511916,0.33719686789185405,0.2821451615291332,1.1378884611198845,18.433771103123473
351343100,2,102.72950585725033,0.3821813357548077,0.28142039467630514,1.0542293489375945,20.357933043611077
351687879,4,22.12191358083882,0.3726875734635827,0.21776095040890375,0.9941060154870115,11.47851378664137
351780192,3,-44.79907526923586,0.3381555036021259,0.2498851902823781,1.066434837687629,21.088159420758437
351892249,1,25.069972799926433,0.3447904101303346,0.2152104914993473,1.1807390136476497,17.663954546904936
351941026,2,196.29164440122062,0.3555520555686477,0.16879995562490469,1.2918149392205314,20.14557379025096
351987442,1,233.18453920317137,0.35244305642401236,0.2658612496390378,1.2507262720749197,19.790815662001883
352084468,0,319.1613552786962,0.43730241513959717,0.29753318138993184,1.1029647095704511,25.066782089471012
352515684,4,222.9273236745683,0.392676906021903,0.22710453791336607,0.9879477322417171,15.945039662456258
353134698,4,203.49995725365437,0.37655946717066924,0.21395529686375508,1.1306948476753511,20.26965143289419
353348926,4,-51.746987269093665,0.32471050893344394,0.10044210670808149,1.422726814962231,12.888506463886536
354177724,4,142.36514706355476,0.35436111304869117,0.2434723317465211,1.1872499765641653,21.56677567119447
354467864,4,218.74853806953152,0.45882179784852906,0.06131309096132659,1.3330964750272545,14.056343488323323
354485735,2,15.599630348187247,0.3534285485255596,0.27423864874776177,1.0897029404277347,25.32398537083085
354498686,1,164.36983926682063,0.3541241191209642,0.16737745522580594,1.2754356816742944,19.526848417482054
354785060,0,178.41258142723927,0.3669015797692697,0.23513851483642698,1.053450520056528,19.07928128128114
354906741,0,147.59678176320048,0.36503713098052026,0.20864633641409608,1.194118571250533,17.982214923895725
355069751,2,67.85360163323213,0.35739221476159355,0.19902543155747188,0.9961679285479252,13.73444158825202
355158617,4,39.094644484876056,0.36884996957944266,0.23653915635183595,0.995650966606175,11.194084650790376
355564083,2,92.93058642421249,0.3894838117370086,0.25483553972693856,1.0589705269904297,19.181504615758147
355968898,2,56.115720480542436,0.3826597253700028,0.17021035475520863,0.9238087509672729,13.44570156552653
356782883,4,155.4637362989887,0.3529236890440316,0.2905558290944741,1.2615881875369164,24.15462953459571
356916100,4,128.2850743965944,0.3764834042215608,0.15653007614616488,0.896832154269838,12.84124308412415
356993441,1,128.18178913611632,0.35412837489369897,0.17379130367109574,1.1717764907983341,22.212715109991983
357011061,1,198.1682862815992,0.3463864091438471,0.27591360325268977,1.1633692627206331,20.474568562077877
357282616,4,145.9272648804845,0.3684215936482845,0.2631855452255326,1.2296604362571755,23.927593419532958
357513605,1,59.61919720900553,0.34874238211536096,0.34016476645468435,0.9615062686211382,20.773086058448406
357543937,1,132.78971255795966,0.3768049448959614,0.21896502735741866,1.1858005973380736,19.087395241792084
358009894,1,185.870628342764,0.3324299894283881,0.2541035691960416,1.2343626810695332,16.335440161090443
358172536,1,-10.597036744102098,0.36119461694603516,0.24674303922167523,1.0289420163345349,13.040227929697977
358272082,1,112.46368197343767,0.3093347584414524,0.2377784450982463,1.2431478868996988,15.471906389705126
359188290,3,307.8154863548755,0.39657538398824854,0.28021795320637366,1.084587054155068,22.492277588648626
359434805,0,258.86362597333886,0.37102244112557126,0.2109347093085056,1.004393930183507,15.114392664576936
359677253,0,193.36602213709662,0.345225710156469,0.30208518002111084,1.1629166251326764,24.257692988818242
359720037,4,150.56071603079596,0.34877060143038213,0.2648770116246436,1.0796276415566137,20.674890650719075
359727146,0,179.95872021239916,0.3637260232400358,0.23275276703019288,1.1570670922048971,21.043908545665083
359769379,2,17.274254244633113,0.36034125157369673,0.29468262928453565,1.0022268922037405,21.462718912764803
360768817,2,15.850497378247596,0.36257607435584416,0.18511787574693586,1.0648648098316962,12.395165408863946
360823125,1,107.01113109756972,0.3593335894660955,0.1329184564721489,1.2260095102634554,13.702621171660393
360959263,2,100.97772458085747,0.34160334777378787,0.2930088365299872,1.1323194949631936,24.672126365753286
361088502,1,45.92997732205798,0.3521531215960793,0.17088569173162682,1.0683025862457551,12.40596317082584
361254383,2,243.7651677567668,0.3622124488576987,0.30405951829608857,1.0334104978357097,20.52724753760048
361271652,3,205.983001661456,0.31271226044628564,0.2772742098264654,1.24658625409468,21.36395318089352
361586466,4,-32.53940708320309,0.4389607988375096,0.15555372811814996,1.3446704230477318,18.900101698344827
362892396,2,67.43541870522358,0.34650571681948084,0.3045160804446505,1.040118248281695,22.85879094171785
363282083,3,227.3463929407677,0.3649158078483948,0.30599735080330226,1.1951066682729143,25.37300146941537
363316865,2,252.34473880055515,0.41345432347128674,0.253994294081207,0.9821932324662759,18.57294317304851
363884489,3,50.981287638746885,0.3592522146050072,0.185805413785513,1.0406326688361702,12.672195923215568
363982437,1,42.14246429765588,0.4251972673421344,0.39552974985029177,0.8952696940279288,14.372151593309002
364021169,2,39.75476824162385,0.3726684060063276,0.16521794574999932,1.187612695264363,14.591800319413332
364113470,2,304.579811978564,0.406575710243571,0.35158244292008045,1.0306187520764312,22.892525307950535
364555377,1,84.51685159942454,0.3300593467643836,0.19683007444511758,1.0816858425962184,13.509674025806918
364982310,3,87.78728707452149,0.3557101874072163,0.19865009349511525,1.022103177973341,14.562424858464626
365169812,1,232.31346054027944,0.3764455646317861,0.32912149725661666,1.1418629844861836,21.30688418650334
366601299,0,114.9741890832389,0.35264911829473317,0.22614516402110665,1.1083476955743805,20.1824603709524
366883952,4,10.326110715368799,0.3620435162672832,0.2692237601576789,1.0738994495480498,21.785123416708696
366967975,4,161.09426544086918,0.3497335827899778,0.26844202906469,1.110241378216233,16.914523513623138
367099874,0,71.58406419231142,0.36131965536003247,0.18587396967938102,1.1635501274479807,12.960189023023775
367205774,0,150.29099458100893,0.3634886838095939,0.1963217365604829,1.1862384716570162,19.29113304031595
367282123,1,-13.599935272232344,0.3462951390520463,0.20790152211933155,1.092167593405074,14.521180700048244
367646881,3,369.555511764385,0.4024476151843772,0.30507265169781556,1.113378987964099,25.466400992183747
367702294,4,117.58854727483966,0.37235471344992527,0.23941643690735975,1.1189291562747845,15.26503658273998
367735151,1,100.4247405179045,0.3505915759146612,0.25842046036055183,1.2536228673261987,24.40573193904644
367931242,4,84.81139787483495,0.32583968085858933,0.24695303049789255,1.2378857754312091,23.15255324043264
367944221,0,189.44673016065826,0.3311156872507608,0.2328530466357413,1.257742151152119,24.571817029137527
368322688,2,208.2093271561662,0.36248819001804994,0.2010304296002346,1.2309898512315989,21.099755651487595
368356823,4,91.7242859689472,0.3688512171600959,0.1499648853179758,1.1655023906311643,12.646149898113265
368542881,2,-20.927789300598988,0.3653026069759411,0.24651622564300169,1.0076622566001736,16.746502838601078
368592179,4,207.33789495402604,0.32858493923520943,0.32834311917804565,1.1876816645657176,25.78388578562008
368595823,2,65.91144049423907,0.3538478755918121,0.32352811752038,1.0085737817790996,22.359974274733222
368968267,4,134.2546946285958,0.36738693473495476,0.23437235165943493,1.1513827432665207,15.398647401751123
369213312,1,66.85544333051962,0.33823438433511965,0.278984959798973,1.203441674864245,21.619392062336782
369610662,1,60.51146651776706,0.3536668244946484,0.2260659249224971,1.2250233617584243,20.15167575940132
369639389,3,-76.70666157104037,0.32073699129205463,0.10515636203337045,1.500885082008676,16.300588780153348
369676731,2,80.62231297787936,0.37705279362937405,0.28412222285220845,1.062766779275905,22.966020641012765
369827633,1,45.031538125586835,0.34362352287536574,0.22823921829009594,1.1908598184471548,20.460999783557476
370323439,2,166.7701562219612,0.36850173321121094,0.2717355638121592,1.0898509209480667,22.632809855012738
370727281,1,95.3617526339307,0.3704646622089894,0.3119679661861126,0.9125473219137741,15.574455494348818
370833911,1,-27.263720448381235,0.5348332595745733,0.13547196726466992,1.4292727150834388,22.536721987697987
370860168,1,26.843596223265195,0.33784073149950633,0.2789211931514174,1.0463662829444798,19.32048021727262
370933065,2,259.22896686769127,0.43389006221460136,0.18226437034537282,1.0154879430718702,20.018410679090067
371139580,3,250.96695378174735,0.37160854154661993,0.24738157085763096,0.9264409909262445,18.88459929876165
371520322,4,71.77999466302015,0.37463736429723266,0.26933373622161255,0.993714579996457,19.97841888176947
371572748,0,126.74859898824184,0.33898898797395366,0.22875051031674395,1.0572145226680842,16.027001164963846
371620331,4,114.36432183755454,0.364084366532115,0.26455325781438915,1.2193073816380475,19.535118656065915
371754917,3,176.29084598910927,0.3360076202595361,0.27541325487864876,1.2149526394648245,25.49125631699602
371907376,3,86.8486680537693,0.36372631027478175,0.13678501132866705,1.6269966020724453,23.275045484212104
372375740,0,308.1938553333352,0.38259996399526497,0.2849171465354657,1.2391628848290532,23.973734178801145
372416932,4,237.43043275423565,0.3720765123412796,0.21313039198719547,1.000192802929411,14.523894327458262
372715194,4,54.800945050318354,0.34420161870772564,0.2144665233311473,1.0776420732743752,12.127916112648865
372897734,0,104.8823766883732,0.3518133974792817,0.25472184507522383,1.0223214610572129,17.068360203360328
373230047,4,134.03603754325184,0.3561988523420134,0.27139227958394396,1.0306736571715132,18.592624775916864
373313460,2,-1.8399958638070188,0.35676161605456874,0.2114473302408416,0.9756834996347077,14.865358094481019
373751734,4,107.89482316000566,0.34800288726873974,0.2218005231250967,1.2630771795065006,19.058291079345675
373797398,1,-10.093249419049371,0.3518999162805445,0.1010189828038103,1.3049864435942808,14.096308254363757
373831673,4,52.78495021234892,0.30746176281188803,0.26638076624162105,1.0954110827716423,19.84057165941836
373885914,2,-13.777990777580143,0.3534651370082238,0.21615041590133882,1.0897913133308865,15.932516674994465
374709833,4,-13.861097206077218,0.37459264155108885,0.3318153748745904,0.9134052263961683,20.689310341636986
374925730,0,93.7272390097499,0.38556992451454886,0.20713005505698662,1.2618205927485304,19.76718595843269
375189153,4,157.14757347882295,0.35246750499587987,0.2684386505031235,1.1760838703541132,21.892975728630063
375346790,0,176.11597308025665,0.37277784456440943,0.2082983041327549,1.1502537795932994,21.4870640158655
375374780,4,55.1343677443408,0.35938751148101483,0.3413880481440177,0.9582745108989296,19.47736259671194
375389813,0,128.61064882050692,0.3768862607191932,0.23948226696895236,1.1650897042203012,21.152658822318564
375630257,4,10.969564263349824,0.3707427315191733,0.17879833886656793,1.16465436813596,19.527277748565144
376977834,2,45.98100443916125,0.36491292950646165,0.3423074854564518,0.9307257323861192,21.07926231232201
377086807,0,187.07168981446927,0.3583513608740413,0.263111784810999,1.160083420711543,22.482542044671167
377154393,1,40.25754546533818,0.3617467872250109,0.1957540352538982,1.0383572732414952,12.030576135769156
377318088,0,174.5936374336889,0.36556615298111855,0.1799883886796688,1.2215607757609879,16.299593286345235
377845835,0,323.74310438324017,0.3729101325342939,0.25819682504809666,1.1648436725191935,23.329746755742775
377905218,0,10.03067822963962,0.34108779939024475,0.2922423156079983,1.0607037235427315,20.613367988151513
378178373,2,227.78672161396622,0.4088795064120019,0.19559945486580763,1.350657308475433,24.095069190770367
378689716,0,114.18675890207187,0.36694481176571125,0.17343709664613388,1.0732975507241214,13.796337719470628
378754763,2,166.16933680609077,0.35763127780117326,0.14432844279499568,1.082650700390631,11.372545945934062
378853299,4,48.63586544988285,0.33811261215354177,0.2522740834444821,0.943940660165497,16.632534319231745
378871007,3,223.42949448340948,0.35912369000957683,0.27060040450696526,1.110298738744612,23.606566902197272
378915192,1,79.70587176492523,0.39959243262039656,0.15361357308569412,1.0697650593594523,14.793169694366494
379560437,4,64.56124693622212,0.33704931492927565,0.25941088382043176,1.01992210006148,17.72200834609599
379965710,0,134.23473867909132,0.38435194310868487,0.19149050212153662,1.073226831267577,18.274218642954526
380076712,1,170.16287907281435,0.37884559406463336,0.15236172400088344,0.9592473631658095,13.287866602481076
380209354,3,-87.89198717110386,0.3130690531664348,0.06396465514062091,1.6386028072096028,17.26217120345796
380408256,2,150.18346095711468,0.3700931964053691,0.28262294666847626,1.068297091274178,23.81134260665732
380596855,0,-4.048733587653345,0.38794338420629526,0.2733222052247263,0.9688836701722093,20.425895017764653
380971589,4,84.99990925204678,0.3641248212047498,0.19419547008617605,1.0571637091988764,11.891722552073716
381746717,4,-15.851014833685,0.34844227291925467,0.21251222507066328,1.14753175009472,18.896048558323876
381822281,3,26.455943405329194,0.359530220612772,0.18947211987593707,1.0636180985434613,12.99567355962248
382336764,1,296.54001960763026,0.38859856248055585,0.1653106911010891,1.1811249783355497,21.267172326740475
382786072,1,52.46043907327476,0.3805922474329565,0.40832016028894197,0.9030909490389647,21.90772997118335
382859238,0,-13.327900584303336,0.40830953410379484,0.35187160441997856,0.8316970462040423,18.800254559388144
382866074,4,68.39367477440446,0.35001326764949997,0.28612903999979106,1.1111296356755684,23.104254321763698
382983445,1,22.080086766131927,0.3556756194237704,0.27896543227725973,1.0581300514935614,22.55591520677146
383068073,0,20.01156438216698,0.3724927831330163,0.36934739749342643,0.9259788689191792,20.3922139748118
383183030,3,181.8861145492758,0.35326881995314663,0.22513212574402436,1.2796210393997118,24.902565943591856
383211120,0,23.344930923890317,0.42815928892076466,0.38481280935514245,0.9286378263467879,17.538930858425203
383339614,4,185.93487248655572,0.3241838358151379,0.2751344531455913,1.1967070881965747,21.19753949858702
383541557,4,127.50377399691747,0.353012665248858,0.259352667768475,1.1578772946551266,23.84347506777283
384321860,3,13.119175290707219,0.3763694481126353,0.35626134302822976,0.919602534739841,23.015452135939356
384392762,1,56.61583041574714,0.3935277511432912,0.13957220056225017,1.1838631043248102,14.706667229482102
384493304,0,7.460991334112379,0.3763925478757987,0.34133297996852563,0.9286479627471742,19.95725460465308
384566125,4,112.78747320753938,0.36734026636486616,0.10112501018652476,1.4391052704091363,13.12956825721938
384803806,3,37.805318309467346,0.3821598011485695,0.16528479190656803,1.25177144337076,19.890935315133575
384892683,2,325.2964370926354,0.4462334447301896,0.309014564530004,0.9601310683526639,20.560326705321387
386257654,3,181.52023910060848,0.35821053752948756,0.24068171449916076,0.9780727518591033,15.899692022566434
386866912,4,28.86740199958942,0.34168829998899464,0.24379885190476722,1.1188322712532184,15.71855044225055
387403474,0,183.75013936115758,0.3677759397931475,0.19853699758508722,1.1413316662978303,18.522453949517033
387542061,2,15.101612836660024,0.38263179234298583,0.3316894589095575,0.883543066957655,14.709177377802328
387982325,2,68.45052816791157,0.3802139872585598,0.310958953757574,1.0468747913851801,25.93871980309055
388271536,2,42.09546478805005,0.3572404341399171,0.15242655323235277,1.136554903548117,13.470079295869082
388880540,2,-3.7119495009026906,0.3850495203386395,0.27127835415638923,0.9205237651573617,12.183725717700845
389198623,3,184.9600896916519,0.37063453727212226,0.19919580530484252,1.1320382416623018,18.137611860230123
389422500,3,144.53265994241661,0.3560071159270831,0.2661931957319414,1.0249851987155671,18.306487696819268
389523248,1,115.86218209380962,0.31795613268182144,0.2501476086146229,1.0757154232305308,16.24563183897751
390128853,0,133.1130059097577,0.3681329440802017,0.2702672144228565,1.0427799127899005,16.25890328292102
390205045,3,231.34929484544597,0.36106486320750164,0.22498786873300355,0.972743884780153,14.596735765741744
390452260,2,160.38147700998732,0.368662095337096,0.2744008292360049,1.0742598942263017,22.4683405428751
390786079,3,129.63241570262113,0.3725959865772673,0.17480456946448414,0.9455085764965263,12.134204817675702
390859311,0,215.52697430722242,0.36537081371255614,0.25177245427053174,1.2210395294349718,21.334420255550274
391030269,0,62.01952419452488,0.352327814817064,0.2082532813800354,1.1859542065271602,15.76270340395413
391108347,0,40.63428803667056,0.34123583271832064,0.27011917524966866,1.1046563777662461,23.7561844262291
391439612,0,70.28389172055803,0.39413531696474113,0.28062132054799754,1.045402618651158,20.80949615958736
391755316,4,122.72854985411932,0.39228576800718035,0.18776017570673187,0.9064602162459234,14.570541016036737
391808404,1,-44.419543353070594,0.41253141377966895,0.2066929845963211,1.1022718953975867,20.56470596980344
391913299,4,162.91970252004444,0.3786255898300972,0.2194869506102916,1.087635039879364,15.491482376445463
392174026,4,67.50263655573909,0.3468321511288579,0.29046498570948287,1.1988138877771923,25.684416567158912
392422616,1,110.40219833344275,0.3639101619108671,0.2574921053200102,1.157497154948739,21.128787824626944
392652504,1,85.70618566737002,0.412424392941355,0.2387763417513925,0.9019432810736142,16.260544146246275
392657358,3,129.98837589990384,0.345558084922916,0.23999761280107845,1.1684818677700128,19.96067952397555
392908557,2,35.14909643535225,0.39167401132473817,0.275078220774656,1.0483020840504147,19.877271671102687
393047512,3,67.70229340984358,0.35892271808236703,0.26422575170695173,1.039852560699028,21.98839911044149
393084491,4,270.5916111368325,0.37771539022566847,0.24820431600646986,0.9842434451279392,15.468413173104526
393235817,1,4.256221000945672,0.42089797867304773,0.24252722955146758,0.8238161805936923,14.150807821796885
393266857,2,170.80291663692844,0.38011060583657386,0.27954072673739383,1.1173429960952677,24.29928052692343
393468444,1,-36.33945049421564,0.36289877620423194,0.24636767866269912,0.9848681495377316,14.278043928003008
393692859,2,0.2766328163675098,0.3738110269946213,0.21067516719264937,1.199625358012927,15.430825888645277
393870517,2,63.28877795137399,0.3893918251112308,0.22970699069731898,0.949848899871788,12.20802656250375
394096295,3,8.240036429939181,0.3860115434282045,0.21595156824188871,0.8756650004944294,12.26362638907159
394475074,3,269.59956857274153,0.3828760051042795,0.21647673177578305,0.9515619157664588,13.675779331835816
394508821,4,121.06740243560843,0.3669138425452466,0.17696219648640338,1.0247605869942493,12.396475356639513
394549340,4,197.38144132710536,0.4019242346358791,0.18252946579115048,1.0637164767027227,15.506236713020527
395181216,2,157.6145608383203,0.36909389845922674,0.2765249311459532,1.0695492093462082,22.680558003700142
395216039,0,192.89909266898434,0.37746866027676984,0.18046060442602052,1.2513986885683668,22.224196703735238
395903864,2,219.43573187272327,0.3539761333813539,0.26188893775331534,1.0834201471702263,21.90598800592054
396309311,4,174.81764004763565,0.36648756930322557,0.19989416838305904,1.1705211101998145,18.449157152895733
396421326,0,138.43803760637823,0.361888183846872,0.2513778518884255,1.2077079374606583,21.382958370955876
396650322,1,215.7622536547151,0.36197504186635465,0.2701790737761268,1.0839626481314606,19.259759032303727
396757724,2,355.63370090614217,0.44038011934556087,0.3535837432150683,0.9885428126321576,23.350256682542273
397033633,2,46.19778502172002,0.34335014708515116,0.21263845988478483,1.0060117923626637,14.116023685809711
397580304,4,122.61685462666081,0.36600187640717396,0.20434033397040574,0.9678567941978526,16.416999433707662
398123321,2,292.7408006901959,0.38324963734009476,0.3178347150712214,1.1697808679851291,25.583382138778227
398381683,3,47.341030708312445,0.3938430883441167,0.20032408128804718,1.0160047053171173,19.532718025838335
398390180,3,16.2008073590178,0.3883601587543607,0.26534126309480266,0.8835992288352404,10.132106125880789
398441562,1,125.19284952550335,0.405993539513277,0.20095781556029474,1.1555755476503262,17.844409443846732
398923440,4,193.49489518895783,0.3659079388830954,0.25154705972975333,1.1799811872526067,19.89728827322479
400083990,2,5.042068737998179,0.34663002336125004,0.23820181435253732,0.9784875174188058,15.921725016470994
400248641,2,-24.350527094510852,0.37040330997027515,0.22448366510295295,1.0005598977748562,11.586619245400883
400445600,4,278.85910920342366,0.38849429167858246,0.16373092953484272,1.1427008872753022,19.12968159477977
400718320,3,35.99431501579902,0.36710400563518425,0.19091927584453422,0.9909048807482238,11.284574858620864
400901906,4,167.79816620924896,0.36151238142896924,0.2697218287219363,1.1310992327531402,23.390992840527833
400957282,0,314.4985965975071,0.3997618840124532,0.20959205888178795,1.1817604866013045,24.021119704682114
401075968,3,-6.19485913840299,0.36035616183745,0.30714315875268916,0.9470516807101257,22.331610700698963
401205052,4,37.857847045747924,0.38261846026209023,0.20573049550670505,0.9499214129923009,11.482202771913451
401382872,0,143.50517347462244,0.35530373812324556,0.22023709767275623,1.0631892102062543,18.73118929442949
401549184,4,-53.85446587879838,0.35370857406752265,0.22184090510759502,1.0508062514756689,18.623277815829532
401691844,4,127.2492461880897,0.34854545510102114,0.14114921346409193,1.3433766926049042,16.17986861938339
401918606,3,33.55885132798633,0.37633355741201874,0.3821919751878844,0.9014117095660874,23.28959131152849
402031428,4,247.9716176750351,0.34318831019317864,0.26935549324714847,1.0985007174202601,15.709493104413369
402151358,3,289.9517044323647,0.37947641401706445,0.22994048101353814,1.022032241652636,18.548662741386895
402476752,4,-24.40774345827748,0.3448846430559628,0.2520236003462019,1.0219238333941791,19.845413382826518
402492102,0,47.48036987886581,0.35386204069197497,0.30733141086337584,1.0337051713165575,21.41631215587584
402626556,4,229.1662736058943,0.3886054465135009,0.26777936145529624,0.929697031031202,18.309813128956158
403135402,3,11.858207872872342,0.3742698573403851,0.1963066557949619,0.8871013464628643,8.615966809342918
403160938,0,46.2014081734974,0.35720643054947887,0.16919204293507337,1.0619561284536798,11.475913531643045
404125467,3,28.739471232975802,0.3534124192687759,0.2321469275388382,1.1397579124267643,16.385198819214608
404307501,1,53.94440424079451,0.36561714489621033,0.3674855027675515,0.9308627841793284,21.310436119832513
404342250,4,-1.1290577809055549,0.39921197990309465,0.22233823955141682,0.8342784800319218,13.412137552916183
404367957,4,92.60622709130557,0.383802706298254,0.2254147480684979,0.9468247113433326,12.222125876162362
404981014,4,-23.356799526843545,0.3543357514633089,0.26089577100636135,0.9785408605771944,18.538060860815534
404993408,3,179.75029323265346,0.3570171413063513,0.29884818709470234,1.190553276808323,26.11405825812065
405636435,2,16.943786610846928,0.3402155956942364,0.24976214181783699,1.2044271284888737,17.494430429932123
406335515,1,71.79833130815119,0.37206788901631965,0.26876850577365996,1.0981927400281388,19.591679392467665
406786412,1,158.10032320472715,0.3535060185862772,0.2095957786881754,1.0547325801819742,14.665266371901927
406938063,2,169.18644858754305,0.3450000368458802,0.2684229196114502,1.1466582335100857,23.291939557861305
407026307,3,142.06143052639507,0.35112762721301655,0.2311069733730873,1.131853775910005,17.806444750094812
407061099,0,194.62718737986845,0.3464286327710872,0.25538059076541597,1.1024936208786074,16.359877575132277
407729292,1,70.18795434188186,0.3409785364287789,0.2695145606765843,1.0442114677100724,20.234431873941592
407820973,2,37.823716056273355,0.3467393459969921,0.1952610440531666,1.1292410005750984,15.608327439038545
407930180,2,111.99545959046436,0.33667858533611306,0.2609276179829547,1.1531265104883417,22.649038275294256
408163304,0,86.32113881079675,0.3655808024297758,0.2847654960159142,1.0579109491145036,23.10342903077257
408357369,4,174.10883170445544,0.3691422575986001,0.21166922439329464,1.206880568187303,19.550367112964015
408389877,1,120.02581094536733,0.33932911298904306,0.23674912619907498,1.1575044190048085,17.10795492413942
408594368,3,75.1594210156421,0.3472364802754961,0.29394407867493155,1.1197735397231914,25.5491323387058
409036126,0,83.00512817634248,0.37046139903994707,0.2768149966181418,0.9955188334767543,17.713728868145786
409348345,1,-16.68252461083324,0.31477954669444874,0.14717643007288764,1.379977843249174,14.664502493251222
410114761,1,38.805666352021845,0.3993271531949999,0.21587521958822314,0.7953782826422579,14.436960450628586
410273784,1,165.42038218889633,0.3627190746649184,0.28620488032668345,1.2108363781556533,23.95710703145351
410419753,2,-105.81625496029282,0.3553768345818953,0.10404098311696844,1.6490922174496,15.97005287098451
410618641,2,127.65445210479963,0.39421301071584564,0.26121987116400075,0.9859710624460265,22.604459705121734
410876568,4,208.69873061782482,0.37310560566232964,0.26865958324441924,1.209837460793333,24.61140850883159
410915024,3,222.02968013900858,0.37894200040687637,0.2250727391448128,0.9720537693790339,15.278660362401528
410978773,1,123.08151461080067,0.3588106690692518,0.2883390131843903,1.00998490386382,18.83516428620378
411320818,0,47.0727016777595,0.3700664103134648,0.34580947738506207,1.106988740786296,25.02325069028823
411535293,2,101.91054691096635,0.3512120078835998,0.24975840259749302,1.1630902397331744,23.556628613787744
411815101,2,253.04155096969606,0.41457573922071167,0.3379751806176986,1.1072908581361582,24.036053967675066
411845496,2,-24.005254304557553,0.36635324156255233,0.23897382756435082,0.9747881957762049,12.839176336048967
412332648,0,55.51007265073423,0.4183457616535438,0.3626599596540613,1.0097838444480671,20.642744924610952
413205726,4,169.58359450637306,0.3593417472307284,0.24793839561468783,1.0232661379492858,16.194311645505035
413548295,1,114.29633483287799,0.3504550226460047,0.27729272196644805,0.985356749872219,18.141947482587206
414071257,4,191.30211886536046,0.3667518040942805,0.2167904914200032,1.2608766094730621,22.346956431738228
414579766,2,115.81956937292108,0.3858568961499605,0.217776996818342,1.122705989565833,17.917892303792396
414690406,4,247.56883801345398,0.33764614390619285,0.3064403894905674,1.0995816833373244,21.337376596427937
414711304,4,241.2128318202316,0.38301577054089425,0.23792512482798334,0.925240846445145,13.36803743616774
414802450,3,13.200140935100038,0.3720462235287959,0.22360986099582386,1.3287338541072125,20.34734263423033
414910324,3,-39.89936426627557,0.4025619744112424,0.4099379132515578,0.7839849474310446,14.756603308691824
415110926,0,218.29250448447021,0.3623470600236875,0.21624605370174665,1.1959808943142576,20.909827004703725
415720254,1,207.86804226588453,0.3699249938108463,0.19012153106128998,1.0008841815764191,14.779634911517945
416197163,3,62.37087142619548,0.3645347430030673,0.2828475452668595,0.9276394702430562,16.903454903013433
416481975,0,170.99468178398902,0.36720505669070674,0.18614626129104148,1.2292971903306986,19.051148699267717
416508716,3,-26.68151903534296,0.3615709712920291,0.2165673011443217,1.3154082305043426,20.5099210626993
416714038,1,37.95517156891795,0.334860339267643,0.209024485774859,1.1156556013437533,13.08688883245701
416985872,3,115.40255336826827,0.40311278069294554,0.18668064541272805,1.0751409530688119,18.059750359209268
417097500,2,0.6322753194584863,0.3814421261386133,0.1998063466555712,0.9312114834352844,12.332548265378641
417759199,0,257.4990091340283,0.3760046818895012,0.1427610895221205,1.223067998629672,20.65699225785714
417837947,2,257.4683130097337,0.3913615741159939,0.3522055589061894,1.0996347798659596,25.277131991539633
418211347,4,-23.825373996106407,0.31148434140810966,0.06780376588603618,1.5160476468841373,15.95397212730484
418914987,3,230.00830386572855,0.37740549172870347,0.2687087526025263,1.2926322952217384,25.867503438722657
418998358,1,186.16764033968002,0.357223866912241,0.3010047541481058,1.218569212678369,23.231261482354427
419242334,4,81.7222077388978,0.323398377702684,0.24067031193199898,1.2394440424284385,18.366123173054465
419308262,2,29.82084077261267,0.36076446086637914,0.2345526884825633,0.9245442980408825,13.639492403920206
419514472,2,172.7533179338432,0.3629798622079944,0.2109199249172904,1.124332459230649,19.288269937536427
419730462,1,76.88669969793742,0.35397657279646827,0.31572693163573173,1.0356225412590148,19.18925091664723
420554258,4,112.83849686089032,0.35430788294081966,0.23249738127433636,1.2006994740159855,17.101059551365694
420766140,4,108.6206455887925,0.34300260145619255,0.20246959147599072,1.075666962924375,12.626713243034478
421125375,2,23.84667880522622,0.33491486952112787,0.2341415000002577,1.1327374376476063,15.160218317590761
421588558,3,235.49711710223517,0.3746888254571054,0.26235542617946356,1.2460332918164545,25.98119877474312
421601596,0,201.11034697623904,0.3616795279562865,0.2403909936332476,1.0613811736566965,17.17299653697194
422376704,2,204.03408322039502,0.38124916756317556,0.252974765887819,1.1780357261670493,21.466306904615013
423361710,0,102.60842735122168,0.38548453403827926,0.216562462301417,0.9362212370105453,16.389518491215902
423638166,1,268.4775104343453,0.37628918911445364,0.25702491997727356,1.0689116826365341,19.147240184905712
424246919,1,216.44940305149714,0.36832907091862965,0.19874838505481277,1.0514532467531366,14.48883743629203
424737952,0,207.43764204299964,0.3886526450333779,0.24781283356773712,1.2456617914868355,21.158551125312826
425753328,1,106.76935789756651,0.3700243873830667,0.1803534650094533,1.0804845757705501,12.542529109288365
425876006,2,291.4355325473082,0.4027654417006704,0.3475805379990059,1.080456015609085,22.110582098347066
426452864,3,111.46908327866834,0.4319430039849509,0.34101548330841724,1.0181920934047872,19.637485333848524
426568984,4,45.11138164175298,0.37932307050007263,0.32929032208891507,0.985984211596823,20.102823631540257
426591461,3,329.26276306621827,0.3818783907230251,0.2917362974993436,1.1285729406288925,24.677588008669808
427022128,0,93.22698966823229,0.4072063764290385,0.3199603580704979,0.8907041253838636,28.2532028964279
427272579,1,-1.1134081999494896,0.38310355435433147,0.26574093268400306,0.9202891659817602,10.939852446609285
427458054,3,66.69220724149756,0.4093043838332002,0.2284846257943643,0.7721371377441423,16.767798043266186
427930827,2,173.52097511504167,0.3751932950147643,0.2963435735696087,1.0793774472004727,23.855141735743125
428473296,3,151.4217685867336,0.36117302736769225,0.25547640603267957,1.0913630648043093,23.666545194633382
428642513,2,50.20144716708807,0.3457427459337862,0.18718197888980487,1.068936534718076,13.006505734547327
428683484,2,225.14657501585657,0.36734031197446904,0.24540500293713557,1.1291548748200257,20.47746693638674
428785387,0,152.77599622185988,0.3661459492497108,0.20481246344237658,1.1704567692629722,17.622402594140553
428829541,4,352.92864927461767,0.39622554615178307,0.21615279261305087,1.164075988333214,21.08614525852204
428976415,3,102.434998079717,0.3549087843321908,0.21223468997784092,1.0615158205562987,18.22253342529619
429074783,2,-116.59492408370242,0.32887520443890916,0.11763879502489236,1.4177225923889596,13.334493875267247
429504710,1,66.36961826006565,0.3075414758436189,0.2499529465903373,1.0501945639114734,13.12845611864759
429609044,0,297.37054191367815,0.40300504174593743,0.2404502938926177,1.0938826930105578,22.567788339833882
429737042,3,372.6558852613573,0.42645273872685363,0.19589016482611166,1.1293134483083638,22.585722674744236
429776664,2,-3.226519424027856,0.35566710966497467,0.209568347268233,1.0125876873663426,11.643606473102587
429914397,2,79.90142462715659,0.3676136438865896,0.20048797374757077,1.006328897634309,15.627457104515873
430188200,2,177.66994549378518,0.3471274037058714,0.3040787080551634,1.1429278960761406,26.326546065036638
430475615,1,220.4445619814573,0.36735804414170997,0.24247174878211855,1.1952157308266056,18.387719806638376
430498669,4,46.22985454771155,0.41987296225854687,0.36352915798985835,0.8935442137131826,15.017833270734425
431067883,3,57.929022545378196,0.3575770463205574,0.3089089865012339,0.9503545585350924,20.427474751875522
431258453,3,93.19290473728917,0.3389828327616826,0.24284409354125408,1.176602153885035,20.949024383763618
431336110,0,-15.103331978813102,0.407429481575571,0.3507043756308947,0.8329693688320837,18.682652975626265
431834567,0,25.119553537724144,0.36378693467122114,0.17544429206474926,1.1175800694281506,14.038631938374339
431972606,1,202.4159390448838,0.3520394582423834,0.28466961580659855,1.302186326291574,20.702062956148396
432187357,2,18.072098210119194,0.34951715206269224,0.2811169412259497,1.0129658237473778,20.16085284126031
432686237,3,176.04936552041434,0.36364497111842375,0.2464630765413328,1.18104598292346,27.90610418349943
432789142,1,-25.710570756998436,0.2957704331590548,0.2845426341822296,1.0633040076630105,16.586393787333552
432947505,4,159.96804055029193,0.35619520358838813,0.2239421265882396,1.2655394961426198,18.745595163608805
433053026,4,97.65247607342882,0.3541790731278054,0.20111009688314122,1.0940858820243364,14.09310497998323
433063842,1,215.28468917683867,0.3733525813254603,0.16188102981627644,1.2138866469814484,19.901431570948862
433310037,3,224.8377140746041,0.39527874071088737,0.22274076875993326,1.1357264605620032,19.337222477570396
433650150,0,341.0807581957329,0.39393222571492503,0.2800061904868292,1.1042089558145305,22.907494892393387
433804845,2,26.949684907730514,0.4536199546452828,0.18031183108906024,0.9328907655563555,14.92114078206158
433899559,0,266.35777456551574,0.4597940294032041,0.3121685379784787,0.9713981818298731,26.38847446338886
434366510,4,23.50520929356199,0.3468631031665433,0.24294781073313917,1.0453674950246044,19.941758683729365
434463983,0,37.861899662309085,0.34112909193583313,0.31000516581953613,1.0098857080464094,19.03088744686639
434558166,1,-30.046204602106982,0.3355549305167758,0.21166936568192457,1.076539673204355,15.366705349599181
434569704,1,174.47929426181832,0.37428661200091895,0.21552165002356438,1.0445612796140642,18.270542186908283
434774652,0,85.94125025327253,0.3541203331782232,0.1781375834286973,1.1288394260798231,13.390139189356383
435176754,2,193.61442726549785,0.35278215558401715,0.28218013735896125,1.2114273618200295,23.15662435093142
435414001,0,156.55809137876093,0.3705343202423092,0.27715132943865084,1.017131351553343,19.67838266696483
436053156,4,-4.141214996234041,0.3630736458587867,0.28487618845692697,1.115000132189119,18.203369161109542
436095263,4,83.15180505924945,0.3695312159998585,0.1877146012957515,1.169494039482196,11.74831869101436
436303110,0,178.84937559585768,0.37085854420468317,0.2277505981328063,1.0695833093742582,18.199890715034492
436672073,3,144.9946411700034,0.34699941943335566,0.23790234397941293,1.0758735702352982,18.376446212241078
438056577,1,53.21858339923925,0.3507272780287708,0.23530717516247404,1.068470056237442,19.237288848909568
438250982,3,190.9979365885555,0.39168876999120905,0.2507335206983897,1.010534320104369,18.84921248768476
439011698,2,147.86876329578544,0.3755268930915141,0.28028249440590264,1.1736444228032195,23.892464650967618
439136445,3,68.77353142340377,0.37824917009172393,0.16805104147933525,1.250616905598697,18.821582303263323
439339917,1,95.74087199441045,0.32636244737002185,0.31741913836917074,1.008894031516472,16.678437649126817
439415309,4,241.82170556370326,0.3947934622546286,0.17714677151123803,1.0897791265505963,15.497472233734257
439660621,1,247.25288566419,0.38736504825161777,0.15675323945035113,1.1163031602061715,20.144717159388964
440187772,2,139.35762286387353,0.39078602934175044,0.22876501219469286,1.0085439511121659,18.116608970283227
440221059,2,38.9561714715869,0.38255728694090635,0.36129868992423986,1.0459141131993115,21.15210857542997
440284269,0,28.775439456465683,0.36997095444331424,0.26953988536106055,1.0405086406782482,20.661695210078147
440459365,2,53.46216243198825,0.3713529824674182,0.1804820238100905,1.186720890824209,11.987378435113893
440694575,2,7.975971879498843,0.3450215141364048,0.19662764279919082,1.0900357690213496,17.547646087629168
440852775,1,184.2946062082204,0.34721668846742676,0.2333294125653664,1.1522582542391648,16.526044370294215
440867054,0,103.18274053655725,0.37425716299800665,0.3296905823131028,1.1219957909735465,25.426550333367864
440998252,0,-24.08899049553564,0.34238285902025134,0.23999387567185454,1.070761311867707,15.560867772268526
441045416,1,98.6720523793025,0.33597787184359346,0.2900098237466902,1.0865978784138741,15.686587487384584
441295392,0,141.83115857405627,0.40934755525110683,0.19336974005551819,1.0703116768363143,14.354495089794096
441800426,0,62.31896373274242,0.34152492711471405,0.2848880839815944,1.1589942221690142,22.305482734459364
441855685,2,-8.531444927713437,0.3469599131094982,0.2602563653879006,1.0496338863514492,17.11796219575877
441924430,0,-4.184141884069902,0.3905960603292995,0.37610419400515077,0.8911288797844099,18.074017850331465
442093631,1,69.48333733676319,0.35612854508257147,0.2554196466822276,1.0639136858835232,17.608953099593347
442452634,2,-15.57197149646538,0.36754450691076024,0.11457248985774982,1.2987223322107204,13.837819489153079
442573599,0,39.05361826192044,0.4368197527546608,0.35184559752061606,0.9762953999413586,19.853334424388787
442588281,0,70.60155183806806,0.3550928183083873,0.3189536422401497,1.090884754535407,21.4785962142644
442933041,1,96.9627964496441,0.39286562310407497,0.22747988137319922,0.9988555853769439,19.68166661851034
443073633,4,376.9473518275704,0.42862305551117236,0.34613441004552575,0.9642504471109694,24.668932681138585
443095393,1,133.5366613901913,0.40608550281342015,0.28865461752576527,1.1205109528403823,23.206778591351924
443473345,3,271.16533643054635,0.3769791170907182,0.14818762275656974,1.1943332762063612,19.028903919076072
444454370,0,-10.998960736641862,0.33735818859822486,0.20025580064349763,1.157474992517306,19.536114699974572
444535836,4,158.49343577667213,0.3655499990309888,0.2045486473421708,1.0695304377931332,14.30314190489546
445398297,2,75.76150824909247,0.35472891062147904,0.19287628570853504,1.0936056457579801,13.100575192305929
445451403,4,217.9134720269526,0.3449892191436086,0.2947957229150626,1.0833168263020136,17.897408294429173
445559767,4,59.300328279666225,0.38657963372797427,0.3255030965742616,0.9076348385611783,14.237048376067062
445698643,2,82.45860843364764,0.38438498105864205,0.26352714169226793,1.0398948808673312,21.875940802741383
445846164,3,211.82873054062804,0.3691097790949233,0.23440211549265333,1.0954004584776356,22.281409450597458
445938720,0,348.9276929734749,0.3902325175333589,0.24260019540427744,1.1606290274295261,22.878256156116755
446207313,0,236.16879307622088,0.3770272017614563,0.21680428325947088,1.0422082569680327,15.718149461618744
446600296,3,31.968803130874406,0.3557063813446425,0.2516227394606222,1.0834594502619481,22.091930645651992
447303285,0,5.557798894617733,0.35538458552378366,0.21289515893923555,1.0505028961129894,12.003710809406567
447418869,3,123.94167275926011,0.38182270814928004,0.1979916571220698,1.0434516437706765,18.356978750874227
447438744,4,178.15126520608254,0.382656969746921,0.1794348320012721,0.9733494941022449,14.910755868956823
447444897,3,108.33285635963657,0.35850427549438724,0.22447114819683064,1.1937436887245338,24.96069097418303
447477268,3,260.9347747067368,0.37428504594687845,0.24826283510414743,1.1856913984744406,23.182256827912344
447614903,1,-0.2132245509938997,0.38943442432498887,0.3042766862774763,0.923759454166082,18.870664778520776
447641645,3,371.6913798510611,0.43657758848169637,0.22487182622906954,1.0150950235603207,17.669047609659984
447643667,3,14.581694914248786,0.35204634881984137,0.2601516542933405,1.0417913911029915,16.11193573601001
447646076,2,63.80316387536541,0.37720786396959083,0.18082877194694752,1.428462384518689,18.834472539723315
447692460,3,-3.066243210431537,0.3886111311116466,0.2742508412103795,0.8982404715094342,18.172219458940393
447769500,0,40.922575607194105,0.3678834788832544,0.3615846607774559,0.9566036636758956,18.76543143012455
448340777,2,43.41618237928804,0.3785297822375694,0.377646727158394,0.8958472412146301,21.585066092007494
449447335,0,196.43910596113176,0.3640318908296762,0.22759921830155883,1.0132052780153658,16.504116423567087
450028530,3,95.1464558468175,0.4073567751902771,0.1799854256293581,0.8374658178935094,12.613983739515904
450668833,3,75.25269720631266,0.3633354855478907,0.2764632829847729,1.001455669420352,21.45647905335249
450754739,1,-21.59711882227107,0.3734109095425967,0.31048879089575415,0.9716032448483674,21.997028545945568
450878191,1,222.58508762090906,0.4045181148773901,0.18523078063280474,1.0548686754460508,20.039056972919784
453918545,1,231.62501846793234,0.38441446748839175,0.26385692977465625,1.113212039880588,27.40772342842904
454048621,0,147.92089239975994,0.3497289229064762,0.2837086325744754,1.0739134062063296,18.88217907495685
454723677,2,93.25045333220322,0.34843724234250145,0.2787092017267318,1.16984461178722,27.64168770638691
454925520,0,112.37489456829294,0.3445596390032081,0.2954503207820282,1.1452805271244968,27.99547171710438
454931454,4,237.8744829983693,0.3733450041995517,0.24752462095584254,0.9580618999082456,14.221042030818058
455272434,0,194.97257618120256,0.35829663347180907,0.2542150840354584,1.1565515602487932,15.67313780027789
455575558,1,208.1509403561211,0.36097763220512835,0.2054422983468984,1.0196356739867045,15.365279988899744
455581331,1,59.249267757768294,0.40364164330879937,0.3344867818770639,0.8763299284581005,16.29844208433742
455634892,4,80.42155348824261,0.35358925118839035,0.1957570085551002,0.9971018994230331,18.66703596196898
455687362,4,38.12153099667538,0.3435013545873992,0.19670521351357143,1.1079481607294088,12.601735854857173
455760856,4,101.29964490607627,0.3573558997679002,0.24582564589789715,1.1176736516799117,18.928447727233525
455774790,2,196.71832859503564,0.3711626068140442,0.2914844466989215,1.169072380692674,22.71659447898952
455931063,2,-11.638323565339775,0.38980839490930075,0.20543468265727016,0.89029698241986,12.717820311697817
456072913,4,129.73326871510474,0.3599684256814815,0.2188728106390683,1.2436924721190246,19.634023922996455
456108334,3,-26.302534608766848,0.3954890860886845,0.3451911876484483,0.835689660810721,11.661194963863466
456414718,2,110.12948430662628,0.3944119248471367,0.28537722025258155,0.9170695538773486,18.01197234724124
457126750,2,27.880680330398945,0.36396790362470915,0.24326076275032213,1.1533861590484886,18.866821294817576
457390290,0,46.14532285012125,0.3344873230226184,0.20144362256586382,1.0724014681566918,13.006347054881031
457518738,4,61.034055110093135,0.34775462722349026,0.24740623331852427,1.1680988004185664,16.77367320053843
457660714,0,193.86087097715983,0.3587645469835207,0.2553714625181254,1.1698063880862506,22.927329935430926
458141446,0,22.172580320058827,0.35602695242701315,0.234449506389054,1.083785351828996,12.993299022821262
458250694,0,153.97692374290722,0.3390539041550593,0.2608510676721116,1.2002093959251863,17.347719503993257
458811601,1,56.9327271924007,0.36591956712657403,0.3684448365541098,0.9312610025540448,21.290048000678436
459396662,2,205.30313536056516,0.3542904942238822,0.28504328847740446,1.1789071719827715,24.222051788055566
459959706,0,231.4434492367114,0.3911699801357029,0.18815782416133123,1.1058168985817987,18.437856504212608
459974276,0,-25.1926802227983,0.3904106827753956,0.23144278659955192,0.8752426424066668,10.396426375711172
460632304,3,104.97408583258162,0.33045401335705066,0.23254273676682674,1.1899512663358205,22.569412063206727
461284204,2,23.12954769523482,0.4461558539844547,0.26355787286597865,1.1780096914793412,24.94411286224713
461293601,0,128.32691803866967,0.3599560026313576,0.2350787083378729,1.0814795540228304,16.828821730651885
461562711,2,0.1333490168518381,0.3651712066984503,0.1971766325882267,1.0314104509936806,12.623551397249406
461922685,2,194.3897277865957,0.3754990066763129,0.16409701980078617,1.1810479789271007,20.59861068979147
462593659,4,18.61998364782447,0.38669188589305303,0.25061363363377287,0.8663940880608951,15.403271260162976
462771322,0,156.96211349137297,0.3487224094941668,0.20984776562928326,1.0972099674695839,14.124582639868832
462814038,4,-47.13209752769595,0.309621036415528,0.2253542795863453,1.2171351673403423,20.18461976428115
462826166,1,60.18749629956507,0.37346799963698496,0.31214762695782605,1.0678804952207526,23.773918145239087
462869039,1,-7.740797535051243,0.3316980070477556,0.19240851998288283,1.0379381354431712,13.671520729594503
463127063,3,84.61522510737984,0.33945968771703056,0.27372050590661945,1.159195073270064,26.055085537720473
463296831,3,15.277239108582549,0.34258393130249976,0.2549312848057047,1.140665852094007,22.319899865987566
463338969,0,44.733076719542154,0.4013266511439136,0.40241844952580796,0.9395614678949937,16.316672548637467
463490376,0,111.09676301382157,0.3487535410281032,0.2012555306333845,1.1686322171934365,15.10793056222895
463727468,4,-15.762132312214078,0.3123977981117583,0.10617333672149143,1.3823872013210532,13.245211248400295
463770035,1,118.92075470756332,0.4131613594022212,0.2206076432179622,0.8424447113339943,12.79989573231633
464374325,4,-19.94452860791634,0.358437867305959,0.279310577621339,0.9735845332779335,20.163538692393864
465735962,2,10.659862525834725,0.40009419383148126,0.23829167872067533,0.8669055406895096,20.088095163665425
466297996,2,265.5205275105799,0.39558488788658286,0.16197917891094868,1.3104523735625975,20.81104989296999
466352320,2,-5.353999340971711,0.34399586594812626,0.2465880454301023,1.0772360493725848,14.989962393596873
466488035,4,227.73905429417982,0.38071754074552405,0.18873285849111238,1.1021244611282732,13.27543274400712
466577746,3,17.27526916556525,0.3741890137198121,0.2134745106935093,1.053717888430411,17.235619836770017
467415058,2,166.74595796396565,0.3428838245519695,0.2662839825621836,1.0835169088293555,17.092552012404195
467619338,4,25.916270633124682,0.41015859666966664,0.22524287279134383,0.797627866894049,15.377614674546015
467841477,0,88.73658675189878,0.36714896555960996,0.18327804281616894,1.1059924585591616,23.932776067022274
467957331,3,190.59755152169302,0.361468607508607,0.23648092941091903,1.196552606952303,25.867064759246496
468123146,0,145.2623185353132,0.36144938740195953,0.15031921711352264,1.185807812958078,17.73823410996101
468202587,0,151.70737995903104,0.34675886744120893,0.25355446695208755,1.1575762656858093,20.25877174789612
468435322,4,71.20609544113775,0.4193513169709594,0.290625870614277,0.9786806860703197,17.43278115750212
468647784,2,71.70969374056062,0.36149825051441176,0.28806521531994933,0.9725666224354446,17.979351707050256
469117883,1,2.9572667260290046,0.3557283208073683,0.2785299396073826,1.022662250882055,21.07050367878496
469170848,2,22.760687029354244,0.339458920989203,0.20163892583681978,1.111114125438882,16.162987313109124
469302506,0,193.47666070338153,0.35838209470970783,0.26432125301333026,1.1885951207491934,21.50285311035111
469358545,2,225.7290829696788,0.3364727762416035,0.28704273187155604,1.1046910421000862,21.780559276534447
469373885,0,60.47239909146752,0.37236367674929083,0.22345820780458142,0.9681202433579005,14.934978423250062
469522235,0,185.97495691611007,0.3527532364183599,0.24546062638486524,1.0945386977218319,18.77777547045309
469762118,1,5.288290533951724,0.4100281419327131,0.32628302148306015,0.8095296335816401,11.431546730279308
470248513,4,28.046849898162165,0.3869432948746131,0.19228531550560457,1.065122726424875,12.279846496701694
470644305,1,34.47139113531328,0.37724856138095975,0.24015579985082797,0.8061331055394695,15.489697867562015
470882237,3,35.137788296626134,0.34804726027855304,0.18336140217826263,0.9014128405106168,13.391271585367232
471167389,1,274.2440174148384,0.40403034891829337,0.1225047950299713,1.0719716750713641,18.429986529884822
471229336,0,38.492025289735835,0.3638554444682249,0.3044720886637256,1.0016402603777061,23.18883011014003
471232533,2,87.62749842487828,0.39043280320863094,0.22103311524517844,0.9624262234829483,18.6251550008828
471408495,0,141.1640953413695,0.3701687526784879,0.1748143379147779,1.304996654191654,18.60508397701898
471856670,1,97.0637859037516,0.41156605710696675,0.1400685960595064,1.3364224925323334,17.815757236269572
471964961,3,316.2081453227024,0.3794229570075472,0.23193325803564296,1.1807851175184245,23.193388054716834
472043812,0,227.80531704012418,0.36192056356220276,0.27148828155394544,1.1790203966818056,23.129061295078603
472240930,3,200.5686663947502,0.3651452013609623,0.2055947060312871,1.121437524507823,16.606730191414286
472323951,4,133.28919076803413,0.34186766549472025,0.2333978174983356,1.034585068590259,16.916806701113256
472677846,1,58.21900533243988,0.3730271682700608,0.18623075957257593,1.1035630637327156,18.017135308742944
472726378,1,68.6041794515898,0.41643880632592895,0.3369354265517346,0.8299949302664571,17.38574134100367
472812489,3,85.6240225937105,0.3264905825276238,0.1660206860437236,1.0529775721415524,14.976067153857832
473402909,1,217.5360551507082,0.39172985651628367,0.19645498160870756,1.0554793233827864,17.619879772725287
473547925,1,143.25490725175501,0.3110572986892083,0.2816981360030706,1.2109819766387138,19.4185974604542
473567594,3,120.08736599662643,0.35195269081773833,0.25365731772974487,1.0836594273534426,22.68485999790731
473657934,4,240.26980742090976,0.3694642103859802,0.24389405178548176,1.0567402024236767,14.648875167251301
474558626,1,111.56260796121026,0.3380145214633737,0.2590540393345054,1.072184686463117,15.364318143485228
475124319,4,103.48022807127104,0.3540864333405679,0.15643310794615303,1.0946207719192764,12.741511562625485
475611696,1,175.25803895577963,0.3545880097562794,0.2978521667893004,1.0124745995762876,20.404822277140045
475921569,3,119.40867238449755,0.36786910506310566,0.17453344326639364,0.9503164674533893,12.56211810345503
476061574,1,17.168592337936772,0.36554775079248464,0.19040888661554173,0.957930863198259,10.404024408316877
476584063,2,219.8626195272277,0.36546567818952597,0.27843620252035145,1.151568404260712,22.96217859259676
476711294,2,52.04917541809627,0.35936624129684014,0.17081608437008672,1.0209614451970859,11.740897323544097
476733840,2,11.915689721192265,0.33679105964771006,0.2188403641929292,1.0957408930251888,18.189345337212234
477018729,3,23.23250453419692,0.3423877478158237,0.22907914843442156,1.2113713209218586,20.510326629292294
477055088,1,50.56096115264175,0.4465883219600345,0.33940805808661817,0.9429579223929637,15.616878816131877
477209068,3,185.3438112565243,0.3928591490118086,0.3030214703791111,1.0476536768687443,22.86233551515727
477797468,1,47.259738166180014,0.42265490907441616,0.15550435424364564,1.180216689227612,12.78232256401484
477893372,4,78.10708459475279,0.40330452594511773,0.19353143403878065,0.7852233028696098,10.285149932877449
478096853,0,35.47573365023672,0.33005725809132985,0.2573450587510051,1.2003262927755884,20.20003777580357
478367903,2,283.6228184060066,0.3928938801930062,0.31118443610235236,1.1177848606110268,19.1694873501971
478448217,4,86.39035597645751,0.35610805743020435,0.25617798923058693,1.1374916262868953,19.27353416146072
478818056,1,279.78453041109026,0.3854907059066312,0.22964032676189486,1.1586940139733943,23.266348292399453
478981386,3,159.80927950793526,0.3610689691996296,0.26075583846683204,1.2025096571700349,22.976109262485068
479722574,0,285.4190649319961,0.38983663040290223,0.19952248520574753,1.1944404752504183,21.25076823769645
479745021,3,221.25278945841615,0.3731276490944871,0.3028414847798825,1.1853807715101172,25.065445301943022
479794111,0,102.53529352298786,0.37015838968269216,0.30880136808168884,1.0245271748123137,22.73477617352326
479814581,4,113.95784898296748,0.4002234112677967,0.16332249064551344,1.0876451205539794,14.238648424595816
479850250,1,125.30197838385415,0.35714000537491436,0.24917977429855823,0.9979579460672285,16.613092813860316
479918416,3,37.31107242626304,0.36567303564690207,0.2805050097903008,1.010848279005267,11.462228920536848
480111697,0,52.93123930057117,0.32080650970465496,0.21381784166782042,1.243598606669142,13.635095972982098
480125029,0,21.345493583961087,0.34523865147314275,0.28231095954442265,1.0505877445968748,17.999300750696637
480361178,4,143.25833681384427,0.332330537044641,0.24567140558682615,1.204239466531762,17.958229811249595
480471385,0,265.9630106902346,0.4000001697677196,0.19773931559196925,1.245930994462472,22.38035019589309
480495862,2,-17.911864373168356,0.41081531305103025,0.21173712449988685,0.7436454397864724,11.376090480740126
481255154,3,172.0389937700164,0.385600996377067,0.23165269586001686,1.1255782343136844,19.960690649904294
481310813,4,53.428060809424444,0.3631605425444539,0.25543356699549935,1.0527712372838882,16.3490697661764
481600989,2,154.8894897484449,0.3683335898253208,0.2759534217518904,1.0716075969868788,22.50729254011357
482356088,1,150.717361704224,0.36852487573161025,0.1427702683060679,1.2544812601266695,16.73371758106357
482559838,4,27.788407272394252,0.35067748560802636,0.2635922164653825,1.0744789172564986,17.072069903374878
482933364,1,174.04841779580335,0.35776828203257144,0.21574157194238583,1.0199814196942618,15.975467825163994
483443678,0,245.27532156355136,0.3793132305340079,0.22767733009667185,0.9758439229133784,19.06327991131473
483503968,3,324.697658390308,0.4038717224367165,0.31923645170459364,1.024602808971075,25.437396225756395
483514243,3,-19.118186659743643,0.40500542833177566,0.37056923188009233,0.8028549656916366,19.951443943506447
483787501,4,178.64311504151686,0.3717288087128861,0.21227436469100336,1.1292090843291425,23.069524841507064
484741548,1,173.66482951244788,0.38243459426428783,0.09650667309594516,1.1652737148575034,13.005086235074291
484824618,3,182.02526882190898,0.35983692944418655,0.27966915301588013,1.230643868439137,24.091809449759573
484906065,2,13.022542999753242,0.3459064932427959,0.23687670958082038,1.0561137706105215,14.42630015604575
484910075,4,278.99423186019095,0.3641121672347156,0.3175370646329262,1.1477249410912687,24.64836700681541
484914577,4,290.18953416090096,0.41321908363344967,0.16058520739290238,1.1542036125659891,17.598137759718327
485094036,0,-24.61962952437149,0.36009609722122193,0.24999715674113318,1.1701163678807118,20.90173261999658
485407995,3,25.6148240781327,0.32557182093019177,0.19458021624571448,1.1463102744455562,19.293258370141704
485725497,2,324.1274333554783,0.3996614676609399,0.22714904825538193,1.0348809384299018,17.56691677957188
486162047,1,140.44707412591606,0.37079390896976583,0.20595656905790957,1.0677449729708077,19.852191092992975
487578819,3,96.56940529059447,0.34983827613594537,0.21776496826529626,1.1473927101540917,23.162106181540047
487601527,1,177.3444766752885,0.3732158012285044,0.2778563293491303,1.1982580303481696,22.059695266351916
488191156,3,60.794416611119956,0.3442019512705139,0.273163728511355,1.1156535783996555,24.99538426903493
488617798,3,312.31598154231585,0.377561416844966,0.2997316615220956,1.1196598449997068,24.33777247570966
489644096,3,-12.76100719904153,0.3447015626200906,0.2206994932156658,1.0165808302092596,15.024562163315652
489823970,4,181.44418273912373,0.38459821309389297,0.1745141030999638,1.1187081184016217,15.242226543171467
489861944,1,328.26022024500077,0.40714686620910295,0.1412255469595834,1.2300401269281487,19.08709952040559
490110901,1,71.31319214718071,0.34857275491146344,0.22735966312395905,1.1470080342965896,13.905887437474114
491061236,1,298.94903923816537,0.36582204192633205,0.26517216961372264,1.2091707054152578,20.559737686675803
491271299,3,272.49774844612773,0.41180279528038244,0.21119242419779133,0.9601061929855035,13.750166231800481
491291994,3,32.18319705704016,0.37898088518686807,0.39170227672875624,0.8919166037834209,23.470099968876294
492004375,1,172.81012693847413,0.36519735986104773,0.24733413143567345,1.2197413351237394,21.69364079412769
492439302,1,178.40726044353096,0.3853779358264702,0.22246307418011868,0.9457552980434405,15.748267241076732
492508713,3,258.0456281351511,0.3667574050863691,0.2161793823688354,0.977528149870821,18.21452288905263
492534708,4,242.1710625332879,0.35057192733138176,0.2807147195971736,1.0356964739334145,17.507141836267227
492635161,3,44.21829110351673,0.3525154143003922,0.2014196583391977,1.0531834388441723,12.245044498652081
492640026,1,209.75694464943322,0.34769893157423637,0.3028909110071888,1.2355123413609415,21.460088070969345
493007317,0,153.32540159255814,0.37386945062714455,0.19800081090473504,1.1708660238480193,16.826219732159995
493762918,2,-83.5782457590271,0.38566159264163413,0.21973733559329695,0.898276506768984,13.765817295556467
494086930,3,187.74419072262492,0.3912051844427942,0.19868375871397792,1.242969215103736,23.861589083174962
494165732,0,208.2997759417206,0.38779984737667605,0.1720031930276978,1.0839005062920404,19.333373926191655
494602606,1,60.33882178171719,0.3432743722603743,0.33156760532758056,0.9724003537874544,20.60843669140047
494975376,3,271.9341826619022,0.3877670684910524,0.2382991021437562,1.165394684990604,24.577740215485562
495203055,2,111.44640905151225,0.39009631788844285,0.2197291374028612,1.1105915874117966,17.165942742132593
495342241,0,31.547551661815866,0.367661832075676,0.2039947348981287,1.017514049182266,14.132890267458055
495385866,4,122.07961556242209,0.3592985169582764,0.1940647698559324,1.2402021021407812,16.813972434655177
496258709,0,185.49301568959837,0.3524537302096038,0.18572000529538465,1.2064712883557687,14.601364840350259
496344217,4,156.71414824198803,0.37015415018215925,0.2064019317024325,1.2194789022548744,20.659860407624514
496407382,2,122.0121548679334,0.33799157027031157,0.18948312318381075,1.4236856818300816,18.862047148518744
496740168,1,300.7836888196838,0.38254589368978836,0.176390608543757,1.246907829319787,20.398158852398975
496873266,0,67.37647149444419,0.3572287849542565,0.20648253219497592,1.1822669680524605,16.71098054232306
497236966,0,108.43661268460205,0.39442927689492274,0.17862353660647773,0.9069086581203767,12.814056149721068
497317849,3,101.21446504366577,0.35779792835399526,0.19129248143524644,1.200958036074173,16.20007141135864
497633362,1,173.96627353987253,0.3455994176100718,0.2072688585402125,1.232461631755045,21.137010681351633
498302991,2,191.6959489507538,0.37159785943464163,0.25455379917324955,1.2101098168230442,21.70877158245062
498538377,2,261.58250517463165,0.41443272341317333,0.20107389820396146,1.132832453514403,19.700263887445015
498645722,2,62.27888725536974,0.3799781960098989,0.19553746541541098,0.9622701227900747,12.179813469444293
499146119,1,-27.677943823571212,0.365448341206274,0.2177518411971246,1.0165667403275198,12.407580217964169
499802239,0,167.07636954999546,0.3638055951398164,0.20621939713575316,1.1542050847169225,19.847099384941156
499947957,1,149.56131403207803,0.3675873322338451,0.20387898785981604,1.1344482433313705,15.338957099224222
500257329,1,192.90328465806948,0.3789221777918441,0.22601543893677978,1.2340984069519991,18.424522510674837
500559499,4,-43.63771251460261,0.31489026581288043,0.2291213462610096,1.1828919491474719,19.852169918408432
501088576,0,23.56507707860436,0.3700859832935746,0.26178150438428965,0.9648971023489938,11.688657787458439
501489325,2,103.78514384151879,0.33538640540663384,0.2609009899179363,1.1613719503444473,22.147490500227374
502239610,2,168.00880455310835,0.34636180104534453,0.31778964107772256,1.005812838063514,22.445715579979872
502600207,0,75.95593964304346,0.34615391642115334,0.3435609112879755,1.0215301694640417,17.787319636290718
503030513,4,20.599658043669834,0.36793776721662913,0.27894672181247493,1.0285045442824037,17.476558836846486
503126715,1,-48.10351042660045,0.32033716118625666,0.08604289615281338,1.4700558410623827,12.626911008810335
503535995,1,267.3847247214838,0.39977353724849424,0.15998365024356515,1.0535419008943392,15.954017034074662
503739413,3,80.73769701308358,0.42089127280068894,0.22851204218057886,1.002479417807392,19.816033443609943
503770614,0,136.6923963000982,0.37083290386273654,0.19890927208627054,1.0786533026356075,13.21700282953381
503797851,4,153.83977640602333,0.36317206625570014,0.2170217875840898,1.1914990203950673,21.38639266276324
504470036,1,97.43759420609435,0.37289463955844515,0.20160586642629214,1.0458943220588164,14.967130871868886
504498894,4,31.171546776669302,0.359658562497988,0.2969856497219116,1.0169554689447247,23.169517549860092
504683650,0,223.38878275885816,0.4009055137561871,0.1967132976033272,1.0017347663118985,15.194696506601836
504741555,1,176.2216362555401,0.33307987137187517,0.29980929717107613,1.2559855368251738,22.115021652213763
505042674,0,120.04883411840912,0.34965239286103,0.14397798961499092,1.0688103995548222,12.505981684204087
505139445,4,73.23124803889982,0.36400497408442006,0.19187536550705758,0.8994343106559113,14.463797632063272
505192232,3,54.709078065401016,0.3966155032608978,0.2294475733078024,1.00171119981206,18.010223684763584
505306090,1,138.31020886880404,0.35054711230311153,0.1626063362203301,1.18664857009695,15.580831321167153
505372159,0,237.40295293496013,0.3766935382873322,0.2615428630377684,1.0425014404786765,14.939813356645649
505451918,0,262.35594093196494,0.4077314957914344,0.13767163926332246,1.0721162616421969,17.11319717967011
505548035,3,165.8510751336585,0.3561305373732882,0.26333758731844664,1.168577058501084,23.868577755844072
505708528,1,-79.91593950836577,0.3121394232360054,0.10693679812380202,1.559839891441638,12.833496562873552
506323355,1,57.682462531908996,0.33578128146761477,0.291329144326688,1.059614078754212,17.932312967303695
506576027,4,15.007403516997599,0.3802974377504333,0.3310519753583168,0.8887938208220274,16.53310075758974
506639284,3,300.15745130196774,0.38072282561431653,0.26809626556959354,1.1258268768182307,25.980948706249464
506748374,3,5.212831341264163,0.34124614812264426,0.2596045424354612,1.0598600916667307,21.55085447901348
506781855,0,342.3130506259197,0.48121860129440003,0.2686653448076218,1.0612864488918643,24.119339127405517
506857730,2,92.6429676116191,0.3741939533700446,0.15536756307908894,1.0213373187626746,12.736840011353493
506874673,1,225.20718767060225,0.383451104447783,0.235523942552272,1.095138618784258,17.972001753698912
506900433,1,316.40720312883474,0.4297444824136069,0.15369151009937315,1.134328527455858,19.166392718396004
507068449,3,136.53002313383928,0.3642845682845232,0.24757347221463014,0.9849960016990352,18.72326353057207
507545745,4,58.96272870244565,0.38076880821996095,0.27376542838343804,0.9814597521544925,15.671529064944837
507783555,4,120.72838252397733,0.38123426723758375,0.13898108253221791,0.9674758429598356,14.210060463011894
507898117,3,266.5417558246373,0.3844036497774265,0.2354311949278582,1.2565984538148478,24.678939014302905
508336740,1,31.483114350691565,0.3875334908589808,0.2289791331517448,0.9567522656932006,11.48790090496734
508339615,2,35.497855185117686,0.36841765714840813,0.2696557144712764,0.9190031397481946,14.212755862520197
508597876,4,128.9232995609595,0.37173302183265894,0.2587646311037877,1.1705650124589757,19.785613313100534
509167762,2,183.01002222258032,0.35920328459593737,0.23501777257516498,1.1333224034179474,17.776575985493473
509179600,0,268.8793686003626,0.44054136300400837,0.1686759028058511,1.0372221554246872,16.996411322487265
509220897,1,214.67437483277394,0.3736434805027203,0.22429862336140885,1.1748061311153886,21.981477369211007
509241405,3,137.50338144715744,0.3589647951560479,0.3195392785163229,1.1140716653895555,22.57386190489787
509577164,4,90.31493731125663,0.35487772178274474,0.1807271572535409,1.0236225718285448,12.991635646858185
509659753,2,129.8158557006935,0.37147337182389556,0.2455338756010839,1.2665537718075817,17.824775279584717
509959736,1,120.77353637223051,0.37853376789274423,0.17764724959207356,1.1776878279992435,14.210252462461208
509992676,4,155.68378783565595,0.3507991182886408,0.3089323961395566,1.0725942434547464,18.254406077016736
510587206,1,-2.980420837578123,0.32615806849119905,0.25727209077999796,1.0764874407623515,18.576385272712628
510665412,3,-14.554832520129082,0.360427643309129,0.20669680685304498,1.0597269011994763,14.855717850191281
510669742,2,128.16697636348283,0.3634252403491997,0.2701791344147185,1.1474610831163103,23.608935294978014
510815019,1,46.86418274092277,0.3355057811678233,0.2479772483640769,0.9966873483884521,17.16670743203882
510908370,1,161.7048039215747,0.4129068343583992,0.1778515624740124,0.8590551832741177,11.539790041694216
511605655,0,173.0301591798916,0.34560522358338225,0.2609449942361787,1.097021062952079,17.801809372657555
512074662,0,136.41922240749017,0.36693547929212156,0.15770777930463753,1.5446488393354847,23.75228496987095
512260776,4,143.25580027129791,0.35216878520888695,0.18842925950193956,1.1688817942277387,13.933125520274336
512380282,3,37.69436637921589,0.3740284470850293,0.17462365494865517,0.8765544970662719,10.562901557010733
512910152,0,121.89393572146943,0.36307546321501677,0.235212350276891,1.0597916869830033,18.733546713147852
513101692,2,144.7037627212135,0.4282118323233747,0.2800491322729933,0.972312933070279,23.04980582213114
513259550,1,242.68107471712378,0.40227137925592793,0.2842669205031995,1.1209649739759229,24.48876001896155
513674501,1,45.06537522755818,0.32512027066924093,0.25056598191374724,1.203419001135834,21.093599710210363
513989706,0,209.65446384753,0.37107403172748565,0.2534183728763539,1.0482155502715187,18.591340659839496
514517104,0,163.4464040655993,0.35618622431408026,0.21572188141765722,1.040080880453066,16.45086325910573
514560887,2,131.70221774561193,0.3751641276710088,0.27140465953452714,1.15067158626309,22.801717914211032
515010874,0,6.32289883858617,0.3380044626182408,0.27441100207772223,1.0832658891791376,18.47027812889952
515242470,1,8.523943211905703,0.367002155366135,0.19376314208184545,0.9811713114008455,13.285481990414372
515253113,4,160.38829129573818,0.3765913080632301,0.23426258725796265,1.0444427839507975,18.92040786008835
515420444,1,3.569717941946138,0.34951441263364597,0.18961072722229605,1.1103019391270053,11.284405270765202
515584536,4,162.1023081552565,0.3622557746370905,0.24834861220076523,1.2134666440298596,18.070712608920196
516007514,1,282.4016312358942,0.36689438428334925,0.17774129322801047,1.1847813374318332,18.228631121192684
516038607,1,-6.840323693621869,0.32147942462793005,0.08583267714881082,1.4904733042906069,16.989260810734134
516307046,0,-16.69532797075243,0.32947444023399636,0.25765387099747084,1.0545901982858688,18.853124974124455
516348325,4,203.83556383316,0.3726700711347541,0.20852621903282015,1.1331069627273536,22.279245414019538
516368509,4,138.5019992362429,0.3611781493164706,0.14440486076380427,1.192668396197337,17.761939658345774
516575920,4,76.75461240350798,0.42307364230926464,0.32507573130990786,0.9681085434735323,15.009531937689102
516647275,0,17.9236411759299,0.3778302548886181,0.06133652765588887,1.527195766319698,16.71597129642477
517724366,2,-29.316609166028925,0.3616554573789176,0.2766534653402246,0.9710068185366812,20.55902243685534
517814653,3,-66.82267930802828,0.3709960214990507,0.2477374860538631,1.046374743898035,18.04473896475559
518335451,0,-5.718951164314262,0.36328083764701735,0.19904344499080806,1.2250116771448067,15.78042446789533
518421541,0,-19.80165070793211,0.37747714719367764,0.26933963457846394,1.0211372239549725,18.034773973620165
518799909,0,-27.246549159762267,0.3878372381797789,0.2556290151190977,0.9511978821255169,15.973408481522126
519498812,3,53.34421097326919,0.3485881523671103,0.17231609264824121,1.0582264770924967,12.568087958934944
519962205,1,-48.07834282478336,0.315656330645533,0.24369897550365557,1.1409964284382368,20.080566643955652
520233682,0,-16.336485793296944,0.4084901356955929,0.3875768596828685,0.7900073485278709,14.412660368134386
520243279,2,140.70693007298715,0.36329084459025607,0.25575223467848024,1.0969434574533181,23.869611260019813
520514597,1,246.52918520627838,0.38709500411571596,0.1575605392706001,1.1913657811098324,20.917379800197292
520557915,1,46.19049102011237,0.3385484164889996,0.21744325984063947,1.1047893316057296,16.320549681363996
520586980,3,169.95180662780695,0.34461409446849595,0.2138248510554888,1.0469597293055855,14.677181131261673
520661031,1,238.46079238034363,0.37193194427929027,0.1553998288636067,1.1977128029940685,20.51065967799504
520740305,3,134.68202472769337,0.3721062207413153,0.21646210400862737,1.1546722869043493,17.682257795721057
521246166,2,197.87472455147145,0.313714754366595,0.25418298356806046,1.315538018824598,21.165282188364486
521384312,2,90.36071811536513,0.3516973462448778,0.20163613245861647,1.3286036360747822,20.84413574639
521718706,2,139.70259724481568,0.373057851313109,0.2769100815439816,1.0759595260190236,22.84819912291903
522844869,2,-27.452800738533227,0.37663214171189474,0.2249934914085006,0.9379524800342285,12.146231760007717
522894499,4,217.2704843745413,0.34895764126897766,0.27286120366930794,1.0723424985657835,16.76441407771828
523250559,3,-34.954754011762276,0.36649929940452086,0.21757578425628332,0.9323661485082512,14.184473085512694
523651487,4,140.62381707626062,0.34582326682621317,0.2787567159039802,1.268401776046253,20.95506629167579
523668736,2,9.692949509459893,0.3542259816780117,0.20671383582241284,1.0471139783639114,12.226438420682937
523674609,0,264.5290096745638,0.37093167903550783,0.29961765571657095,1.1671658041746171,23.132187383213754
523947346,4,86.18484021979677,0.34804485447754135,0.22121969453845416,1.1172904018024261,20.395179620993673
524444446,1,39.57480831321433,0.3562690698207945,0.23036695825743717,0.9527687353628285,16.25475271390149
525351897,3,370.36014376825847,0.465130596884471,0.24593732976526264,1.116491956278775,19.199493810949328
525571828,4,166.46317480802696,0.3949764686634457,0.23317145119410812,1.1387592645397255,15.705417012876635
525996171,0,68.53632216278848,0.35240843470552874,0.32519139392892793,1.0721296061823389,21.72739966177843
526128388,1,192.53777404677393,0.3587601719126868,0.2643124083397309,1.2285511893771695,19.388144984085585
526195593,1,216.05533486266802,0.35916438696199254,0.2819364144954123,1.21028765982315,19.810267466627536
526647748,4,208.69611642601683,0.35500302676858564,0.294906486684865,1.0761844375546397,18.8738602327634
527877967,2,132.14687769133758,0.36905467461620606,0.2857222720275795,0.9383599703465988,22.824994175626898
527882654,0,-13.477801178359982,0.3302321055982503,0.10263023665493731,1.4507188343557926,13.118385666684281
527894949,0,213.50631140613976,0.3416344983623656,0.23129948837584258,1.1304218606264858,19.617301226567076
528293396,2,14.84656808044349,0.38373996316566655,0.3357745016156253,0.8805897861673191,14.72694183745202
528559472,1,41.81710906991992,0.3932373231722082,0.21097159954668795,0.9290031681943622,15.837052672334272
528637709,4,141.3181341259905,0.3359925214360709,0.2923039547212514,1.1989935150461903,20.072736915047383
528781081,4,94.17780527768807,0.3125722858191878,0.22837597288448178,1.0670560489130878,11.225542040177082
528835439,3,267.7858125273411,0.3697906159226949,0.2215820360571581,0.9467982447406901,12.892116328814645
528964340,3,119.96496208465446,0.38059513734419353,0.23784017596900134,1.0769922918640766,18.646851976479212
530057519,1,208.4616705427068,0.40608956027592025,0.17960855806844106,1.330300656386248,21.661587654077056
530220535,1,176.76267374177283,0.3743338405485279,0.19343096057552073,1.0477440028602993,17.16949910473056
530546443,4,137.99450954536343,0.3528283539068773,0.15809601397915896,1.200654097820066,20.18856351835455
530898286,2,204.84385676430435,0.3616957954236128,0.32499657824743844,1.047721957258308,24.302251205890094
531021171,4,248.7527821885042,0.4002115203260278,0.31911802782140397,1.0911061784922833,28.104981924615885
531044594,0,197.94520023965458,0.30887782598053787,0.30462200313425036,1.0143522932644566,17.369636670985006
531093523,1,50.22917552349813,0.3552906062455481,0.23664242253088483,1.0835969416970161,17.157382719612517
531126908,4,55.62717201861587,0.3532213743051341,0.310141835443672,1.0747798547847736,28.464508978194836
531544469,3,150.19797333943671,0.34870904571145045,0.2535499678031361,0.989371691329572,18.070522642360256
531780740,4,66.35063858107488,0.35395974578850753,0.06061380105739503,1.2579001521112507,14.161783868005717
531904856,4,193.3609566834303,0.3601786873988748,0.2814497483058122,1.0318867115104002,15.821365838237444
531967957,2,127.76303907474546,0.3762642561626968,0.29466134449180836,1.1416844263907426,25.48309386657365
532718186,3,127.81391583748817,0.3101085519915781,0.23964670254342607,1.1796571830415195,17.941488226794323
532722806,0,-21.530665982187188,0.31217644291689955,0.2337396731616771,1.2186640196189804,21.23088123139017
533889632,4,157.39508697101746,0.3043603483988829,0.2124407581783358,1.4145183909671868,18.986497063707088
533973730,4,79.59580535705842,0.3177052508856007,0.171026388005926,1.1119902041800853,11.430663573594023
534049242,3,-1.800872726112516,0.33505794766144714,0.09190721388471157,1.2440851963669242,15.289808278099132
534118680,2,49.64587062652267,0.37854926597658617,0.15399539363055587,1.1037089309560426,14.674572477832692
534605075,3,49.015776131958916,0.37197978130830683,0.29623403426874717,0.9913332874294204,20.868438752070606
535310373,0,90.20946883005345,0.3390930451888364,0.29484307321632813,1.1749744411131902,22.15289646542019
535364463,1,175.75378003496837,0.33581155800007667,0.25576831543657963,1.2145948042921932,18.860848357611808
535689766,1,289.2273143645581,0.3820828796559086,0.12485962863578273,1.1850459818046524,19.537994901986227
535937381,0,-56.03480142379409,0.4173613222866461,0.19384511036172053,0.9531055898381402,13.624256103443257
536002998,0,-16.364503797037585,0.37245469098364026,0.18498873043100328,1.0867477736784348,12.85149623764634
536465827,1,125.13559586948284,0.41328254626012906,0.16518471546454416,0.8511995738619866,11.158830447029459
536792438,0,216.87262754109105,0.38588807596471425,0.2609357085211728,1.026253682497502,18.026484726655255
537109947,0,20.586449631883085,0.35275302502918937,0.25209066138576053,1.0091600160985896,13.39224591294313
537336269,2,-0.6988594590780366,0.34723118849934054,0.20658619128164013,1.0478250798684745,12.155538253154603
537664135,1,23.331212045142507,0.35071389472036857,0.27106946359338463,1.0812414833604982,21.689176848396954
538207206,3,199.84132524533595,0.31816395041691664,0.14503334229769202,1.0495875659150722,13.711275018072552
538524881,4,243.1122621749616,0.4584384824545358,0.1941877805765045,0.9248425501299173,13.73601706560725
538540896,0,234.8388157214693,0.35538964005382173,0.13436906496584994,1.012145596835917,12.147849730471696
538764320,3,160.7249369378588,0.3587574629835685,0.2997154588676002,1.1896342538846933,26.031601351174267
538774618,3,46.89414618591673,0.354600653226137,0.09024086563002773,1.5249406201291338,19.106348595123656
539017358,1,251.72046475090048,0.42800833071293115,0.2813594263929631,1.0820946396933657,25.091818116359352
539302432,4,153.7562355066749,0.3861621545557152,0.1685369159479297,1.1369848026043967,16.122967486551907
539590566,3,38.41809955305892,0.3536843971271832,0.18450268833247405,0.9969645832123034,13.07462103075959
540095012,0,22.242135458188017,0.34575667854972597,0.26921530145405453,1.0747991913470532,16.170022392050505
540297296,4,22.946794628601538,0.3804238261099301,0.2209781072919116,0.9068869033906166,10.8772225814898
540769722,3,223.26478371714677,0.3424155656299485,0.2447822299805712,1.0582251634569282,16.673026090829303
541086746,4,210.27459649937254,0.27543398567856175,0.3068532866879432,1.2397649395169836,16.258458864866746
541170005,1,152.16250373545014,0.3768130703507086,0.25743012179939406,0.9510644591011614,16.361217345141856
541335135,0,153.04140121716225,0.3652964692161606,0.19200779788159525,1.269645216710442,19.18464123104994
541484216,3,80.72051402942562,0.25916898945051,0.2535537168357949,1.253237286673864,21.882506759112914
541941802,0,32.13475930979762,0.3369131749828367,0.2657132897402836,1.0706955800981959,20.170363432550722
541986160,3,-0.7043287727819205,0.3847909362049399,0.2219757365376917,0.8817477943446694,10.711961452250602
542632051,1,89.95438831241603,0.3596425884009225,0.29110028209672073,0.953709889035119,16.86684075804072
543084242,2,54.39493135366616,0.42150810662865196,0.3932411944335654,0.948381351025921,17.85336750749729
543416509,2,72.5418157456975,0.353646465935612,0.19426995667741465,1.0306297908556417,13.7522202550123
543539170,4,169.86500837203772,0.3960606378400772,0.15904233273037974,1.0143699689213648,11.073432508730555
543597205,0,181.85342374252295,0.3294681057246167,0.22605519399606014,1.135711600004621,16.88948349164449
543958331,4,123.31612505220504,0.3481279933743926,0.23407572949367147,1.1889171745065876,16.115499802788005
544070601,1,-35.1291368294724,0.3664877960923195,0.22336023954171283,1.086058028577009,19.599291146271792
544223047,0,-26.368173892996367,0.37929741127917843,0.22179215512941564,0.8868108723129621,11.24836416664364
544292910,2,259.345007280893,0.37994074879416617,0.2914649358618923,0.9994160714250337,19.70134418499122
544581036,1,56.94908679311016,0.40055321938291266,0.3171948409441684,0.9305544408672668,18.722157757922783
544904323,1,-102.17557530796586,0.37640789884938614,0.21885517727301004,1.0610088921223602,15.029275096547575
545195322,0,12.280258939271121,0.33731582119244763,0.2296774511805727,1.039065745759877,18.20776964565664
545255610,0,241.30080236030767,0.3528973608382156,0.22282164781888325,1.070130551128719,16.295368161256295
545546596,3,51.82132791399014,0.386049930933689,0.29563306793709976,0.9260760699249431,17.990972384298026
545845623,2,126.5654423287012,0.350044855186273,0.25629363097389457,1.1909260300559206,24.512937641621292
546152235,0,307.6963565858541,0.39928730457613704,0.21187806845908164,1.185244452056119,22.385806891911137
546427927,4,179.45575985980219,0.3665837802110325,0.24484454484195284,1.1467786912392361,22.718933392041773
546647857,1,40.86135026459331,0.3747972985867383,0.3086538799217932,1.0396557408951015,21.546904005984572
547172331,2,206.09448893005862,0.370952060793751,0.23088944320954446,1.0052068030417338,16.787475588392454
547602790,4,172.77055315115808,0.36395789138060636,0.21043678086268436,1.1163874663895381,16.667050573628238
547840653,2,-4.669530453655909,0.36301775358054905,0.2251499714252283,0.9768677130995875,11.771463782686673
548011241,4,60.22992906288501,0.3746256103036634,0.24488700058071797,1.0021241908756284,14.609258200077837
548292823,1,129.9959438741739,0.3144234166121723,0.26114611439682306,1.1960903090723962,15.948585235662097
549125416,0,49.57452990194119,0.3550112570215404,0.23740354216600137,1.1073781354585701,20.63156480622203
549389508,4,98.69707460426451,0.36268292130550756,0.18398252055045705,1.1540683964152714,11.95994087502876
549579953,0,237.48108246334465,0.34968445414902977,0.2668536982637068,1.170698127071926,20.408441993078014
549581828,4,187.2565858640402,0.38529073658795343,0.1946655697335478,1.091242193025412,16.312818274288706
549614488,1,192.24397395292004,0.36702958053086465,0.2622694214944302,1.225421298033876,24.55557066158527
550069426,2,206.22802696255087,0.3681902896408868,0.2458660575014095,1.200508890083259,20.454403503058884
550478997,3,236.26073845044897,0.3715597247515814,0.20094888981243808,0.9493673396563479,15.50018601435064
550776469,4,380.5786195473611,0.4384233966564279,0.3561571848786353,0.9693206722152288,24.847256889771224
550796562,0,144.50338636593025,0.3993317536278133,0.18534969328440543,1.0891191215833917,15.87847901780064
551339545,2,11.952800950943299,0.37285875880198427,0.27898750407065903,0.947487362107156,19.355408563608748
551390778,0,70.25267640296644,0.3648711680887775,0.22852017278943346,0.9954190229639891,17.210144262410477
551461476,4,176.883679834721,0.3736832409565384,0.14732891068546997,1.2226425320381376,15.93153579980332
551862261,0,58.838994186466316,0.3479879485699565,0.28801303729896305,1.0596959465136926,19.7025538789382
552032340,1,1.4967214102001662,0.33913470051572986,0.20021737066205042,1.12102853446653,14.806655872961306
552315395,2,25.358649444523195,0.3282731231993614,0.15488984189333194,1.3167309590129452,15.39336257373969
552340314,1,101.77384697733838,0.329288049818471,0.2991634313539009,1.0882076249750168,20.428193004516338
552823663,0,-24.75466301998702,0.3892076562576258,0.2952891311025324,0.8901851086530446,11.007721163524138
553001434,4,92.00233665096783,0.3477254092814795,0.2626865228405634,1.20650832896834,21.492861465684683
553487456,0,152.27269792514176,0.38215108894464833,0.2284733385072948,0.9890282547699208,15.513711727791112
553498968,2,131.55988682032506,0.3717365017989217,0.29046145755275005,1.0463852309276176,23.851858500343546
553763789,4,81.82624480792876,0.36699876989181507,0.3127243371723362,0.9285331166910282,16.47537735531274
553989373,4,9.807128933769135,0.3408408680186479,0.2548027766905289,1.0893717497321247,15.954041888750986
554199455,4,157.02833656682932,0.37588648888877246,0.10499904410304564,1.236726875108044,16.047785366758458
554208834,0,208.0667550507183,0.33307110873499185,0.28529277861272767,1.140382568911272,22.498260380663183
554219011,4,185.06255421071327,0.3601855374257022,0.24722536372639894,1.0502569994707673,14.292498680103094
554452518,1,198.25199361971835,0.36954303031059094,0.20483121482916586,1.0221114476596727,15.236817307930808
554573258,3,165.87013058982356,0.35648048474471494,0.29569578048482886,1.2008556942938473,25.958751948600682
555027003,4,31.31842035502885,0.37327575551372805,0.25381051378883834,0.9025498532524313,12.766773577503058
555056741,4,88.39310190916257,0.3377387802043043,0.24633097059963466,1.212139135869652,19.236035430837966
555131075,2,97.55750715623586,0.3696006576390217,0.28026560302985143,1.0721461963034236,23.093901350543703
555208717,1,237.12259616863145,0.41310509896414654,0.1716576629902275,0.9764077347291077,13.988717823683018
555363148,4,167.42664684624282,0.370807146456918,0.2454025567511169,1.2214648214744364,18.608064239654503
555506282,1,247.51438865476865,0.4128561406465574,0.20867567842675433,0.966068203823836,14.90787054508811
555542733,4,133.4330716144353,0.35678571201336456,0.16391575641121364,1.0558252517941777,13.401233838883917
555601753,3,72.26619542723007,0.3854060786800455,0.20649635839560193,0.9347105356204102,13.605313791946992
555803922,4,52.575426621403366,0.37059756533718574,0.23255137127760886,0.9914476828088901,15.877401719852408
556338128,1,123.81679638652957,0.34196802201666887,0.22507639257133943,1.1459523483227778,15.092726447982628
556552879,1,-32.99229135821088,0.34526627396543663,0.22147407456982482,1.0536098956327653,16.139785973336753
556865522,3,172.4822870204315,0.3758783391138974,0.2744463915012659,1.049879453998503,23.476109030009873
557037726,3,118.54035293035574,0.3629642792566033,0.26278147124239987,1.0087983680995962,15.938932312308681
558140001,1,6.937764340779708,0.3598559430115605,0.2847789169245333,1.0308245264379625,19.055840158813442
558319108,4,194.41511011767795,0.3855277058211242,0.1892658192102314,1.2849775635501233,20.83768707762325
558482820,0,111.00777576924916,0.3434477839180902,0.22695562822827278,1.0753074564743668,15.10997744513654
558675719,2,362.03161723341594,0.379227783423046,0.2645038220326409,1.1901520979329479,20.659148302285953
558794697,1,291.66730544638597,0.4330100096637416,0.28506684037513724,1.0742292185161797,25.63824188196613
559219019,0,22.83096066752161,0.36227460683336593,0.1813459842240946,0.9735122767701176,13.087103778904998
559323860,1,125.01288402477397,0.3634046300749303,0.21081795383644547,1.0525351679585775,18.865705233236504
559874694,2,140.19823426627664,0.3723393740947669,0.2750333594953019,1.2218628489170236,24.29358653985679
559980070,0,130.3676623721447,0.380065539511654,0.23690251633467727,1.12119359913719,16.872722089772722
560279885,2,180.43561377322374,0.39560689942022736,0.24692978876434504,1.1103613666434298,23.20224700444669
560554259,4,100.85292223318844,0.34725242160200176,0.175088860457019,1.0416149660923253,10.347797943880806
561158280,4,98.17204426872303,0.3291023242998216,0.2520341539972808,1.1394823884415206,16.62812673002312
561427423,0,116.05836451090022,0.3772989076071446,0.17276929818904369,0.9674781354244678,11.57862722431141
562022603,0,302.72297352149025,0.40101280271737094,0.21108917342475553,1.0819078344868918,21.081559250668956
562176358,4,-29.003880902993274,0.44812401857757705,0.17811504421446195,1.0911924739801149,19.302264436394776
563610141,3,-4.206777739986123,0.32926098226554557,0.19874145831522555,1.0867816433145387,15.860652065767331
563697228,2,-19.404506246970016,0.36416878127874197,0.22862980626809395,1.1070305023062972,13.61068623363644
563771441,0,167.6766689242029,0.3712897991617956,0.16540771633407697,1.0608921573679169,15.262790086075157
563896548,1,158.36738601929213,0.3615579721896926,0.1463683730575023,1.0642109215370321,12.136754585573115
564164424,1,103.79240851234754,0.3496227075713436,0.2568942524351515,1.2587468125853543,24.610917253709903
564537590,4,44.92623991895699,0.3343714769363997,0.17228592433158824,1.0601055071132823,11.986924044305592
564783421,0,247.1921843691049,0.3800046827191949,0.18252542522012496,1.1092554380989144,16.662763638692354
564916558,4,45.34577887950503,0.35813471807337466,0.2359551421111866,1.0144905904661443,11.708482672900006
565093443,3,155.49463515103056,0.3839060831649841,0.19253276660921503,1.0593441634720522,21.77306629612752
565283885,2,235.44898335746143,0.37853237098611003,0.2788154865565879,0.9563892243566913,20.70312265240233
565371765,4,291.42964463519166,0.3759007410966335,0.11400203991448998,1.1083068537676874,14.751449607203217
565873116,0,32.35465559731098,0.39232329078687106,0.16987239716503433,0.836266081321391,12.155725758890007
566342268,1,184.80324766192547,0.36811830262224937,0.2698315942237791,1.0820156871616213,22.989511023771076
566400652,0,6.213345221988462,0.3702078292206536,0.1580542915670408,1.0721210181119505,13.363030947097945
566589613,0,163.33158351142913,0.3804434424397176,0.23512643016531606,1.0524115864990513,19.9518849747502
567353481,0,194.57818053126977,0.37442357195672776,0.1538116792562607,1.1882876678292886,19.995667345464962
567577514,4,-2.92917473001998,0.3314248366683258,0.13129291249646466,1.3389181391919143,15.27921531762291
567731832,1,191.54692503561193,0.3275486970747155,0.2718437794526397,1.2495695416706867,23.237112014604648
567984921,2,202.49341784186623,0.35602498263758,0.26068932462779565,1.2175520668672397,20.65883964584418
567993142,2,131.77870879180105,0.3298170069343209,0.23818315437208729,1.3237801640572247,18.6232873229822
568593240,0,225.10885541750952,0.36520881839848546,0.21319062563415503,1.1431143845552625,23.381338542387734
569949305,2,115.0042023555583,0.3584658229228366,0.23946799596832213,1.1004243077337696,20.21865293854423
570358353,3,442.3816701714943,0.41510751473750146,0.26362070534937415,1.1318644763851664,23.31166939260401
571029938,2,14.848250022142722,0.3791005690210739,0.28539476716278966,0.9165833999530297,17.196287249993595
571882834,3,-5.215761471352053,0.43193900492422915,0.22659863681109702,0.9774187831850542,24.05532223134937
571931187,1,114.28190929905344,0.36336920976107223,0.19781165354307506,0.9860755443087582,15.638635909589905
572496153,1,147.10566574723288,0.37831110498578246,0.22071908070788884,1.1740730432821145,21.07557162793852
572616024,0,24.238745353477853,0.3395820635803561,0.22806174392718132,1.0922294481719907,17.69974093664273
573332233,3,175.04974248122488,0.3789031486626037,0.21372353508283173,1.000960879013904,16.4231409183724
573587884,3,41.27842574941036,0.327423539051896,0.27632288311308423,1.0635818300223652,20.783195064877116
573601315,0,54.19149713087733,0.3548699639625655,0.24524126474772806,1.112106347157464,20.483342069754883
573843297,2,190.9728157504244,0.3640763379468072,0.2546104400000558,1.0047367988155889,20.48133739902392
574000870,1,29.231807734373476,0.37907495652310647,0.1980615441636866,0.8829831779099121,10.107871044692658
574282474,0,214.6216133827819,0.3474374571328027,0.209606884271977,1.257545847681664,19.021795256839358
574709027,4,69.92485027050236,0.3377201308252683,0.2755534885543461,1.1074913456154991,22.45722639633715
574749285,3,234.88846498624176,0.37005857624645866,0.2333745655666784,1.176117117875152,25.120491629109118
574869526,4,136.3376846024162,0.3846341667938511,0.2123909719523019,0.9917319771346013,11.101376711689461
575252558,1,81.45573073301045,0.3333761398426123,0.20311084584519068,1.294727163318152,21.572099577336793
575704525,2,-18.493789073014227,0.3790156960754967,0.23411703118448263,0.9703010148403886,12.216249972396472
575774487,2,192.35030565603478,0.3574872419119731,0.2890941230030803,1.190137648144103,23.19554626252394
575975970,2,-8.670557783095916,0.3631328197780206,0.2168428419152048,0.970814799285663,13.090846664403369
576074717,2,35.26882626905556,0.3655411359964962,0.17453292022934497,0.8677629664498843,14.07687251045223
576198194,3,45.75510829808058,0.3965365096405892,0.21520593649623246,0.7674820308685033,12.055649932881387
576207142,1,179.67263153489085,0.3554478434471745,0.31721017955421654,1.2412801605608685,26.54134332163263
576510280,4,230.76328596969066,0.36746229549743437,0.28558045912687924,1.2033002003324658,22.130577633279962
576593207,4,59.311092408558686,0.32938226037642343,0.25553301419161695,1.1025552717865168,19.48558272743395
576673479,1,-40.81425801163667,0.31860538986032144,0.19926289914997491,1.088737248713532,15.668642687682341
577459185,0,217.26305161762335,0.3522197215021722,0.2817351196303046,1.0836636985088401,21.562593179774517
578229955,1,83.45547015333518,0.3494391617969062,0.28427584729300365,1.1180919428288594,21.270396044828132
578399710,4,198.18918130036485,0.37040235570981334,0.18556438933275676,1.2966811478178757,21.007195392783814
578503320,0,156.5962553059402,0.3668421670962601,0.2126875982710445,1.186691145544085,18.36810922135179
578621214,3,173.19575082676903,0.36074161304383656,0.26206345808247683,1.218156344329041,22.75841828108367
579082920,0,121.10878064691923,0.3465249635326457,0.24961548362970182,1.1155337469563547,20.701179555107537
579371916,2,147.91310416203402,0.36148225280139035,0.28312938292595535,0.9473182440704284,22.825979759102523
579657278,3,210.73725111596963,0.3391930129608847,0.22844049958654486,1.2190509910482783,22.055558395172135
579662449,3,289.9746752101682,0.358269421090532,0.28325752848090585,1.1460056327876647,23.780033906262904
579955066,0,239.78626520058253,0.4012913813982501,0.20830172417536524,1.1122203950806697,25.55597867417403
580099798,4,91.8654579885028,0.3797285444616829,0.17620853344335158,1.2623788493266057,14.150196491801239
580261809,1,56.37847275804386,0.3916331829093281,0.22008160893965387,0.9936042094885528,18.034245644403523
580635980,0,78.3990696233523,0.3486493906586708,0.34736274934002387,1.0777607213584133,24.492778133385883
580687337,3,35.736665471396,0.3401773487218209,0.2741000737752542,1.084826362017461,17.60360343982572
581074933,1,168.0158372932695,0.3552904202200183,0.2196922916517535,1.0354614449475925,16.769709781863227
581609876,0,316.9112353819474,0.4070248934518856,0.28369623817347817,1.0943924610501894,26.769098773273853
581660606,1,22.67488900341631,0.33995528018738996,0.20546180693873325,1.0771805586560397,12.68104413293721
582946121,0,93.48080296244471,0.3545387655011411,0.19416345021832915,1.0456149174027114,10.857261518898035
583194891,1,-23.340555633052986,0.3739543186333518,0.21337513702537791,1.0205765984533424,15.00628651328984
583338677,4,78.64692329156293,0.30984206906521017,0.20663481935388667,1.025924663642935,13.729824202510178
584085881,0,168.75730511447549,0.35585463621583746,0.21853405439973814,1.1607551234245557,20.841623279684708
584252027,4,-11.898770949432759,0.3703590770257366,0.3141912008977917,0.9443853679417484,20.690505215686535
584265872,2,59.43520536558287,0.34828211463389597,0.1892516473838835,1.2016541656645372,16.74108676072462
584442637,3,77.02540584815418,0.2755922485638747,0.17437386180076692,1.0870924355707547,17.0565949677168
584754403,0,38.399643467733,0.36202701189314723,0.15847671107654265,1.2097665639948378,14.918756762192254
584859367,3,158.96444530218764,0.3857386266598886,0.24194775041578462,1.078238201254531,22.05167279701011
585087137,3,5.999236387066645,0.3394829692053193,0.22692975553962974,1.1310341717100714,18.19389144361679
585151885,3,181.31392971229673,0.3383377112409405,0.2666167616819679,1.2217730527361994,23.730160076350124
585470216,2,31.152911470320547,0.3236285210807309,0.23004181881511876,1.29465225463608,22.856589118147657
586106490,1,-16.853843694900604,0.4115095544847117,0.351578790842738,0.898106307923023,21.005531806075037
586189423,0,-3.332153908787518,0.4189646661502843,0.22091686107343825,1.0313855252468904,15.070425382017575
587160342,4,174.20716802352894,0.39787462229058906,0.16727786189116672,1.0504352712443537,13.759751025768491
587553432,3,160.85932734645075,0.3699779028033066,0.20307152830755812,1.1427098168413259,25.19161015505394
588836303,0,167.90287764626004,0.3783559054110907,0.22805739209213988,1.166850407289603,17.93547078506317
589424672,1,192.2474760484559,0.34740391438843116,0.25414281894678886,1.0839706526981001,16.830551470566544
589547196,0,265.26286964299317,0.3684081595683358,0.2093641393298085,1.0195029595777398,13.921895349556664
589661282,3,239.25295285751935,0.3374203562696492,0.25934106745380886,1.025341463641433,19.922466991900954
589948553,0,227.47250707970915,0.39426635137893035,0.15233865597235036,0.9127276744961171,12.686039109181758
590016095,0,207.24083874519224,0.37511718416303597,0.21622008324119427,1.1488250880221091,21.059826442721075
590232504,3,13.541428698393077,0.361038793678401,0.21225553721533832,1.0137253431656046,9.979785803713035
590474607,3,187.87538072325646,0.35033383974058285,0.2569832594071741,1.1126765496173974,20.36362251701226
590866562,2,58.886349809791454,0.3637273337685446,0.32642664340244953,1.0880762917072946,23.917317623087847
590983717,4,135.60708593519308,0.3490672085515179,0.23741348843202673,1.0541226530492545,16.5719968797402
591078724,4,169.8253748947511,0.3784498809285306,0.24198864755356803,1.0611237780775158,18.155914355938936
591131573,1,139.92405495419177,0.3151576769280666,0.2768884554831411,1.1255256992372424,17.52999671815902
591186983,4,87.91302887840773,0.3658287402999697,0.15038772797176309,1.2360813434484594,18.81600441454144
591253647,2,70.59177220049497,0.3801688867412203,0.2621161592703468,0.9654438949138165,12.836641063236172
592007373,1,180.3845594117638,0.3989747120340795,0.19293924346249997,1.1060154584291109,16.97757858720845
592083344,4,-78.66167080044352,0.3684692712480992,0.22469942272366583,1.0137739106509507,16.06349996963969
592184260,1,52.2715435586931,0.3846409114519956,0.31922140882421746,1.0520129405101621,28.55763126129782
592652494,0,57.203856649691886,0.3581573521928209,0.27395621319232744,1.0973590613261823,21.369394852214228
592669794,3,269.7441014015503,0.3783088169517496,0.24084453783033688,1.1919512286413776,23.40147206155155
592686193,3,287.26203882125037,0.37778297871872657,0.23567607923198747,1.1487635715158837,24.7131962787093
593164560,1,-11.263602261096096,0.3684036485096724,0.21687189120780945,1.119811082195542,19.856104008476297
593363809,4,37.350072640909154,0.3337417629459344,0.22959128515208158,1.2687899653665657,20.133396724835645
593654363,3,38.74969923379959,0.3417044248328567,0.30049388830943197,1.0526120247709732,21.98426026494903
594032602,2,-57.11028882462692,0.3839624736323403,0.26244687892815505,1.030134621480662,18.224339679154433
594346248,4,193.24745287525315,0.38743497554720313,0.28565935296025535,1.1152357164143378,21.30587288544099
594528040,1,213.5545880292837,0.34302538586345993,0.24334056800292908,1.1692515965908774,23.366541865611403
594735990,0,32.535717261474844,0.36234476922791,0.2498062238828478,1.0209150984690325,11.391428995887974
594803927,0,-16.801127003887117,0.31355050835365395,0.20461212286414066,1.133855552838488,16.61278958883732
595568506,2,-4.059012744922924,0.35909530653180577,0.3057442517819333,1.109906502689379,17.645748971940503
595580163,2,146.28930474580636,0.28649354714568953,0.1541069896249077,0.9940312051909174,14.618149634563329
595611477,3,72.40939530950843,0.37126025552411474,0.27216199606054975,1.0602384448092106,22.218315898113254
595928255,0,31.62642421634977,0.32176546413647505,0.37000688790180114,1.0121907420097762,17.94850582630576
595965977,4,105.44428768591195,0.39605912530391035,0.26370505801035926,0.9198025593727507,18.122879939300706
596712589,2,265.4040666119533,0.3702331362812532,0.21295459323868954,1.2379199842860171,21.00540149437566
597209826,0,145.28024321923647,0.3475304307477047,0.2633732755689135,1.0926623612394062,19.14842891354875
597331938,2,249.17195924562424,0.37934259908200746,0.29449490303154535,1.0744453779470493,24.14822607002949
597719463,3,122.45845905731488,0.3677179988150128,0.2333130969130177,1.1265235038499664,20.052933605889507
598302444,4,-27.317727186853944,0.3979858765656015,0.18203578319460478,1.2271706412286316,18.403886997172563
598348393,4,217.04566387905606,0.3287611610383136,0.29489491758982606,1.1516724420270128,22.363173456554584
598697113,0,28.307780113109267,0.37677490162076094,0.3435400474663892,0.9372326887427792,18.960354219565936
598835608,1,155.8692113464709,0.3575715916239965,0.13411639326325014,1.350158540460273,11.558495579884703
599456393,2,41.88065099215571,0.3725128202469935,0.3535113936493429,0.9222965993655046,21.72353249177974
599659861,2,41.22218438094836,0.36536630964151146,0.23394572271756078,1.1025701103300043,15.42846695114624
599773122,2,101.53519161032877,0.39522322860032244,0.1418997235271072,0.9391212611425276,17.106529441370057
599869327,4,163.27107189965943,0.37061719734136134,0.13404573552471863,1.0621412769796377,12.52858623479712
600169729,4,85.68611518932296,0.3557973219651843,0.29166288271127594,1.0920739057085096,22.26065873240057
600653180,1,152.28850003133954,0.365427136050829,0.21085194648953173,1.209510141355665,18.478503541715586
601022774,2,38.331587847191706,0.35120747219536713,0.2032524709888742,1.144417728394396,16.78565948091043
601302526,3,56.988784111516615,0.311579062258066,0.3532563618891606,1.021381000294817,17.722636837515324
601597696,3,161.34958441221795,0.3418072754584535,0.2181630437294737,1.1709498671192207,22.93239919709601
601947802,0,0.49034082919369837,0.3419079284629401,0.2364834517984819,1.0357759367579205,14.747193120450053
602240929,4,93.28898168067191,0.36908090327866144,0.27107852883444167,1.0818649722746816,15.707609196560258
602268285,3,127.78850633545599,0.33219262413176776,0.2706000014425783,1.1558843984525253,23.42162376753611
602457926,2,186.51556173506492,0.375578375842098,0.26257716567292755,1.161484307748414,24.184411302123838
602531963,0,-14.25152154075225,0.34877098959183556,0.2639484267244503,1.0102311466622629,19.554618046050564
603228174,2,137.52009816643996,0.37181796849641907,0.2656479084049649,1.1726175746115566,22.824960189989806
603751130,1,52.72615645000674,0.34925783077924866,0.18933326929018401,1.18920659333682,18.161278186164925
603788368,4,152.31443107531894,0.3541340093195848,0.24817974306641657,1.2315936446907583,19.91452437324642
604020908,2,144.02904638294413,0.3656546391294705,0.23591178203140337,1.1872966620882655,20.522357505850586
604200639,2,8.61388896107431,0.3792885222045964,0.18899053608876487,1.2333178966417895,12.813772629465394
604209273,4,275.3548109679298,0.36630637723998355,0.2616072294923664,1.0374192164807026,14.82093605372626
604265550,1,-2.721608722665451,0.3363569708139328,0.23078444050014207,1.0964177890850297,20.017175774780164
604677160,0,281.8557350847526,0.40295322631910024,0.2737911128476703,1.0757896848844355,24.72493398687869
604776418,0,26.550135318017112,0.3453221788584184,0.19996290548746629,1.3255639597165145,23.82751175177998
605651145,2,298.05838144876367,0.38395408350549093,0.3358466103728848,1.1538469407909075,23.52368260290724
605771725,3,197.3699488377171,0.3728547049412989,0.2539378138401817,1.1051242064458269,22.201593097406118
605793172,0,213.5051541264734,0.3607613765608105,0.2504392662219799,1.2173956442002134,22.55986117734793
605814238,2,12.397348993289768,0.3434166926232966,0.2446469780215355,1.0721969406672232,15.195868693757125
606001217,2,43.93286740906996,0.3767824881238534,0.3708088476920668,0.9018354521597783,21.49367815672949
606308469,3,36.64284194329071,0.3552762980125183,0.2180047728904297,1.0656151551915356,12.70727173809378
606742148,2,0.8372958741685324,0.3743651245071062,0.33786602481580025,0.9528279736247398,20.235645478518695
607683819,2,3.996579203367631,0.322804460032105,0.28955298888596503,1.1007654892722372,19.376143423654312
607770016,2,129.36451885334324,0.3781779221892061,0.3047984310464528,1.136489109559133,24.980785036092577
607998522,4,5.876795082838129,0.3914533357899628,0.22876163260613586,1.117945777253933,20.015688794848874
608351613,1,138.1316481634591,0.33761813615842096,0.1723953008579306,1.121167089283572,16.090783396819443
608511939,3,50.964597411011844,0.35219343079574267,0.25412183975949443,1.0759312571058641,17.082095066590046
608604797,0,164.14377684727518,0.35043170590948736,0.27639236628409547,1.0768607328705087,17.226031340825703
609443471,0,220.49646470361762,0.3485874625888901,0.246442622386681,1.095341021682348,18.025779905722928
609699139,4,206.99549406412848,0.3947101262221524,0.28434966066906975,1.1039739008227532,20.407148731831448
610205689,4,74.76181366475541,0.3718527494504196,0.18440277502781827,0.9752465976653215,11.276867489425527
610301577,0,-18.256327278900784,0.34301374820809755,0.24390171682541795,1.0497262950748383,19.66331553023421
610345428,1,61.79126149413061,0.36892068124237026,0.2320544054785904,0.9458443708863108,17.52386807673784
610467941,3,228.41654522093842,0.3790136305392909,0.3137286222349812,1.1141329625830418,26.705348390207806
611038154,0,87.54832519651804,0.2955917228211244,0.2430154078376849,1.1842476083013054,15.373997216478534
611092350,2,217.97146598307336,0.37476239746161316,0.24152476783123225,0.9200289583700202,16.587425124931215
611474327,1,82.56514480438382,0.36501912678269743,0.11144028109979182,1.2848455963264271,13.575866466012338
611875813,0,156.2105524044104,0.46411207957134515,0.2616729697615084,0.9873202506604277,13.778207513888223
612139638,4,84.44797344735298,0.35459510780185666,0.2585839430323175,1.0658991138389338,14.730554240285565
612238315,2,37.51315365993587,0.36594532654784373,0.23390153168843653,1.0978993906651544,15.333464350864325
612321381,2,82.83926981951484,0.3785201228351197,0.2684013672537609,1.0447796167665895,23.85182618613123
613718745,1,9.799095108688746,0.5008805397305861,0.2069914925532242,1.2197406122443732,12.727976728013473
614253049,4,1.1519345746671235,0.34772204053022426,0.2655980659221082,1.1025674054444745,16.554732944901563
614398604,4,43.68708711889296,0.3492119479697686,0.31107990739671537,0.9612662910616253,20.58156127665591
615042961,1,267.13170326547976,0.3696512811549732,0.2954997183481685,1.203842202926692,23.13119624621695
615903439,0,53.70551200098602,0.37340682587542046,0.25000392134596133,1.1111715852422464,23.074801692104693
616073908,2,197.84895964616732,0.3452963123038666,0.20856334116315767,1.2068019790391389,19.16262726577914
616177559,4,110.53104390172672,0.4016898072310765,0.22720542588782025,1.1870149187449315,23.136091771508994
616276017,4,255.73638853879294,0.38720934597387646,0.21052736167905262,1.1967269161553484,16.096860869845873
616326539,4,95.4863271780079,0.38403705694228235,0.20249440689012949,1.092567402546151,12.916360535057025
616797364,2,198.6821989895903,0.3422660763640165,0.20783378248386503,1.105395053001945,15.508386266045566
616888672,1,65.53828607315663,0.4174556604811585,0.15021077059407584,0.9161629000350855,12.20577016835928
617569770,3,163.14425159427213,0.39011826408073524,0.2063536308938111,1.0582401093238611,18.60141924645642
617741611,3,253.72410189891608,0.3718340394524278,0.24877105258333596,1.1792392033426486,23.19998731987993
617827761,2,285.84785094150647,0.3599909037202047,0.3274907706615289,1.1562330718454756,24.61235175866857
618105578,2,74.51760215462944,0.3751387538119571,0.2631820364042776,1.137615879741686,17.505822025485752
618173505,3,17.647238084086197,0.39306456163514153,0.15995144393839678,0.9564183394678807,14.591794396412912
618916633,1,88.35001305412719,0.333737524268628,0.2632707390470318,1.147345883428632,19.202853008195472
619288860,4,171.02976023792348,0.36604326703788664,0.16056236928125062,1.2554560140284852,17.126689209064445
619459444,3,70.86995565121919,0.3512773711723809,0.27227616071152866,1.129008310774794,21.933851330844316
619582212,0,8.218746497471031,0.3524320117637712,0.268625659039204,1.0830809153553873,20.387722468870493
620886467,1,9.300023411334976,0.3658227601428235,0.2882304476274452,0.9722852793264086,14.91385118928724
621166590,4,243.75336036200673,0.3595599929409335,0.26651554901206054,1.1842105785933967,17.47557282856669
621229234,3,253.6738975869861,0.38275254540618925,0.24863209413395826,1.0869937215124963,17.76521881320074
621730557,2,248.10929762880625,0.4233245690915348,0.2034719224194091,1.412266230363337,22.9887185894565
622020530,3,32.47979937473994,0.3800380334112147,0.24848483015583878,0.8813351996816726,12.481712076040303
622295554,2,-15.047354890807412,0.3978693186382986,0.34187754602160914,0.9125154083764071,20.573360197145604
622583757,2,25.629075828860223,0.36983611252068477,0.2792671870497902,0.9491745361048485,17.7803162162836
622739506,0,157.43450716063722,0.3691372897458324,0.23441998835005576,1.15105304818262,17.930257044966503
622744419,4,46.679521421769245,0.38760223901903046,0.24813954729329885,0.9179146350140401,15.173768798933258
622964705,2,-29.05832260282756,0.37726646577866163,0.3209205792370863,0.9134715475022109,21.146365559903266
623331916,3,27.418230578792716,0.355095413541186,0.2366656103098605,1.1295628041779207,16.63481723428474
623402372,1,-3.794437107670902,0.35819571780638854,0.2734073022247871,1.0000114298131735,14.364901094716629
623537081,2,105.5390228823949,0.34996392990294406,0.2512278924462865,1.1849923594537974,18.52098331249904
624096781,0,199.88580042927373,0.384140374794846,0.24862843564713522,1.0486155561653785,17.603422733834236
624193573,2,-17.88884618717148,0.3560801315867551,0.19978471670404294,1.0875666635906889,13.707167835916081
624503496,0,65.4019715586892,0.35951925737797213,0.33314703770586274,1.0596302312597015,18.014514794221583
624653441,2,151.93921819448005,0.3715947176189785,0.3368579577675596,1.0204047142604307,25.910555181349565
624903152,2,304.90114422739504,0.38063366212066885,0.3341107559254,1.138755989568216,23.76889120308171
625017301,2,-3.356720701213547,0.34070137686776475,0.2656099008021125,1.022039268286664,16.716632493055915
625314216,2,225.688702804851,0.3711779376195468,0.3109145165686847,1.1499578347352937,23.305956126023982
625438419,0,132.67476842928266,0.3158041318829453,0.24107666012117482,1.1407584125994046,17.722182711528422
625535971,1,166.5753680203996,0.3486617137238038,0.30463807388191805,1.2590672068253854,22.660810831945923
626242594,1,268.3679759660595,0.3755932386504825,0.25834671361067213,1.0715445062595945,19.171092585897675
626677373,4,201.36410430959836,0.3478154566480204,0.2578122387786168,0.993911103800899,18.320484955941442
626841881,4,228.91180403401276,0.378480552963846,0.24819859844074194,1.0325585415356595,17.091420403067676
627271746,4,204.6512757972794,0.4066065057940679,0.1320055666074491,1.4862532084997992,21.64883075842345
627600990,0,-30.073402008421724,0.3867877446913846,0.34556108963286375,0.9036375281715149,21.78801260355646
627652902,0,169.18430185864577,0.3620734978048814,0.1916542893676421,1.0298649000337443,16.066470860773858
628380881,2,182.67357284452504,0.3592026893989045,0.299786583446754,1.19824722059283,24.10206187488714
628657458,4,99.45980712425587,0.4250068275194951,0.3253710031227534,0.9964854407273365,17.611889415027967
628680153,3,-43.7927307051859,0.3476389979081931,0.1243164307316012,1.2577293635458222,13.28256543367889
629088925,3,115.12395752124341,0.34485909431553,0.20642721283348506,1.164613376312346,21.279324598617688
630629376,0,101.6470731597421,0.35245235438856204,0.2535978792395368,1.1176191781794578,20.573995308869833
630773371,1,218.41260789890103,0.3914202731804997,0.06489436027453752,1.3978784520989893,16.082024528015634
630928117,4,81.55921546797971,0.34112166590939785,0.12999859922462223,1.1373354240842364,12.781902602805358
631598953,4,54.806713743379746,0.3366942056307224,0.2759739707697986,1.1625983491860428,24.228803252685154
631618960,2,59.202968552650816,0.34606202253012236,0.21414890155438138,1.1166900070934254,14.526816020590513
631651015,1,122.72498677562537,0.33456320735765416,0.278544604854613,1.17137562774301,18.244225577557682
633021524,3,-50.22151511810438,0.4005487846499269,0.284083073747202,0.8714027141516717,16.833440791060788
633348725,4,-15.533921132304641,0.39201067832673964,0.20563898766234154,1.0518971840127185,15.242145898939725
633555318,2,69.39426701176095,0.36239034374919377,0.3368866407314862,1.065388717634304,22.517255346055418
633682320,4,115.20454670295251,0.3590123728540507,0.2354152929846231,1.1844358979019054,17.160309831134622
633891368,2,6.07483519751672,0.3636511046256605,0.2698886083655022,1.0890975981273991,18.472740143507455
634005101,3,122.20285236204316,0.3251947894853465,0.19431761045506213,1.177443106837852,19.738925724261435
634098628,2,185.95025299152206,0.37801535093216504,0.26500254171661586,1.1485664292934696,24.080388509830446
634363683,2,245.2793900276934,0.4311671433548029,0.25942623071167237,0.9971914172084455,20.898046995364215
634587841,0,26.918288336424673,0.3579706015050258,0.21877939951128847,1.0766374347826504,18.720266504780962
634645972,4,37.064679250586316,0.3854440749574921,0.3379869324686576,0.8755570878959702,15.111468758023264
635174783,1,216.12991432843,0.37723305983845823,0.23369077853566142,1.1011878496320575,20.575937648280455
635384570,3,45.76930300937886,0.3549740455257254,0.28499024622510766,1.0494078327306517,20.368061497677726
635778401,0,175.01572889018246,0.36054485045435053,0.2331739840589596,1.2338136565479583,19.914671258724372
636010546,0,136.27094923796435,0.37311516838533504,0.1621870460707458,1.2149441464768047,17.14910276186556
636356107,1,-72.82990096845137,0.31571819641891274,0.1450561647032497,1.677634988322231,22.02416555687116
636526191,2,1.5539861526661696,0.3492581266166024,0.2078988917417186,1.0534640472956913,12.474253607793933
636697748,0,185.95721634486102,0.35697511526253717,0.2528757453109602,1.1308704386645998,18.091826602288656
636769312,4,41.13476236012297,0.357984675183443,0.2633055109538601,1.1203788344907113,17.510829844879062
636957306,2,180.45420329821414,0.3741902172537296,0.27724827027770416,1.0020163921741456,20.674310353561058
637091082,1,124.17613381247375,0.33712532645052434,0.2703487044165517,1.0665544082859988,17.565733814890965
637512395,0,278.7547910678405,0.41287682643539403,0.1464325703336091,1.0617314760931833,16.435869657828636
637669265,3,-29.256878635211834,0.43742074348937887,0.2321739435299664,0.9014581478883739,11.97888208416568
638093915,2,93.15125395369215,0.3548415140119507,0.2782767445055967,1.009757827379332,21.508883665048746
638503428,3,-28.869448873224556,0.3725274722347716,0.32304962231761475,0.9276537288436982,22.403919701019305
638750992,0,-17.03868495721774,0.3554108371924627,0.22398251022727855,1.121406038270663,17.38543205357894
638889974,0,165.72560061396533,0.35972620110584846,0.2402847055281817,1.041520067637202,18.96399800558589
639451609,1,123.5401308391958,0.35283169446762996,0.12114724150412362,1.1973357068018065,12.746244827920338
639553637,0,150.88452781443976,0.34767591128283204,0.24786394550591084,1.1218163663645089,18.108190885935123
639559230,3,186.6346714201104,0.35326984927660193,0.2569640346039329,1.1753978545536843,22.26597513840001
639745269,0,213.76167568524596,0.35535088507399587,0.23577184478188204,1.0019746996572545,18.28142274208402
639748056,0,249.4244190346463,0.36069720382466874,0.26568207989938525,1.2688587806801441,22.41503401937241
639770063,2,-42.16222186925562,0.4667856986709813,0.19101082279345644,1.0891286195142316,11.52866147704653
639796745,4,132.93518778429575,0.34484319049326173,0.2632207066471964,1.2893960750145101,19.708942414284927
639845225,3,267.4276608189707,0.39433154405300175,0.28040117933650127,1.091413348337995,23.495104699017404
639994792,3,16.032575475855012,0.32990468846653664,0.1825929746056886,1.067290484219753,18.656437493897595
640271931,1,333.82078290307754,0.41072880533593337,0.238810108598072,0.9938027291325254,24.913443235725595
640368237,0,233.9961320116863,0.39758098194067226,0.3058621459824558,1.0791104687441102,24.784090298729907
640431640,1,226.66682943259227,0.40428558647499385,0.11468021091757732,1.334337285291523,16.400982178080138
640690307,4,160.2239983996879,0.38412308483554924,0.1474790677865272,1.2752427025730848,18.678648452294066
641501724,1,90.86034942971327,0.36152353991709213,0.27987881513611385,0.9969363990632375,16.58739979981572
642211921,0,58.52007158204753,0.32805162272194294,0.33593931249482645,1.0468429660505727,17.308704624984873
642330071,1,154.1489635524576,0.3692782585067462,0.2397733270661067,1.0951165357011832,21.14920980292407
642473337,2,290.70141925177285,0.35821337512106516,0.2217078712689538,1.1761547468384907,20.67782619557515
642535209,4,48.253497837950825,0.3499138135989776,0.2994206119979329,1.0759686111007296,27.030037288543618
642639550,1,10.4216305130698,0.39268231073902876,0.19979223263566315,1.070832002857051,13.791350694373257
642668949,2,182.20097435512992,0.35941423891780966,0.2990682196854716,1.187439602192786,23.943996348203903
642673445,1,54.68298695591269,0.336933734194442,0.25657199136823067,1.1012153102323685,15.104942362597786
643189465,2,223.3033703741766,0.37300001053156967,0.31696262988796947,1.0556324959519525,24.216726071581007
643385335,1,-57.01993799489546,0.32401748324896784,0.07948021018639706,1.539706184811425,13.589566039125657
643400948,4,131.31484181738173,0.4315061483254796,0.19295899157244192,0.9430030082778887,17.306740153012033
643664826,4,10.07974254978322,0.35171128750475633,0.2519838258885531,0.9811255402845608,18.149401427326957
644108438,1,-24.40368895132073,0.31902738701982725,0.21362604985942357,1.0928291867059177,16.301604466860496
644505079,2,129.41035854667058,0.37537301314536314,0.24939379316159757,1.1245220254196204,19.267915326627165
644711726,0,20.286306520232017,0.3391454392487419,0.11587773266445195,1.4260489415443134,13.97791672846103
644898772,2,169.76047901263925,0.35924789748197283,0.2997296590010881,1.044162541846501,23.7427228196636
645076897,3,92.14701358729637,0.3406878601199474,0.2341223834695063,1.1159014466421777,19.512766056765024
645165602,1,37.64694759006038,0.3893735483478245,0.29064808516128166,0.8718473623243429,11.706972837203722
645691711,2,37.66379595438573,0.34673351414172693,0.2838870840879514,1.0638976140211194,21.99366872104772
646292703,2,57.35215109017486,0.44129407665930076,0.36480571739419376,0.965297734046262,18.435236435836476
646573750,2,82.5906612031071,0.38223915054129587,0.25746703644584235,1.017441923378273,21.777372426630222
646596041,0,148.59292996237627,0.36685304311386685,0.220928706289511,1.0357901235895812,14.229446036380798
646682941,3,228.61692149386633,0.3678476071776329,0.22954846753096847,1.1673640421972846,21.606066635498465
647076607,1,39.3549611331904,0.33055775478775395,0.18436976863470383,1.2622073242670293,14.701999446249046
647273188,0,62.17373828551976,0.37457054699537606,0.28156158239971035,0.9651200329665328,12.137055743393548
647435977,1,77.77942243243923,0.34098771310326553,0.26114061121074267,1.0393367042577824,18.352382466240527
647484326,3,135.5566848648298,0.3634924991041583,0.2871823345826102,1.0985187422315992,21.826508370330078
648079347,1,148.816511964624,0.35066119860164413,0.22512368752041068,1.1689626035252627,15.916641318653571
648145091,4,121.16216850634022,0.35714247341312894,0.22369264084883578,1.2398034548882302,19.200259807934962
648159856,3,231.61210245862858,0.39628634752777997,0.2428770113559555,0.8967946111262052,15.823430867188907
648267860,4,7.633221380746107,0.3280707048514709,0.25267765744629006,1.0901826079647776,19.005663044374835
648602021,0,230.47146582602346,0.4126357352950347,0.21425256187852196,1.106579411881409,21.363544009274804
648833303,2,166.1283191311028,0.3452284885263101,0.29466174583925137,1.1837583976220258,24.95572035016752
649508995,4,7.3218866662694495,0.31159529910740313,0.2000226341007361,1.3043723954793802,19.35601088687019
649600195,1,98.4970621955597,0.35402653907829007,0.32205976560996685,1.0703942112448404,21.74417447290207
650082699,1,131.45621878337943,0.40932564284360384,0.24897457847300497,0.9184363909039661,13.196435993937017
650711958,3,-35.87461406508268,0.4092543155929641,0.20276148370707173,0.9652695985300352,15.451474115508093
651742804,1,28.3523860378603,0.3215980632870705,0.25526474010686967,1.0782904870291172,18.21809642225309
651985897,3,158.3859531893952,0.36607100217462557,0.1969769171695584,1.111911474342921,18.375339182331132
652006110,4,249.25380110758178,0.3393513879970515,0.2734235158094905,1.0796796592413793,17.66257103588995
652579546,3,285.63421378362045,0.3712308989409731,0.28751082138077516,1.1800108554945412,24.08448911845269
652611709,2,186.85511049762243,0.36831834563263943,0.2868101456770365,1.0850734035563707,22.567165204118417
652803633,3,144.83419984149995,0.35886843691859666,0.24391614070782844,1.0103083834861413,18.23885503031091
652821562,1,-32.42546631351249,0.3577300739682024,0.2806157363727057,0.972926089845476,20.3814384429987
654743416,0,229.57395599204676,0.3521097256847461,0.31755534975032434,1.1691954790022756,22.3306390373358
655941482,3,108.19465586202705,0.3594942429760528,0.2381882701145462,1.1061857022814243,24.147608631437294
656702107,0,160.8233113436507,0.37469698459082423,0.18339291356241258,1.158698875125253,21.88327841197286
657146499,1,85.66194945214787,0.35308135389087175,0.31974176954753974,1.0732563463077998,21.921842680453423
657445738,0,28.635277107783345,0.3529395705978318,0.2940817857862392,1.0543587002423414,21.354939113092357
658598412,1,40.55513125191824,0.3926619356786368,0.18357302627807048,1.0332886194382462,18.561287508131596
658967063,3,168.49276135111174,0.34913747725762434,0.22186178943470972,1.2181242081052632,18.120292630271432
659061902,1,23.48150536542765,0.380478375239279,0.19031267956492945,0.9504273908051541,15.353495095714482
659538579,3,156.03716109252687,0.35403003072919664,0.2503873190869531,1.0391860863883573,18.37648462318555
659864655,0,119.22230300806028,0.356699315990963,0.24674116816105862,1.1008432827715564,21.282185008854157
660205165,0,175.75657198932595,0.37679498986197374,0.2798120106702817,1.0222757873867145,16.215618000988798
660253930,4,165.15528299911136,0.4458325350075326,0.304228447108467,0.9730321228371213,22.203758506467885
660384405,1,173.63979381630068,0.35712702570681276,0.27634237851999993,1.006827867077988,17.1675168430452
660515467,0,236.25180159047153,0.4158536194826118,0.16437785144819134,1.0714473995986205,20.272483693634104
661619581,0,59.520362316392664,0.41829040993668526,0.37423029175408484,0.9912885358030279,17.655813870336566
661822184,1,68.04969418231065,0.3564334330286846,0.17779857504007673,1.0352439728612142,13.851203829215041
661865874,3,89.72558008041449,0.39658247797422447,0.1872014846796895,0.7470442973014404,11.403304412494556
662156764,1,87.08166584109017,0.36170106794113477,0.30312156887133657,0.9463281446786889,16.80410230881469
662815164,3,156.49233393658204,0.38411718836431835,0.22210133780698785,1.090185882042941,19.632085019959035
663037039,2,244.78259328030276,0.3884345492857258,0.27826149597841215,1.108466107628869,22.950569990393184
663206655,3,166.29167576526766,0.39172543268441706,0.23613846348563833,1.0719284616355602,20.369347072253696
663317313,4,123.74906336346186,0.411476868762373,0.33034608372900864,0.9412813229292872,14.657179988368929
663564627,3,104.11019032441222,0.3602035611577527,0.2784373428712399,1.1273485017853473,25.633738139318012
663877510,2,23.342923702257224,0.41050173385279815,0.38501168819466836,0.9078237526327384,16.30563468619718
663963917,3,224.4598654921893,0.3656105907484127,0.205688275693673,1.120239062590158,20.161368496838968
664013994,3,168.98559745126877,0.3407731200945348,0.2449863767539621,1.042445007444322,16.800586784417128
664173456,0,78.89237487590596,0.3382399537370162,0.1831485653125972,1.1295190232113852,12.709788534197195
664256549,1,146.3988162386511,0.36073127298008356,0.27374727472821136,0.9469763030020449,17.20588723905784
664408041,1,261.105012351107,0.36831872390664094,0.28243770471837143,1.1788788158329497,21.987122016026866
664447199,3,126.85135138442055,0.404032376876963,0.18915256188819835,1.0250080002971917,14.386601806536094
664683374,0,189.89584672754233,0.34028402789819007,0.23136681428314948,1.1231858002500192,16.023000304221558
664875746,4,43.51137331061234,0.3617066114841874,0.24416049731450967,0.997756338310558,11.732558743193135
664999383,3,24.201379603796056,0.3801714316445595,0.2873466140172505,0.9519071409338045,20.246290591711166
665327981,0,27.534414825160084,0.41682567646013396,0.2202635938932837,0.7992505565627465,11.632227336012955
665803754,3,59.7822291310755,0.35045064882682064,0.33190935124493753,0.9763226141126147,21.77804382472477
666199912,1,63.81863844994133,0.3722563491114171,0.18331969041958845,0.9112445875087871,22.386635328853586
666249832,4,10.684410291583646,0.3993152964162162,0.23546357345998264,0.8630708081157702,17.207257610114656
666714004,2,207.0794421275624,0.40976053427062026,0.24718123828868574,1.014462997346211,20.18826476471098
666813875,1,207.43022096634928,0.34748305245676164,0.21214402967876703,1.1841319801866017,16.66563735710421
666970760,3,281.92510799341994,0.3708418131534752,0.2798206998867736,1.1164881980631085,23.268751387380245
667460496,0,66.4903980164886,0.34848114100187627,0.28611694641528446,1.0829933665839857,19.53488140154318
667477556,0,217.88134143028054,0.3562935670182735,0.24424963718755652,1.017021131101892,19.349340469711997
667584010,4,182.5483875932591,0.3648843058263307,0.2105384860149956,1.2710031515967817,22.046368312594062
667591489,1,69.6768297639409,0.3460563770394423,0.2669360921915149,1.2208250194495855,21.764870601034875
667840086,2,17.835527684502395,0.3587307304215317,0.2897931311150116,0.9747996911472562,20.38470898993488
668141599,0,85.7606164044967,0.33442248745602693,0.26807564903594205,1.1814456842750098,26.05077955269033
668621779,0,177.77883930085514,0.3489094584556643,0.2506517044851875,1.0404395397426616,20.835276574489367
668704885,4,256.4483028524381,0.4002426293743879,0.2232449693845514,1.0526939257915364,19.756684636613645
668824734,2,27.576594766008128,0.34231937338989343,0.1949535583988338,1.0412885110752816,14.416456578404514
668903098,4,143.8389429906993,0.382519868025716,0.20793620590291828,1.0811879527637522,17.69433732896018
669620499,1,1.2012593049055198,0.36905048669817514,0.23528443226569956,1.143231024870979,21.130813365942736
669636470,1,153.2506331781641,0.364735808803888,0.210665714345742,1.2040251971935467,18.28624258962412
669639800,1,55.33336434956809,0.34381979209406177,0.27525151047331525,1.0067554491112451,17.331823249740935
670004959,4,73.54439133409511,0.35575575687816635,0.21089796925250637,1.1134496647739027,16.906771028755355
670279906,2,167.46492700218485,0.3823608701272865,0.201262911444419,1.0573129687929224,13.650241615218665
670455816,1,-117.29982665654165,0.36020158985324674,0.25126081865030003,1.1780453359238041,21.313221853521338
670472475,4,166.90322611518707,0.368919236365108,0.21260683015306875,1.220457297965733,18.24359654093676
670589484,4,216.5812177622028,0.3433328611986196,0.2849874612883453,1.0895658005251156,18.021277276293574
670939419,2,103.09152346194325,0.33865264414107826,0.27172759438976596,1.1620725054727656,24.722850764823278
671093250,0,344.45764765854506,0.3963162942767353,0.27628614715249167,1.1027113780095132,23.68835854050988
671188865,3,32.93595438992284,0.3345190585806948,0.19009668282467498,1.0550722293025023,13.08027618139791
671342841,3,97.54794276097542,0.3555283918455283,0.2771232221740426,1.0877802499347355,23.149708188277224
671423635,1,26.176048009030424,0.35734367876068995,0.18493104493807339,1.0569365952912884,11.24976081404069
671507896,3,-49.46433467442884,0.3765500004880555,0.23630517465310316,0.9103274324664102,12.397277402808282
671591388,0,67.63328401699648,0.2806312956140682,0.2348477305286125,1.3465791000810903,16.572387041793345
671751803,2,168.9122446164057,0.37789889848136315,0.199012861355557,1.2353203831166937,20.339160436251298
672322123,3,50.50429990535828,0.3718365040909378,0.35605607381394666,1.0434841540761064,25.176278625245835
672610446,1,224.60770278203637,0.40852724934881507,0.29486205728114945,1.130710674909224,25.539121425142838
673060988,1,217.6384271411183,0.40537061021212417,0.18294279113192455,1.0548116032385348,15.784717905595615
673094713,4,205.10797640028576,0.34385632781003433,0.2905062518516298,1.1037244370263923,16.825922012288032
673172746,2,216.21522044005337,0.35946686007235706,0.2074597266669861,1.1572936003999847,22.351068923532324
673214221,1,94.31851728596753,0.36643326779762186,0.12978920694915363,1.0829836402640707,15.798815187110991
673225351,4,306.1668662386518,0.4159230272678499,0.11024685848892085,1.1286460580342963,16.54280021465795
673445970,2,-5.475940114166761,0.3877956160274782,0.2884922918096986,0.9070373940494704,12.227952174387443
673499218,3,96.84926873135156,0.34612733209071245,0.2628091739111012,1.1842045718005323,22.82921998296238
673704172,1,-26.39159973069708,0.33783444875047935,0.20223424103581727,1.0431220620585115,13.552874469534537
673883343,2,-33.127848364373804,0.4075100620194985,0.21644420222961713,0.7721168417627661,11.08585536855345
673984159,1,53.51201745485917,0.3595195614697312,0.1932733882676425,0.9869790134862882,13.862514148282369
674610445,2,221.80672710681625,0.37213616540175204,0.3044058650855026,1.0089905852221055,19.282565364779543
674648279,4,40.17409216609736,0.3655120279619303,0.21682455032137782,1.0940924182319853,13.483135729977164
674773828,1,221.83906872365023,0.4145777999054832,0.32309980017245193,1.1009001789067467,21.370766013253075
674973559,2,41.38421369198302,0.3414158499518508,0.20008867585217657,1.1445535241795248,18.497654958344356
675621867,1,25.152077484156294,0.35205463160777095,0.24852755750717667,1.0849654404931166,20.16631765431038
676068988,0,19.822618750276064,0.3701261102876457,0.36267814782587326,0.9316692871986134,20.291675276620488
676116191,2,55.30846645817047,0.3233721668502405,0.22343457499473818,1.19599980393006,21.742149378064653
676718973,2,271.54550039413857,0.3575793863008198,0.29282154373223535,1.0215481478069786,22.021788214319777
676741869,0,165.42772603347845,0.3763623586359611,0.24942568427868952,1.2533135970477005,18.074561668050823
677190542,2,257.29976617461455,0.35896983290187867,0.25919401509462514,1.203613642978592,19.701291813681603
677732142,2,189.71875188104184,0.3556434003855767,0.28730682919165057,1.197800011266699,23.141823884549293
677771115,1,43.411344079835125,0.34053513580359346,0.24576473904908508,1.077151775715425,15.330037399490916
677895437,0,86.8927831842881,0.47100967954097567,0.31012222289438907,1.0147714447748504,19.258750526280775
678137113,2,216.64514644085318,0.381969572897207,0.1910209367490201,1.111020631544888,20.623600161601654
678912517,1,38.942841653435345,0.35181016773718127,0.20047018730101035,1.0282079125031272,12.23608147394598
678917308,0,38.33719968164453,0.3531162489499406,0.19786187492715573,0.990471815470191,15.889568856920139
679096847,4,62.20395123956141,0.4226989311002485,0.3490974969553151,0.905781047243888,15.120614344089816
679122345,4,114.72836422374358,0.3559709059889524,0.1248532187529505,1.4565034093430018,17.22169390425675
679270138,0,220.42529200413662,0.39721527688431846,0.25667759084597846,0.9466052298146,15.427082739799388
679274532,4,85.24289320397996,0.3652965962319296,0.3021406889679269,0.9421255421412488,16.543345265196763
679404420,0,308.86147419177087,0.4028112337052857,0.22860643386416055,1.0434336796482175,22.01455642402574
679533117,3,225.51791100988765,0.3737346160984998,0.21417617372008016,1.0169040715548707,17.07795840654787
679561961,2,35.70328266120658,0.39277058476908805,0.23479588630347586,0.7619498485737373,16.834505651210925
679722974,2,200.8702830638907,0.39060285924763694,0.3214027098934171,1.0941771823565325,22.618511373204687
679930104,4,166.20636928752492,0.32622761585554677,0.2687381314517509,1.2494703042119877,18.581063490493246
680389374,1,125.00980072974004,0.35739506568087415,0.22672761341375414,1.190353027117887,18.911592017684633
680463465,3,292.94077856440083,0.38020743362338744,0.24332773477004074,1.1410122517037484,20.802554710696388
680864768,3,154.3771582579506,0.38140750480048485,0.23030399704316,0.9306434677025506,17.151689671425885
680937306,1,337.3329296509944,0.41473076553975435,0.24631039414636452,0.9860623793090827,25.241319885813294
680984529,1,33.63133668598205,0.3537033363922759,0.2129488091209192,1.0401942772072648,11.295472841621457
681027587,2,273.02365586685323,0.37537990452305736,0.23447536488419432,0.9368416323730264,15.75087239383245
681043697,4,143.44663303789366,0.2903602578120007,0.23919131110591207,1.1516350672020674,14.788303881586494
681148438,0,222.03930261154733,0.3609324324984147,0.21672632502791495,1.1936437005046143,20.67001126787852
681382026,2,81.90407971563278,0.35590300847936446,0.21145730506262506,1.0852011955551133,12.364533207013555
681607778,2,3.888494103122383,0.3538777161177538,0.2641937490251255,1.0503797828401176,17.202945161656487
682136136,1,-4.05368451129425,0.37331410694624073,0.17806518885612863,0.9137984850469092,14.88270815023493
682392464,3,23.16980593649251,0.36011242864943155,0.1777708137135965,0.9314929984346434,12.61424731806589
682727526,0,177.2312750568988,0.36344672350711327,0.15742330671929644,1.0822567826507405,13.257431634612518
682848245,0,173.23559604702814,0.36140038363023297,0.2026679769981832,1.199238332897058,19.990162832183664
683188751,2,9.20484053350765,0.35106354207913365,0.24699739707894372,1.0280142358302329,14.57930767278921
683707675,0,94.8830578982054,0.3727905623997356,0.2323740142291183,1.0802170003248557,22.016472984160945
684755734,1,48.59437952008838,0.3522857928980186,0.21916584362038852,1.155270721763473,17.86308030372135
684934727,0,228.5709627466626,0.35698452655920737,0.2658138465410664,1.0424194863396672,18.69445236903435
685115474,4,198.24206044752998,0.39087323368359717,0.22655195420859037,1.0477311456322411,16.60989750605419
685261613,3,89.76335190985529,0.37281528811235903,0.2888659425348175,0.8674585973032901,18.903950202779768
685427135,0,-39.02883974476596,0.3560063742286976,0.2032137783188722,1.0856891040745846,14.281028840013875
685579898,0,220.63256342256244,0.3976976759285085,0.19272336761879955,1.0285266433210718,15.87866078559108
686272948,2,313.11732091582536,0.3757465853360923,0.3504087959707544,1.183442633029364,23.627983965996457
686526509,1,-52.85189030339609,0.7969654699581253,0.386848334538657,0.8965026529428803,19.7423391992255
686833175,3,38.494221156175556,0.39216933711813995,0.3709147888554399,0.8841948799196592,15.981427730917504
687447085,2,254.46403959778416,0.3982694057811863,0.35492770061400786,1.0947843957881371,25.036836823061904
687545221,4,36.6986729851554,0.3851554701470802,0.2376980913851119,0.9790119160696814,15.661368519598337
687772920,1,-26.442990179690497,0.352309986746646,0.25073466132778205,1.1432312717078357,17.377577055135305
687864744,4,158.94150437009478,0.3748991761082774,0.23923438307715958,1.0594445166646007,20.035983236669445
688101886,0,155.84474682259878,0.37299889538440606,0.19883033521238475,1.1788829049779912,19.119079064325142
688122210,3,161.10574539652924,0.35373348994434767,0.24468770203927856,1.1610796444353426,22.70291155239006
688609690,4,186.65345169515683,0.37701524648019274,0.21539142934324082,1.1287951011155575,17.978605176347692
688616302,1,76.23225466318644,0.33850457939739476,0.31816395336505926,1.039611125133248,19.244330185376317
688656899,0,41.431627424980775,0.36225059266531334,0.2769373164982901,1.1249707976492083,19.647003209856482
688760840,0,35.40085897091387,0.35770718641426086,0.18666140716130092,1.1648699817425179,14.539198804917818
689174669,4,132.76352791454903,0.41577211907464395,0.30061721491151294,0.8624721002685644,24.20333865056798
689311182,1,76.40516650821786,0.3404459821909342,0.2334688554582653,1.0821914173724065,15.1392751240659
689497002,0,24.640301671346208,0.35011721077539776,0.21436884853281735,1.1122029381760534,12.972557386584487
689573357,0,-11.960449724900755,0.4507233774240385,0.14993512082121596,0.8855490040090663,10.981981103075514
689602556,4,88.09372356328286,0.4247150912184031,0.34931272820651293,0.9225767145277539,18.848143931348538
689672575,3,248.48057754976293,0.39959131909959666,0.2714250101794587,1.07768032371739,23.723631275402397
690246774,0,65.78654183850006,0.3393698467675366,0.25448551531572183,1.1718285648678393,16.194439030273525
690444653,2,310.07519025159684,0.4520833280114956,0.31150098150629857,1.0498003901760686,21.623424733450857
690772081,3,-43.00282458679209,0.3319439451488697,0.24854243766621653,1.0895924406501412,20.721362715886873
691002570,3,348.8873706962124,0.40525855148824097,0.28493112922525426,1.0749351037653385,24.027279592855237
691154706,3,9.771495112636146,0.3710817748360206,0.21116176994997826,0.9466655762478337,9.1903259269136
691219107,4,-10.203519328139947,0.44476362726848817,0.2484928226583674,0.972800350668578,20.35369918607082
691290005,0,74.21559979546232,0.4671301651641513,0.15795095110143928,1.0794737358637794,14.351555571905738
691340990,1,379.831380006178,0.4784701003082673,0.3817245140386609,1.0939454623124538,28.653442806060614
691396928,3,146.69434843945376,0.33295290816896356,0.18616068701495664,1.1646315758196941,20.107328271514934
691744465,0,57.878037809872055,0.3767161049769971,0.2905410213978677,1.0148320195732485,19.108832073570554
691831381,0,95.18267415171289,0.3583241624326792,0.17864365082968364,1.0570378809241627,11.914074447236727
691986630,3,253.65322522325022,0.367586947421759,0.2816300345654041,1.1923188030125362,24.249514191632898
692037059,3,95.78614532210851,0.386981962457829,0.18521474027688611,0.8688776021037358,12.373054136709847
692373242,0,59.59998776025497,0.35371947840226037,0.1999317450992389,1.2819741184358697,23.19184397972674
692434994,2,168.56336379022662,0.3682099609476433,0.16664531920149267,0.9569528735550129,14.038433222763473
692810892,0,232.34280019743,0.36434067890402144,0.24274459329922185,1.0996786495915294,18.32881310497139
693011985,4,186.4657863713581,0.3311550016118005,0.2875886777295726,1.1560393306111227,20.49106672871825
695348815,2,33.60954330859229,0.40403651006310304,0.2951755026740909,0.884789267241317,17.963765671023907
695374943,1,75.33034799641777,0.333336898985561,0.17511115969622565,1.1017090456550358,12.47913632870964
695536292,0,24.326264628246193,0.38442171407497683,0.2407123305819915,1.1272510954925283,22.6302857793047
695925726,2,6.549000334220409,0.3910701731782861,0.2278217065698552,0.8281923360845421,16.296799500015478
695940452,4,-24.186559536544905,0.44413485883119763,0.18975913742583098,1.059561773597792,19.544681276057513
696483165,1,48.42417174128994,0.3722396204146538,0.2502505033208503,1.014075285902448,18.418899571938596
696705390,0,212.79511044754145,0.3832587690936493,0.15440616282731767,1.4922854253460502,23.344641418645246
696713776,0,184.51486450432498,0.3680739014502051,0.19410630375291643,1.1830546592622766,19.65920849720148
698037323,3,33.209004644866,0.37921727662101806,0.18646365263031586,0.8370927801903171,10.954932133174903
698053626,0,-32.62672917775636,0.3295278679511169,0.09735573970708011,1.5017772910497098,12.753282895730983
698200988,0,290.70922700321495,0.3653435113680425,0.22532677697550382,1.1659788667848603,21.83635779150686
698615321,4,53.130065591017406,0.38107238312593017,0.24066961264209505,0.9530324153371992,16.040402722197403
699007218,3,50.28377910215767,0.41462118026952094,0.24984365463076755,0.8928369577417656,11.378605380490818
699175207,3,238.12568766034337,0.35553213183666416,0.24932413166265255,1.2237904141883607,21.756133692192655
699184717,0,213.95490193681186,0.38877373519938657,0.22511912521028737,1.05849843919115,18.358826453272663
699462327,4,212.5959858833045,0.3578222842762226,0.1528082784455114,1.3721356904164599,17.93786546845999
699667055,1,180.42697367992045,0.3705986405157716,0.3056898990543837,1.1101412835956843,25.535562938431138
699908244,0,89.99290896831117,0.34393788791840074,0.3005182981705559,1.1343316952794449,20.203454084322615
699928185,2,98.18697129391862,0.3661629665279538,0.18425710856157662,1.241609926771221,18.275141520905663
700020481,3,306.41297271023245,0.3985896030730194,0.25216187544838087,1.0294516031467111,20.591168422249464
700619853,2,26.35623076881727,0.3583033807446701,0.15140499020742876,1.174095929464323,12.76608242350352
700771684,0,309.0087643311256,0.3854865225296286,0.267522510500551,1.0924290630042013,26.070773249537737
700931497,4,-32.18483467154613,0.304488922695885,0.09772610758955791,1.6187460154003648,17.5847359580611
700994258,3,202.95171421523648,0.3792444702339259,0.2620244062150521,1.1838520650903328,20.322932876373915
701170718,2,-5.420897215654463,0.36680061493598,0.19610950325027374,1.0478664372411937,12.101008577013658
701980913,4,114.60243329832089,0.39622632946059383,0.20367275056732909,1.1806042062828932,18.845570850168972
702351726,1,108.93894895138095,0.3678493307107385,0.18718043371260884,1.1254912478645251,11.30562621561531
702495781,3,163.11673075838718,0.35632944195997707,0.2216038896209726,1.0280610198522433,17.641974119030305
702860275,2,267.60783072338535,0.3920541575742615,0.17954067676077473,1.221009702586059,20.641264335764852
703506417,3,129.4130207214275,0.3469546021337194,0.25617554723753133,1.1787336537389193,22.783704338280145
703616126,2,196.94669287284563,0.39656708669145957,0.2978140196286852,1.1258720063428667,19.014545716418233
704321363,0,356.56902649776407,0.42711119991635044,0.2644374238442648,1.0265404827596745,25.500370790216625
704562669,3,19.54941625672666,0.34575890732002923,0.2861872113200308,1.015733739707478,21.611060588085763
704596053,4,-14.49955531822718,0.38037570495495915,0.2501415124759317,0.891694809112435,18.004775066685376
704720758,1,193.82253527160924,0.36914594477746454,0.2150195620414437,0.9809876526579882,15.466722664126937
704923125,2,112.74828787841528,0.3385028588636717,0.2584289204438166,1.1601347117947591,22.312162054762776
705117177,1,-55.47875214777267,0.34666255702307736,0.25027476331216586,1.0373282456482098,19.75747723980331
705738216,4,234.19049142993666,0.3930722344770789,0.2058797791652003,1.0786967627593476,17.96095971616009
705844179,3,270.9896146573551,0.3942105376917282,0.2829426043989668,1.107806580680344,23.987094327653253
705855235,4,142.74470959591068,0.3616676902824762,0.26330827998112344,1.103031046289325,23.21554894248358
707258420,4,-8.480825163635274,0.3555350181873586,0.23142373281662346,1.0026334623459578,12.695076669797501
707285446,0,129.11739922986618,0.350479884726019,0.2341830996452337,1.1636855712273177,23.39709778563386
707686102,0,185.38569115144895,0.37176488333454216,0.215410428496168,1.0940171623742163,17.424851790022863
707792324,1,49.83957893687866,0.3475294184425977,0.1725401090192243,1.076710211025547,11.366354227024338
707895073,1,256.8722253568202,0.3847931487787678,0.2163664255945269,1.2096444382369285,21.505857440647215
708266844,4,165.96847783299984,0.368523963299809,0.2585577196609201,1.2113894460124732,23.881776334072022
708515334,0,185.70346962710667,0.3945626455471554,0.2359907327144872,1.0571830275714866,17.865254450781897
708745541,4,142.01267118196162,0.376960970506771,0.17394535266997613,0.9476215803369301,13.106008979719284
708888125,1,168.17558825008655,0.29648284775989653,0.12898663418997028,0.9773935746880678,13.777763894050906
709065178,3,244.23014179515357,0.3477104141777951,0.27724445913689727,1.0583892287098315,19.867641858794393
709226489,4,116.45319374294287,0.4397925646316409,0.24663872781842777,1.1466948523126685,23.872401511893443
709267633,3,377.8446619219352,0.411096595931365,0.29498239389012887,1.155895673099525,24.78456540295391
709856096,0,189.29138509180763,0.37072004354290716,0.20039206097130263,1.1624123072146375,22.394938607190454
709886400,2,282.15692483084126,0.36278281792762296,0.3276700017269756,1.1577915182787906,24.796791254017233
710418627,1,11.82506067383153,0.3511817524378557,0.2595886498618337,1.0436976415303878,14.956324753669664
711711106,0,231.35866535024536,0.39560913300988826,0.1905826916330396,1.0744454123936111,19.14031849762039
712008066,0,105.81889046360513,0.3539431675561622,0.17816830655120283,1.1133872826291737,13.006291774807908
712061261,3,-32.29637088513775,0.3819615225018197,0.20949696188172667,1.144526200751063,13.265895083778686
712113333,2,180.25823674418348,0.41990045434411316,0.25855892825211624,0.9851490040882043,21.7219073097569
712239619,3,60.916803819501325,0.3547582110024072,0.33736178738899986,0.9616967664208256,22.10666296472636
712424232,3,32.02974451084691,0.3863928921199071,0.23676053330763838,1.0673660139151615,15.126122289914086
712525184,1,41.12756888287092,0.36496222205572987,0.22198588169237446,1.0313635211614312,10.895454918340223
712532019,4,218.54615821065528,0.3439719295361748,0.27474509067049957,1.0899622544193954,16.710972659166124
713020314,2,-4.299550753983496,0.4273458636667936,0.2608289363459501,0.8547383708431245,19.121142502865037
713163686,0,-48.049703234975325,0.365737713991047,0.2000324775871421,1.15471799070535,17.898935079134205
713393124,4,90.15339853745455,0.3964143567218773,0.21471307526808062,0.9562323101061223,10.581192954282454
714476191,2,248.52460158805945,0.37556839015693755,0.35557924270167995,1.0743145599082635,25.345582407489488
714511257,0,329.18252922960863,0.42753531824966734,0.2766103276298138,1.0267576081719412,24.88239927517177
714806677,3,281.1499143976332,0.39371381435948144,0.18838218038760277,1.145089776508717,22.581191772715105
714836323,1,264.64570348599045,0.38949775899807126,0.2686245927251882,1.1523010451713989,23.7666460750959
715482561,3,210.19160494374785,0.3571078991200701,0.2657663078373482,1.2620572968687174,23.165833367669013
716027443,3,59.75147782076704,0.3562694908235921,0.23251891058988666,1.1220573517064483,22.317233351732117
716481605,3,227.74734592971083,0.3488968955033268,0.23093136275750256,0.9773977302176632,17.3372485070366
716683288,0,160.1804424889887,0.36874485638748455,0.24116781440755142,1.206185223034235,23.502932591230795
717229286,2,-25.69051919506032,0.3556610680565383,0.2595333105439218,1.1266281851007345,20.131120423080432
717633419,2,48.706123003197504,0.407993372766788,0.2242639086483614,0.9747498823490913,16.455718376099696
717936443,2,119.39349202312127,0.3351850602898711,0.22439341544126964,1.210830658953545,22.968188478945866
718095822,4,-21.10868516279632,0.37079774762347023,0.29503912134924903,0.927454462573582,18.901096496566836
718575580,3,138.1589038383956,0.3295164144448972,0.25674825168200677,1.100822893817236,17.917773177226696
719137941,0,166.34848009257206,0.36761287275389687,0.2729070708744834,1.126833170259493,17.016316087517037
719507082,0,25.3202758053108,0.4117041396378882,0.22512577269036863,1.0275424215524012,14.109306406261625
719751111,2,245.41581720197553,0.37666575600215657,0.28490029373476167,0.9710671849020673,20.82182974705599
720344171,1,196.26747941134192,0.3450985368511207,0.33516925807908254,1.2135062713852327,27.243384254820675
720567395,4,30.45201636461333,0.36545087819200955,0.2664509611497267,1.04099342977223,18.488122129593535
720781054,1,151.98994803572745,0.3683030117692,0.24866420148233934,1.2073109836430673,19.633950348106993
720835147,2,158.18873368589908,0.3388511351805025,0.23559478444267137,1.1607914162007964,21.44663089216438
721329227,4,144.9880679426835,0.3792972047359681,0.3041760084034872,1.227521227614739,22.102978889002358
721426023,1,17.95897770726681,0.3769381962114631,0.20517164976247698,1.047273734570225,14.406544427450271
721715227,2,177.8647523218861,0.3995243500408661,0.279461366969664,1.1502971809536169,21.43280932355878
721925849,0,203.92377275058766,0.36344939408682414,0.2212698620468214,1.1037690236511248,18.857001212851895
722303181,2,85.30234118860687,0.3830161946098468,0.21924607829611223,1.2155258913333,21.36945452460613
722323887,4,90.8543376132772,0.351658425499689,0.22784939151119135,1.1211023795172945,14.817788975367824
722337542,1,-65.06485161158784,0.4043500250165506,0.25962806896738605,0.8740076520476083,11.636977250672292
722624089,3,60.20557829430521,0.361231230219053,0.16226974216572676,1.0563682221364568,11.8016778276546
722656060,2,26.812532056989497,0.40585847630577815,0.2159105358859551,0.818776678198756,15.895217194538173
722657419,2,30.479314165842993,0.36377965822095665,0.2174200009434403,0.9680107199511941,14.109479918530411
722671179,0,33.3472662029612,0.33266499789270554,0.2968431136142922,1.0704256917284805,18.495593361986188
722858579,3,260.64314337760175,0.3732620301404723,0.2380981038103945,0.9431447458380372,18.66024388604309
722954203,4,141.65469514433687,0.3674703688991027,0.22954953942030704,1.240141214515166,15.624571658885236
722996762,0,319.75803815394625,0.3673957872722803,0.2932984945203606,1.1252393895506054,26.148125550258378
723086841,0,200.9590589616733,0.3941255572342264,0.23638324897471202,1.0411749841050282,20.89228801950338
723328836,2,210.9850599577083,0.36880450911269574,0.23792662111346852,1.0998722702926547,19.10883719510111
723637794,1,90.64209583506384,0.3550787573887272,0.2088273716552523,1.2539362090846091,21.309938608875736
723638059,3,114.96988694219769,0.3242379081456261,0.2658686501560767,0.9036318232736265,15.05745133584123
723903020,0,159.0751878039954,0.3891513855353058,0.19798755758892697,1.1428633816826415,20.617793987206166
725291191,0,211.51552736189763,0.3839856432963599,0.21850201167175054,0.9941116946591348,15.351936390396753
726324276,3,38.003275902475295,0.3657905852113942,0.1848903935639143,1.1142966537542933,11.02885757199979
726632865,3,49.35062967214993,0.31966389377031645,0.35557574919112556,1.0064687354637576,17.931717939487886
726852979,2,-3.373045030528374,0.3535009850801211,0.2788701607809234,0.9966245103168673,20.20161666295482
726901134,0,150.6827468989765,0.3736599550020365,0.23447064089894432,1.0433698306479837,19.88676394300893
727287922,0,148.68243502384485,0.36056087034974854,0.17798204697031994,1.2089932743184422,21.081108718072997
727715310,2,194.12070528101572,0.3750698283820611,0.25444095365052516,1.186697040615112,21.373767914808667
727880096,0,202.12454479293842,0.3571847094164958,0.2167819540771619,1.0849525201413395,15.642320196012756
727931995,0,33.38355612613524,0.40536710433681467,0.4098463864540681,0.9280445517092692,14.1201813786469
727964996,3,243.7863741627652,0.39744365309726354,0.28799148767407007,0.999639285510615,22.65760359171103
728252718,4,136.5576714313654,0.36503369581353984,0.23604597209981948,1.0878078589642874,19.772953563945933
728371459,1,138.52116230903488,0.37303643620235455,0.3013808151125831,1.2242479766666299,26.967462821400325
728455428,1,145.26686113711256,0.39844245789402355,0.10916743009310231,1.2803587193632788,14.247451646140501
729133742,3,28.398303735535137,0.33711449419587447,0.23942482627561035,1.1128181003745952,17.15218974218743
729574569,0,102.22100332496083,0.33133717294127546,0.06209882756434565,1.2651060581687328,13.830173270227865
729669366,0,158.48828262683554,0.3565615950506823,0.231039179927179,1.1848850908569242,24.218057729189226
730173328,2,2.283155353448521,0.36623025651058094,0.20656916879875753,1.0933690685149664,12.198834283383151
730265166,3,311.4411944578908,0.41573882732769923,0.237335343162943,1.060697277704308,21.32850226327482
730340221,1,79.5784574830844,0.35482812308641154,0.2130757393641896,1.2544593621712372,20.799775801016587
730399756,4,4.518715967826964,0.3861974767238482,0.23381904187203867,0.8858481055697486,11.591984406389368
730567526,3,71.77119788244843,0.3943935434039651,0.2413866607654399,0.9601684906299195,18.083072425079504
730591910,0,270.5349097667093,0.39529556762986195,0.20393346564162407,1.150522140277417,22.788586902303408
731184698,4,75.32661659917727,0.3339828476033471,0.20983984985334972,1.0842543816818582,15.329773949055342
731417662,4,0.683599523960936,0.3642306725679873,0.2840868937800346,0.9605101922115773,19.273229443463965
731595810,2,124.98960877000536,0.3719170446001083,0.1690388590281771,1.1132169009687054,12.89523285872182
732208665,1,278.4747994429427,0.395642738570632,0.10893435461305484,1.150005427141433,17.53591681183418
732280868,0,227.66398426087022,0.3679630758631061,0.2293887048433548,1.01543074020348,17.25045013842658
732578696,3,119.02192412900706,0.3672956697485642,0.2308857390720601,1.158714822025497,23.43012132806525
732613388,0,213.82837707692514,0.33731431997105055,0.22508679617736282,1.1824558065078854,15.435192326526646
732957114,2,40.555494566876774,0.3447477629420371,0.25690529986201666,1.1844430167998214,16.231741623681213
733015366,2,164.83801213091078,0.3987830966758238,0.30309497871586644,1.0438349192951497,21.414367936875234
733146174,2,302.9288505602982,0.3946644891784477,0.21802933465835656,1.207021375895044,21.55867373766954
734539627,3,140.18737451890144,0.35248826589425775,0.19349726498628775,1.1904415742871244,25.201052359913987
734958593,3,55.185223937823004,0.36494921304583666,0.19909557306821926,0.9955826124954047,13.248056511360447
735019484,2,148.19127900762663,0.37514251950884747,0.24346023911861875,1.1653134659811624,20.924765556104077
735028416,2,8.95277308537969,0.37748392961989075,0.21906920715363037,0.9564500876014336,11.908451528674687
735082604,4,118.80783804085775,0.3813035412195716,0.23365044066485627,1.1961903856284215,20.029449100577835
735143665,0,20.194986633832116,0.3502897903273197,0.2930531650254432,1.034702002684731,18.159137001325995
735307697,1,109.80679757418119,0.34291858965974803,0.25322061239836124,0.9911753535515171,14.736197863375374
735659533,2,-19.32320335547601,0.3662729531579762,0.2912094755387712,1.0182034021826067,13.510621932351707
736152348,3,193.97282603144774,0.3526778926600722,0.2172343593582272,1.0871354549607335,16.067162084813724
736727472,0,89.51219303630417,0.35430589614550967,0.25625729828934624,1.1649576791535994,17.243972350357843
736792055,1,111.73923295084938,0.36758401382796063,0.213174720994123,1.2672988281107296,20.931286897090608
736908890,1,-2.89832274863177,0.32237772085207933,0.19411422101535922,1.1761595023384126,16.48903004661368
737341727,0,176.3411757580584,0.40871340923688837,0.0988980175524635,1.4121703885793786,15.149220907247292
737356509,3,358.324338148822,0.42000263630154594,0.254388393779361,0.9871815269905719,22.066152398560167
737362009,3,60.68771407431906,0.2939115632112933,0.29977356153323476,1.1130631934532342,15.552275029921338
738034100,2,62.08721711289743,0.34376293056956597,0.29463860682133747,1.1032755447240727,22.006081278568043
738593262,0,103.29936605247977,0.3592422264957649,0.23840886160908892,1.1549635764874182,18.39906924090531
738625870,2,241.97122773001945,0.3572733116049363,0.30144028742395534,1.044810002505957,20.182044835981824
738887961,4,117.79042241351536,0.36954643883898813,0.16842446155770815,1.0065453255965078,13.329145150896817
739506612,2,153.34941101490392,0.3743397766431056,0.23982638853232546,1.2039841090643406,21.980936921395383
739562740,1,276.6452941825504,0.4204264846829394,0.1575666617341313,1.134234412088629,17.212163399850258
739643942,3,27.440753700367907,0.36902186061431697,0.21337092581536282,1.1197070662835904,13.691143444720957
739659224,0,68.9104424044757,0.35988036651130173,0.19233465921423598,0.9143042955797477,14.960393851469266
739937375,0,149.6669117945673,0.35919874840112587,0.2296971333436011,1.2106460814957298,19.302184079734126
740224734,1,180.73359500488874,0.38022007703612515,0.22731555380299726,1.0640900067396442,15.303263418651511
741750852,2,31.31260098342682,0.37257951413620666,0.28787145815271553,0.9759140102493656,13.522810518952188
742319182,0,232.076994099516,0.38201626296114294,0.23967009862421626,0.9815852084782338,17.308123355015976
742571113,4,177.2136050765845,0.37494301174410877,0.17519684582210732,1.1083345778162383,14.468289432057576
742772976,1,70.23953935173839,0.4300079928415122,0.2614124557578393,0.9764920140883763,17.652517119522365
743402006,2,45.478839720581256,0.3389495363092433,0.2891086062944735,1.0010651938644624,19.146381295537484
744301389,3,87.5095046923592,0.34700348804295955,0.17092822718403491,1.0850735690924123,12.392335901027915
744751157,0,112.01428359407466,0.33869072502014935,0.24080099661818888,1.1207658471697677,15.309870051351936
745130197,0,-32.219274678861154,0.3371915064458724,0.23739882594285838,1.0373254310999875,18.541626737278552
745501666,0,18.84140997952052,0.35408557488686626,0.26498553642662653,1.0161264688691802,13.30107912194886
745635632,0,231.26650380590627,0.3531998730726332,0.21704938371043872,1.0733303422890372,17.851848480248652
745676028,2,163.30446787651186,0.3672648578650708,0.24519035563549343,1.0851820276505801,20.188595706816418
745925185,3,222.25401604230396,0.4142324576575918,0.31534274295459797,0.8719763727147828,23.46343765678365
746006701,1,125.96145726873273,0.37851057787999487,0.21981885141026075,0.9168375139801214,14.270470948378827
746033942,4,161.9627659613485,0.3617570153999131,0.23752330641893227,1.2151598288810819,17.330790969661656
746099992,0,225.3561713425724,0.4009855191829106,0.182792740331427,1.106025563918957,19.829580300567134
746373374,2,76.50644395779946,0.3537287931589401,0.30182844391433183,1.0816999150279802,22.208912574998593
746810021,2,4.820717071950341,0.35680727949922253,0.26513924600700195,1.000824846381469,14.544880222416513
746817611,2,53.80308116318787,0.3116644368381703,0.26062795659702326,1.2189934825448054,22.18429415948845
746903081,0,0.47008185957977844,0.3345200668468381,0.2554081137795582,1.0588370403817327,17.312728737907918
747034836,1,-45.3002907015663,0.3901248949331397,0.1194034211050678,1.035593767134002,13.396896865914332
747510254,0,204.18494972983623,0.3357670014033225,0.23601800976666087,1.1161911224557866,18.1221256103678
747579493,2,-59.42042218449008,0.42008972341505174,0.19813328970466826,0.9823967090390253,14.298635617452373
748222139,0,83.39958958080175,0.35392061161509913,0.28303199770592247,0.9769833141855595,21.488888811079313
748600767,2,37.096276271351115,0.4056861416660829,0.2763545992911427,0.90289539878351,21.379479730406242
748602077,4,0.6704962110620869,0.3740975275784106,0.20600015348245637,1.054979777981285,13.311102608557768
748679100,3,204.9851024328172,0.37146820537760344,0.2693492712954564,1.1238786073772344,22.91054893265666
749003022,2,8.265754157423103,0.3738974941539381,0.24218334553958018,1.1370780324587613,22.037416035965503
749288648,0,372.56050104017623,0.41576105252314793,0.2252856453671545,0.9829367137345885,22.278730495871844
749314033,1,41.39469105498735,0.3336466279828448,0.21382310178085834,1.0556512628847006,14.960069465668152
749316999,1,181.30890158416173,0.3648678840782747,0.1850881034349662,1.0251887627524836,13.940371609384343
749375446,0,251.16882086810182,0.3604724272705425,0.24298682289250387,1.1315543793779161,20.01743442705818
749548087,0,106.26139048126039,0.36873739585009246,0.21679131104305543,1.1727596438221017,17.25768332869455
749662533,0,153.71773912581153,0.36013607037592854,0.21935629875367318,1.0185371278405644,14.052652623320721
749826349,2,296.48377204521586,0.36844379606870625,0.32659677725918823,1.1710746164897048,21.453361162591484
750049504,4,174.67931435882642,0.45678318520388295,0.2566428401847717,1.030967167988681,22.22987328526312
750380744,4,-0.6553066942011867,0.3672788305956399,0.2693229387568124,1.0587809292797254,17.933209310498572
750442059,3,99.59058936124012,0.34563505467075506,0.28304401112784344,1.1026765119007058,24.107253298467374
750805819,3,-0.7801296669588993,0.3513316992816467,0.25550807728401204,1.035317490535811,16.804159697623433
750893336,0,39.54740516638069,0.35626632916537126,0.2879783891960493,1.032634082041684,23.308267130529803
751017152,0,176.47462456958533,0.36003017067153875,0.2664685465472917,1.107320455005048,23.569237169337647
751223406,0,134.52245418523432,0.3797444402574207,0.2413801303404678,1.1181726958315101,17.11685844801319
751286665,4,64.37510224379683,0.3833406116704789,0.21924448724191542,0.925649455930965,13.284202873970525
751321800,0,196.36450087536753,0.3793232312123483,0.1839121718126753,1.2254330871525576,18.502265390411864
751554332,2,193.33218659712827,0.34018476018530286,0.28450336914058044,1.1033382589563268,22.088881433352384
751973346,4,137.67406398418967,0.4024638593902903,0.349304818996565,1.1167927112637699,24.430719666220465
752114706,1,249.9615026427712,0.34615132727781,0.24355042193070517,1.2692426859886559,18.846088774874882
752379788,0,128.09824352186888,0.3445407931212302,0.2906919509495325,1.0259496730635125,20.482835151484338
753005996,4,66.69468951778194,0.3673769658655295,0.23584987620683576,0.9842335081182905,17.716331717700378
753199362,1,-12.194163785829886,0.3239349089732086,0.15993087374256032,1.387976344754544,18.666525274485444
753570442,1,31.983102792451135,0.3607685605690714,0.12647707316657872,1.3125482554376933,14.014612695562299
754272312,3,136.42389520055525,0.3661686948812525,0.19114052883066546,0.9408528258524629,11.799667743194998
754288361,3,189.96441862330522,0.3598307117741253,0.23356964606066344,1.0128287085938679,16.686737307925533
754541700,3,29.08792149592135,0.3701866802884925,0.26134184737270266,1.0403548392631958,20.115407815007007
754551833,4,62.6791129545186,0.3529937428457042,0.2399651169133231,1.0412084446835796,19.691580464614457
754749806,0,-26.11962178283534,0.32819796493665504,0.23599622716650426,1.0974774280578625,19.5088748911421
755483998,4,44.192965587593775,0.3773781775271939,0.18291208721873922,0.8895694098536755,11.782626254044715
756378273,3,59.9662292037718,0.43307812519976113,0.3133733383283353,0.983293727917408,20.43354791955091
756437706,1,57.74616637518766,0.37514939753088206,0.3211902892519487,1.043277163760556,24.6750721380649
756521912,4,59.267110572621164,0.3328787450492726,0.24682005422637154,0.958228213492536,16.561265345677196
756721321,3,29.548586480568275,0.31861661974850836,0.2244954868794813,1.204447922101734,18.242548308847514
756782287,0,181.89523047047015,0.3479970293471186,0.2793347767792171,1.1310381702854932,20.406341073898943
757100562,1,192.22871906219598,0.38858034250837753,0.2212309013517802,1.0861452236966476,18.905971946053246
757588646,0,-16.86383052035525,0.3972854491317476,0.22568568103613218,1.0242233594356842,15.962240628399433
757729082,0,146.66901827158222,0.37315145924817794,0.25978303475932046,1.085391337507147,19.10305005432217
758693518,2,38.08976125376478,0.3652023097771343,0.34006408168124597,1.0781217301104031,24.090604815196492
758756190,1,143.38015498296772,0.3669671008512994,0.2128614882960859,1.0997998419086736,19.514148781319186
759011226,4,151.39676886607467,0.38095258659792897,0.2574672962833278,1.1127887708329849,19.97952027548119
759255806,2,43.4808184493067,0.35743290687681284,0.19277112197586976,1.0561373477597922,12.7567581018257
759347222,4,235.44767180024078,0.39340904679833283,0.25597170875619585,1.014821537522289,20.1398485424208
759929518,3,91.8573950408296,0.3592029357445832,0.26989058142853406,0.9401074638110891,20.461669499158504
760236787,0,210.460574889675,0.37031721460706407,0.32623963438622067,1.1147380539771092,21.548887038444207
760704855,0,32.74309388714306,0.36517380124496635,0.22910122865894805,0.9961880289273903,14.141278742154224
760704971,2,129.21661649617764,0.47011236245360033,0.2536772275944973,0.9795389342802563,19.858306849893786
760753809,2,74.26391041199759,0.40794173763142155,0.24471836033992325,0.8987622667709303,20.177715845814717
761202167,1,78.07620689207464,0.4411704372105532,0.314379340634464,0.9683916659328007,17.45581693341344
761297738,0,142.16718064309077,0.35211193452243417,0.24853761841975255,1.0720955511801449,18.04054631885575
761520590,2,246.2678834411932,0.3760862832860483,0.3038860666338211,1.0254288516774432,20.865787940066213
761786133,3,185.29206353282217,0.369824832668655,0.25472063494878594,1.2463760028071158,22.836331570653797
761886758,1,24.43586267301157,0.361299189618178,0.19796658107651266,1.0686705406587163,11.442732808136242
762219171,2,133.41721502486257,0.37841285829032273,0.23182993672663146,1.1132388710937517,19.989009203015627
762368408,2,189.78764367048097,0.3419381747889897,0.20955091273530896,1.2098079111356683,16.20114116149087
762944097,2,223.31338064009628,0.4014249611734188,0.19563245632822096,0.9707645607540009,15.924960337693694
763114241,1,194.69627842903319,0.34512858172914923,0.28394249483848594,1.2248936666214185,21.70555921248192
763411577,4,205.0182138538498,0.3528046976318793,0.2800788292985935,1.0320872063899929,16.743280475462047
763411836,3,292.47589759348455,0.3762350422898608,0.27007341383682676,1.1942714048410368,20.33151785491461
763726764,4,124.71516577041518,0.33346800262254,0.15883707908685335,0.9517282357355668,13.77001628304565
763991123,4,200.55973560844762,0.353970305628667,0.2618858874765413,1.0599176240437507,15.641422745485595
764245724,2,37.35578359868903,0.37166585262822105,0.34290302619757684,1.0330668766643671,22.030066224088483
764326592,4,107.52357637826167,0.37434451583719447,0.17315598029420554,0.9639452983348133,11.200392759796477
764363021,1,134.06672762233006,0.38864558482061984,0.23767545033409015,1.1295604151568779,19.926345073794852
764478101,3,23.22301021329561,0.36089703827750885,0.28874946226558906,1.0998296635333398,22.587095932234824
764504672,3,51.50487504921237,0.36677879093293964,0.3430049023503976,0.9482428197619638,22.949408093113686
764566036,1,173.86787191012644,0.3410685499707743,0.24665763977950045,1.2804284155128958,21.117581540507217
764633726,2,-3.908729897691046,0.33794682651263935,0.2603827744474613,1.0711755894832125,19.63524936369085
765055507,3,64.08400504177617,0.37219406097942925,0.2769988300979073,0.9297556675475022,18.800568337801167
765135916,3,187.84190004624273,0.3671994295268723,0.21029409244339287,1.0355196077223376,14.69418711334563
765310183,3,193.71732790951495,0.3612653083019294,0.2094345055868529,1.1879373499146868,18.448991638547213
765454454,0,10.264619684012871,0.3770947307485377,0.21407159113065594,1.1164952144673759,14.27125877809016
765521185,1,50.47080362726445,0.3850023783610293,0.42417138062733306,0.8920241419860546,22.15035093741226
765731942,0,13.660696317656985,0.31592317981459517,0.23339687505513756,1.1192069472390733,17.24876506359758
765785607,3,200.25489946734217,0.371139013566003,0.1866216431927994,1.181686567303984,22.446441941063494
765893959,4,208.85804101958763,0.37910945311564703,0.2351061318274788,0.9544315673519851,14.90686555215117
765976138,1,156.44493342860414,0.37479984415306894,0.3045389840812509,1.1797335766053858,22.676703876802268
766108648,1,175.46532871602898,0.3649577662178026,0.289057664384049,1.1158473054254097,22.928317176087482
766443404,1,-25.274991853851503,0.3480124916444603,0.10452612678522014,1.6626108046262593,18.977294319488617
766636095,2,-20.240811064780303,0.3614187867804234,0.27332645156323127,1.0475230264602091,15.398597824348307
766749407,0,29.877695735050693,0.3601829047215072,0.16135880232699584,1.171786417260856,13.965744056359176
767346074,0,37.49119865599974,0.36590672769429244,0.30788284978855035,0.992467908052415,23.026590834731984
768384141,1,-7.756824073944202,0.36972021282731105,0.2889730775745116,0.9281227363888265,14.481842792675781
768467775,1,157.9568296217254,0.3584035548296129,0.2674127776289446,1.1872320571638437,21.409140436865393
769383218,1,-5.308173384887297,0.3578707224309523,0.22771277837153597,1.162726182184044,17.53643480211135
769839159,0,57.24477240380504,0.3367804261666463,0.2636308816893882,1.1821228536251351,23.59408335100386
770392100,2,80.85987876536859,0.3460924564603348,0.1341668927758754,1.0158181014984944,11.424416942399663
770474874,2,2.1611603240696127,0.3665076933998283,0.3064554715587303,0.9443684548647575,20.71216673185955
770593247,2,179.15051536668096,0.40846790615060424,0.23533014129005433,1.0979122289533847,17.874580952170078
771410628,0,94.85842625257938,0.35591691540661313,0.1928900387364516,1.173205794078779,14.859169403970855
771609530,1,18.588510707436114,0.4032854395182941,0.2443681277755425,0.8942417683848968,11.787932778816618
771639833,0,35.495532338165155,0.34153963120209757,0.25162859775219537,1.2455224335292636,18.334109488777376
771772442,2,158.58548203027678,0.39634695163463096,0.2481629689177165,0.9577798800030906,20.225538651475407
772440851,3,55.68730380502224,0.367231457439108,0.19825237304791443,1.066927651116044,12.395282682726467
772566639,4,126.02229241056521,0.3593043621167853,0.18087950599881814,1.1465438439823963,19.331540524883458
772591088,3,209.87702956255436,0.3505826682535774,0.28248551336835787,1.2218098867295604,26.027416942354566
773428035,2,5.532117372522947,0.3859328554821414,0.19739375620359217,0.9622779878083524,12.257393207514893
773706830,3,160.17606363193164,0.33896858915062505,0.23264559292591605,1.0535280724405334,16.182523156143542
774116157,1,77.24710391098692,0.4237754777274103,0.24778841065773755,1.086814504202458,23.110755153887453
774594190,4,219.42398311330115,0.349212849908867,0.2966103936121233,1.0888107764206207,22.471816026137866
775478514,4,115.7609279278742,0.3710448117707469,0.2761415511744776,1.2363823423907658,23.574136169860083
776515253,2,24.647038901238176,0.3770313557796167,0.27892417947110204,0.9134425225855847,13.720209684864171
777120719,0,239.3162781469881,0.3878370769507506,0.16512195277374753,1.2238072333038736,22.622968908826035
777245562,4,198.22739767862686,0.334105218234133,0.29171272788128644,1.1297719176084606,17.374450542877703
777333329,0,266.0598802586709,0.39246796696829045,0.14713314289766216,1.1257951863444149,19.40822894960893
777956854,0,222.88289373379598,0.3666137528121823,0.226901912216559,1.0402558293561897,18.296406267704036
778024152,1,163.56047267159187,0.34425230145096186,0.26790546827856926,1.2735808966392383,21.712782678371372
778266959,3,75.52658598150433,0.377486123225186,0.2404177153336078,0.8888036615674647,11.671085384710024
778508668,2,70.33331439121335,0.3390693717022171,0.2726519644422427,1.1623574904036875,23.113785733949612
779018837,2,-17.189361900976152,0.37116661139649076,0.25853311508963517,1.0235972245552087,12.523532224433595
779245999,0,191.61303933793317,0.4028262280049202,0.24324495282087455,0.9370450435336726,19.953088421942105
779535649,2,50.96497409629123,0.3670526491699336,0.34309801148798624,0.944417668302973,21.875266104273898
779877733,4,93.09794993784324,0.3626109929708346,0.234282641606357,1.1410425154065642,20.285367291481453
780149366,2,226.63958311889922,0.35080577694483334,0.2941907779931353,1.0639190022153884,20.053014186205726
780388384,0,236.169016641611,0.4661355397055305,0.2204292239020742,1.0907032572286122,19.180815849989774
780433305,1,175.50253271022453,0.36444608106097875,0.29254905329808567,1.1251745209149369,23.11453700172025
780752652,0,227.01569723322478,0.3896993510510158,0.26718503766583845,1.0155501061241188,16.63818452887942
781281190,2,173.09198503341318,0.3500693765869237,0.2744871363279731,1.1298069416854053,23.76774070569496
781306630,4,176.6971598375312,0.3964033066594999,0.17985400405288166,1.2042370275173642,15.94765515859508
781325985,0,209.50887017495896,0.36563147951249425,0.2262025343249246,1.4174529437063237,28.098534779834885
781403971,2,40.3220302077852,0.3745760698651677,0.22156543841273124,1.065993424287175,13.894179932564178
781605401,1,57.593785647676334,0.36235400087880715,0.36153460883717387,0.936962308036686,21.177549905658424
782092877,4,164.90573121379924,0.32268387096959333,0.22944249180030057,1.3825676181990287,18.647315098758604
782678603,4,-19.84047859734177,0.3761525181809977,0.34861347045384133,0.9092779358829141,20.513156551116772
783040210,4,134.48981659278965,0.3742978444141205,0.21600146734954875,1.2242411217338292,21.179343481066454
783055378,0,204.164697335675,0.357020798611997,0.25896421858165874,1.2004958080726396,19.74205453158916
783150586,3,197.30139062042755,0.39848838510743023,0.23295772225015218,1.0772574200600302,15.024270769943806
783176072,1,11.557351521484037,0.3635286090707437,0.22386471268851307,1.150801299692336,19.63478508520626
783233627,0,-42.85914612049508,0.3655732922920646,0.23821008009137323,0.9447059821770852,14.066484526817387
783252697,4,27.877839809468327,0.3543282472253367,0.2840751666079675,1.031236731720241,19.61105399019338
783421229,1,169.529415283682,0.3793234243299825,0.20883315878950884,1.2681421109693278,21.285819430603436
783528107,0,-0.6061290510595114,0.37085242735449175,0.31123013450608383,1.0707858043838339,19.293356681257354
783741919,3,304.8044971119623,0.3878899996176386,0.2683165722886707,0.9904548806386448,19.90242151204559
783812275,1,104.109084347004,0.3878891084935712,0.2865244328998409,0.8855901277410264,24.55145022232195
784293016,2,18.906843162643895,0.38913418009199435,0.14298312616604913,1.105587537797585,15.043602453901354
784363756,1,207.50650201525298,0.38811804274233414,0.29289932906390126,1.149088551637122,24.323719633422886
784935951,1,127.58214925838831,0.33352966355347297,0.29369278573449636,1.1634763722852484,22.34763341886439
785079844,3,168.7957310775511,0.3546799945908562,0.2972946861911632,1.1902516626019406,25.756032228838567
785209471,1,43.734819651774984,0.3270621876654242,0.20617063894003423,1.077763543233618,14.868236097156338
785463469,1,55.63719916725971,0.38094039508954874,0.35673404575796674,1.0314077842992033,26.279011419110684
785739315,3,50.86308635017176,0.3635970741073512,0.18214153181509818,0.9141310947038299,10.031019116157005
786535870,3,216.01757681594933,0.39354348219228835,0.25104743044610994,1.0588715156545512,20.173762251652743
786832504,3,363.5973543575518,0.38061073020356423,0.26807968520906666,1.151352634127163,25.305085621530196
787172285,0,200.4659000129411,0.38299679341982057,0.23401151969929923,1.0124768073313097,15.288774829947446
787518160,1,17.040076643752272,0.3249416721209228,0.24613713708209012,1.0749275464306653,18.14029876076667
787533936,4,232.80621215989962,0.3921272953885768,0.12465420245385458,1.1593335441724346,16.424846759261477
788080561,4,142.73812235021634,0.3576834031007037,0.2252522904312378,1.1855404380336712,15.472885230609572
788688131,4,105.60024622788136,0.3795001192260639,0.2896699707875909,1.0284467843856835,18.30074469904904
789071222,1,182.13738131095917,0.34763447021822785,0.1945234309011993,1.108769046984325,12.02467863761083
789164013,3,104.63798286381315,0.3643641995811448,0.15690034796257918,1.126769910564174,10.32769995318596
789200912,3,103.45867261902225,0.3951551054018698,0.10007099208869585,1.2045335607013195,13.950632950992102
789216614,3,21.119674039686785,0.3176491217719327,0.3231481728948752,0.9846103778881682,18.821283757508716
789218686,0,123.83078790307823,0.3588723312761083,0.17880228979246854,1.0039999524544392,11.881387339998637
789469220,1,125.07885994321668,0.35606694606278166,0.11899543354851927,1.0537350683659317,10.49884475397259
790220540,2,220.15308000745006,0.3722231426018997,0.2734012881452785,1.1804453851305914,21.19435662232463
790422297,3,45.51373473236554,0.34827431651400087,0.16508871576346823,1.0556172053724366,12.169671099672186
790707240,0,187.00847998814712,0.3464912236713177,0.33916842094548083,1.13828891295922,26.69251265436671
790828475,3,200.74686029935134,0.3510983419174791,0.20668602821731968,1.184831358657799,23.190148820034175
791518570,4,243.39226541237343,0.3598251115712451,0.25694438015367177,1.1834348140930868,16.909534279637107
791544306,2,36.170618300768595,0.39786095361011936,0.31453882311278336,0.8982188329525413,16.460142028105356
791643770,0,185.06536797561574,0.3444572084100778,0.2826465219443741,1.172952512064401,23.64336608899444
791644318,1,89.38072560755414,0.35511201998193476,0.22691718532894894,1.1784513472907112,20.124944512077136
791901717,3,-50.0551206299084,0.32321167613810253,0.18069253402910368,1.3100151910229298,20.029465843333348
792165329,2,4.107790816207043,0.3780536120619126,0.1983367514530739,0.9475358458937043,11.978379484125595
792850218,1,11.285731366023981,0.39061508624395574,0.227624210878996,1.1993772239189762,19.18134726426308
793023871,2,24.315119914534108,0.3838112541452159,0.1941133669590525,1.0159555692155111,13.985064768984921
793067604,2,7.432487685908228,0.36055809601560396,0.23087316188160664,1.1064922521482188,14.792636909660384
793720253,1,145.9015318631245,0.34111801521213597,0.2987102473605162,1.1461575226443297,20.246113824409672
793830629,4,13.638971167103406,0.35538671898819835,0.2762547182509614,1.0323256463676813,15.665894293416914
794214898,0,21.854308685452366,0.35267525172879144,0.2909365568737911,0.9951490065989937,17.577539774396588
794405907,1,162.3635210512096,0.35782968800700005,0.22075636715981828,1.129133475550761,18.433566315089735
794427257,0,7.9718382504724445,0.3368917494364056,0.10710602611744788,1.3640613725361976,13.616311251333908
794510468,2,197.90010966348865,0.37658085257962276,0.249584102754296,0.9514431305715297,19.633348396580146
794641374,1,173.05587379678312,0.35234847121687307,0.3200771853588041,1.2705769626176915,26.18365642666388
794995355,3,157.12613497859414,0.3665849375511548,0.2208186454547707,1.1954575220641863,22.071482248234283
795727494,4,160.49575787382415,0.3669078040128268,0.2119874146959418,1.034301778822636,14.55461559406526
795837749,4,234.4588861027359,0.37846680493470725,0.1647717729903191,1.1183398360009802,19.980714312393385
796117252,3,163.37772770234793,0.35762147762389795,0.24946863658496432,1.118573624976785,23.281607662946058
796744400,2,53.586626117732166,0.3572391451439331,0.27014571019966527,1.0547308971691738,21.824244191593966
796832411,3,342.2760628080073,0.40842864169680176,0.3228170248040361,1.024401918424384,25.67523255546878
796983808,4,178.97702627881034,0.38820244198089204,0.15832624915166718,1.0556011168991357,11.313323146905539
797241563,1,-43.79580101180994,0.3320593458448678,0.23895568612370963,1.072212226403846,19.15207685426762
797481672,1,263.4732995107767,0.40179142285916924,0.15371690858766163,1.0755059821575983,15.316717239920099
798215988,3,170.35827180165055,0.35983838649326694,0.27912859028696374,1.2396609761667219,24.076005332882946
798268482,2,180.54753749847612,0.3825946821665368,0.16552356915219657,1.060312445934212,12.90701194625244
798438482,4,132.92741315197577,0.3548327800939378,0.2448124498467069,1.0911683294922627,19.39536778337243
798454930,4,164.68925154316668,0.35236088951402517,0.16349352463136546,1.336860172539852,21.926686691772996
798498386,1,93.2924838800777,0.3609966054929546,0.22022342077162224,1.0256733497841486,16.347578322552504
798869032,4,254.66704173235442,0.3604233065410328,0.2888233718483794,1.0366458559010585,16.864421749901503
799217349,4,-22.25331292837818,0.30939646928110065,0.09008120243261189,1.564275348931532,20.354711006085687
799283066,3,-18.9183181759702,0.34988183460081534,0.2324298226831676,1.0482357218205185,16.5829180879861
799636548,4,65.25219271384319,0.34920981611371793,0.27758472477989254,0.9795286767618289,17.900962500587305
799690401,3,189.17523410002565,0.3502351377058042,0.2440419608597718,1.1359269509283225,19.433803751056256
800089698,2,154.569174803061,0.34157817380771555,0.28769707001308104,1.167741567673961,23.290983502890036
800130991,2,149.0254983533703,0.36404531016413344,0.2568608399301056,0.9989255597344694,20.5767556965759
800215811,2,11.86715756474156,0.32970422068211025,0.24452912100707283,1.1362187982365857,16.85492165215932
800676373,1,167.34770869408715,0.3490488539109145,0.22408166261642426,1.1515509784886229,16.647742765869136
800838483,2,2.1189761411289396,0.35199851415076416,0.23854245933261103,1.1357605948951501,15.779162302788855
800998431,0,189.61016961172075,0.3422464520965515,0.21860194771137464,1.1960548508127178,19.91519503741722
801063364,0,56.42045064554652,0.3488104333778991,0.2502894363415501,1.1216094599302284,17.73320984231497
801330021,1,111.18021837063,0.3417835934984435,0.16030633435946512,1.067702614003073,13.009336922815319
801675840,1,197.38152172290796,0.39363136034358603,0.2708184763919595,1.2017010166130169,26.804457261136033
801689933,2,-28.898782294226862,0.36773005622433846,0.2915524001723212,0.9492636699944016,20.77425709796995
801852409,3,200.26546281804235,0.383310172694506,0.2177347624599799,0.9335445405103084,16.51891777230933
802299717,1,173.97399002156175,0.3670992488467511,0.2912635685236102,1.1125756239391305,22.903532829488775
802360891,4,5.665045546392719,0.37018441726077594,0.3147818570528925,0.9322919756552788,20.164161522585037
802506538,2,-42.78392991590694,0.3996147446938571,0.20343873366152235,1.1043768442441328,12.631480914952533
802993859,3,48.65294073678216,0.3729920131258602,0.2005701213993258,0.9481727012011492,9.369541857302673
803106454,3,33.18077557673928,0.34840713053673583,0.18029286499248245,1.0064443505597918,10.680924349506165
803775586,0,19.108813912428417,0.40592505351224545,0.18846675239383107,0.8138650080668473,11.339922340555628
804037111,0,14.651774842839814,0.36226492055163073,0.1541840630738745,1.287367558763945,14.71980474642106
804149832,4,241.31085107148678,0.3900251038880292,0.14266154442966122,1.2644661894326392,19.362031299672395
804322446,0,26.468981081413745,0.37016079221914344,0.3055521610244615,1.1377532981308234,20.32145769241629
805227128,0,36.36026682840912,0.3588360010017251,0.22506905047681702,1.035507472851803,12.04347183120194
806311584,2,76.77047319895983,0.3409358952553011,0.26312565377765973,1.1528012380420534,22.219969607026435
806397458,2,10.74595352555319,0.3704831768516514,0.28444813302982475,0.9661271376015038,16.15400302190896
806790733,4,136.09447740885585,0.37108270455253844,0.21728491081625612,1.2079212552730707,18.943503363494482
806978622,1,-51.38681402780617,0.4768629099286808,0.15275705558158126,1.3420748449769246,14.105605319707527
807387712,0,182.85936279069423,0.3855041179909201,0.2085780813171302,1.1114644054114509,16.545959141759855
807551839,4,94.31014550258054,0.39204793870442445,0.23575250611607454,0.9348915307184421,13.720694382530453
807875474,0,106.90201053111618,0.36317060983893384,0.24163289985958733,1.1200434583259435,22.94593665524366
808029389,0,274.9022859639657,0.41400563743999097,0.18541131651792297,1.1000125438589186,22.86936159235114
808269149,3,116.72367709731711,0.37219120252037424,0.21813564335906255,1.1414576002602275,23.975891577021127
808476294,2,176.0098079984263,0.3878608653985912,0.26979127492144994,1.1116109152672577,18.688311735999616
808488658,4,224.14239226198566,0.36306177497949293,0.25541434422604725,0.9715825115186217,16.900540145670135
808582678,4,208.2710449555782,0.34564834123345733,0.27816672420825167,1.0252761358559517,16.00322332459437
808879247,4,134.05038000895075,0.3762767851518221,0.1754443730139258,1.1919098276258753,16.253123753630735
810134797,0,63.77665774817351,0.37195200619267765,0.27107633950374943,1.0314624545389466,20.04364796133311
810221803,3,67.21685031888944,0.3452218352038222,0.25396971698700177,1.009750951802132,18.304834701691707
810464372,2,147.96635660647937,0.3850299630963746,0.2183745389453828,1.0556790996544505,19.750887443886914
810570947,2,152.67540678904754,0.37288290372258404,0.23016468732131976,1.0160917096827158,16.32619019888226
810716859,1,129.953859370192,0.37558064595058216,0.18197379769884087,1.0515925949743608,19.63683438253371
810767754,1,1.0401299338380028,0.32877880317555014,0.24308158022360773,1.0497418122226245,15.91439507852833
811102498,4,120.01013332473815,0.3677988260717553,0.18922893099798108,1.070312764821391,12.80322253788424
811196388,3,239.41918699124545,0.38463608388018405,0.2239015514855507,0.9544499653129834,16.494986959195003
811299446,4,170.3242002221878,0.3380270238901642,0.3112518362593027,0.9550841002111721,15.407938510194331
812075542,4,222.64686748313034,0.35427396340138123,0.3046441843338052,1.0758923173266157,22.982537899081507
812088904,1,220.2273792959654,0.38259783693160426,0.2002122325521965,1.270389966067517,21.90814501874334
812162763,4,3.4848548739500558,0.36737337833516387,0.29790939828864693,1.0376517914183734,15.35804017084965
812270433,4,190.62543143340486,0.3720890234752138,0.23866097607302236,1.1604339081500514,22.253097149730156
812457901,2,38.07692288426209,0.34968573982949963,0.21460995611865527,1.043633235516834,13.200716657701104
812618019,2,37.11426219629624,0.3982138337401444,0.20730872905632983,0.9596982976244011,19.698759048005975
812811097,4,249.21928601079043,0.35955492585754617,0.25885971242673117,1.02262017639148,17.16313796016129
813149599,0,157.3601256402631,0.3776285905157027,0.24943990582573886,1.0699382609296186,19.833279919460942
813214787,3,250.0520379912468,0.34864784965007556,0.238574754140973,1.0039065958569546,17.20277960508575
814144401,2,-3.933002757939377,0.3681444080394892,0.2322337939289782,0.9631732592130233,16.305579668465008
814145084,1,136.65983810342073,0.3575106305313775,0.26608113369810243,0.9965658407418279,17.0100744219016
814315691,3,-20.10142681726525,0.34480502005968394,0.18831412390012084,1.0868153976589507,11.916528141039834
814898102,4,28.1371430478859,0.3747937198885714,0.3002366002583995,0.9513547199820898,18.35701651387486
814967191,1,240.64265725674235,0.4002150144398993,0.15875277546403188,1.0713152829757158,15.313193841110673
815036763,4,-29.33843274669516,0.32488182502524326,0.23323919657809628,1.0899221598301934,19.879472874154384
815051873,2,45.15036600155143,0.368104141369137,0.34171639164499523,1.093070618601131,25.099179852884117
815588093,1,94.74557425842843,0.33433520323654053,0.3086733452453346,1.0651247556586443,22.08594047113874
815998527,3,-3.4944297335011925,0.359357360343714,0.2279337248643176,1.1025220770754478,18.811682081003347
816208987,2,33.46136967050744,0.37985942910316484,0.19960737464722794,1.2163203253252037,14.388911915969638
816499147,0,97.63951641659123,0.39639742830665714,0.3596736429954742,1.0699722746430127,25.878430657509405
816523902,4,79.97244148286691,0.3371721182116986,0.20192490090553294,1.1235818218947973,14.182652865096724
816594704,4,-12.138564810867592,0.32175336988491743,0.11630119794775043,1.3449483654078889,13.943011833376044
816699374,4,46.328093805208006,0.3803375984641936,0.1860663401616532,1.1333941698328491,13.186011127111145
816729790,1,189.01049771851942,0.3652491934179994,0.2802734787625306,1.076137038213024,19.49074364868463
816767607,2,44.207173110552006,0.3754299028665833,0.3669287811520896,0.9053533400960236,21.437645312574283
816771422,0,-12.937312121454795,0.3716625149937312,0.31757422505398497,0.9477693055958277,19.877527748391408
817102906,0,51.8873533151581,0.33456419702332507,0.28176478082177137,1.136443138446513,19.69292768340479
817179455,4,24.44826604674283,0.3832666352187818,0.28278895009508936,0.878686308274671,13.01323267440115
817222485,0,-12.937917063098567,0.4070393109098853,0.34885632411286205,0.8167292616655386,14.42193512060291
817646682,1,64.95476177064876,0.34575196907429534,0.19033184741895293,1.080453315645766,11.371053002295591
817764960,0,108.89165044659725,0.34963381569409935,0.30490064030442227,1.1547365211187648,28.574666472055828
818720899,4,71.41034535306476,0.3530976568716714,0.25215763760930127,1.0972461340358615,15.23344357710197
818853032,0,142.86442191571365,0.3548535508474817,0.19428192320123389,1.0405956774685305,14.823959866996127
819286039,4,382.5367786269652,0.44131072526982773,0.36749719147338894,1.024848273071225,26.11148776907737
819429551,2,232.63167675504695,0.37471119348554316,0.1905006138700131,1.213529313693983,20.474116008283776
819812613,0,212.92740855485465,0.36336597284399214,0.21213737223769377,1.0681830988172694,18.58369072692026
819863073,2,248.20352705610173,0.36187095052635626,0.25403427096217973,1.2276761583287936,20.210262107603217
819957053,2,174.2750750323015,0.33352071010966194,0.23843683271256147,1.0273426071379477,18.63856163828802
820067576,3,121.70626797615381,0.3587326236003204,0.22727733584481377,1.1942539012995532,14.430372402275571
820073046,2,195.76034750292655,0.35951765260951424,0.2871033995510404,1.2155301886682726,22.958570543649248
820293105,3,5.835140312938279,0.3485106053635497,0.2923408620481672,1.0521270322589567,23.33287647240078
820510299,2,190.97586766076574,0.3332515914126828,0.2762145223444106,1.2339410997406042,22.94330319261332
820601696,2,283.09538047878857,0.4294608281982498,0.34325564470970016,1.0998958877294407,26.07350906835792
820692130,2,185.446525016645,0.3305637174673396,0.24833892498802834,1.2289498705090605,20.210299714660653
821219964,4,107.04240493399347,0.30920814718866124,0.21133331874641453,1.2158130109743173,13.106377320154923
821229257,3,5.280875087962997,0.34498693733191566,0.2836513811115723,1.0682144224022982,23.35335771779859
821537914,2,81.43718660307027,0.3557636301862229,0.19316733217160248,1.0129896291925689,13.937736147916025
821542361,3,113.00971390296789,0.39260640489675075,0.23595668945502393,1.1528364159504156,21.53351233493964
821655324,0,51.6504068789239,0.3725196738956493,0.2518208085716083,1.0621883531800862,17.677796129614418
821914285,2,250.68902996620278,0.39224243883325693,0.16718619642088067,1.1455881254797005,20.954165917895335
822072702,3,166.11354867502897,0.3468763561638935,0.29726154949381456,1.2005196819746287,26.915212015835305
822079361,2,99.99215676252103,0.27290613829189847,0.21099689800555915,1.4523973943591462,14.821744772116029
822137197,1,54.16332478348738,0.3474450646396001,0.28381135404940366,1.0612669512404658,20.95123593961543
822757140,0,78.50912872787245,0.3462669397614447,0.19690462217882176,1.1491792963790708,15.09173585020679
822972602,1,103.88311839271755,0.321258096366397,0.30818877821781576,1.0633879233786954,17.00149324533441
823244753,1,164.42312256217713,0.3174832522750284,0.28483640426099366,1.356669920428681,19.799534937452933
823634116,4,164.4797732476237,0.3794870960628737,0.1667942801487889,1.274290785083279,17.419611870744887
824512000,0,13.697315013463509,0.34974946348468516,0.2729758569369687,1.0411415732081133,16.13227387586725
825127348,0,351.2743142133116,0.46689373175127696,0.261652171659919,1.0468299600785902,24.05583393220165
825973293,2,281.19969654328304,0.39567531839481673,0.21450627469587946,1.0364303873181184,20.59717187163104
826258963,0,77.9622351800864,0.36332265463480623,0.23890830235217128,1.0595713864620209,14.944619682603395
826441672,1,199.50948994258513,0.3492684851282271,0.17260889478882668,1.0460410313077322,11.10075164050663
827035363,2,12.300054091606995,0.34131936887136977,0.24241461932796113,1.0819257668391251,15.119538902847388
827086896,4,258.6184832409032,0.3841030694636428,0.2091362409634981,1.2161415760433791,23.353101771531968
827590818,3,178.87384915204012,0.3763184722594875,0.27160755163398864,1.1602802754429096,25.41807207694788
828069066,0,109.32180998349207,0.3909212413650999,0.15511983254084954,1.0448615619589288,17.172746256440874
828078901,3,231.45107984517202,0.3881607568931647,0.2373675442704398,1.099342383033545,21.895396942271088
828636202,1,232.9022874507173,0.3617883235669022,0.24972736294770378,1.1435632143865209,19.410351120775456
828717601,1,132.78280729614033,0.3441376412812192,0.3238150358811919,1.0786157210346605,21.048543566997424
828807298,3,297.2056462212951,0.37619113868866333,0.24240578504414712,1.2377029980019205,25.044513191528047
828904716,0,17.108587518181224,0.34504058340327587,0.2868810994975149,0.9665033997575843,17.606686054750917
829968625,4,56.99392196784158,0.36202497330659344,0.1636928410088876,1.159159058135225,13.06338250375918
829981361,4,143.99847986947518,0.3551909615680273,0.24926887369543166,1.1139641739837844,20.330394956417823
830475899,4,-12.146743866425197,0.33389367251833274,0.252284621019931,1.0854035785880305,16.118914904622525
831848484,1,-49.45005626721738,0.34676032221380243,0.23368620832215975,0.9925844355225192,16.806199749611167
831990105,1,176.2658114643899,0.3166899235885334,0.2446036100544163,1.2814272408536402,18.033256766286087
832112945,3,104.32750236785711,0.33254114748983316,0.2786770380550497,1.176298016802395,25.2758933037326
832174357,2,-8.857653451067662,0.37835455945805485,0.3326636522336086,0.9278837436187881,22.279101829855982
832267594,2,112.58300997837281,0.41034468788869505,0.16568716907256315,1.0012063769856738,13.392142430038236
832293069,1,70.70517955705574,0.3341319756100534,0.14733257452708012,1.2055728995476307,14.77774781040802
832907527,3,228.03265662015994,0.3359625004222626,0.229667483635744,1.1664690300959686,20.343719819909097
832948495,2,192.5345800024465,0.35835557163630216,0.321895275583266,1.0538015492410888,23.998487024433434
833018953,1,134.64727085669813,0.33035454120092944,0.25088037068650143,1.0310826913432924,17.82581463051518
833673959,2,-41.97343747756163,0.4224162553930346,0.2559861359547881,0.8858478261839638,16.026176564040508
834012774,1,220.0763077322278,0.41736848470597226,0.14742806765084954,0.9490053813047561,10.511284712352861
834236236,0,217.4248077528075,0.36893242508866925,0.2494682122742994,1.077971847508048,16.512000212789413
834328037,1,63.836920575789605,0.3753952925695811,0.3256366688975829,1.0583337976875853,24.837624968819675
834450099,3,244.40920428646626,0.3699200042283051,0.2719684210520895,1.1541493903514557,22.518694252127858
834642680,3,153.66118891302196,0.33934357933578013,0.2540398845575766,1.2881451249091225,20.414784570531662
835449661,1,56.099014108149944,0.33697182028924194,0.2540545090358087,1.1722134449283523,20.530343854642766
835465429,2,-14.047874600078714,0.36835550074018975,0.22487939368175405,0.9819896372691758,12.251613420643139
836337726,2,289.2113545467039,0.37779346076119424,0.2672670082056305,1.2279899174984685,21.426246195609167
836390884,3,91.30882490507196,0.36643428793494115,0.21894468433989822,0.8906505113829056,13.806873766089161
836759737,2,-32.383874007424325,0.35049839532534444,0.1200660266315921,1.3314879356860294,13.490471513835782
836965269,4,122.68029407340664,0.33659534473163805,0.2605143642935626,1.3080044213082265,19.867278294322674
837296086,0,61.60266351061421,0.3498554160363675,0.23227089499914988,1.1746972611414046,21.564286408414297
837351512,3,238.66095088064353,0.3754385171995548,0.23024114836110157,0.9264467848420637,18.008272673687546
837417544,0,217.02329746310772,0.34471611177520006,0.20816376684011584,1.2875759515950236,20.748767129655775
837604570,4,21.387519805953872,0.377483473247099,0.2670583386392737,0.9670021609208184,16.51077409508156
838168073,4,139.07617993669868,0.32079193420818675,0.22561598548380207,1.1872390624134066,17.854255817165143
838352971,1,175.94827494523733,0.3446927467271636,0.3294600229764768,1.1371383242895894,21.207627746992628
838510907,0,160.42961926715145,0.37361441496726855,0.22682003681291135,1.1495972876741862,19.252921518970236
838925791,0,120.28158870357909,0.3755516005526789,0.26746182036085064,1.063961855777371,18.603456393466033
839165953,1,68.79054567495112,0.29491854854964517,0.25605549115698645,1.0697137172932532,13.783573740717948
839183601,3,-20.350804743599426,0.3377798092345394,0.2048159909742937,1.0407141490397174,16.717781430601203
839463211,0,147.97820404505526,0.3507740345481673,0.2246859848822833,1.1871919126253285,18.01388695079108
839630987,4,94.77356357556376,0.3612565142165274,0.2530689422987997,1.093415916353608,17.998212607446636
839752989,2,1.1285837611945482,0.36817972377307645,0.30902326039126904,0.939527985992106,20.773496878268148
839878795,2,181.08868867616133,0.38588574169291046,0.2770246742659078,1.0628663073444227,22.977881071215766
840186031,3,237.53352532899774,0.3921863644232043,0.31925602835501693,1.0669714795663399,24.31640539446144
840194928,0,29.39278897939395,0.37533769441792925,0.3370886238004024,0.9410704083777557,18.935868740376854
840303746,4,92.56703443534792,0.3428901818130607,0.24225668189069183,1.2663752007377715,14.99634060631489
840698807,3,14.360018222578134,0.3667256542829606,0.2224849963787551,0.9138558402045528,12.355638084680784
841055334,3,302.06695232873057,0.39115984900398615,0.25677183895654526,1.0951994200381983,24.90470318152281
841072650,4,77.59734307528625,0.40427845967155973,0.29474481675347375,0.9247032280125154,13.135934128702889
841081788,3,41.57626079209697,0.30066948898885143,0.248457565919757,1.0977286643834527,18.125923409827745
841226784,1,116.86298833422828,0.3435738593237694,0.17172767649765813,1.1010668378630473,12.503835754393108
841328550,1,264.4841322309287,0.3701930778782231,0.23509390574377925,1.266932134328858,24.32417181681719
841576889,3,219.5015716562503,0.38800368769779137,0.2466728582082393,1.1361655976231446,22.171749118067854
842024022,0,66.45010199878769,0.34067489901443215,0.17009092591508224,1.3612864348695455,21.52319617726066
842148313,1,197.52643329186114,0.3736520955907017,0.16889609660837923,0.9698076874355227,13.828671661744494
842167683,4,212.92111628326282,0.38062558482700326,0.20012484295611993,1.1245409862403317,16.771142813363902
842432665,2,-10.137041394260564,0.3660608519165202,0.2677216345216923,0.9468283568363522,19.874895462214308
842879180,3,79.11577502437436,0.3578715162874414,0.14632258244422175,0.9899331781021868,12.003153297718935
843120215,2,142.54667249193542,0.3519156741974619,0.23363473463787537,1.099196389029303,23.41422099439618
843575922,2,42.521050294142164,0.3397531365634821,0.2739577389832798,1.1595100046287041,22.266773400715998
843758383,3,269.3731881499558,0.42459571402544394,0.2146992124907161,1.1530482679594676,23.597161783766367
843894109,0,213.99968076935676,0.3665469952612156,0.2613484086287587,1.0435601100825267,18.610989685430976
844100895,0,-10.438916283556281,0.3525991516274207,0.2369025553762596,1.1800398006369086,19.54915139961935
844147775,0,9.384718912232245,0.38449957157275627,0.36771095135151216,0.8835330700940293,14.636721560519678
844156595,2,115.12792001877435,0.3706262632491993,0.17086396244438737,1.0374855531566933,12.584429193254687
844411055,3,219.57982463752847,0.3857202275031245,0.25785144558235046,1.1384330196103003,23.12608254349414
844805086,2,345.100215477535,0.44129838645950287,0.23403423053134145,1.1082156625277881,20.101585790165586
845322563,1,56.78745288285528,0.3484830660366664,0.33970535993983975,0.9605504590104795,20.79439055892572
845810761,0,167.50915269249754,0.37413249220399386,0.22329694264469313,1.2000870819842315,19.675965822167857
845873232,2,246.11153068339348,0.3607597754825072,0.22403708580312337,1.1924230425046922,21.023640081519844
845994024,1,237.19808578351575,0.34951402127805015,0.2775674080235073,1.2829115942915659,22.040641306657122
846108255,1,114.59911440521039,0.35284907732492393,0.33894660173636865,1.1384928503564788,24.955567286373295
846390932,4,158.65983167355802,0.35022496339772274,0.28562502077317115,1.066491408306554,16.3405479695209
846455978,1,147.1001586855145,0.31421306385690045,0.19725792214838572,1.1988677526466924,15.074277174354675
846469607,2,201.2384316173583,0.37884679816083777,0.23037667904071402,1.1453953721006245,22.152833488091275
846662171,1,100.41835793230216,0.34502506554161927,0.2951615333661197,1.1221722530421727,22.573833246828386
846740244,2,140.83808083339014,0.3379762529105251,0.22431894676104522,1.2840929863863177,18.831604374809512
846811981,4,177.1414430294497,0.36101861164212323,0.2648204642565692,1.1050979706165678,19.526097663942174
847044135,0,145.52674378817076,0.3323697732103683,0.20798702819977216,1.1655833200813945,12.72870288761686
847356042,4,68.71756925694861,0.34978261199001776,0.2728374840772792,1.1183944593953723,18.762428740086182
848025633,0,232.01763091299392,0.37557927641110816,0.18471940597959835,1.1095637911146579,15.963492342005184
848202218,3,100.63065722195736,0.36146215598042963,0.26336540943834874,1.0083927765931076,15.475893542326393
848295596,2,185.56215850846792,0.3620479400729669,0.26458948830652507,1.0949512577240044,22.191014401366907
848393860,3,286.7179293793645,0.37595901407843124,0.2314047925769363,0.9626032554342203,16.55720891436856
848462258,1,88.10415819805098,0.35795400132227984,0.14752587562832153,1.208196881121859,13.5886540267241
849184713,3,137.4804908465889,0.4317575310261209,0.08362400049576135,1.5564454636749723,21.065948358344126
850250800,2,223.34882349219401,0.39641970192256826,0.21234975729078456,1.016272452905822,15.566496273339839
850843223,2,280.01400902959307,0.3596331786504765,0.21570846012405262,1.1996435858754348,20.590697886336095
851867509,1,63.10130244060245,0.35097628022030564,0.193073910617503,1.0459466073944323,13.065356601936909
852036166,2,170.7922146046647,0.3943766540446508,0.2500459292434853,0.9635063586282693,20.56422558217974
852138859,1,112.39792205052943,0.3537468716311342,0.3188694969760537,1.060308060576899,21.470926273437183
852180145,4,89.74312248674093,0.37203089288972657,0.18360007059625472,1.0930494237333162,11.357413497051523
852184111,1,262.57114387205615,0.4944254538448084,0.25128988007006064,0.9654422542058838,23.459520710777266
852432684,4,150.1064160841281,0.3459268816596168,0.2769545841983004,1.151949261387735,20.284181346897007
852454383,2,162.23343046131257,0.36117620365236747,0.24874039149743957,1.0408421030230672,19.850321060889904
852757055,3,207.52241793471836,0.35308877354584384,0.24661512657538479,0.9449680807068426,17.057330802206476
852866777,0,169.2600971013396,0.39136920368027284,0.20183406962222622,1.1195719897771403,20.42962448789795
853471397,0,16.188050449025056,0.4068014873445001,0.31832616072372466,0.9031071900517512,19.021231952894226
854050780,0,1.68260190364866,0.3508934264350776,0.2380734540740806,1.1998220078885895,20.126557291404517
854325702,3,-68.94177698973436,0.367147342847673,0.2508878883526667,1.0438944781504713,19.124827703153823
854626537,0,263.56218141875326,0.3733312994806756,0.22731601326625675,0.996971585063892,15.728136774229833
855265813,3,299.8702029950082,0.3951435063870547,0.2379593749208663,1.0801229725099957,24.784020232445492
856310175,4,149.46600379889395,0.3754420727906943,0.13727869475199234,0.9168162669924501,9.923532268280463
857493941,4,23.319640499827074,0.34852953421859995,0.249796829535085,1.102781459664901,16.171447192008532
857690226,4,32.3404722903673,0.3871781392299854,0.2359574462848164,0.8825513652597081,12.229211964815857
858163366,4,17.500747190793263,0.35693518966486704,0.25482756129304357,0.93377882690719,13.477445707383895
858271129,4,86.01069395598516,0.355064144918301,0.30267974770934997,1.1421318774990916,25.428052740137332
858364876,1,148.96625787637907,0.3636722620212965,0.22706874875256639,0.9565701838411556,14.556059576726872
858663171,4,-42.434860744347276,0.3060123100449784,0.22450923730396977,1.207039823544676,20.774633613094906
859360973,0,174.97415887853066,0.34622346524967296,0.2614542353924603,1.0971924445028876,17.811458094820765
859487043,3,112.05623286247265,0.33671096114949856,0.2267466521973286,1.1740070363707373,23.157295012067813
859606185,1,132.62367629597182,0.3483191108564715,0.254140505783254,1.0471306309025379,16.06706131256959
859644583,2,-20.262825511376022,0.37401569365145254,0.29659833554817905,0.9220619290648849,20.28194199478906
859659419,0,-52.61084487091499,0.41872027518914523,0.22061959846573254,0.9609499952641051,13.260199784274192
859939433,4,256.60001656810545,0.37424490390371584,0.26281592161459694,1.000016464601141,16.54072793345989
860122882,1,151.21661147423214,0.34901644685964844,0.2842154123040481,0.9975504454145541,17.054677152961013
860336451,0,48.70088896108312,0.3513727119675873,0.30858388564604683,1.1558279657720107,18.41151665497059
860722279,4,-31.65720793881914,0.38176571435268414,0.11511881392888368,1.2510901431626131,15.644849148674393
860898971,4,39.33108648651751,0.33897467402965054,0.26917523586859804,1.1393923905649268,22.365578831217622
861130931,0,-30.00150600914921,0.39709894655751277,0.3605102884877372,0.8726170876182131,17.29309456883609
861281692,4,285.7990766686804,0.40873930739794245,0.19799881945769493,1.1137204041454964,16.14492957574254
861558907,2,42.636832990470644,0.3694444446370313,0.2665817475814469,1.0587996139210731,20.30864328413958
861681123,3,78.25098002785074,0.319056245187259,0.2417054166283556,1.2209042785479627,21.22138288094771
862321368,4,38.38477493512032,0.38114277275599046,0.27156848456410476,0.9423569765326182,11.275404173331214
862498467,4,210.54787013411044,0.38246111812034506,0.207252016374077,1.0691544523182426,18.950621821458988
862699408,2,119.934892440151,0.37970038600202966,0.22371674097671673,1.0052128271443788,20.771327926051864
862879139,0,227.1326219322429,0.3588103234875303,0.2157137503574482,1.0611871575857585,17.612622029002946
863587457,2,-12.376872303904591,0.32266407241387457,0.23699207957896126,1.1879552465783532,16.50133330798072
863625275,3,293.1640053492799,0.3945812314946905,0.22063281675658158,0.9148928119430118,15.554162729164766
864305544,2,-36.65611443586714,0.32766548439715704,0.07467957077009235,1.4079880901537813,13.019075405996494
864842890,1,7.475042515420284,0.37541751998796136,0.30028193296666045,0.9813680216425024,17.497823432762075
865092427,1,170.14904216804175,0.36609423544683467,0.17585375719207197,1.0805437108289402,17.495461894063016
865332656,4,15.140442585244685,0.38074169334871055,0.3313959724056179,0.8881998243083886,16.568549216750693
865769090,0,77.79657980148092,0.32267537986361244,0.1614643395322953,1.0772031574039662,16.83460260974876
865858202,1,203.35548994102135,0.35501147757044565,0.2749170019440804,1.2232267068031275,21.733252714807026
865879594,3,98.56512879050916,0.38209666119593944,0.1380749454933465,1.3186578691155941,13.282258146123125
865948061,4,351.6276617792147,0.3955985432123021,0.3061683040946898,1.1431685989931046,29.133580404419668
866279797,0,176.95280463718137,0.3657620159081293,0.2485845216753533,1.0699967093548197,16.668703482549507
866677131,3,12.21513019697403,0.37951812422039216,0.3061786123282061,0.9617860762403446,20.717486919138267
866841862,1,189.25854633076818,0.365363225532209,0.2736705938471782,1.0309889638625525,19.190447182015856
866951127,0,-56.661928644812534,0.41033741549622366,0.21565536236971802,0.754442530528547,10.57305063174749
867336767,4,184.5673331031702,0.3619939567200751,0.2518793068311782,1.0224595962457113,16.25328312365445
867393548,3,53.60124582553785,0.3690521941419121,0.36221184396674033,0.9389345525402122,22.50763242992648
867402833,1,122.04451180574031,0.3582147713835355,0.18718401957243325,1.0735576988474549,11.91345353714652
867714785,3,71.85235394777418,0.3908783585972273,0.20122115313257388,0.7767837886345317,11.312034710371304
867758699,3,26.58602428754439,0.3931477386207095,0.23826581996952617,1.0612590526502883,15.276419944726635
869392310,0,216.19751266663462,0.3424849743210595,0.2237839291230187,1.0937772248999802,15.631121213298885
869406421,4,213.2305485908297,0.3990576488771788,0.15694429154519868,1.0503752521886138,14.544719793406877
869708404,2,177.15235506393532,0.35492841815704085,0.20206448790888412,1.1835451602795812,17.82593845194268
870443283,0,272.8221415182133,0.40361922402358164,0.2148176159048339,1.121405361134344,17.295876745816315
870679146,3,157.04856350381277,0.3557647519826813,0.29188738791983854,1.1967224574214523,25.971944121253316
871001883,0,123.0685417055598,0.32131316296900647,0.24608869482641105,1.1024248337379003,16.991312703142878
871245251,2,27.250087833642752,0.3592751223679417,0.23572930807861717,1.171474877431262,16.313896800019847
871482212,4,53.77944636596897,0.3673042500787085,0.2030107507663972,0.9606362138044212,11.382178252340982
871802155,4,50.702678494198516,0.3461940492792341,0.20329004340304715,1.0394476912374473,11.307783529990157
872295488,1,47.07148569173911,0.38179211034552796,0.1954493723822438,0.8942705513255115,11.006996219511418
873004206,3,243.90949966985144,0.3690636538416227,0.28388688015487684,1.2114846067653982,25.478579115902356
873238288,1,175.4338296420566,0.33509622314940785,0.21957037241772487,1.1867831843398862,16.32958099339345
873401341,3,284.07634338345486,0.4019865060959406,0.29396794222207967,1.1209817973603946,20.60578153494444
873453731,1,168.3038599187817,0.36548915450553987,0.23208426600964674,1.0901352621452154,23.32656240939539
873632495,1,128.0115285950499,0.44676403535768217,0.19806235003565317,0.9585443806134542,14.742468767808889
873980403,4,56.22988235194623,0.3572501809914548,0.17842346053408403,1.110115953216839,12.188025923195731
874837683,4,98.14598727952324,0.3582630978515964,0.2334533025351958,1.1421431250403076,22.313821419094655
875422792,2,163.18932269034354,0.375200448135732,0.26949843844878674,1.168320651467059,21.919858045844617
875480288,2,64.01253848882914,0.36562969149961927,0.235647176337881,1.0879439606484873,17.436181067597243
875491202,4,239.37684091224745,0.3608221991385258,0.25453141134891066,1.1443799293523904,17.28896793627679
875508039,1,204.34004705172907,0.36651879764173445,0.21042462341432236,1.0164846472375537,15.276465954858054
876188876,2,153.99933227715547,0.3880496809007065,0.28098838696430617,1.0545719673974434,20.64342827370681
876238099,4,80.45927323476883,0.4045190942317048,0.28577272634065715,0.9342424809121901,13.369817190181758
877528478,0,-18.985807995865457,0.38292923845695126,0.3722031486896814,0.8955085727229743,20.979065019890893
877661391,2,18.91859640846964,0.38527729435497765,0.2476184942874144,1.0405020361058581,17.22915456462428
878287974,1,194.22929278588282,0.35896230971036225,0.30112847983338836,1.0063540956880586,18.487200153385395
878623302,0,51.655055723947285,0.4029793490045566,0.25003241259134484,0.8385777421371488,13.371427713805081
878851923,4,135.5691672124339,0.38110766691367604,0.2317497921401436,1.2078979003941963,16.399031954684663
879566898,1,160.31912166869816,0.33158557391949767,0.21551666335273773,0.9922457692943639,12.94952529272953
879855559,3,153.09367774069491,0.36112067705476164,0.2509839057636806,0.9622376014938681,16.856104804603902
880146863,0,175.8265479564247,0.37605366864260814,0.2878685027584805,1.025621249562116,20.844286397207444
880265803,3,-3.5841814665535594,0.3471972477510938,0.22977200543839266,1.1590601950855888,18.21774172619926
880356503,0,-0.10980073415012725,0.3139608218992787,0.23247236778327277,1.2229868083334616,20.82293612736558
880710416,1,228.1466659526441,0.3645123816127918,0.28764176356440746,1.1730244626835358,20.79863250882338
881168754,4,191.38456943966028,0.32818102055156084,0.2784315916462703,1.1356986699546217,16.70372011970213
881173814,0,202.7372849235592,0.380411558503649,0.144438243020523,1.0532201780993993,13.415572445399171
881250244,2,273.89507799965816,0.4209964809960081,0.2181429909029158,1.0651650234434265,14.673563912266411
881286368,3,166.75630952304294,0.36470347293788863,0.15519706726512786,1.1821369790121248,18.47666619423209
881699959,1,181.1343705970323,0.37873006694572336,0.15584981911607693,0.9621172868131589,12.5025261701183
882038181,2,66.30485208331021,0.3929414834063033,0.18652739726416445,1.100889189849975,16.844622263053417
882891483,3,275.95122248567066,0.3725222430281974,0.27722419914552654,1.1616095180460244,22.62591694665044
884131140,4,73.45636295450205,0.3356618220637545,0.23017262547961168,1.2052476919151123,17.93791472004097
884364741,4,171.31046878946177,0.37583461692323766,0.20676203117242564,1.0437920847391253,16.516125425853797
884656805,1,101.36955774791282,0.33137905048220817,0.24436890390055727,1.1664595543796263,19.04505629480905
884758912,1,228.99967353875962,0.38344567109834515,0.19029969907687744,1.1506652573218714,21.73155648096317
884792716,2,178.42572057072127,0.3663629126179559,0.26057448507719194,0.9541333898414046,19.465021993203532
884979712,3,120.59617741084051,0.37201993709411924,0.315651896008692,1.0123542360408668,21.698415022903674
885328080,0,-0.019795938280182668,0.3009769658421029,0.18220283243381674,1.0646111634452937,13.906808864800453
885496474,2,11.28707079312349,0.3739523674659331,0.19005703397340754,1.1071089913390124,11.50043389830569
886026826,0,12.162308469639669,0.41890184773798056,0.2981696216481109,1.0236446391001457,17.985126663547337
886271093,4,86.38835974335663,0.35182700611662127,0.18205014409071618,1.0786875155608753,14.052303463454248
886386910,4,13.512952886261388,0.3651186865640717,0.2558828286075154,1.098992108633961,20.79017981184515
886529018,2,99.76841443337246,0.35347743714931634,0.3213703666408103,1.0544112694514274,21.482460110781663
886858918,1,96.24168628932519,0.3697782784588823,0.1986535247298359,1.0843652390447818,13.965408807325513
887026171,3,5.332943520604786,0.4145577412566978,0.21283916910904613,0.9644229886796786,15.108560408747568
887350173,2,306.10081627247143,0.37414482272339794,0.20682131131634984,1.082414150005961,15.329095037574527
887653372,4,219.27589302984285,0.34570472376676553,0.24304684465160287,1.090499872852025,15.331827167938245
887685066,2,158.35439816125148,0.3813008403465471,0.275424729440872,1.0857724456646676,21.12043563308638
887804615,4,102.86811793084033,0.3433846607647877,0.27123166528558773,1.200300458279245,19.64382903377485
888408662,1,211.1367439094322,0.3670675769034456,0.28773719989854163,1.1596411975174705,23.967075818506213
889509807,2,259.606942572458,0.3710402884454964,0.18543696836932033,1.2528942449586449,18.911219351114404
889670641,2,161.9414440259195,0.36939950770923774,0.27461302029129586,1.0677810440134572,22.474459071834577
889893408,3,149.87011526299216,0.3524036127336668,0.22420287815035636,1.107981972777687,22.417704196925982
890037112,0,38.31373517886385,0.33936303752824026,0.2663578246198615,1.1638219398757734,16.294383968654415
890273694,2,188.0085630560846,0.39084512057488746,0.1383230863566388,1.0226665919030224,14.149107867804947
890286804,2,247.92064887757192,0.37931702353721414,0.206954895799279,1.1541113701362113,21.46812485762856
890297179,3,5.857055423815353,0.4303701977452011,0.26812265160578586,0.9575112886107517,18.458656759336726
890414662,3,204.02193330976962,0.35387212868595996,0.22295699011447903,1.1899318314890637,24.35567250563905
890512503,0,102.62150263881574,0.38932883778675054,0.15358673727562538,0.860252132512674,10.44306064539839
890572584,1,45.92634002321046,0.39596867986833795,0.23221411145419216,0.9365861022202286,14.846133449298858
890993359,1,61.05585111037355,0.34188730448629245,0.2254983395610806,1.0978026408228883,17.446999357224502
892241258,4,159.55185344953725,0.3270771901493226,0.2304144217093439,1.176533333331097,16.300939051074288
893298020,1,-11.623777288044167,0.37497615686881514,0.2461266945498791,0.9835094129189246,13.282107271471007
893952822,2,52.51532759464813,0.37232974158374954,0.21108618978467852,0.9633520126805094,13.737731787921497
894220698,0,274.70942793774816,0.37660405528089347,0.28362014612955666,1.188741150976836,23.588770383175934
895111852,0,7.248025573691862,0.35825898559797775,0.28430397506034316,1.0911832808167639,18.005480371870963
895255248,0,-24.26126735495943,0.3406956294846078,0.20896569135184476,1.1407191717239376,17.792057138557425
895257711,4,77.89800748706156,0.37530103533524195,0.3153376933934666,1.046180467654631,22.275346586317458
895302963,0,-112.42556772643131,0.3780713782747831,0.24581812234575828,1.0620563281133846,16.86296159821167
895368318,2,111.74601678522998,0.3720750340052914,0.1864323207305666,1.1215341242244128,14.434668840608495
895465907,3,76.11320272076827,0.3464178273389834,0.301126021394603,1.044585546154867,21.47384503870221
896186812,1,160.50825461348563,0.35768630444247396,0.24561309179314894,1.0420767873106924,15.530506872782798
896500717,2,2.8072972174978474,0.34106319570985627,0.2450486224616465,1.102076910566887,15.261735365575717
896516520,1,176.01723522946156,0.34421106345190144,0.2650797242003771,1.1566566049267686,22.848968820460808
896836306,2,53.597460399444024,0.35056993370607015,0.301603330809201,1.0909463922075704,22.380345599890234
897111350,4,46.14125026942811,0.3617026434755235,0.2676614520679697,1.0138548850516158,18.775643232260514
897856664,0,116.44626690134135,0.3952797116506428,0.16789505033748078,1.0480601227130086,13.13555731579872
897919146,3,56.67158626659776,0.3504437687036572,0.29352235587695263,1.054003364928318,23.025325602989735
898827717,4,-24.162164726851742,0.3547259779438365,0.2607467137463216,0.9790147257616272,18.47164363887703
899188513,1,1.6311200972622544,0.3606003338215213,0.19111744819000825,1.0848912660176704,14.249286320190219
899991188,2,43.93286740906996,0.3767824881238534,0.3708088369894683,0.9018354521597783,21.49367815672949
900206396,2,259.10272629192633,0.3893926748804886,0.22511041729689554,1.151541957745069,18.789161606928573
900377151,0,195.67572878575754,0.3712961005296528,0.2146374988662344,1.0268730392699452,14.920409636378656
900477091,4,74.95846041981517,0.35768611764081404,0.19934387813482649,1.1241767308454769,14.389663259429454
901091575,4,86.71445267062047,0.35392479695686785,0.28807319185848895,1.1023713192150075,22.5199106832925
901146079,3,188.30269197817827,0.36499994895534116,0.2675290325239735,1.1788302885991586,23.765056286950056
901361482,4,45.21031974260404,0.3705879924835735,0.2601293496065613,0.9990683153008455,11.668483133955892
901629107,1,-33.66063100646505,0.3248609019418115,0.23964356274961163,1.0788053622654428,18.851123137942995
902068777,4,58.6027499609482,0.3527788397183086,0.2904368908668291,1.069895009031579,21.643542282714183
902689817,0,199.71558826198196,0.37711302397323515,0.1605954821318547,1.1872095677161847,19.01734299974997
902705671,1,10.240708696233654,0.35808229488191523,0.27291373268795055,1.0025266863637152,14.878862953037707
902763521,1,366.2041788675761,0.40605539475690977,0.20364649109319422,1.117778962510132,24.31339587148335
903431099,0,42.70860663137528,0.3582743328100409,0.15036196504337956,1.1392183073304447,13.956548216195035
903930104,2,9.084134088495105,0.37558598253188896,0.3631232582105261,0.9995695254519673,21.253995844002574
904061966,3,20.09113374443757,0.36324366407095604,0.20474919439668357,1.074863662869382,11.38701181436549
904517028,4,236.0689435424849,0.4210920629199455,0.1824989971138037,0.9532301158783538,15.170618092979621
904673850,1,12.039466744972032,0.34693657262854566,0.27256748357769944,0.9772764109293418,16.10749356655952
904679252,2,153.73587103041973,0.3770488907861794,0.23608500893910275,1.1645839217473424,18.59047516536909
904704494,4,60.4188173625543,0.3606008707854062,0.23807313583243886,0.9271845873851472,13.160329706419358
904791008,1,-32.50177374355019,0.387873357747058,0.37931801809040244,0.8956988551657561,21.938837785804584
905076848,2,86.1326388295619,0.36592605413066503,0.18249805088058696,1.0890093684687465,13.403844074887616
906179701,2,263.43630333620763,0.40711741483952213,0.33900340065887724,1.0753996638471464,22.877530956294514
906210584,0,10.721672822245225,0.36042253942631064,0.23392017280778324,1.1666572747989838,19.083636798242562
906778852,0,96.88468322000382,0.33885446205558434,0.3102501751734786,1.1314126431854676,22.285974396653984
906799787,1,171.9137553633787,0.42631041603342856,0.13309366060963107,0.8878025617502753,14.379214501326565
907119862,1,144.97588382459455,0.33619755746459873,0.24693525861557897,1.0051664335402168,16.223453008048164
907128555,4,74.20854973414927,0.3231339821937578,0.2643035014685474,1.1871255868298753,16.529220067863655
907537660,1,141.97444615175846,0.32504513741467567,0.1611109515455167,0.8793046916525435,14.951504740821678
907618399,4,149.84578957287704,0.36881087370335575,0.15439990513520624,1.461616741614049,15.033833756021952
907710212,1,210.94484754086028,0.3971838863772063,0.20819468644198652,1.0313935911799417,17.353845345604867
908333095,2,306.6541479634302,0.3783911730393891,0.3432878862876214,1.208361123789387,23.874374820628404
908476662,3,182.3026152403564,0.3787246427630398,0.24239893695351977,1.1445920043235198,23.89923392798059
908638014,3,74.73165208233765,0.3759226304501127,0.304932433338566,1.0748730932068415,23.889163373049616
908754108,1,4.1949442219931825,0.3048008915792255,0.17065552063578096,1.2240963483117835,17.333536686213918
908812975,3,207.02057525850574,0.4183788715958689,0.25238184983953627,1.0182414765326364,19.641209870946838
908837792,1,79.47201620275783,0.34947874487073405,0.33384505899899186,1.0067534909456453,20.926527503030986
909382922,2,184.09741787720932,0.36962911841039586,0.2232746647951976,1.2299383649860942,19.796581968667507
909509106,3,-8.89714598258034,0.4218339244391282,0.21553157248138238,0.9646528553301457,14.693888170236422
909673553,4,57.467689231475454,0.40705217884982564,0.21064826113355456,1.0044805332135047,14.30146023547472
909955996,1,164.7539485775722,0.3509129630968015,0.23638442992231412,0.998472941967107,17.280057808109238
910389413,1,136.66004585485084,0.3358301043944111,0.2420564529403699,1.01094781223801,16.495220262524843
911111741,3,90.77394169145813,0.34756893262562627,0.2778366835091587,1.024882865634815,21.659571756630566
911981082,0,38.18002663695725,0.37881351728360907,0.2053376195743402,0.9461977878078703,11.959539543377378
912214142,4,172.24714536164592,0.41840143727989143,0.2129924041380296,0.899837107742312,12.618896612516965
912864989,0,32.83246086410598,0.3728344108732814,0.16421258582750242,1.1071376694876949,12.876313950074895
912967034,1,76.17078991865434,0.3756723337223462,0.38291625264671736,0.9262450307885028,21.33357502130194
913368014,0,61.41538475596999,0.31989194699863444,0.18765329760146002,1.0826619661601133,15.490379805527942
913582816,2,-4.521451763892799,0.3763591112079102,0.32634198049717283,0.9176241115263691,20.526399846668788
913768396,3,47.61533373255117,0.3326723097266179,0.25170417381526516,1.1570360827645452,22.341603903934864
914204004,2,46.614638673224334,0.39946686691537525,0.25974470291780116,0.927102076292865,16.742695298142404
914466551,3,54.2085549728464,0.35840417031091193,0.1799952860256853,1.084551568595569,12.527693950117488
914573947,1,213.31523200068145,0.38632698543102745,0.1826272354673798,1.0835925515272071,17.269750770948026
915211571,3,327.42288260510765,0.40401740300264316,0.206970415500671,1.0914373591603088,22.660478319775816
915222222,3,142.5561441101364,0.3857477027890049,0.16921718416050902,1.0373313808582245,10.475776528247383
915365516,4,250.8487039997707,0.3736734862322278,0.27443462738732727,1.0044803138776774,16.940802964311995
915411038,3,86.12617094563123,0.3536113603686279,0.26405132692814776,1.132330025350853,24.610298921437163
915653393,0,217.5829868417502,0.38493899770659606,0.21522825526756686,1.0749921586824727,16.421674978852096
915714545,4,232.12569403103728,0.36515586712799686,0.24087407590048096,0.9393052825953798,15.630357533705507
915798099,4,148.4813529245705,0.3782175941025939,0.20492831085384405,1.1810873416960603,15.794821049888181
915909655,0,21.389351853134997,0.37530449109097885,0.17124974775010882,0.9851309471388647,11.915741970642506
916135247,1,194.39118720983578,0.3489888799820742,0.3371756413002107,1.2076561144623832,27.169023023296404
916461490,0,112.56475911969167,0.37103666197372814,0.22354666301623433,1.0639711540151182,20.621610247054267
916566560,4,289.18125849872877,0.36358489987461967,0.2258704948575732,0.9961822593935499,15.241908570499945
917149837,3,179.70841399028225,0.3560684736896089,0.2787903578723963,1.2090623845709056,25.557913345514827
917240080,1,313.8436428154436,0.40885745870396056,0.19864649904067774,1.0933584225579436,22.699608494846387
917545259,3,-66.69304608204138,0.34240306595711,0.1801206150263227,1.4681764611058852,22.54257791249656
917692864,4,-66.23328528361967,0.3262366282682783,0.09741076803195972,1.6708625943036246,23.170370313777752
917837982,2,140.97431811102877,0.4060385018950853,0.21278948425193728,1.0359654156741012,17.957579310075648
917938501,3,-27.814864339500062,0.3200082128984579,0.1343635072638723,1.321693045845803,15.097770641994268
918157319,1,246.3700278249759,0.3964739743462284,0.17558495832719795,1.1041197513694505,18.578877059889397
918244660,2,83.11019298703522,0.3505805683711279,0.3006282197373301,1.1612872570343655,21.797247895770667
918773447,0,260.80135926560274,0.4264036194540297,0.16316681279821166,1.1974137973430423,20.26603831350824
919063854,1,43.4308892024727,0.39016458154947947,0.2235869221313947,0.856202119465643,11.333347023700941
919712594,4,19.92600540368933,0.34449337768813726,0.2587337792905932,1.0788902959197866,16.1319395759019
919768604,1,146.54284403961597,0.3578347036764747,0.2637921868862284,0.9837069474193708,16.239923023624414
920265814,1,181.70668291759858,0.3612973969287559,0.2538289656191668,1.2024545390117871,20.974137280968286
920561799,1,74.98004116239917,0.39395701909308156,0.1713851646862587,1.085374907576018,18.343077209168598
920814890,1,157.86581470949375,0.352763875877295,0.26322758298066135,1.1984506336212326,22.013477536086214
921026823,1,74.12535837427592,0.3936920345006001,0.21425553862750654,1.0019528259342338,17.60097524380497
922945428,0,176.43866999449642,0.36275802699473536,0.28172923736523664,1.1287993759438772,22.220833464086386
922969981,3,225.32070173773894,0.36723930603045496,0.2591327819298751,1.1236924191094237,23.387529153611823
922972840,2,40.67517014439624,0.3356618489684687,0.1759431695232702,1.0602644187395045,11.865284476724606
923029677,4,-30.133677659605183,0.37783017375173705,0.24539578891089725,1.0209033953919735,20.20335964203585
923105283,4,199.60217785565874,0.38272085913504594,0.24009566710435362,1.096302007354636,16.068299836180163
923146158,1,73.31531081602628,0.37576915825567503,0.4056616697993002,0.9375157515318753,20.473678940399953
923568845,3,127.2921825255801,0.40963621545955753,0.24120653235863052,1.005513500566258,17.257043872177277
924221537,1,287.5194657035154,0.44528634682619617,0.2659613562446024,1.0164622203459996,23.934717400052907
924258388,0,63.96752012451185,0.3385027821332614,0.2140180260797271,1.09201535748652,14.42456935428744
924456640,1,81.24419855665292,0.39947010854981574,0.1926453706215388,0.9155181269029073,15.559444766879459
924584081,3,327.82555940460145,0.40840388229476804,0.2607769272760316,1.1304730840303816,24.623879441983544
924846340,4,249.40009231647915,0.3768098477323096,0.2675676922957738,1.008643492118969,16.458635558737946
925076863,3,-40.014538864232605,0.40360077737920863,0.34608990912073084,0.7906155186138222,14.806727604452856
925163617,3,231.06830036280988,0.34184506484355187,0.2055961741466038,1.1775119900592577,17.5815375442912
925500331,4,216.14995376314974,0.376194705204744,0.2800406148468702,1.1180554802612375,20.288219976537164
925984041,0,-0.2318542862350199,0.3554752481892796,0.2940571557533461,0.980516762976832,19.38014031525364
925989264,2,144.14859649303844,0.3793670989695124,0.27680649109329286,1.131293864349773,23.123141255556565
926324198,1,102.28241670733546,0.4125195502647465,0.3049215515153642,1.016140417813545,21.043408172615365
926346453,0,111.33887939970164,0.3305036403620252,0.24856592877247136,1.1923272484071925,22.066047600937615
926490158,4,165.51609323478536,0.4185179496679455,0.30037156588912994,0.8223896359511302,22.30532280067964
926565348,3,148.19471839931197,0.36746472732382235,0.2635453790217739,1.226259805469297,22.677902583799906
926565511,2,-25.30593779991021,0.36950386551430814,0.20689040194083802,0.987619449078751,11.135741269528008
926851553,4,36.34345349631824,0.374969034518888,0.20402725571809077,1.0048798911141357,16.640050591842886
926945718,1,79.25866207933478,0.41897369549312796,0.3455081735442272,0.831782064371566,17.254397083126463
927050868,3,35.40090993731218,0.3513969326556285,0.2846653683213213,1.076813680924612,25.02444678433052
927902684,3,72.80038627701323,0.34231991331365075,0.17033227913747012,1.0011905531863117,11.07742331057605
928008419,0,41.00343394842823,0.43523543033349793,0.33910658428464663,0.9724167589767574,18.288898819173276
928940604,3,239.6463959121253,0.358305358736644,0.23579545035373958,0.9674632916334559,18.62780544608314
929171141,1,195.38138988321526,0.36472643996151916,0.18030541016097734,0.9791096330018424,13.524184853065455
929535825,0,228.52853792616628,0.3541346046343807,0.23020106907419335,1.1015850690935944,19.849263323403587
930553513,0,101.3436538288083,0.3628509728424158,0.3115047582015943,0.9283742634212239,21.934431274837216
930567238,1,232.94340244802544,0.3980178704167625,0.1802624717882086,1.1242208579033715,16.417167633499513
930831236,4,217.43306898683588,0.31049822365330587,0.2800827008461459,1.2183011039568425,17.853836132305144
931370343,2,88.82061055822649,0.3889467970068347,0.19927833931085548,0.9743449984151457,12.375507782085833
931521712,2,179.74851346099138,0.3463481545398793,0.21988393176032828,1.0210842504967044,17.0586647108046
931723898,0,198.2713032383669,0.3706578086901143,0.22640804921420266,1.0545339546825847,17.11846163923387
931906273,4,163.7539532453763,0.3699056977988332,0.2521062478391773,1.2290566310453468,23.91000907037218
932177649,3,315.3771350085416,0.3864539612545721,0.2697162774355812,1.053585315632861,22.276206754394693
932213408,2,-14.708843777765978,0.38863629777397174,0.29990311869030445,0.9269176400475169,21.709239581387603
932596908,1,254.98968082656074,0.38806482364617667,0.2180312002298826,1.152597284661879,21.626826328697494
933005938,1,7.368251685068472,0.33309314938280765,0.23167795239520325,1.0650860727969544,18.27610778354742
933916766,3,-40.88510328095208,0.45596559820661514,0.24270500696544872,0.7871744719907787,28.75724620925108
934242824,0,62.82852843583578,0.33748554161626726,0.2226536570957491,1.158903238169457,17.2906577541127
934350191,0,19.17914495397028,0.3426674300466833,0.20697317036263352,1.3149582873455592,20.242115309063195
934378848,1,35.523688402798655,0.33366460577084267,0.23582400546347299,1.132011108442082,15.872127126522663
934720972,0,204.27239009917278,0.3478682557221933,0.26024854023371274,1.13139609463445,18.891345616682234
934750353,2,148.32945933484925,0.3605681041102912,0.2580866212433653,1.0216444125867516,20.544994447290037
935609923,1,134.96751473972543,0.3832459375928951,0.16387329675664805,1.0092168864114186,14.267329147572747
935627680,1,129.0847197206476,0.37127188752905144,0.18700881002641434,1.0719558863281355,11.479093704967397
935941337,2,15.375599783061972,0.38143299560099714,0.32730190725745006,0.8866903813747776,14.690094999717594
935965318,2,32.86385309982869,0.34048603386415593,0.37956263142010926,0.9234853675578161,20.12462053070147
935976337,1,177.21843421241462,0.3614021898481063,0.13092165717803245,1.1820060624956354,16.509006070643125
936348759,2,-10.407488124666529,0.32835517433731887,0.11093977107124578,1.4300799014023127,13.980778678720373
936419032,4,86.31215184615269,0.34410753442228026,0.24270130434382414,1.1367219154554147,22.262231434442434
936563267,1,137.09821340676956,0.3748676092171901,0.30085704160261045,1.2219949027320414,27.032804414107765
937218293,3,13.825496641700951,0.36135967744135206,0.19837101278130875,0.987582583844477,11.65673558566197
937233675,0,124.81910802587447,0.3663104402547824,0.20556969835622171,1.0508817456257575,17.362728734847277
937312139,3,17.862747810104537,0.3738261046101613,0.28480556799546675,0.9869344928196401,17.988654350024998
937429768,4,216.47294880841343,0.3581504330973556,0.18976793079542753,1.254149298904691,17.056204720412143
937600317,0,-56.44574091259365,0.3729922205026333,0.2712613146165743,1.0347362889042047,17.25757608535269
938001500,2,211.51757083811594,0.389727994905281,0.23552356667673527,0.8944769732892016,17.26194972941885
938126554,2,-18.098559901784242,0.39644255067613554,0.2113682273354753,0.8044548962194427,13.640387451887188
938471508,0,111.77530369910852,0.34081734306952605,0.2926833084995909,1.1643489501182618,22.3041720439256
938632884,2,217.97775970039953,0.3637522800538242,0.25369893848442654,0.9607077371330349,20.136019926237385
938927224,3,259.47673832691424,0.3853601972825128,0.24082307932300762,1.1032479172743317,21.756032499221707
939175685,0,19.676380683345343,0.3753508480194903,0.21496566418772428,0.9099308909254147,12.079351086262562
939569581,0,68.29576580304956,0.3354073388526637,0.25826268453730467,1.181580946383627,16.295732318737997
940363363,4,197.85865427672377,0.4194659975678079,0.21314939338182642,1.0134624493896895,19.874669100972927
940574386,4,27.12594906763104,0.34107153240094534,0.24852811000579933,1.112152810988897,16.198188602993753
940977758,3,470.6788889478975,0.4357149111028036,0.28536235206398264,1.0025912986698429,22.466625965222022
941025862,3,176.27227827778995,0.3709327928715959,0.23450881010597072,1.175159869026433,22.96125985625583
941113349,2,225.75960207309248,0.38311854160807374,0.2854454519935417,1.0219553382011788,19.010337068834925
941524634,4,77.35162522226676,0.34205890449658416,0.17696395944715737,1.1234519750851277,13.149108159238459
941929262,2,184.92019934119585,0.3611385735748957,0.301239506676469,1.187647790166638,24.205337540306132
942234134,4,148.78272265047224,0.3607599932537469,0.16116509823446304,1.1435261339382157,20.103815360258636
942714544,4,258.59966623650325,0.3869225171286525,0.23328351708993855,1.0092169149320218,13.589986825623475
942731516,0,202.26934941119148,0.3443842343604231,0.28633197703955743,1.1435914188342982,17.25967755733249
942798505,2,2.1148255430646827,0.33882627136228166,0.24381420348250094,1.111732690997039,15.18314413694548
943239154,2,58.48841461139212,0.3471860718471417,0.30184550385630904,1.0985294336888003,24.36586674710763
943356153,4,37.46031518009814,0.33145290319872156,0.24673894731460214,1.0677180395331414,17.285462842176745
943955993,0,-70.59051272922527,0.3815815268005939,0.18453588451502143,1.1450049987047088,16.942234846923313
944555071,0,54.41142958338026,0.3721369363360279,0.29636002869142547,1.0909259029534315,20.992035383447924
945028672,4,386.3423948221863,0.44079119439266046,0.34135102060964095,0.9773909168325305,23.688403186277256
945057179,2,221.512699282506,0.41992342321274434,0.20953098449693902,1.0184202743542157,17.352463927395746
945096755,3,180.408027179288,0.36275364090414025,0.24763004537103475,1.2225899426692628,25.30163870284433
945247998,0,81.33748324553079,0.35400206810307755,0.2107671688649541,1.0258703820520996,13.768563905131781
945652954,2,5.556308848495519,0.34793189496289745,0.08778083562153277,1.4686335137297415,15.854112959331168
945771244,0,-56.70226247136618,0.39247309225995763,0.25851029072582715,1.0005182248525817,17.320456062929523
945861213,0,112.96323483799361,0.34878445400713454,0.26656500918747633,1.1592827152719845,24.943211778013776
946366980,0,-4.679497033987133,0.295192906696653,0.2501307153914423,1.1565145985150833,15.29910418801099
946712155,0,164.37535771414719,0.36663585932732884,0.1688050211268656,1.1620732435894954,19.73773909268075
946893976,3,223.7030992975608,0.34902327277702183,0.2854858152235175,1.1257596813140456,24.629789429370696
947147165,0,185.06703156513615,0.35325117614944707,0.24195296795690618,1.2126073655551608,19.04590096192608
947769028,2,185.90830617938573,0.39809416328128816,0.3081245524942979,0.9810153329503322,23.315998046071844
948546936,4,125.85482883633202,0.3754761214277987,0.22093351885290308,1.1101499678169124,22.281070931542228
948650769,0,131.86901903703338,0.3359972651187128,0.252762935634916,1.2241907401932757,21.620495739567286
948765285,3,125.88945173425913,0.3631491454014368,0.16668423145807126,1.1569357418860793,12.604753457108107
948991314,1,-53.57193697425143,0.32494198099350063,0.1399472933986602,1.5835393680417156,20.744781999317944
949058568,0,57.7306720528119,0.36423548233733855,0.339603354583499,0.9156321599014742,21.942885256420034
949058569,0,-9.436639762510907,0.38957545729134785,0.23284243253089737,0.8841149944404433,13.840332089265821
949132343,3,-12.489727524702772,0.35485576200318675,0.2149802738255499,0.9704132582180646,14.348998948866317
949159115,1,189.04243208120243,0.3708163702362768,0.16627259935111105,0.9654438057518404,13.43821676191455
949343034,2,236.86751128412874,0.35893702356182106,0.31020392824519794,1.1857997212617433,22.793611504052556
949719355,0,202.95999550480667,0.39202973213782666,0.09585826077601098,1.5823389735386582,21.316699122508986
949756192,2,234.36423947381792,0.34583041738107534,0.21759320644594277,1.3437724048715995,19.704050221701852
949789711,1,103.65648136833548,0.36483767993782323,0.2203754060611014,1.0303050274183743,19.131045138337953
950036559,2,79.67881150483431,0.3910124032108516,0.286609330146105,1.1514325010422088,23.54307335886295
950252228,0,207.84439954391394,0.40737401520695904,0.12964927081944835,1.6179545602463934,20.9455876840075
950647553,4,58.30925192894348,0.4004200374803681,0.22105158363798602,0.8795580980001044,12.192393547815897
950692936,2,54.50677030363129,0.3430015409000852,0.25672183190539666,1.2531277872088342,20.16298362927757
950984280,3,152.88174926450282,0.37600225609588755,0.2599247617424176,1.1360785670918307,22.366399890460507
951030953,0,190.93772062444458,0.41627244233806493,0.20730108842076878,1.0478586416270408,19.524644084801388
951186365,1,15.492579110324726,0.36062041624269536,0.21937986212141464,1.1792071441148042,19.448112257006365
951464832,4,17.10895489973177,0.3477725142284721,0.262878268266185,1.0645410741315877,15.90359766609023
951628759,4,-29.24244531778575,0.36975450829483497,0.30004370609505254,0.9450173753542314,20.20118950296921
951639938,3,205.60011527611397,0.3230296075970522,0.15178673681781207,1.039219344857091,14.330046856413032
951662507,2,215.89109399775424,0.37312607846214857,0.3550113414211297,1.0215875355678352,22.201947190819812
951933381,4,45.536919007761384,0.374620407144358,0.275686640318161,0.9063232278617223,13.653148559916236
951940704,1,331.2385711279625,0.4404945046730559,0.24758638017828113,1.115008359843008,22.266389497342026
952029062,2,238.22609969169162,0.37718319556244406,0.2590797862610472,1.1290476563124636,19.861866148952032
952776097,2,142.58370233741067,0.37451953152532846,0.239669646301935,1.0846270357916716,21.933522500521374
952804603,4,222.6107346933885,0.4246520636444263,0.15100674689668395,0.9581831882339398,15.107821769141761
952898097,1,201.72726613761438,0.3364494641113402,0.24015863933258935,1.165028694014794,17.700873027366026
953208758,4,208.0996083274586,0.3659282436343983,0.26721460314008577,1.033060289787118,13.739100242481019
953356077,4,113.23485589915101,0.3761511591663795,0.1615951856388259,1.4855411566705583,21.602719558705573
953833723,2,212.58559025308875,0.3622892005907487,0.39435868484866643,0.9074057651844198,30.178498229973513
954090484,2,133.71227032565446,0.41335347701497704,0.213175885516163,0.7459647293766567,14.098487236356402
954258008,3,-49.651441614978125,0.3281757623736544,0.1266579198423342,1.4075204609702272,16.479223339374485
954755494,1,10.129433073105204,0.35805026514658234,0.24485930809129697,1.0920232819999092,19.371239987744158
954781354,1,198.90967528984453,0.3566847938835413,0.27024745660974586,1.1003537967087804,18.363359791558242
954804864,0,59.36927814085907,0.34957224770248196,0.16173392426091562,1.2147567613871377,15.721920944607614
954903716,1,58.78554018466449,0.3493279694238332,0.2932930597177393,1.137824407332861,20.95236475975556
955200653,1,61.88321293661857,0.31898926231595504,0.23793879739398233,1.1793703561707125,19.91513933579034
955951687,0,232.75618575461527,0.33744139352544383,0.23190247780629872,1.0933646341798975,18.535319971936044
956184132,4,156.22356020705513,0.358527739343913,0.23960483257358525,1.2798519484727562,21.618279709745043
956462664,1,250.58994082588032,0.4077134789135306,0.35665659551258966,1.1122450741255654,24.164241977418506
956860993,3,24.823808841322546,0.358051851322605,0.2058097609014812,1.0512032506687308,13.530705962825856
957017762,2,199.54622193532316,0.39502049230013336,0.1615235157806591,1.018881192626548,14.449085854290168
957944731,1,172.28780027151686,0.35529187244762156,0.20384523859088077,1.0873464199974996,18.965833545680795
958448882,2,58.778569900580344,0.37260412562315526,0.2622903132906395,1.0440917298236585,21.912766190524533
958708723,1,49.21338644779959,0.3520095169068668,0.1699645962994551,1.020923267595212,11.817437745294995
958992897,2,24.287686631576705,0.3489130701005881,0.2367107952235325,1.119414204118606,17.518413286171597
959078750,1,13.272600090608123,0.4105816380823285,0.33787113585003825,0.8054308370508781,14.170028346630884
959788863,2,-2.491103980080183,0.3769971964896621,0.19718399597598102,0.8870697286194691,11.145091219719042
960238804,0,75.50496057919632,0.3462995313138043,0.18399596025385612,1.433820154314617,18.349693217791334
960557401,0,234.00307568968447,0.3678026576824334,0.2142574290624499,1.1804324736398983,20.632769082615035
960896880,2,69.67724183411823,0.3633365604732027,0.29122464914776636,0.962904096084664,17.88079196663377
961207214,2,17.75791421350995,0.35561874094224066,0.30312497809940614,1.0651120677426724,25.247644715660076
961272139,1,147.54648790075836,0.35691539007736806,0.2265826565177015,1.0300075581514114,12.385679359676972
961432489,3,203.63240557680203,0.3309823831693828,0.22100228799578817,1.1378091906079562,15.760698377582726
961504352,4,123.2322573788806,0.4414279599069857,0.17509928818232973,0.9510086957811871,16.562371753492855
961636865,4,107.25223750429257,0.3649880344924735,0.11534227590262891,1.5328502100864085,17.988700634264937
961938708,2,55.69925340434803,0.34894302177778297,0.22507603519927827,1.0658296689663815,17.88119464071913
961980503,0,-24.84236640742955,0.35891258568589757,0.1734176851714095,1.047594884644117,12.803455090098122
962173929,3,188.9430408277085,0.38881175703316784,0.229064595407682,1.1044583237061405,22.5056832731719
962326024,2,31.660844299445714,0.415112771878507,0.25930500304760085,0.8517069054146338,13.987950901715056
962879741,4,166.6017916815673,0.4027706268466464,0.13936417551161928,1.505070467782154,21.20131331377761
962995886,3,-10.626876285788683,0.3365861835000922,0.24760872032873427,1.1148306335635738,17.301035794427825
963631367,0,260.5252428579339,0.3684246464680929,0.2857883256086676,1.0265989311848756,21.06201276961312
963881444,1,48.76222948503735,0.33189532748619105,0.20975912190470006,1.1349035250980006,16.52215056884326
963896306,3,-30.057060802547397,0.35409524323851377,0.24014274400803784,1.1026328922401694,19.706464767540936
963961682,3,268.9089886855363,0.38056437413491107,0.22330291011470488,0.9838482463318079,17.72231021203579
965296987,0,131.16980512861556,0.3933054675730713,0.15812909523874608,0.9330486097517104,11.942568560928379
965501269,2,-110.64608619012633,0.3675873447941984,0.14591614117172072,1.4709772802237062,14.117432557609591
965594112,2,61.14164373183174,0.3633120009763563,0.141007233839853,1.1645256391417789,13.412498155230683
965608760,0,80.76346102397498,0.3420153105786737,0.3392924222164406,1.1020610794103916,24.938074600818382
966245387,0,194.4700998160656,0.3473658965242963,0.2673520679660478,1.1992684406899772,20.694196023469807
966864975,0,348.2350610931595,0.4704733458039427,0.26422666697186864,1.0489732823280953,24.04417204797546
966953045,1,33.218999561871655,0.3836098982970035,0.2939501590656163,0.9319451814272788,11.24622635639825
967532674,3,4.592039055617221,0.3831025692813863,0.22945578941497488,0.9317875224887846,14.054774293058955
967548475,3,182.32732319158305,0.36374269468736703,0.22718553325940907,0.9933140997992463,16.104470933193884
967673328,4,276.3889826588532,0.36157121769021133,0.266605334084745,0.9991633480313514,16.846314608463324
967943450,4,223.94353250296965,0.34074862075809725,0.28703303161728655,1.1153636067484292,15.913899478365169
967962139,2,60.18408312514747,0.34092924769325894,0.2767926084852394,1.1473408651704566,23.03317124562931
967963503,1,157.22006390721012,0.33750538713775385,0.15275346431322018,1.0286859605619896,11.473125211831704
968134863,0,101.4404494234023,0.3653266391980864,0.28188667645005855,0.9825768103618395,15.648878762088344
968431878,1,191.303750337866,0.3411508557379857,0.3143205119809049,1.2019860602889239,23.311616874429284
968537124,2,113.53591303077502,0.3614309452933064,0.20616647817964515,1.1029466284958391,19.565070973094496
968666725,0,77.36734740340971,0.3631307544709897,0.18342124734008078,1.0427133841465503,14.111828006797166
968949443,4,412.1247968205523,0.44728458368426494,0.3657724692845842,1.1404323231354492,31.270827786339822
969077485,3,142.22276048591883,0.35083627477477347,0.21859094061968454,1.0395023593757535,18.183022205943896
969180408,2,60.6188514903556,0.355910391073887,0.19241945599501115,1.1777084482977738,14.738108765658819
969338627,0,73.13163313842261,0.3734922992054963,0.1979185893323909,1.1647112510800124,17.860328305265657
970030032,1,-80.93111192505751,0.31462895025324644,0.09617615741892044,1.5004107445679724,13.072883980941013
970285384,2,58.890975149464374,0.34105588661858177,0.1807878184538635,1.312091842665705,17.253095426316285
970455714,3,29.808213730099226,0.3393093647632226,0.24640617639560763,1.1194622689904439,23.162549629271382
970503486,0,208.7493659411955,0.33606280292729435,0.2727348545507573,1.1359591346180467,22.198724751641265
971170976,3,380.1976499607641,0.38863208792855053,0.2308728036414695,1.0886338346679871,21.436189597773968
972068859,2,56.852217657155556,0.36430527725854117,0.29545677498909634,1.0430200192454397,18.615212809179845
972337368,3,-1.0142405114777802,0.36643918721900576,0.20731705087345115,0.9829537975278633,11.363663258188723
972362080,0,-59.934715541273604,0.36391833050714884,0.2680061472111144,1.0501503888545853,14.367660592009255
972393663,3,210.53885254816964,0.3530435372141928,0.2357956558898839,1.0405621413954105,17.074574336114253
972435079,4,-6.05543753530317,0.32312627820331596,0.24416890754825848,1.101305794540174,17.914548821269584
972454148,1,189.07295505321753,0.33590539559518096,0.24207695399868706,1.1310899661863905,15.200873779649287
972522646,4,176.8431533909257,0.35783831855524223,0.23063109172942453,1.16534850461484,16.444602145667513
972638379,4,233.5502473847694,0.4026428480703964,0.1307898631661866,1.1266668241707456,19.05567418797793
972642110,4,266.4832663536312,0.3800677206658736,0.24773965394093733,1.038339545224683,14.028520112189138
972695180,2,33.55670456754876,0.40310137305735494,0.18272472121379668,0.8854344136068346,14.919607528401365
972818761,4,110.54349528436653,0.4017743976043877,0.1996688523533233,0.9136198421163123,14.976416179204668
973091046,2,54.84127324109106,0.3578583616040848,0.3408576418994495,0.950402311564816,20.92082350077237
973188497,2,193.69365485795976,0.3693455527396527,0.16783049284938173,1.1833054764214939,21.21653642908813
973722160,2,225.0600635307133,0.2722602060902279,0.2311587633976973,1.3299654257164213,17.73445287760074
974102332,3,71.74394931509036,0.35517366472717804,0.16886438804199977,1.2396383920744298,15.168782676906833
974171598,2,-27.416028609931246,0.38407097339025675,0.35404887814501274,0.8840868588872917,21.589675881536788
974543233,0,156.51471311763046,0.429045941090548,0.16173175875448353,0.951049742040197,12.825087288312918
974608076,0,263.01702379046674,0.401839036995939,0.20763426407865504,0.9824562839678673,16.097020598534662
974829630,3,17.893295336607594,0.34718692843570964,0.4174067443892201,0.8860126992589912,21.9512565218477
974951002,1,26.23399416981792,0.3545936264988104,0.2224684421527819,1.0273465400291715,14.343484640621156
974977615,2,75.95503157934428,0.3533005686141506,0.2885398488060449,1.0696604745108695,23.442088102527222
975186441,1,20.079486661311094,0.33436111343392444,0.22135190383884018,1.1898895203945665,17.242299948569592
975316837,1,51.86844642675926,0.3574062166829181,0.27591002956207294,0.9501986259325806,18.858283800583237
975372229,3,-3.8127133118095315,0.34813121273415665,0.21893863837409389,1.1197526520476933,18.960155480856614
975391754,1,38.38145112233687,0.32870348038553937,0.24660751751787538,1.1202769338690013,16.208545223295985
975529928,2,259.10134275923826,0.3813675884668152,0.3142236476414426,1.0012778224177858,22.08866080528209
975679689,4,164.91147078838753,0.3592424545522885,0.2148676960357277,1.1273244631679886,12.922639902347317
975874706,0,31.579311098114218,0.36360746481763023,0.18506254504929007,1.2255577297818292,15.62464743303545
975942451,1,200.6044191225825,0.33145934682270567,0.2562564209992268,1.413124753703607,19.000939742815795
977134165,0,156.34277818174448,0.37378301529719965,0.2367709084620975,1.10643058227313,16.281737995476483
977446169,4,-10.899981438722136,0.3796802741465709,0.3625226413629229,0.8888609902257321,20.97759728545973
977496062,2,97.24931465305373,0.35607323483077447,0.31326641258468313,1.1223725879942217,24.101890832418505
977560848,1,192.27328998805552,0.3688898014431547,0.21183683561194247,1.0053747627453438,15.744692575701919
977724395,3,42.331760854557395,0.3505862274176198,0.22410153548469355,1.0789200738099465,13.46807387148143
977861855,1,129.43795650935886,0.342847215524852,0.30043767448486963,1.0700746809338078,18.159377432174736
978144128,0,54.12420394845966,0.32813955345112555,0.2075040473877916,1.1813139234566277,16.06389843712109
978251240,2,163.41644585794808,0.37850936088394954,0.25069691044810577,1.2206996140566733,18.466792099875022
978860750,1,109.98714065489065,0.3609029956036286,0.24057392841366715,0.9651926999398327,15.846716044455494
979011291,4,70.40183997849358,0.3707753395833367,0.2842890609026057,0.9907838442844928,20.847727982089616
979179304,1,105.21953058024434,0.33010130780606944,0.20488579778142463,1.0089578289263834,13.31877344670484
979211683,1,40.057576469768335,0.3622616089302143,0.22227188511245408,1.0363385532711644,13.427417333626659
979410672,0,53.14461931450862,0.3841507686928722,0.19343895817818105,1.130319414856064,13.008057973144211
979464287,2,245.40634949789427,0.37630353558134405,0.19759911231192878,1.1876671639851386,21.17091043272331
979533481,2,35.40825787951814,0.38008557708423546,0.3419805799371769,0.9438466867768547,21.55586964403878
979588845,4,122.86415134799995,0.34811712300200964,0.2510876034890612,1.1721385452297743,20.79679710358056
980179181,0,102.38730474178914,0.41638414539175767,0.21001165698627489,0.7707200288323216,15.790609475867928
980398576,1,195.1492359041896,0.3627364329528027,0.1905992779240448,1.2413315378894758,17.969600348589484
980411522,2,22.36239916575991,0.3930097876441153,0.3343042107442268,0.8537377005836688,11.782740328501628
980661216,4,93.54892229011197,0.34392197746227976,0.1939719009415643,1.0455995523297228,12.709509196821504
980673012,3,126.73417235559062,0.3948559078497239,0.18011040762092065,1.110548877575766,20.898784457814575
980966583,4,23.503190412759793,0.3492957463114538,0.21072642084649512,1.0502488314045646,14.394090320801736
981778956,0,51.57333271068971,0.4006792771836377,0.24057950200927153,1.3265999782847153,21.999286409426762
981880572,2,59.99700102122168,0.33881868260011216,0.27140560671449265,1.15497475844886,22.88383779911197
982011392,4,120.02850222819079,0.3837133550123713,0.21604946650138374,1.1046295745709849,21.63110409591254
982052578,1,35.03480641844474,0.36416074488066624,0.17548534389847203,0.9271098060848406,10.437771597750517
982081375,2,298.0240237203429,0.37445297074870476,0.29607346674046764,1.1549074335342921,20.309828324305016
982170716,1,82.9697588515215,0.3567636283441674,0.24333751488396851,1.1107853338484963,17.521975309682606
982392154,1,43.54939325631172,0.4010130323737128,0.21034467442499527,0.8296733899981625,12.921092896524602
982448073,1,-34.48770593787805,0.3391690783846376,0.24826746773850508,1.0606740755574144,19.47387360371668
982641733,3,82.23670395994823,0.33056846647490673,0.24753752741307572,1.1779687002584691,23.431576705506085
982644871,0,75.15619199520026,0.34854522237490193,0.28799028646756514,1.1396950443301208,18.98371198526329
982652113,3,256.85386035248507,0.39063786377903237,0.27575643083788265,1.0980751944867935,22.25666962352166
982823848,3,154.21254771323152,0.35700296028928763,0.20484609000758702,1.0555248681014087,19.34252928067783
982899341,0,240.21073697093527,0.33613852324473165,0.26635747194423465,1.1171517724485691,20.72946332812095
982900215,1,129.0567820997626,0.3488959935741131,0.2617276159231387,1.0526748159102706,17.916156694915884
982959217,0,203.98438527311316,0.37439550556576323,0.20359318962130174,1.1554623947373044,19.605287208275087
983140270,3,136.0763101836032,0.37632548800297105,0.23845346245745658,1.1883821764967677,23.542819568947873
983336786,0,-5.046565102707476,0.32504052013749707,0.23407549844161613,1.2675771102677953,16.996163875059946
983359271,1,95.1534603905901,0.3566621075436888,0.13215453311614045,1.2222141114920186,21.339240966611012
983408527,1,33.62796649611607,0.34125752558473393,0.25719012373041905,1.1305485471723646,19.13270887832678
983924337,0,46.92082844790793,0.3619856324630269,0.30385553358480294,1.0176495053482433,24.423301584683188
984649058,3,21.077961833221664,0.36992607041220754,0.35738680556862745,0.9384434007302977,21.545775757445284
984722345,1,21.330130484626537,0.34908658199431736,0.2538048415173355,1.1207796876525413,20.794484217684325
985031681,3,87.84708091781926,0.3575339434008653,0.33052940826484034,1.1230471021610235,28.26985635744134
985113271,1,91.44806750811354,0.3346090959949608,0.28901397963321723,1.1561876677926002,21.49514866748427
985128268,2,142.10605124089483,0.3724492161833412,0.24700739598157373,1.1733346923850814,21.13982527475891
985248291,3,268.63611882937175,0.39504904683408526,0.21007556481314957,0.9244713814319383,14.917754174541816
985685560,4,376.728251494358,0.418658104374493,0.3308544755269819,1.1819054818781745,29.6410642300791
985716101,3,266.16449520861187,0.38841258644042265,0.3441130251142546,1.0798171651092816,27.502622907434002
985931014,1,17.42524779514656,0.3563727430770501,0.2731576685096682,1.0413826556227712,22.6229710551247
986199632,0,30.486878545787953,0.3253051292187885,0.20335134003275418,1.1036788406542866,14.921944211208572
986628745,2,9.758972503178128,0.3501751997509543,0.25908921224020237,1.032104985376647,15.29292046081312
987143129,3,48.805030269981835,0.3702984436033327,0.11871842694993534,1.4391654372428153,15.008190226718524
987280139,2,314.4026363471035,0.3871369749349454,0.30997322838366054,1.1210956975766315,21.0907567004993
988391543,4,159.54073666358158,0.3570886649826054,0.21309687965724,1.012020022416208,13.740727916542445
988399583,0,-1.4081764634669582,0.4489792376242626,0.19079252712409323,0.9471510182033028,15.851807004419241
988455037,1,254.41515249074013,0.37851998708639384,0.18972837371234091,1.0414180590805073,14.095471878918856
988551958,1,-39.3404495806993,0.4290484240197293,0.2164912573255622,0.9690323684607433,20.061275670259498
988557841,3,358.75376741903284,0.4274990181996474,0.28890451125883804,1.0475892217301492,24.147840156716377
989355394,4,49.568759855948805,0.3400904477105493,0.1962779447029976,1.153046045804653,19.54653637243337
989396731,0,105.63825456000035,0.370770079180415,0.29848779492730165,1.1181535047972961,23.653138500321262
990486279,1,264.58811347051164,0.40189653781328116,0.1257396408232698,1.1074230984982067,20.197041822996226
990726873,3,103.22213474278809,0.3636667712155233,0.24359761573941258,1.1305808021470078,20.407454172908295
990755656,4,208.94144926811413,0.26960857562342583,0.28098839112187546,1.2877949234763575,17.19432844225505
990844091,2,316.9488247988369,0.3818046011316507,0.2751923947574167,1.112199703875168,20.882437559391015
990921781,1,92.31598620580091,0.3291892597323739,0.17017387421807387,1.049697857630923,11.125366691390076
991150899,1,62.16341025826393,0.3166801835725837,0.1791678218222446,1.2122846934124967,17.197276777062488
991486562,0,59.317532616231766,0.39662186986269116,0.2394968216708374,0.7639113405663178,15.264510125550403
991497754,0,194.57556350111517,0.3805765522297881,0.25138765002419916,1.063205122909753,22.66517137505092
991575324,3,233.48195584272537,0.37049266668089403,0.29229737380318543,1.245085299313729,23.97933743609473
991645843,2,259.7289918580208,0.3769539371390479,0.2796164583242389,1.0100242666240133,19.50674994842239
991677197,1,53.002990177069634,0.34958246989824565,0.28615156567627814,1.0517745137377683,20.932730006534385
991734116,2,111.03951310524951,0.37248160780981854,0.18978815794309162,1.1193644356079564,14.445959454248637
991748625,0,340.0283701500437,0.409479684231255,0.2540965069416675,1.1219650390753482,23.290047371228937
991749301,1,39.47907117800021,0.35762186590091727,0.18540313447145218,1.0421212267605053,12.509488046821918
991912273,3,110.51953342822259,0.3891353871076014,0.2532822149336484,0.9356414421611704,13.961869874119651
992359277,2,-5.967216294851056,0.34521064516465805,0.15200299789750343,1.077407808479764,13.441749481646175
992375016,0,54.261805158334916,0.341150538979468,0.2727225369315386,1.118051438883834,24.008226733227456
992491355,0,37.84144342911567,0.40057240025219293,0.1783040827633872,1.0975016810989497,13.938553170391417
992696585,4,35.984603904500226,0.3902182130614859,0.22678572601969318,0.8730902704886779,10.323113553777304
992902333,2,53.35311428447972,0.38270079396527307,0.17317288217618904,0.9725336997017066,13.659765950727884
993287384,0,116.37097468077525,0.35373278517139833,0.21892677107341882,1.091700728573185,14.340421888778245
993495758,4,240.8557228660283,0.4120659169880741,0.18528901914982085,1.1322649588072462,22.34022473123114
993642509,4,106.73821152504668,0.3403290393873593,0.24016486465358292,1.2837338767696171,16.19264898607837
994147149,3,151.13316728893483,0.355497569519696,0.21670117457610244,1.1442477970062503,14.954036622882533
994176414,4,245.30481849231768,0.3739801141235397,0.217049132230678,1.0250562911696885,19.615184425896658
994235992,4,116.26506414126736,0.36194703320764,0.20686903056554218,1.2511123574951863,16.777118718363468
994355655,2,186.7380392169276,0.4088254187780179,0.2650005416685249,1.0482431971321204,21.59580666761128
994657756,3,-18.208188406317944,0.41508643447133176,0.21807922235279076,0.9710682947647364,15.894134886062279
995410408,3,183.28668389597215,0.3836716390995334,0.18496446131629302,1.1065372607381339,19.61975616639626
995559885,0,-13.397935730475965,0.3669874740862528,0.12076935141737052,1.5198604311526456,22.870912751202994
995697393,2,14.24779683551327,0.35705071687844164,0.12664312658335355,1.2617491364416533,15.541407351755547
996300632,0,174.78145208772406,0.3629234372291977,0.2962499496487173,1.0889903831051657,22.105733165433175
996351908,1,235.04477848465058,0.41015132593263,0.20677429112835696,1.0994955449579418,16.77791874678225
996538100,1,157.45108349747466,0.3837067333600793,0.18379539285547508,0.9773592423259777,17.33819231838354
997201189,4,285.2837832270078,0.4076013149620014,0.12859900129352733,1.1661363238122096,16.866886317151593
997252615,4,1.768307942657188,0.3764718491081796,0.2210581639291893,0.8999657876853809,17.54586788001199
997287969,3,184.77969091309058,0.35584944861132356,0.16714937309921696,1.2170394061127896,20.54151578639622
997443668,2,-74.6071485285563,0.3375592851192585,0.24738052334803454,1.1850676165325023,20.88809756082057
997638129,4,71.51855930529385,0.3037287537694465,0.23026962851015514,1.0575184322586835,18.757084734265785
998478267,0,319.7015155629689,0.4348862799154861,0.20023812261502782,1.138719026645999,21.382217617976018
998917125,3,-32.25152508507466,0.3413140973804727,0.1175739376350329,1.328783754859673,17.251656008731857
999068142,1,108.67035932868687,0.37023682305391165,0.19019171223335796,1.3326743101253475,19.404692274964123
999116161,3,255.2913129469494,0.36395045415079097,0.27194579205645775,1.1227402247127933,23.75161722464055
999660395,3,186.94477023902107,0.3515603846996581,0.24533242888456644,1.250338484454738,20.301014796749843
999723050,0,110.44140901844084,0.3298349913357446,0.20780997202122575,1.1378963390493502,17.07208297078476
999774546,2,81.28905535262905,0.35409963497291896,0.1844835862480137,1.0976173064353392,14.14774816375053
999910921,0,52.08865422257794,0.37967871166115563,0.1720391945721316,0.9155169476341098,10.432145594960101
1000606738,3,37.635355934317616,0.36773120614772686,0.3044358686910414,1.0021374484553545,19.284217758328673
1000610070,3,241.75333337986913,0.34336322652662227,0.24727877342315432,1.1796668395678847,21.562064646931432
1000940979,2,168.15868726098438,0.36590024552679257,0.1815816836961237,1.2827406150704932,20.36768218575253
1001186326,0,125.26392753445194,0.3506318018822439,0.22429637071301017,1.1372742985049105,21.80925728845866
1001439258,3,225.90546103772732,0.37581748818885,0.2817445822610157,1.10490823083903,24.56086959886798
1002053152,2,15.966415715035694,0.358425444540993,0.296296005870664,1.0562638057941371,20.994697411546127
1002421560,1,-70.44709099452555,0.3377941654484778,0.21362330773132257,1.0434828141246175,14.722772303568927
1002611290,2,142.79142891929007,0.36570369515239276,0.23737712830230406,1.1882924262236276,20.504444846537517
1003276848,2,193.91901469958924,0.34155059036931723,0.26844338833104336,1.0912231495325764,21.03204623385463
1003322685,3,165.31769607837887,0.3719834756579888,0.14551258852308055,1.067179286273806,11.099514106998706
1003416473,1,154.35398453518462,0.39953552284792526,0.17252857801900479,1.1117221943226003,16.024085663515496
1003531277,4,48.01757996882532,0.42783898607090853,0.3042598213796358,0.8935659104132037,10.347937466773095
1003609082,0,85.7298699988722,0.41316145299626916,0.34702372265033543,0.96708405034452,20.84903357348695
1003747074,3,189.38471048911657,0.37001771127938893,0.2496727192951414,1.1412070699482748,22.02874278767654
1004036255,2,146.5934852585189,0.373689183259852,0.16847733649632102,1.1488664548967948,14.576905138960626
1004048009,4,73.23552198367499,0.3487156564170296,0.22194570481867656,1.0228765229460965,13.331626984104828
1004172510,0,17.25283322295907,0.35153015569661655,0.2711817634884602,1.0073085808914102,17.829528597924195
1005319308,3,283.3478263012619,0.3773062141769254,0.2522991529057209,0.9309411149035073,17.769629449238213
1005375030,3,235.74292714161555,0.40372783623194847,0.17801799094692042,1.0356005572519134,17.536935947635833
1006229444,4,136.2328775115408,0.3663941492601626,0.25682644464344656,1.2343579428936897,23.385535263073116
1006972816,2,212.4429371817103,0.3831135290451099,0.2676815947629535,0.9795492825762173,19.713956756342945
1007721072,3,142.94589567121812,0.35078064784013413,0.23055288796745363,1.24401031043994,22.710612284498733
1007994898,3,251.66700794554515,0.40985898052897873,0.24065762139216312,1.0898161588771769,21.612567356721268
1008054582,4,282.95531481872456,0.3755132780039818,0.2070729124219773,1.194439489134361,20.546741385565078
1008455726,1,195.19336494605494,0.39034695501208727,0.19965566708428245,1.0280642093745023,19.098809322749407
1009402745,3,212.34568662562233,0.39045895623467425,0.1671921246172398,1.2426193182655272,23.48980133964982
1010071702,0,85.7521517421075,0.3535089795743094,0.3118026767078828,1.065932669291829,20.92879000458774
1011327767,2,171.4079951632308,0.35402333860145435,0.27611914613805527,1.0457570187477256,16.96442107665591
1011731362,1,-24.77838019724139,0.41606331554888554,0.20979059417968954,0.8992743487446555,14.293291191622922
1011779904,2,-105.0663666793041,0.37836787609528494,0.11583684132919453,1.367080863273076,16.69109886801744
1011876528,3,99.67060248337854,0.3769606848982351,0.20450285532374046,1.0419938823711703,19.59847968199638
1011928148,3,90.03606391708864,0.35498071352479843,0.16586872810054148,0.9482223061681175,10.64021033778581
1011964069,1,177.6618285265032,0.38415514087995023,0.2065136916051025,0.9523312699278926,14.499239019649064
1012063352,1,139.34261476126835,0.4110957038394471,0.20200689860465942,0.9945243153600313,14.034399814927205
1012066552,2,106.72696033220875,0.43582959421337186,0.243567586181374,1.0099972090810543,18.824471848153237
1012240056,1,264.3303434103912,0.3770539260280023,0.16437281838811013,1.2038464873092767,21.805227968976567
1012244611,4,254.35753177552587,0.41695743103883315,0.28080149316850933,1.1035169014667485,21.600446451744425
1012389657,0,65.93915809450104,0.3345623482638002,0.23409939709553396,1.1711123197974467,22.001248299221924
1012615960,1,159.38910095721099,0.370110155901444,0.16148464897946113,1.022712460143394,12.402039606095911
1012673977,0,-7.7538762221942505,0.381098383415723,0.25344909957767114,1.0611014090060342,17.02073600576365
1012813731,3,95.7180869597679,0.3653789994911703,0.19498916910973849,1.0435674524904734,12.534596794193439
1013332010,4,212.02774858674877,0.3888353363098028,0.1812886682914963,1.2032699144414538,21.367504611696926
1013677154,1,12.134056300858006,0.34441946118415206,0.22460067390984279,1.113070725780112,17.86068695381128
1013955085,0,-12.867033683534132,0.32345522317642966,0.2828074513466545,1.0708610986394123,16.29184101619063
1014178298,0,48.49389042394227,0.3685840009850371,0.3400929099979405,1.1161625093174252,25.182630327513586
1014358426,4,151.67034986247313,0.433575248954039,0.31783617852133583,1.0542982401523164,18.809099566125024
1015002552,0,44.81352080725935,0.3525834873316019,0.29202826883159955,1.084239214833503,23.447967614523826
1015530423,2,-4.254904696700791,0.32050035909410907,0.10956330988072219,1.4453003456521736,13.997820665011098
1015804720,4,222.00903056507335,0.3406302765788376,0.2905038378278618,1.1148203908654908,15.898111660846208
1015995822,4,116.69935646152373,0.3699269038350233,0.20944017218235705,1.2827833630291052,22.704633969857014
1016001230,0,45.79805018160301,0.38148440780823023,0.2332787144048913,0.9637610348252084,17.905608074961158
1016053436,4,104.7728221668005,0.3648663730265687,0.2335732401311709,0.9963456909050715,18.76478304937064
1016427513,0,64.06719412350327,0.3479873233596133,0.26191116212983306,1.1998636104834133,17.650181660086346
1016483191,4,162.15520024396523,0.3625775758655554,0.19512830138384746,1.2750061006296278,19.406252801337132
1016549467,4,61.855060165546526,0.36450739385102326,0.3155676927900685,0.9979247915158422,15.4529300387016
1016554396,4,252.95623437564984,0.35203136772176946,0.2936273086186445,1.0252859971947401,18.649570067743756
1016682022,1,60.11381709000014,0.3828515283704576,0.18627348160387716,1.0603847298677187,14.059689864210846
1017422838,0,243.39057326873933,0.36767272365636255,0.22536835886343576,1.048320341245777,17.91952331316806
1017533864,0,45.12699236143148,0.37899666091975376,0.20214151948014258,0.9624971485312154,12.07503592375452
1017786656,3,228.33015425031627,0.37003662814064425,0.2145214851197747,0.9959660733748597,17.50456201157229
1017876939,1,225.34232502941578,0.40593350591587046,0.14812809455442189,1.106547462380173,18.266766209813994
1017988364,2,17.63161259953823,0.35947639935974285,0.2958132464366725,0.9787756212748756,20.474025472775132
1018289608,2,191.3558304982659,0.3769621623317797,0.26676243687593654,1.1357898167729628,22.279575400208884
1018372810,3,46.16652107546215,0.34910305056097635,0.27983767129983483,1.0826223077222377,18.502847623789325
1018492887,2,76.37619011993567,0.3838294130330059,0.2864638042389217,0.9612266895712527,22.394666367361953
1018993474,4,177.5918605130364,0.3568073454675026,0.18811918203388667,1.226873116565827,18.19013346145558
1019146699,1,34.58366264624948,0.33664106338725386,0.278813065685944,1.0076613238461782,17.26163843428906
1019302045,2,162.20826237403077,0.4004266687427458,0.23486343307813332,1.0570987914084526,20.543168415723407
1019871749,1,136.02368343862238,0.34502730837772444,0.28197748421875524,0.9865567428433945,17.764816292076947
1020201493,3,22.062651862408003,0.38122345063885005,0.18768974780242323,1.0660763021731312,14.263704797638885
1020575007,4,136.31886759801625,0.35030403048440834,0.26180354910453396,0.9638921357170301,16.1147301247527
1021238306,4,88.15872084834001,0.3539090461693443,0.27472121835998603,1.0383213271908807,15.462587673782847
1021483975,2,258.1438838828987,0.39925188246419585,0.35610241782318186,1.0883987171691638,25.187490138009856
1022466130,4,109.5976059508294,0.3313289136134226,0.2686268907715925,1.197185468409009,20.51919063716242
1022768745,1,72.36234511325982,0.3725596602279211,0.34832798986620894,0.9935980699727168,19.716965321257046
1022782104,2,330.54859845753026,0.42513107455345167,0.2597454972512821,1.0875373163739397,20.971382985931232
1022909256,4,144.47414306924702,0.35406186116996713,0.2406646613480626,1.2442108942800627,18.84925481261693
1022982762,3,124.55204200436796,0.38834923957986833,0.20537932016782157,1.0361437673084672,15.646210451590843
1023161233,0,131.55430143458412,0.3745886028551151,0.14897589517158927,0.9584910985877462,11.615366360909473
1023305390,4,157.15400542599406,0.32972990294511006,0.21871607860535108,1.2176158110985131,16.695408322439885
1024068572,3,23.355970794531544,0.387555497314208,0.24418534901345518,0.9221073419836899,11.439595602636428
1024345756,1,-39.110630332030865,0.41668871583066125,0.21258695097378555,0.9138196777541796,13.74788183501967
1024792036,4,265.5232497075576,0.3810493121518365,0.22876862014663185,1.00207032418984,20.79190543097696
1025306032,0,91.4033195201865,0.3497511958010229,0.23765106319507245,1.0931980503876426,20.19652859676167
1025433212,4,129.6518211104342,0.37151191067763945,0.21393303747478243,1.1964547467141617,22.483280343151346
1025691953,0,190.69313351223136,0.33645827623657837,0.2620052181818148,1.1844475121551152,18.17749827761406
1025699725,3,-56.76337615799957,0.4250949741531659,0.23794613785931065,0.9913495001717154,24.144217872201274
1026017017,0,49.64529492335793,0.3630666095020695,0.206960213762851,1.1994657020605908,13.612232963939201
1026090267,4,36.98908769439651,0.32263632813727444,0.26862928068191555,1.052337496298994,19.194057457281215
1026468393,2,54.76504669379818,0.3656276069654325,0.1778910210414485,1.0150754794895473,12.232233250377668
1026585512,4,71.674656968857,0.33024986298478837,0.27538865440312127,1.0975912721200225,21.208512136928075
1026999069,2,169.6546591080696,0.35947867078938345,0.28940967038971827,1.0869609542263245,18.093584676152187
1027170347,2,169.81934697211273,0.36896002181697235,0.22744934711483536,1.208481449168615,19.733992682261785
1027277278,1,143.1451056744877,0.4145973150365391,0.21047694018970872,0.9487254154156158,15.062373774168732
1027526557,3,17.036260828280234,0.34275232305588177,0.23677862315764095,1.108338559587765,20.26060939710058
1027925897,0,8.678699410321926,0.3506201360663276,0.2257603519664576,1.1853815143564137,20.135229629276175
1028383994,4,132.87133744354048,0.3727435826603976,0.21333707100324634,1.1788168298540622,17.140593920986923
1028416033,3,3.805333345183797,0.4212241059309487,0.209095200113454,0.970591273236758,15.117301812548328
1028677935,0,201.8973366020785,0.3726270949750647,0.18438026997347945,1.192072859852976,19.98474234461351
1028942320,0,70.27303729209643,0.39187208418536146,0.2635018954590605,1.074777242221003,20.62621065473963
1029035301,2,281.5995103620481,0.3777102030943117,0.16568878516493363,1.2348289112403463,19.703090266739444
1029595953,4,50.32864847173324,0.345150884312599,0.28463124676226287,1.1071785902728577,26.17570736593946
1030451978,1,174.03784555636082,0.35793674569942846,0.27735532983501815,0.9903952322775341,18.000716081881272
1031120219,1,-39.585358838004396,0.39358458369761806,0.20693483272287708,0.9051444553748897,12.673862171803755
1031229001,3,285.94802748108225,0.3754455259881501,0.26030362791866346,0.9646973014501459,21.47174700642492
1032049018,0,-33.360957371534155,0.3911500576021026,0.2225994335434653,0.8565255127805873,9.712365322043915
1032380700,2,80.17474693530642,0.3535371307505349,0.27342010331340644,1.1121325580162238,19.666753770702964
1032824878,2,272.76805498475227,0.37510671267047957,0.2677946958102166,1.0950560679334256,21.777278826842824
1032864427,2,285.9161187848314,0.3956752413060444,0.21208400641922484,1.0560098512028286,15.286295838360331
1033105320,3,-39.2513985794283,0.4023209666700419,0.4195126837399376,0.7832536612992735,14.769137064775618
1033189892,3,102.11119396471287,0.372328739781566,0.22775017307951967,1.0974704871465675,18.301680898247614
1033278937,0,230.29604590023308,0.395171775981912,0.19330077179898209,1.0774486606084346,20.92389937651848
1033351470,4,188.83070463720145,0.3842610815176003,0.21074653681813774,1.0412566415382363,18.98728648423165
1033553223,3,196.7708645384237,0.3674942503896006,0.2708206618439817,1.171464255489425,23.857878321036047
1033716962,3,191.32232031815371,0.36061213302063805,0.22931412162551268,1.133736781152089,17.111897257469757
1033918415,4,114.8016521851719,0.3731572133265619,0.25796772260664824,1.1002193452274311,20.360952423149275
1033946861,3,55.467147140096884,0.3750274181041655,0.1747097932782379,1.106039070973418,15.713383776183946
1034104971,0,138.48463126385445,0.36019672473638537,0.24675994716214958,1.060724846892783,14.510227347794745
1034123279,0,93.65799826045051,0.38582322069235264,0.14274257860656142,0.9115631156359301,10.406207079048961
1034236621,2,125.04911423963904,0.3919668769491204,0.26253085820495387,0.984065336511154,22.40622538396387
1034741718,2,-33.310406858971376,0.43443210743536054,0.22543815761885191,1.0438258143166768,21.498594374134193
1034918215,0,194.47814817010894,0.35164783676439293,0.25650606881172444,1.1124160544458455,20.980129161298525
1034983348,4,81.10184190470595,0.3823330933607046,0.22297952322385367,1.0743022115407181,15.943560650036565
1035028820,3,277.4463141108969,0.4525988411466476,0.3389552263677549,0.9130202548884633,24.312679797750867
1035315076,2,266.08937647011874,0.41086005322317815,0.3423239621068119,1.0787299104423766,23.043812092888192
1035856874,2,-4.4580669771141,0.4125237364958685,0.21676614441884692,0.7489469724141506,12.426083702921648
1036138133,0,252.77278418386373,0.3882670443149285,0.1713981578183286,1.063411599940514,18.62640840342666
1036220346,4,92.818759591139,0.3713610705223926,0.253710484520952,1.1221259584085448,21.42369661942836
1036443335,1,107.52145599738691,0.3123855034227554,0.2849120345337751,1.0853043474974022,16.251310686258428
1036702537,2,195.32511117813272,0.35970160300335235,0.24536721473755202,1.2480750523704973,21.150656107300545
1037214507,4,122.46337762567742,0.36674810654740736,0.22953043889262453,1.2352852245833907,23.30091965172488
1037247055,2,202.98889209477562,0.3647831467486183,0.2868491619997956,1.0790348958864826,20.969193419476056
1037483608,1,101.48073196855754,0.44354679752716386,0.14291794299180643,0.9380715311616014,15.381334410800795
1037753254,3,78.11972154249773,0.3374171222466308,0.21169010461295668,1.0674355757032847,17.783847988817406
1037907132,1,25.80869071835626,0.3552626532772515,0.21615870533447434,1.11631420615551,14.03448473584244
1037933162,4,110.90226965346234,0.33610890472645905,0.3005380397546123,1.2005508520595127,27.352981439764786
1038226153,3,154.26909270815614,0.37561306576772624,0.24627693153102545,1.1526862961135154,22.4125894485409
1038295245,3,189.10809234721964,0.35924724359865795,0.29720732532191674,1.2768399598065094,25.48484460320316
1038630240,1,108.78933164765404,0.4178170589468369,0.19879265933614354,0.8590402143818776,12.632533264902564
1038723100,4,173.065775643848,0.3506063458158533,0.2791069449371684,1.010376631184464,19.70048760605809
1038983275,2,3.3163151702999443,0.36117737791157395,0.27361357953743015,0.9786756545200794,14.606695499866039
1039049249,1,159.9939675971088,0.40064309779315527,0.1756892078718658,1.00730339056882,13.860350985933527
1039097467,4,71.1586096822695,0.3542142077554102,0.23599659312307825,1.0037145203840696,17.754621543122404
1039985158,0,3.810352626585356,0.350845115052456,0.2806753931394964,0.9395059385879487,17.3773496231876
1040974624,3,373.9039508258069,0.45718329480916303,0.21466611316357553,1.0119278808277994,18.80801423316101
1041000545,3,246.3377340436492,0.3708483587899837,0.2543577115038919,0.9347961742199956,18.272994412853237
1041165828,0,88.28335415713885,0.34323197528080635,0.29072413682998854,1.1070356035742326,20.494975484743414
1042275963,4,36.04577211034359,0.3722595614918915,0.25468826729894223,1.0044257913777659,13.374407493338017
1042390014,2,57.132403372561974,0.362257278667954,0.27445216826308905,1.0655231794550353,22.176081892427558
1042430628,4,146.24092583742396,0.3576844899634857,0.26254379971364294,1.0067586560087047,17.012518393681503
1042780856,4,128.29211783170078,0.3666737078569338,0.2237415321981344,1.1532309546803685,16.448017465506553
1043405335,4,97.77799125176324,0.4262201990358278,0.3324361728358952,0.9395689900603552,20.280058445429912
1044196654,1,-44.18610988904689,0.33850113266021903,0.10704039323553058,1.6626632750895178,18.933206438543916
1044241223,3,21.932684564608934,0.3666578721597895,0.28100757769482054,0.9249924336752918,14.340455295203814
1044295958,0,26.347006434760644,0.33558105775638586,0.19254341715761786,1.121168594639944,14.92084372315286
1044700576,2,3.609929291208374,0.35394710676942703,0.2075872106687816,1.03354547891775,13.64954825250786
1044740151,2,65.44017806337116,0.3413603800982513,0.17933876153784947,1.3098419013186384,17.35302608326172
1044945612,1,132.9939552972343,0.3786286110786844,0.26955605091365475,1.1245846954301864,23.57576734060224
1045029623,4,38.50360418849043,0.34207476955298766,0.28344772137366786,1.0486538739101705,20.430999891222207
1045248903,3,43.12645088130121,0.34870313927263663,0.29132544142400896,1.0353370732753138,19.960023888888898
1045265904,3,6.003071531470127,0.33809644616887613,0.2214252680343383,1.16585111680347,21.34569129337691
1045484392,2,197.1534767535307,0.33979234964992994,0.29265867426421505,1.1345027291375944,25.003542598686618
1045667225,0,5.228335839601371,0.3480801088739822,0.2822283319396225,0.9984691773199893,19.334701477147725
1046009311,1,65.06057979668506,0.41392722299869594,0.20686259630686757,0.9479724219529673,15.52990396159039
1046027555,4,44.27152075726885,0.37100399335671563,0.2806817672349956,1.0930485551634406,24.607108413291293
1046064945,4,101.03195392971047,0.4253718075558019,0.1811970104079197,0.8604960248409245,11.866436260212886
1047211829,2,61.55291916943434,0.33715425712389285,0.2912667986562305,1.0625498623403902,22.385460159701562
1047488413,2,87.67336355079179,0.3594937586756151,0.2359812151390429,0.9583323807506322,16.98764823996901
1047573880,3,274.31400334868306,0.3794440129316081,0.2094588549467058,1.2229800663344204,25.277251726651535
1047587622,3,51.661858734460054,0.39081535078747326,0.22478184410665755,0.7096992736056098,16.810238924956437
1047765125,3,252.00864314352282,0.4204452732068923,0.15451024554975878,1.4689033278544188,22.680068431261912
1048177525,1,-33.37848477854689,0.3490556385778805,0.18344827837935385,1.1480895676155414,18.25750600724693
1048219303,1,193.54108814374158,0.4024722727885027,0.19906872186579,0.973866218704031,18.199481948773958
1048356010,4,139.13625781749343,0.393109107561766,0.305241661914559,1.1726327527154956,20.982777212358794
1048411136,1,193.4403913553392,0.4219096311332729,0.21315183477112626,0.9265311852302652,13.080582020948402
1048769739,4,160.98602237016698,0.34230878524090985,0.27083963827482754,1.1277671530546303,16.894913919919365
1048831581,2,69.67724013861249,0.3633365586804405,0.2912246464721167,0.962904096084664,17.88079196663377
1049514979,1,147.51665743351026,0.37358647771748404,0.2485943150755209,0.9397800653590469,15.657673144506376
1049869017,2,246.26346156220973,0.3724113490130755,0.3147711711744867,1.0327724331201154,21.7604971649608
1050100593,2,313.15178715661386,0.3635516502491582,0.3435279990845221,1.226004101102145,25.987224550059416
1050347337,0,175.62888327432017,0.37368506373604804,0.23652213940377861,1.1266233405781763,23.125515078387714
1050360528,2,57.59682613325373,0.3712484742944227,0.3099214010505207,1.018131433012795,25.982152333009054
1050435822,0,44.746924622822554,0.3462011959379936,0.31540894766582567,1.0075882877377524,18.094433195936627
1050763719,1,182.48675326354234,0.3644668174233137,0.24189960267213959,1.2392133250346804,22.24330629962407
1050868721,2,-87.4174404560989,0.34406339750545273,0.12653952543006636,1.607412365551976,21.088508634177
1051120785,4,-0.3892479700224243,0.3313887835282736,0.19780501166271106,1.2357931186247257,19.314243592880793
1051267871,1,158.90099721630946,0.3547883943510839,0.2310626556273905,1.1128123316691294,16.12305703088632
1051950887,4,15.223812009140374,0.3518401740785449,0.2699652338543019,1.047550491871572,15.777163869777631
1052347491,0,115.54744855228734,0.33296884653662456,0.21713756563101547,1.1615528395549983,17.89361243729348
1052403305,2,-11.156535434805647,0.3589629612445681,0.22354839445392424,1.0708942035703302,12.037070450814557
1053128614,0,217.33745943980807,0.37903397827407703,0.23270112282511365,1.043650247661685,13.846715279309425
1053654075,1,48.02805571693561,0.3514326306793096,0.22799547176716234,1.0312051929490451,18.166167828702253
1053689640,2,262.8819950339397,0.4009129877449184,0.21631366263595556,1.107889611189536,20.991647618473444
1053749106,3,24.014593372186425,0.44050109129789977,0.1919078513128011,1.0435431371830943,23.3653334555753
1054068496,1,7.300168573549087,0.38494888198153493,0.30994845103790514,0.9598428482670605,21.271158967777218
1054663737,1,99.26553514768267,0.33238021882436425,0.2820850843519015,1.1869188388238616,20.789623519253155
1054699439,2,13.044693086808579,0.42465296998743796,0.21159217920867107,0.9670783795559954,15.610398891476292
1055096978,2,150.17902551408525,0.38177954728064223,0.2737223647618562,1.010586420707876,23.365025948995267
1055238521,3,42.51405047957549,0.37783029108450883,0.276615996340018,0.9599731221373818,11.541182749347524
1055403183,0,-41.49205691098824,0.41400321542169877,0.22999918505207012,0.9387678352268657,13.170175079590658
1055512615,0,-0.7792081157065667,0.3526607930678177,0.1150173394790561,1.4394757289757782,13.724594411369495
1056241646,1,214.02613760861266,0.37037028496435276,0.26456633508084615,1.1973244757248254,21.561201848311008
1056427666,4,35.735815670260735,0.3237231490497465,0.10612291282880182,1.2499792686121594,13.66310547160144
1056745854,0,10.460929822871535,0.5064300847742835,0.1560046293179611,1.2983469773519956,21.332810499820912
1056838688,1,27.817046876567275,0.35897524989191265,0.178830258821915,1.1799283837789554,13.140284974107297
1056941097,2,40.57109321973265,0.3392494026698107,0.27386945057276796,1.1551855964459452,22.18854124984158
1057142863,3,-57.02022393005342,0.4372299430861787,0.21205721885975481,1.0764195641553087,22.837126279849738
1057428367,4,144.69655967300787,0.3670047306276262,0.18668503757397453,1.217646588301778,16.46728597805977
1057546694,2,8.357982887939215,0.40090394146712316,0.20024579534916345,0.8367381596552208,12.384224262287166
1057577802,4,113.81726175941347,0.3431161166849216,0.2839376074422677,1.1773108174242917,22.043826763588154
1057831981,0,172.76735806383854,0.35787088941245654,0.2349955393564647,1.0562275551942173,14.432874908873922
1058058469,0,113.16509465888868,0.4132519777213742,0.344902291561882,0.8223940850178874,22.633253213629985
1058114006,4,4.088752593906065,0.31917989514299483,0.09600057090216771,1.4151524294294289,13.542839528907471
1058146720,3,18.235845891350564,0.3500374849989935,0.21607530633938293,1.190218064849848,19.35472647741714
1058557408,4,41.08157908668315,0.33855301662887965,0.22968454524011242,1.098248454898745,19.645716220415927
1058865431,3,23.879775351674922,0.30097070519730074,0.3279211012071463,0.998399346202339,18.79580961913587
1058915923,1,226.36016194063953,0.37693188801554756,0.24276810278928548,1.1003312992924101,19.28950647393557
1058961949,0,161.6701507395083,0.3884386654498487,0.1684706586048771,1.1065376523891453,16.322731210101786
1059090867,2,235.6078183356721,0.3331133192537862,0.2788441507909672,1.1679753068853367,22.396929476507225
1059116091,4,155.35630207476174,0.3530594814706653,0.20325652571454836,1.1716791682734036,21.28522517165715
1059315394,2,305.67487810118433,0.42889136088768565,0.3591880946935734,1.0530033774630372,25.632737640957536
1059383045,0,172.3410846194597,0.3566865977077784,0.27076184394161223,1.2136899578896987,21.314858296073965
1059454282,2,15.795142506678175,0.40763039938587364,0.2772167230308593,0.9000967504299321,14.391575192063112
1059658423,4,12.926500367083307,0.41401309708311523,0.2133721801791127,0.7495825645205074,10.301456252344872
1059731090,1,227.77593187682047,0.3689868986530562,0.22600317507983897,1.2780666275741233,21.726851152309393
1059955409,1,146.45111683676686,0.40906047222559255,0.1860331478675939,0.8266240908885901,13.202239560279137
1060516600,2,110.06416664329805,0.364417408256187,0.3568417426235876,0.9235949675051756,27.963927260164212
1060757060,4,21.75670322033953,0.3776489764548059,0.1790229100587815,1.1098807023820771,18.334839489668656
1060916262,4,228.52335066120105,0.38800166894194377,0.13139200267963325,1.1562628425924157,16.612184914111797
1061550399,1,287.2571448977834,0.4386299181386395,0.2601502888751949,1.0865066369329055,24.59895569225404
1061842940,4,132.48478647763852,0.3336127211060341,0.1601482289018234,1.2185972424172196,18.10955061978602
1063041507,3,150.22838389649678,0.3840556306487565,0.2051749585157343,1.099650121739532,18.274272570143378
1063440128,3,26.493927370370713,0.3692784327433145,0.2685049541728606,1.0105669130557453,11.705292317534008
1064087880,4,132.52806947022145,0.3707963842474444,0.1891265828204708,0.938593603637045,16.560013049237288
1064576585,3,27.822383975696255,0.3610750103894025,0.25997929855614543,1.1348334145642536,21.294925269940155
1064842298,1,26.29655702905194,0.3768753257247263,0.3476695329756232,1.0037734295743845,22.329960584536984
1064934987,1,77.1315660858998,0.41765939002558466,0.19446652768670125,0.8915619752342421,11.814341272051388
1065372195,1,55.93006273085731,0.3284316198682848,0.3172487099695843,0.9397350617107044,15.756198267485807
1065435792,0,76.73354938567806,0.3657495495453015,0.21007202568361424,1.1048271565005756,11.738160540140049
1065541315,2,56.61318525719672,0.34512330717112827,0.2906787952200851,1.1104460241423868,24.738973328202384
1065659422,4,168.19027556812875,0.3431442983564789,0.2808133489456162,1.1857599142357447,19.440280202399773
1065912423,3,196.74125241299467,0.34817460254298743,0.2622127680794877,1.1927323633281695,21.081988768755014
1065918379,2,167.91558564723704,0.34231988970539184,0.22513991633395627,1.1884414721249215,17.63897385161527
1066071241,0,217.13885446797462,0.41791728297072744,0.1810175924614273,1.0836962340831964,21.673131766793553
1066274431,1,19.973863196137913,0.36508430306465145,0.20640294640787196,1.0636307138740921,14.440011869367327
1066470436,1,43.56092181186106,0.4263653321738064,0.3888457612230293,0.8994766051019369,14.425029471624512
1066912127,2,23.545828265797255,0.3842152764010169,0.1872046791011811,0.8220641215471046,14.115064287988895
1067785609,1,135.99271858261315,0.38240292078539423,0.22164702605177633,1.0168292491207482,14.914775079694625
1067787070,2,229.03336595020772,0.40374971473135157,0.2963213576508137,1.029289684850051,24.097518385207252
1068100442,4,149.19728882289053,0.3582615687420805,0.1748645571919717,1.0218629106748316,11.814033136144413
1068153413,4,23.392721396557732,0.3523200719722754,0.240928816099819,1.191647115945555,18.506921025531675
1068186328,3,-49.58113954282916,0.3674006674785562,0.1956912325313957,1.2226750070970105,18.976219732543377
1068353755,0,90.2838708987171,0.36229775573896644,0.1852333858079328,1.3376638572419317,24.17820356047064
1068808459,1,70.55158199973958,0.39435361148305803,0.19818896928806398,1.013712953639679,20.916565815476023
1068978203,0,81.95198066587223,0.3388595819729506,0.25948356825429336,1.1803412584230615,16.195133572567254
1069092654,1,67.7837360777311,0.3834097874756203,0.21948536103805746,0.9475209132640041,16.6489668148491
1069141321,2,156.23861045192655,0.36634226918592505,0.31632621057194976,1.0208969045974687,24.62079691091477
1070036927,1,197.5455530187133,0.3680857637297764,0.2621177742384941,1.227033248495525,24.762507913844058
1070310585,2,200.61651332799454,0.36602972889335733,0.2752575722443356,1.0068899046430813,22.143577137687636
1070320227,4,273.60533427893705,0.3900227504724708,0.27623086201607777,1.011760763081807,23.97785570434217
1070754450,3,217.00959638069423,0.3687008005884178,0.20914410703860475,0.9612165108264721,14.622424343145962
1071227644,0,214.43768482126274,0.3767223069202868,0.19718006314478853,1.1311940767940827,18.380541709797328
1071356842,1,95.40422543522837,0.35232543037553915,0.19990654205857128,1.0712394511670886,15.209843858510762
1071493956,4,-9.002608789425153,0.44532831441571796,0.3115988983933858,0.9152119394715205,23.895084585629974
1071638401,4,242.42509209268692,0.3854130461590324,0.14432149254675167,1.1534044229993403,16.612842345980255
1071860128,1,-44.19852221258455,0.38608206702636017,0.24732225428910587,0.9896493959817803,13.50181133206356
1071877788,1,-9.537959525183823,0.3625173856977077,0.2815171122801117,0.9646361158864217,18.584511330516257
1071999103,3,121.71144942996027,0.4029788156362115,0.18736275848188133,1.0746252423634657,18.089065724480697
1072790069,0,28.46394053808848,0.306981392823471,0.2292106179670354,1.2902519282659692,18.310764299296657
1073329534,3,145.1297865808908,0.36569686700604004,0.25504326296584945,1.1144082866789053,24.360188043290393
1073330794,4,84.74656882984465,0.3514139075421881,0.2758577091345446,1.1789572223303006,18.938657175353768
1073733808,4,55.905159610611435,0.35312425971366573,0.18435504112387788,1.0402142216994341,12.927689235819201
1074067336,2,-45.91379282941527,0.3912443704978523,0.2040622349411766,1.0539901485296914,13.761159034708697
1074560123,0,30.488627616192794,0.34696999327093675,0.31618991465617075,0.9834119973685065,19.730163235059504
1074625910,1,62.031873924238695,0.3228922218387395,0.3927923379932937,0.9563637092183047,19.016587855000225
1075276432,2,164.98777276237314,0.3788696254012593,0.2525507637194831,1.1105744159774693,20.69308407520402
1075404096,3,231.00636344883716,0.37943805433113276,0.26156627549186884,1.1813607682838219,22.625502108450164
1075461516,2,1.4324997750108253,0.3509665930877322,0.2674851820134718,1.0773462222979404,16.810034495187722
1075544965,4,222.35563098587036,0.3890783748778348,0.11766625470857145,1.1579262504117451,16.47419086135691
1075748489,1,112.33839137288226,0.34048158151049074,0.2520645028637728,1.1797940163728757,21.021135682927415
1075922952,1,162.7474720751573,0.3547589724830846,0.24668935949504342,1.057507202763622,16.86074215295612
1076149389,2,39.56757084330739,0.3738450827525619,0.1713006070571778,0.8681951082452684,12.404897836757646
1076285178,1,52.56488857798583,0.3711242701287635,0.37953660950919854,0.9220785216185796,21.504025224115946
1076325582,3,49.44815191555293,0.3783978273498052,0.1634696034517747,0.8702203812429087,10.185678002585348
1076737435,2,142.52223686313556,0.3236907227561935,0.245777175096682,1.308066958730525,18.03960016305867
1076766601,1,20.147734654917855,0.3459926545206797,0.2243480141184468,1.0697265968878131,13.112872721115606
1077387611,1,250.945954228943,0.3594398635698533,0.14646944779113408,1.258023421914309,19.67651074480789
1077715415,1,1.0119021204792062,0.3858668126738725,0.29300242118171776,0.9368003213494592,19.17878352640733
1077770059,4,180.00206771072126,0.3792871045881731,0.2419235841205141,1.0660607643435391,21.21414886177649
1077976008,0,49.17867450152018,0.3732068042471603,0.35815185417248696,0.9454274667961908,20.917904528988572
1078277401,4,101.35239949088421,0.33107322347413065,0.24776969929336143,1.2113561771542118,18.152124356092838
1078510278,3,39.41480948604644,0.362156281208831,0.17901834336932798,1.0614119911489386,11.232072660494042
1078694994,4,137.36118275525237,0.38514928392649445,0.22232080017216513,1.1815900945056073,16.441486782606532
1079075328,0,193.9163809484291,0.37607282802547437,0.16280334087245307,1.2180686186082645,21.324176305199707
1079079241,3,124.7243194971759,0.3642997342876299,0.2239244434072892,1.1001516173421024,19.799678328357462
1079236284,0,232.42630844608198,0.3483097222989583,0.25273384412520444,1.1162399588483607,16.737329512777144
1079254349,1,216.74394841238598,0.35634303164100906,0.2530621933164578,1.1818299796607692,16.428851648965733
1079860530,2,-39.476391564347225,0.3474397871317513,0.21342197571431482,1.0999488702885383,14.224728835324711
1080075202,1,-29.582582553539098,0.3814394691194151,0.31859534365985825,0.9135410342053433,20.125041993642213
1080185947,3,80.59976043220567,0.37634495125763157,0.23453640800462444,0.898137416364098,19.42482486165744
1080677483,2,122.79289457146187,0.3721127801641122,0.15627470462366239,1.0480147982547263,13.694247443834971
1080857742,1,171.8635784465484,0.39006512808932314,0.1953414883009214,1.151138672781869,19.175446762471097
1081105585,1,214.7232986457402,0.40640840101425096,0.20360690060463552,1.0784080254509292,22.769570222234766
1081227608,1,-20.21555202629544,0.3804155293219519,0.20629200650332066,0.8604055131144428,11.089490198750646
1081296468,3,-48.99465643229007,0.3687270555087573,0.25283792920522696,1.0680029357753251,19.93682182410725
1081913704,1,12.942347864877092,0.4117866096771395,0.18710183685745385,1.1766070880844741,19.060792877657583
1082020725,0,-8.529181268675117,0.41500427212711616,0.1715890763613671,1.1194740197126325,16.973746008805875
1082166960,2,-144.83556618482805,0.32385218967175183,0.10405668382893873,1.6468772277603092,18.160008907418618
1082266101,0,6.590144960630468,0.3583363594086722,0.2948212567801335,0.9829611853482604,19.248070692553625
1082761945,1,113.71227301476529,0.2824642867426787,0.2732078691950753,1.1673723218133931,16.14474053531973
1082852638,4,251.57636817198167,0.37684795422307504,0.24317580335526584,1.0191146854013133,23.07815461144083
1083086006,3,74.33272189821707,0.33870848676383924,0.2523242383252076,1.1206919362775434,23.969190589080945
1083192261,2,169.13718397261042,0.34537569939727314,0.19155583656715697,1.231322464958465,21.10976525732314
1083208752,3,177.0399953464207,0.3616704435806771,0.294384048811647,1.1942921098254957,25.86124324948316
1083322172,2,-16.661001618632767,0.3910233928428145,0.3524140990375738,0.8564623989645961,14.76191361515976
1083424600,1,-1.466447130155899,0.35551835765273443,0.20065246580448093,1.0811675557219085,11.314863754401134
1084524118,1,360.2283771606511,0.44570249646621646,0.3473660707991136,1.193152862321329,30.644140879191593
1084974257,3,77.95938210589699,0.3560491634424891,0.25548419905571074,1.0067464062695193,15.325205685298636
1085199184,0,104.06464024594342,0.33475982157769596,0.2596612559304337,1.1544700762349647,20.74462222977295
1085340471,4,218.66902522562975,0.3380493159168548,0.236416946733491,1.184510138692677,17.22731946727378
1085397410,3,149.38958302767662,0.34882654159289916,0.2786045211663055,1.19612229125849,24.144689399657533
1085462355,0,139.99551904735898,0.36300683428767544,0.220039557677358,1.117857447586176,21.681557002738344
1085625486,3,35.90684165250551,0.3821568505372457,0.2786259636578313,1.001145370864921,19.44341231504132
1085727848,4,99.50741057028628,0.38911355224723443,0.2125376299245678,1.0190653962542375,14.472228442352636
1085767747,0,149.30778687264785,0.38910554095681765,0.18333390351213763,1.1486687851410404,19.672779202352636
1086507513,3,169.34487832236425,0.36937574510449234,0.2677684167342662,0.9885565858964822,17.798117124882072
1086648178,2,173.70838275607053,0.38123884842425576,0.24664046541963291,1.1324563382237218,22.08431287230087
1086813009,4,105.97473405745163,0.36039022439185975,0.266671699643827,1.239144271766764,24.447475249401055
1087155239,3,-43.27732471339999,0.3506693887546893,0.2635808053116914,1.0133993353556832,21.592086111323457
1087298590,1,119.446576874773,0.36679082998032897,0.15710806109125325,1.0815875221868227,13.491897429589514
1087567752,1,162.06706305810718,0.372234570962241,0.21047941729951197,1.1770918933022894,18.447628508702834
1087727668,0,98.32302239056034,0.35004494792490126,0.23819495277961433,1.0862335134173693,16.0480532679113
1087863432,3,14.72402286909741,0.3627799751536734,0.21874044547563745,1.0109130429787143,16.03847268548563
1087874446,0,8.820426716734914,0.385039205130569,0.26427338022510216,0.8801846888004717,11.588209472186685
1088069103,1,2.343681121350727,0.35535716477616197,0.13615840792408115,1.3737556502896253,13.607333351384481
1088166568,2,-5.5411424831043234,0.3444606879393906,0.20636585153543138,1.0620397865847249,12.710732356368872
1089099608,0,79.22633636246633,0.35046968430282677,0.24558189864922156,1.093365055325657,19.813999335556833
1089343278,0,73.39163804323638,0.3783650981528559,0.15772987163468047,0.9409424089690486,11.414763820354985
1089446070,4,199.7344986682358,0.34280689986203916,0.2619809460256756,1.1053178416231302,16.90655344280483
1089600845,3,253.8933159532066,0.3817919223366109,0.287943432255803,1.083877630051005,23.761723276582277
1090041949,2,216.94278230138926,0.3939134222334111,0.23226260532408657,1.0170838076541797,18.879814393876394
1090062634,4,-28.47171168846134,0.33086489124347396,0.09170653435982187,1.5021916938243196,13.392582303378955
1090620461,1,243.1144507955834,0.3936156060871572,0.2872439143098812,1.130688635904159,23.44846242387959
1090704353,3,24.47322051877923,0.3216234022269699,0.22144526109565144,1.152656125993304,12.894240321592331
1090817229,3,217.66777130212083,0.36423122907342503,0.2758777972618152,1.1802376185722327,23.923567923560324
1091045706,2,76.77644477019444,0.3825001551967963,0.25581076518283064,1.034240161021606,21.41968529622592
1091424818,0,244.98800058456737,0.3641857145191611,0.22913193095927636,1.0691038307982657,18.583220293497977
1091676819,0,184.45864438416953,0.3765826404830643,0.20467267896107508,1.026892370686079,20.27331759353718
1091865104,2,206.9765045827596,0.36800381150844486,0.24636606417285167,1.1996323053711324,20.462195685359674
1092008018,2,253.05841107882634,0.36881743884944496,0.3143087814610524,1.044951805607266,21.5765206542748
1092288968,2,234.04263594406763,0.39133475977255683,0.2727453793974265,0.95586739359932,20.052066766929126
1092404802,3,63.1679868142955,0.32823753569075087,0.26777020516565203,1.1150947874073176,20.029513525885108
1092542084,3,316.0900041670535,0.38514029067214667,0.20824019644600275,1.232724040810539,24.30539920190378
1092567276,0,214.33999989669786,0.36838937056437626,0.24723556993725088,1.176305063526753,22.7569081035991
1092652620,4,135.67747175546825,0.4115670661613364,0.1506015338504364,1.0173607489126886,10.299408056286092
1092863578,3,-49.950248806638115,0.4010265993798481,0.29738245813269837,0.863200791240783,16.889463252909685
1093111808,0,101.47004882350521,0.40032264573871146,0.26742818213353264,1.0151465948111438,22.530071851542992
1093119609,1,149.83532827544678,0.36663489117328374,0.20864193456635574,1.1985379080812895,18.117742564226855
1093757238,4,101.59963312219828,0.3597567508680154,0.23365220898415356,1.1411200023675778,20.032049807290075
1093999589,2,48.62827555241221,0.37339998383406103,0.26865881826019933,0.9203572613327423,15.547950074394365
1094849192,2,276.4969332960181,0.39205645589533433,0.2127102101049953,1.0932145614171451,20.847016446989613
1095118388,1,117.25181821914146,0.364492606967347,0.2932984141690608,1.0990531956794838,21.33974175425905
1096169476,4,40.46616339291976,0.3723498391407553,0.3602770687629139,0.9070774272635072,21.153714520982163
1096482563,4,91.92198260673183,0.34708033266877003,0.21725334631679932,1.041582328921246,17.798361969854533
1097037876,3,235.33255332756977,0.3678846238094488,0.2834371777482618,1.1724736495805164,23.590814706321446
1097383443,2,211.2303521648784,0.3584760434598383,0.2880849616141451,1.1893713079795816,22.42356530172073
1097591808,0,94.56001659463311,0.39618735763134805,0.34567236334799056,0.869470559009823,27.24453393657344
1098253429,1,55.059571048196425,0.39306729934784146,0.2063044623633139,1.013433397676033,24.306352077498158
1098329316,1,46.75022283741184,0.3484277427460723,0.2663157154556176,1.0055791645997683,15.141818792187665
1098458595,4,109.8827000679564,0.36326645671196134,0.24411187657164896,1.215533629771134,21.95441714566092
1098493024,1,23.888572858025512,0.36439299599972547,0.2438409482395904,1.0198505675094902,17.768694938830812
1098503912,1,120.0638311058954,0.3588896711283506,0.315198214723226,1.0630133572642149,19.283728301950738
1099489498,1,79.73472613021607,0.3781475999522706,0.17952260019485322,0.9950873072541648,11.181275782181537
1099529039,3,147.42368733830466,0.3517863125044936,0.23302921946607638,1.0293936117910796,16.190261819059884
1099611212,3,31.095900211469896,0.3767773401351979,0.22822216414594304,0.8504833461078868,15.757058609465313
1099687723,0,169.49667531222542,0.3441553679632783,0.2804499748515569,1.191525832800275,20.188580427847935
1100016656,0,-23.14183599405324,0.3783724878166542,0.23787977268840063,1.1128787780268206,20.257787762594514
1100237859,2,38.114800482609944,0.3340973341267181,0.16949593490146608,1.1106837652469554,13.613605098435084
1100342042,2,210.52249886232477,0.3953719346349163,0.26873488430324693,0.9500529964246349,18.592765713737748
1100790418,4,203.66744024020298,0.3709491312101081,0.20686390779812333,1.153383507134864,19.38448527681979
1100941404,0,315.8944862896199,0.37268126031498977,0.2574420445483927,1.173513924135003,22.173979179708134
1101351580,3,264.6200411324222,0.39943918439740955,0.2850433012433533,0.9933478432691917,22.241221536364815
1101626993,1,140.0635781765295,0.3848732310144102,0.2280008559654356,1.2729839393324491,21.69221543342825
1101869163,1,7.978823245189517,0.3518970592091993,0.22212214166143224,1.0825718634934385,11.717901694796506
1102089845,2,-43.64593860081452,0.35780196489245514,0.22442424160054192,1.0289052703312045,12.607179791578833
1102195850,4,45.02663394346348,0.3448207536678378,0.2901334713888577,1.0276094128382456,20.478913726708438
1102959825,4,362.75645748734473,0.42882321271936297,0.23754642853338026,1.082018665275478,22.712558312047374
1103272237,4,101.17419120007396,0.3329659313324066,0.26440484625882005,1.217471768874111,20.90303513563816
1103276909,0,-3.6647797565284037,0.3305000001688522,0.10243652794014971,1.3832603341998662,15.235459341522397
1103729487,0,301.60483094930345,0.4050306623491024,0.16309126993921463,1.0681459636705994,18.842921378227267
1104001182,1,154.63019500795724,0.342924626714679,0.3089198771646627,1.141682070701407,18.812410395957766
1104150399,1,155.9138548204489,0.40915486087745506,0.29828195345297126,0.8956044488836602,22.51001094663659
1104675070,4,186.16908854269735,0.37497950625861337,0.21503864964342984,1.080543201939712,17.720620790932188
1104783164,2,142.36107226003094,0.38561445016820883,0.2548889764633248,1.0752611374637537,20.80556455542942
1104839860,0,202.59228304172663,0.36533654672187715,0.24219741381067733,1.1884870431864591,22.551903058021033
1105092944,0,230.42424092509287,0.3507196770769834,0.2235382820898985,1.1074698956875662,19.609886510358983
1105455152,1,6.672647134845775,0.32208361448938727,0.21719938351282536,1.096293242259607,15.565918757906884
1105607471,2,-20.53607321727307,0.3287941249780356,0.24486004267642741,1.093628233624929,19.122091314995615
1105655721,1,257.33509554306966,0.3726388952576716,0.20588303459309484,1.1937655995557448,22.726121842201575
1105688396,1,45.97679394194758,0.3521801040726966,0.15872183863417455,1.483143589617334,18.230030677948427
1106240394,4,152.75223378927785,0.33709389200440454,0.22346417399562485,1.1517176252074046,17.382524523370044
1106363407,1,172.31914105868532,0.36416773005156416,0.18174594686523432,1.033487279029901,14.091269795431565
1106578418,0,134.7018752739621,0.33971605744293193,0.23059591741826813,1.1670217558093716,18.191686875782555
1106718991,2,142.9748894229441,0.3690980343615005,0.2783791135222339,1.1873164298291385,23.798564007111285
1106744054,1,-22.203198994331984,0.3854766434295493,0.1855002285220813,1.1004135312281083,13.274699218640402
1106849268,0,222.6448228951587,0.37824511688427537,0.1653529852412231,1.1113848006051583,17.646357799228195
1108103978,0,18.26768200947079,0.3841886682631311,0.21959548310353505,0.946188402863643,11.573399940596826
1108143190,2,324.66928986355344,0.4491937109561929,0.30755702580469446,0.9616301287501334,20.492709773192637
1108204726,2,12.770733268498546,0.3730695531198349,0.2229033381409311,1.1123655093828544,15.995779475941792
1108782775,1,30.35970014127909,0.3398170421592178,0.2551720092241971,1.1282989377693724,18.77613783326191
1108992243,3,56.17250302355351,0.37308542988027843,0.1904813717464645,0.9859206744518012,12.995645744800623
1109762567,0,185.00238171468368,0.36115347391338465,0.21123205520492025,1.1898193171520197,20.13764702687388
1109873532,3,91.3209099528765,0.3341091409469405,0.2341676521379722,1.170389527602835,23.285332729850502
1110214736,2,137.95927823759712,0.3669395547867288,0.2178576783569841,1.0842096213213492,20.655055540153707
1110372599,3,77.31115083195905,0.353674896749886,0.26737906988297183,1.1306582979459825,20.218827561123945
1110669170,4,207.7932625780412,0.3830204948176416,0.201434444152069,1.106629724299012,17.59178884026623
1110735297,2,-73.75234235205436,0.3330309812738852,0.0961455691922257,1.4098038932352581,12.170827054141808
1110869363,4,165.41145438397683,0.36777308286320526,0.23832184458306052,1.1669437954996913,19.820437389878133
1110958155,2,167.82322127626134,0.3687653676246862,0.26153666807901127,0.9663298733316096,19.123408954859862
1111539989,2,73.15326937360183,0.36593313710981373,0.2457730960688363,1.1171064546633789,22.47210347718509
1112220366,0,93.64727082041821,0.3584214310097525,0.12644027138645564,1.2525200097972524,14.111279904872143
1112287021,2,178.82339127022433,0.36630028673015025,0.26130157747644733,1.2495163068980017,22.067302225224676
1112294940,2,117.34077204100069,0.3685260479960242,0.13465012579984967,1.4705517008169364,18.781678359640356
1112362061,1,51.31550445381795,0.3879017283953179,0.3289556607046787,1.0014749299445067,29.557780104448504
1112494306,4,100.99933800444299,0.360276176199118,0.20255406355296832,0.9763555267069884,13.632789379473646
1112748716,3,156.23628793687735,0.35878352468841984,0.2208303610149981,1.2417421228903338,21.217091451289626
1112902230,4,43.93065344028832,0.3216256574020635,0.23959294732449007,1.096047305818723,15.79988349851194
1113081697,1,31.363805672266153,0.37184812880960666,0.27555056063602135,0.9833825652213731,20.559401825821336
1113417814,3,-10.09085138175682,0.36737196769767005,0.20357035118336994,1.1207473177611842,18.75563574476569
1113818194,3,266.14660232235303,0.38211135861345286,0.21960880899247082,0.9563408871667725,13.844537683915492
1114103605,4,236.60093157540638,0.39862877596362095,0.19448072142300354,1.034558783384734,12.798539591527504
1114394646,0,51.53512604306827,0.45861294436475597,0.2743999350905235,1.121258884987662,21.482359681642667
1114536999,0,76.23768792590681,0.3198369858143112,0.23704423727846133,1.2103676298289059,24.230527255283757
1115041145,2,157.6643273229535,0.3855124563441249,0.20937681356583343,1.0554707012902405,19.062874128073343
1115283771,3,62.28344483295567,0.3860987316455486,0.18248262571988288,1.2179110685593626,19.84588775416775
1115535876,3,3.503973844878999,0.3967696201062253,0.40192122418650533,0.9186264774136431,14.279353151513108
1116045273,2,55.976790739780434,0.3518752097630353,0.17507766108678427,1.1315844537217212,13.220440027187031
1116077459,4,221.60697562993403,0.41829885697237823,0.19450486701922665,0.95264680979293,13.24683585295809
1116322713,3,54.92765122993678,0.3736411858689857,0.19633396807845402,0.9174237440054868,18.34980398380173
1116382939,2,61.8864353225504,0.4130311276243204,0.2696905019298111,0.8807864966756822,13.262175503817375
1116523292,2,-4.628797623633133,0.3532081051136417,0.20483938272461094,1.104615346335103,11.984318613492562
1116545880,3,19.993517960927164,0.3451115584963373,0.17896372414094489,1.2418953049770365,17.411861832896342
1116644924,0,218.92852171747114,0.36591696305044075,0.22750053159256864,0.9882408938705043,16.185296345354697
1117693803,3,175.55981000545262,0.3462163164079372,0.25007506030163906,1.0904103919311474,22.858823960123466
1118322325,1,47.61915803316789,0.3291895826446144,0.2809849528340039,1.0611940285805073,19.097846521633272
1119425310,2,-67.08423022922493,0.41043564546900024,0.21566402561081294,0.950506293641977,14.102117292396784
1120266201,4,187.68321679048313,0.4098786745495692,0.2555620032411881,0.986942530402744,22.352164542261534
1120810907,0,45.6527392534959,0.3182160966495236,0.3818264614632896,1.0125074766519082,19.060342328228934
1120932055,3,281.6397572143534,0.3830084279145526,0.22558957179160988,1.1009346311367276,20.304962647132218
1121030015,4,-35.3804253259149,0.45598566867160706,0.19842592751196902,1.1511530547883353,21.90327698281343
1121099554,0,59.4987488035329,0.37122372392311964,0.2902868606970318,1.0204962979134382,20.25291952295487
1121162795,1,183.96835072428738,0.3470121744568512,0.13024535211637517,1.0077574458648184,13.212206708986207
1121663416,3,113.17362623759956,0.376049180726652,0.23013533995557536,1.0629124848525047,21.827027050531964
1121754299,0,195.46155314204947,0.3608364698764709,0.21748510859119172,1.067438471825795,17.260991288270276
1121884614,0,92.5099266935967,0.3485195475478576,0.30981754759158886,1.0699571546844733,23.564363125290324
1122012910,4,43.73161249966184,0.3394412329942782,0.19426422019703768,1.119500420823298,11.940364697057689
1122196297,2,185.1240533879532,0.34375498146220484,0.29695891679357156,1.1530122371891998,25.878298911759522
1122498895,2,17.711850713424255,0.36221218532166305,0.29643345934294374,0.962527792785578,20.51244317122721
1122802098,0,28.729621702402135,0.3615235912708137,0.34306850323525323,0.9654552154444801,20.299818307791984
1123352348,3,187.19299895832143,0.34037679405106824,0.2675184087076816,1.2491849210348849,22.0690695111154
1123567256,3,-34.81358862681992,0.38090600172131456,0.3504000287605595,0.8998146940967351,17.900257918999674
1123597680,1,137.6235673088511,0.34829696328867243,0.2153741430024632,1.2044692214363897,17.7058223329901
1123733382,4,16.20672224584912,0.33608355273617363,0.21031741395157338,1.3430460745525004,18.214723394561005
1124160654,4,79.88516371280288,0.3696408600431731,0.18424737727138904,0.7193505072938514,12.29144001191343
1124320017,4,251.3443521782527,0.3458159989765346,0.270442262098193,1.0840088483835197,15.506686255779476
1125785790,2,4.957917396852224,0.34355425305562076,0.2583857565296902,1.065389371187331,17.110369191576996
1125984046,2,271.2287121007047,0.368790799972603,0.3182004763742783,1.1883550956919755,21.602394309790924
1126266523,0,31.276860002583085,0.3468003050929228,0.32180772766222615,1.0278591314212533,18.94779403415148
1126464769,1,32.80010672596718,0.34290901987470773,0.2201816398257048,1.1159246006239731,17.226091795236783
1126802641,3,-1.5589178754443367,0.3028280359137918,0.0627253522692642,1.5627710278177793,17.150621979621135
1127073632,0,42.29338652290072,0.3504121595769531,0.2755265098799484,1.057051638352304,23.801231052216202
1127321613,0,220.17506972900253,0.355075878511811,0.2477195840497766,1.1709597329083727,18.001776745171853
1127504526,2,24.42696903753371,0.32754069739513236,0.2564838271859403,1.0973557688383606,19.126822004250297
1128237994,4,90.38524709996314,0.399574077921238,0.21136105992520882,1.3239124101793405,22.013376171392196
1128593254,2,156.2139171062534,0.34898958160351035,0.2840080314777252,1.0403701705916728,20.842380193234717
1128659903,4,283.8710843272168,0.3665481943958081,0.25009908955824445,1.0037633796329244,17.742171496874914
1128762246,0,225.0747551200679,0.3747468469071267,0.21798652223556678,1.0409373175147891,15.975814719455068
1129166454,4,43.603005910099064,0.35651468542027415,0.3081972415051498,1.034779637015802,25.551288846162315
1129389664,0,246.7146881485844,0.3926233469657571,0.2179722460303022,1.0874822518828826,22.398177466674777
1129473304,1,26.237450098369322,0.3430680137891207,0.28785977897404624,1.0277076314959555,19.601318052875612
1129746387,3,95.73890213920347,0.3523749464231802,0.26761803501307413,1.0202469913408536,21.097930635225605
1130000577,4,277.4741828562064,0.3674464576998286,0.2728475179496555,1.0041391523520626,17.189970235430113
1130043437,2,31.24662546386945,0.35079944490892906,0.4053452553742225,0.8990659451089822,20.556513349697354
1130524840,1,180.07081518062088,0.3409074641466294,0.2615788744035384,1.0988022771990191,16.692623264777495
1130989297,3,132.11090115840258,0.3723010988824101,0.21825550296282006,1.0817422066895614,24.265501621430722
1131052008,3,-28.14224135253515,0.3999294657644502,0.25789901652256303,0.8451033907847202,12.000019494456271
1131219961,0,137.72811557332028,0.3266879368517456,0.22775339090732752,1.2124106326811865,18.335345689412605
1131234083,4,383.49797295350675,0.43018761454831533,0.2212341250956288,1.050345733972997,22.50168006409465
1131649373,1,14.322767081524589,0.333383665101782,0.26881190387204723,1.084917659930136,19.757494169374837
1131929043,1,151.57842872677045,0.3519764605212041,0.3286554220160353,0.9920677966148133,21.70334362307287
1132377613,0,234.7304259599906,0.3685194106209262,0.2784263429267892,1.0775078852630746,16.503789398747003
1132744464,2,89.76645352470567,0.36806364724208734,0.3041622364850012,1.0574755289174265,27.692418791156
1132763612,2,65.65551746604652,0.386715055534628,0.27392905468152834,1.0341104352221258,23.650636228829676
1132889582,0,130.5417409055945,0.35157064747136424,0.27657833956004146,1.1414527580903067,25.424917912808517
1132923909,0,36.355167564879224,0.35068349907446034,0.2932645803991943,1.0693884262385214,20.761238314152497
1133044696,2,0.38734934152932965,0.36941272552045445,0.2813986389692448,0.964828402397804,20.344141560651426
1133390257,4,236.55612795145,0.37352539027466325,0.22689415346460584,1.2179267415670727,21.197153857312735
1133455490,2,57.63088884367487,0.36345043627660834,0.33768629607952416,1.0525269417827028,22.392411058198963
1133460389,2,-20.286237054705794,0.3623704700844099,0.27633673531645464,1.0424234103831576,15.409760295422371
1133515947,0,192.57469928796093,0.33307482416837797,0.26460860816883186,1.1604275380857982,17.736286454784675
1133631248,2,-6.65694803199996,0.3489449920233828,0.17319358100164953,1.1005288941236613,12.02694551666954
1134375146,4,224.57153384788774,0.33124224372095223,0.25179826154265705,1.2119207651201471,21.954298272156688
1134601529,2,-110.8437143397873,0.3269364325712892,0.08004134785404635,1.4564185539373504,13.84108796030048
1134713599,3,197.70651950702256,0.3258470189018411,0.2262123116080545,1.1585814053693366,20.126429901748587
1134997266,1,118.12856387937651,0.4038637191823674,0.2260421814464353,1.0848253429457202,20.996777579250516
1135072955,2,235.61654001722542,0.38208172630437964,0.2382028284237433,1.1975056438210874,21.268972924269253
1135542546,3,201.04694364533373,0.35747240828869015,0.28220109405339966,0.9992403698391891,25.271744921729788
1135550271,4,154.47797245191532,0.3739229264743826,0.2148965517915336,1.257059429112374,21.874418067772687
1135788027,0,79.47353557324467,0.3382405413272528,0.17316620532589228,1.1124197786956005,12.982134659253182
1135838417,0,197.44602475174784,0.34183618512820163,0.2637309234666311,1.3399715708484148,26.353661284538433
1136024156,0,14.120438816023096,0.3491905881380583,0.27007392475438574,1.1127218475559926,17.089886885735552
1137226558,3,33.829823656257915,0.35199005247721166,0.20763648073476226,1.0446665304827358,11.224949946873881
1137323137,3,32.36581407243416,0.3533239270098921,0.20145497852441738,1.0778530798440222,15.0608646118378
1137418125,0,0.46843142096469137,0.379999240343772,0.20012519874235538,0.9684877270962642,14.503263578783159
1137724791,2,35.17422383049617,0.35265671960209516,0.18171796523386985,1.1150751760441595,13.187550566178079
1138085523,2,131.6385955880289,0.3599511142607265,0.2745009814769319,1.1822298892890186,24.494845025574115
1138097304,1,23.319960491499955,0.40895497118075824,0.3448876304958267,0.8554706008095295,11.96115997747608
1138111441,3,160.7935486066383,0.3997818517396007,0.19272397928666565,0.9725881537184728,14.594503427610345
1138356248,1,165.98983215642573,0.35602845281776546,0.2619129962224,1.0063801336705924,18.080534642704194
1139097399,0,142.60381371311928,0.3747201993316114,0.28437378661505713,1.048805410325282,20.749023076394337
1139542368,1,210.99589503511194,0.35369021632754805,0.2688521717798261,1.1443082032825298,22.836373765360747
1139696241,3,220.47389434695083,0.3713764634472027,0.25538139428065754,0.9458686866337918,16.462125767055696
1139986817,0,43.8661230140289,0.3518193898248345,0.21140815876885832,1.1015685535736168,23.58402071929314
1140194913,2,-26.634888767046903,0.422169051420544,0.27110152181082686,0.9576506287010134,22.181753036688942
1140956631,0,54.81351851291325,0.3472656514802167,0.21193409573246816,1.1155921293194757,16.77462414501001
1141098203,3,82.83108452812655,0.3635530414060413,0.170311864326666,0.9516120557571852,12.006338757079334
1141104268,4,44.743375907835265,0.3388355207022954,0.2930507025641422,0.9877532109733769,20.35053201641589
1141363047,0,53.16906355973411,0.368405886910824,0.34526509717796916,1.0562857724021386,22.033646291677577
1141791290,2,267.43670671953345,0.3593663345204718,0.23139252152675044,1.1867045967624386,21.16681989915743
1142382691,3,171.64981347173344,0.3634640040577939,0.17880629413158228,1.2529122358170057,25.191139687209944
1142386049,4,144.34342377269093,0.3805149812740095,0.12944238242747208,1.1996162533266181,16.159069593022863
1142561667,1,111.95067114441713,0.3727763163529744,0.16742301673886853,1.24366335278136,12.225842905979285
1142759458,1,196.70616469301507,0.39030267216119396,0.15952350275919425,1.072751582566998,16.263713833060294
1142909412,4,254.882181953224,0.3917396290543295,0.26392235297055516,1.1079332283462968,19.438274142254464
1143081598,4,-52.17033104346123,0.35208358598307027,0.19704900693622615,1.1229158481361228,15.243960394153923
1143098154,4,121.79946187956584,0.38110223085520306,0.2428754650397064,1.1233069590096532,19.040528698974338
1143195068,2,124.73144089220617,0.3801316582424696,0.29367749207262894,1.104678767837071,18.842687592492165
1143212466,0,21.35856558382882,0.35381464294051396,0.2407103915167368,1.0149959650111873,16.676768983418448
1143308077,3,5.416227623373928,0.32995537916926776,0.24032910523169182,1.3082996699660567,19.43763107054391
1143554851,1,-53.39308607643272,0.3124503420946971,0.12090094756040981,1.4863866732906408,13.403188113139441
1143744739,1,218.82262348322115,0.3434035687458126,0.3028281827986774,1.1861476323274274,21.019484776646035
1144028367,1,137.45749477280407,0.33976077470131183,0.26311144817662085,1.0419008014474485,19.69738326815369
1144294791,3,117.70703752069107,0.34174616981062544,0.17378500875513275,1.365905669298599,22.58203045581989
1144375159,3,35.505060165468244,0.42983057492374244,0.32496598260283405,0.9600375490023636,19.123458949015344
1144377193,4,270.05047343258315,0.35775041961810106,0.30374684802711954,1.1507117686509873,23.710856884378867
1144496929,3,-19.368232729702115,0.3621651121781378,0.23733308760395638,0.9970512820723851,17.585271220545266
1144952297,2,140.39912456899134,0.373722149018407,0.2839759076283872,1.1710986994711128,24.00190508809819
1145064910,0,236.25768004514038,0.37495187380099954,0.22096181094853745,1.0003925871632315,15.330393953200693
1145617844,3,97.5513724257169,0.370012195183676,0.23071148713046846,0.9191893137075665,14.795386971775237
1145796233,3,168.29653425009073,0.338683709974585,0.254978166065381,1.2528534962980702,21.296065412733267
1146375572,0,18.651050625309892,0.3522493410661096,0.17603847371423637,1.0968819114385069,11.49036816516345
1146618065,0,32.22973514787079,0.35298010178411976,0.2646076048001665,1.070764920508822,17.90869256484128
1146876238,0,136.01161667318402,0.34930852717228,0.2576917102617186,1.172396616177472,16.97278738323782
1146896045,4,74.9718355051297,0.32253454335051335,0.2672202825261925,1.1474951999724847,21.296359098461693
1147140569,4,123.13276926242636,0.36727979065049504,0.22710863451973815,1.243363345550245,23.024700600947646
1147168409,2,49.296986409332085,0.3409470498213816,0.2942809982226728,0.9968367718061619,20.343185505680157
1148404116,0,237.25482113766628,0.3928427420532045,0.13138185295364194,1.5167419376394176,25.108614732006696
1148596222,3,57.898919334385305,0.33254922559249106,0.18456794739295249,1.136335848272666,12.81651670261697
1148927533,3,78.81788151912062,0.34129818981241045,0.24923897563568173,1.1337314570132284,21.464330250402263
1148967455,0,219.26930112649774,0.3536160123604815,0.23266540238007247,1.1008377005258039,16.101084616760495
1149199303,4,55.31109422840842,0.3305556290619521,0.17584260387822065,0.9711663239799738,13.842704919469584
1149265769,0,92.29868411273621,0.3204491688520041,0.24596013089586535,1.1549920162128198,17.297892119082228
1150009994,1,67.45406423694763,0.34020615140901245,0.16766528673128622,0.9749604244508951,11.503006451690123
1150049230,3,193.14734794649613,0.3688085875545931,0.26260218166329646,1.1103766695222517,23.299233783105915
1150090312,2,301.14877298852366,0.37769875989352547,0.3166930314322562,1.1971898971339878,23.26623973052177
1150209468,0,37.589320848165826,0.40074022892208017,0.3156282728641527,0.8455784480961731,22.031364330259027
1150286039,1,210.51374023992298,0.36738388457952026,0.1760528832873267,1.028904752784771,13.684734533228072
1150417190,1,245.31412293741874,0.40936622097852066,0.2525487081954006,1.1283544407997277,24.00655940211108
1150491517,1,176.40439815647136,0.37473388230811683,0.2264606480428175,1.1417137363438843,19.56333956279092
1150533909,1,-82.7799017943893,0.3559738587121492,0.10879198029327086,1.4802620866767233,15.452371029452266
1150855035,1,36.57260228985106,0.3621407120790877,0.21973425107938166,1.011367686139103,11.403970642724463
1150964358,1,170.40015099183222,0.3596144274701231,0.2153477087793989,1.0425260039431288,15.314061618180178
1151260550,0,237.36709041620833,0.38376442273802513,0.2631841522879682,1.2390455750906517,23.07958452403136
1151287804,1,288.7273786850664,0.40249412903330223,0.2867625329104719,1.0531585103622305,25.456643283244716
1151566525,1,122.71572369995657,0.36646838011638094,0.19703261332702268,1.0792319668786827,16.586177901164397
1151772971,1,78.29437062598645,0.35039885522069497,0.2344446933945281,1.0267795028756583,20.17936707726558
1152245354,3,100.69607599939224,0.3657640547036093,0.2678873260670187,0.9449285411461847,17.115558350283926
1152269820,3,255.5207000160445,0.3834425642077821,0.29747837677959105,1.1534421498402916,23.802896100411754
1152453728,0,178.4671576842323,0.365517900267949,0.304387711996038,1.1176529854488522,24.35606111493835
1152527958,2,59.54358887483927,0.36491511757266243,0.25394298415181243,1.0422121874164814,20.84740171040024
1153123442,1,303.0272459778952,0.4139088380604818,0.11279411355239793,1.0877208362467459,19.734309940342936
1153144775,3,211.7498895929605,0.34910083542908094,0.2392381420665867,1.1305166862917715,20.92264692593805
1153274738,4,255.86643811046756,0.371537647344078,0.23423033954423192,1.1320271812237557,20.230046743735247
1153424706,4,186.67427463881535,0.34053616438038337,0.17575763881525713,1.091256230518349,15.388862731076447
1153616490,4,205.0164926285505,0.36029162604951487,0.2355012600951884,1.0933080031266529,16.52235855874566
1153834877,0,20.52892757210296,0.3771868964268644,0.3862998355532412,0.9125998361137299,20.649088313001904
1153885240,2,38.12736078917042,0.34114443114103665,0.2805661319951722,1.05559711903707,21.25090370816893
1154018955,4,136.18019895830153,0.3833738264064439,0.16633316677857343,1.0188356375885874,11.149139862452023
1154163429,2,157.6307495271755,0.374401556571273,0.2660032694579487,1.1520123905856137,22.139562375378222
1154938499,4,21.967689205712304,0.3513624394430001,0.2575733512331833,0.9414222067177785,14.877997847168213
1155135793,1,31.28894920459736,0.3694012755662997,0.24662000312482044,0.971236251336027,15.47765930386147
1155257724,2,137.88408255779734,0.35687273683074455,0.26560039288118775,1.0796054208207602,20.83876183716776
1155325628,0,-50.922386988603634,0.39772713426341766,0.40224509448926443,0.8995968410537725,21.397945904381196
1155566609,3,76.68909074378499,0.33917599782687474,0.2789877286262754,1.0593275820853385,19.381040623410097
1155913960,2,-0.21078439324068654,0.3543272709465718,0.2774320231910087,0.9673731095892453,18.029199722396584
1156088794,0,37.32098320098166,0.35286409212393705,0.21864601524671362,1.2224100203137607,18.626957472752963
1156094009,1,192.66803749108462,0.37981386045741566,0.234309358285244,0.9458595513529995,15.354219381012424
1156161130,0,220.34630766690765,0.3466725579594778,0.2324721725753612,1.1111669608966526,16.352588012145983
1156532186,1,79.658410456074,0.3852423179503364,0.19791759055118965,0.9314835965052,21.847792734599146
1156634940,3,214.90590609096455,0.3767530536655626,0.2199346958918749,1.0754494486376762,21.278008030383077
1156665768,1,146.70513418057863,0.3963034924778683,0.16021565483334838,1.1159709618750275,18.67549125748284
1156796148,4,205.83424935655933,0.36178186670060236,0.23720141604211908,1.0445759339580236,15.191549596326375
1156980921,0,45.799483630280655,0.37296544394389536,0.26731502140859414,1.0293376709606163,23.234411847234973
1157376824,1,61.335022865435434,0.3459139464170172,0.28715605263137906,1.1577844201563567,21.160928889226465
1157422620,4,98.18061885020703,0.35263951019008505,0.24574310557578827,1.152025695536778,19.861270438580775
1157657223,2,243.78895909338354,0.40603010101166304,0.33525699887131777,1.108893316441816,23.710435350144422
1158192712,3,-13.789868203230427,0.35011779657061826,0.19370918075900465,1.0982070191210398,14.774794202186929
1158201779,3,268.594747376155,0.36974375562464645,0.27980164641926314,1.1278567482568003,23.773080730604544
1158220592,1,67.02683496270542,0.3904663605877989,0.19280576077703163,0.931233603662948,12.504018429931026
1158703899,1,98.15386177950703,0.3384116526254036,0.22493263096189492,1.1935950352877467,16.304291558489425
1158783004,1,-7.898682026639193,0.2767064596419335,0.20103056578728967,1.2205224150944427,19.35340604942965
1158854097,0,-5.315737832378161,0.3733461674842379,0.3274909118937008,0.9432456592562577,19.98778468343788
1158896668,4,-40.43004740005151,0.30542883046454233,0.22412444030779102,1.213299141645386,20.781920893759082
1159125442,4,-28.305270496172852,0.3146823941468697,0.09217074496807928,1.4094704383194947,12.935294349632006
1159254929,1,165.72663417798884,0.34859814213141443,0.17411674073217007,1.1255981370390897,19.03281949128709
1159550508,3,27.946525061091407,0.34456318294806415,0.2707497705592882,1.063720849203732,21.577205446532517
1159696305,3,232.123700031756,0.36975218060235393,0.19760503562666334,1.1999236568085578,24.236491556942067
1159981352,3,137.5212342447988,0.37560976567326976,0.2655343042431477,1.0879277598996453,23.664292988772086
1160560393,3,73.64453229482781,0.34804034016478236,0.2672843377401851,1.127246394893501,21.126661491883418
1160783446,0,185.24656772428528,0.3503443842677451,0.20448205713406212,1.0669675482891512,13.35871219138515
1160809525,3,67.77779363938961,0.3814490254831088,0.17656540028235085,0.8472907940966435,10.588490663313925
1161122757,4,16.29434943759047,0.34957726470674466,0.26576857008198895,1.0566024902312459,15.85230838815161
1161267582,0,226.72541730054837,0.39154209315021593,0.19584373745440503,1.0560116890903488,16.84530051314981
1161429718,2,77.35245215498955,0.3641279587400765,0.267032801905266,0.9381704354923616,16.426586713251687
1161669930,4,111.95407419754594,0.4077985203695064,0.14590618528138374,0.8365058616768704,13.014394342002337
1161685710,3,191.49891067805652,0.35949061600185045,0.222576558727108,1.010704107501612,15.60366072785363
1161927023,0,182.8030308878437,0.362813917933122,0.22784049788300464,1.178015344713563,21.776733257436284
1162303824,2,189.55906236793555,0.35934568907158354,0.2969479439544799,1.192026971464733,24.016159555720503
1162525545,3,-17.19162124481619,0.4052193746029444,0.3706110224499079,0.8054115788944993,20.117998037179646
1162986011,0,54.823960331721075,0.36057285324942057,0.2800026663333327,1.0978762530920438,18.995822190882517
1163047718,2,207.226991819533,0.41337987364483386,0.21829791369156465,1.0457564502461199,19.899265392574577
1163052769,3,155.55323802831802,0.3744982436982034,0.21693792819067764,1.1679519245627445,22.617241901067544
1163216608,1,194.24420472186512,0.33892906157718605,0.2718520017805402,1.1797454600369168,20.339796885139492
1163273261,3,146.56204597968775,0.3495792639278868,0.24666971110286037,1.0385350190220044,17.97927890073741
1164865014,0,-18.86566132504899,0.37953331801056023,0.3486028036939761,0.9120860465449838,20.68415108138249
1164892547,2,211.7847689795141,0.3535763402514584,0.2832814347425619,1.204157452813791,23.10315101524824
1165921168,4,37.72947340397001,0.33730118447548163,0.18003788246708405,1.1284235023572098,12.113226026365702
1166008818,4,-21.538784422925076,0.3336008057403825,0.06009725891502424,1.7834774689554984,18.282319305893555
1166293848,3,37.49097009710613,0.3220802792659297,0.2696729226556282,1.039370952321026,17.579531168474514
1166324163,3,231.992222729366,0.37089225500161244,0.22281540774263525,1.1600814901929575,20.655743577577965
1166598350,0,191.73042431863672,0.33449542746844235,0.22194034396200232,1.1339002933821076,15.83024646299923
1166612863,4,209.7861955853087,0.3743802907194397,0.2766384649726483,1.1210245416189575,19.68582040152926
1166758072,2,66.56585823772687,0.38087727160505414,0.23576731568146955,1.0588172822347566,18.22212796632099
1167306747,4,52.30172915111247,0.39610410362854137,0.11140430384715239,1.1817241525631577,16.14216939436442
1167512472,1,-65.40056473205277,0.39268111385778953,0.24005222772538037,0.960791142576992,15.86551305694374
1168402050,4,79.18301864688567,0.3424044902254314,0.2650377893585713,1.148173842568535,22.669139346059076
1169343082,3,176.65334063103762,0.38391919139054115,0.23561470400384688,1.141385411200967,23.088777834224373
1169485252,1,105.80266081456337,0.3719990692225434,0.3112675390508253,1.1054850765488216,24.55524244634375
1169539258,1,126.50733569305085,0.259209242276024,0.16372593576603744,1.0760048658918488,14.12611740701439
1169677958,0,-34.73905388877671,0.37994098650440356,0.29635047651762036,0.9455249124929391,20.989824733323704
1169871864,3,111.36806664411023,0.32840022791324336,0.1801769159140686,1.1128670528735658,12.737171876881892
1169954236,0,217.8513705171029,0.39960831515440476,0.15000461483772715,1.0888624869184584,19.12296027825916
1170082688,1,22.48549224728903,0.388393179765855,0.37143063004998345,0.8968238670338998,19.783615952124087
1170368720,2,172.52222050077194,0.3387659646364088,0.26474150132621216,1.0886164667133293,21.021005916074536
1170403788,3,69.17739417783073,0.34713753481963006,0.2601936774259687,1.18593175028563,24.28864779166559
1170534949,3,257.62850607049984,0.4106673332760498,0.22296259564568832,0.8835081791010612,13.883885855431089
1171030201,1,219.92902186121643,0.37156515940929596,0.22020872036890332,1.0470218904515478,20.041563641736037
1171188982,1,208.62766063771016,0.3569433509429749,0.20633302484556507,1.0312845069204726,15.483472017633366
1171923773,2,101.23157909204087,0.3655006798535945,0.2786752958947469,0.9442546739685812,20.141623934936973
1171970548,4,170.27391585451525,0.3645080980002855,0.18178690029132505,1.2793654089675517,18.797773516297802
1173339618,3,87.5924079532625,0.2521172335557833,0.23552050438652505,1.1952539868472114,19.539017420731497
1173467294,3,34.79894593899804,0.35743295320786506,0.20608464547478247,1.1439185529550606,17.164760915829202
1173471549,4,-16.445639937648878,0.3310746714614646,0.12445501468137224,1.4975612513103131,12.79566653612952
1173729020,4,8.182777559109752,0.3723383913180019,0.18105750073244953,1.1650818624364971,18.58772905714939
1174292255,1,-58.923824862544905,0.37280778406306264,0.1123783809713117,1.4190578301791126,16.411978071315012
1174531602,4,191.3350421522885,0.345851860214651,0.2627602128585529,1.19727250086522,17.105857673870016
1174602411,0,124.78583294774035,0.3645672603275481,0.22702044766599544,1.0249012554686885,16.52514614240368
1175231244,2,-86.225364276761,0.329132379754463,0.13903425262044344,1.5580145000438632,21.11013352791522
1175281698,4,243.18186179646284,0.3769639720275036,0.2480937518424063,1.0307771134944606,22.641007066241364
1175337954,2,192.78311401660147,0.36605070622733815,0.2146356450306571,1.1710598264951746,18.403507500762924
1175753193,3,149.6494174017311,0.3598034486123354,0.26141035764128245,1.179357674131876,25.19293414057438
1175936826,1,177.75259281796204,0.35933708270965364,0.21450771705913724,1.188630722950077,17.17964858765354
1176059607,1,159.99733119169127,0.33071894766432636,0.26523503573991963,1.2918027460268793,19.59061064500069
1176518490,1,3.0522585942081832,0.4099632014732173,0.3134420358178373,0.8103558141723082,11.425964886712656
1177030933,4,57.4133768083562,0.3041377561098314,0.18315898746098866,1.1772880591388672,16.79287113194851
1177244369,4,86.46616915658154,0.34266168592263807,0.27742677903611224,1.0619191687476384,20.770211574546746
1177484221,4,243.22142409525966,0.3785101363918163,0.2927637954374272,1.2344585917180495,21.86942761296135
1177560732,4,46.74832837372475,0.3410656724136505,0.24840161355279425,1.1004081319605707,16.574711454572906
1177876091,3,235.44643172689567,0.3647202337837983,0.23378430587437232,1.1056730277271605,21.44309403126831
1178071397,1,160.4995224581382,0.37072499353078786,0.1695730669200492,1.0929524640846486,12.778390534499149
1178419855,0,259.38832079297936,0.3860593047756655,0.2160994681768068,1.0828556188896117,21.17485377167776
1178529764,2,45.980560216656,0.3649131448620146,0.3423082720974401,0.9307261218321011,21.079294069392734
1178789985,2,144.05605918047672,0.35205537698055206,0.27805372910976794,1.0936919237103329,22.974811221045783
1179116190,4,108.09366431555274,0.3805136187702652,0.1889827595176239,0.9350509922514925,11.755604576449613
1179190627,3,273.40793377976826,0.36161249371337506,0.22912775105930666,1.0620375861646631,17.39731646916032
1179272125,3,152.9170072035572,0.34644182865820206,0.18676536367440444,1.3117492247717895,22.81891790275232
1179363034,1,15.697079065655672,0.4207290534522818,0.2730506917103753,0.8946723135722422,13.985935093627848
1179731134,1,-44.83818556820228,0.35795378195255123,0.2748658601732896,0.9815177711721669,20.44814095481074
1179754286,3,-7.733627312349796,0.33177362341400896,0.21034728626526844,1.0880750784739424,15.20314775686081
1180333206,4,47.32806099638656,0.32608147729772763,0.27764517450714354,1.030698512307445,20.07823774459871
1180480883,3,166.6373465507361,0.3328533106923277,0.2235247610241651,1.194555097926417,22.022668030582757
1180503880,0,63.79220376210071,0.3581921033184433,0.3023861750040854,1.0395076969456,19.09498966685999
1180568340,0,177.47601340452297,0.3625922898236323,0.23143944203733408,1.0795263212793884,19.15883041210772
1180738924,3,60.458153287881665,0.36211849834394033,0.19844006224860491,1.098337730209903,17.333885496396675
1181185977,3,207.76633044620576,0.34796017464581,0.24951112384223018,1.0221971246654298,17.78405302378996
1181407570,2,245.58907076104344,0.3931415323560336,0.17353910904227982,1.1424473107817237,18.793083883733775
1181944068,4,128.1696325922626,0.37613586981578345,0.2712198282633825,1.056847334815087,21.082699322128324
1182108104,0,228.33566674904347,0.36935104237711125,0.17385168701699655,1.231786706781096,18.38861066567084
1182258858,4,160.3080213715356,0.2896026429258718,0.33090517806392444,1.1662869110176937,16.853597842963623
1182569183,4,65.25751168826434,0.3337162748797309,0.166449725812982,0.9451351323731085,13.507254494275333
1182679846,4,-73.28251820152329,0.36369124974674955,0.2613380507713337,0.9762415093639641,20.35610902546641
1182712915,2,131.45313099658404,0.3746663367838557,0.23095086274657206,1.156687121096438,16.618571185435854
1182822577,4,376.5428768237772,0.4278051903954469,0.3452800063879612,0.9635530381415487,24.57959394084063
1182969887,0,218.15860196671042,0.3597813324763683,0.268718730267272,1.222891084379671,20.917449021186034
1183558225,2,292.7054799145118,0.404900237767,0.3418594532788785,1.0891385571013552,22.278051060814136
1183565625,3,-59.09444908595145,0.39242799114945565,0.3327116735962238,0.8650291196646638,16.904256764592137
1183988874,4,132.37591897745745,0.35632360168452193,0.25009062506924445,1.1383509840576462,19.62824265243163
1184109682,2,49.897514198214324,0.34149218217855837,0.2043121459669858,1.0392811229526746,13.985528310789173
1184454690,2,6.744546402826259,0.33754364506228546,0.26453902020339226,1.0446419946140972,19.666660449486365
1184730423,2,175.42120300594436,0.39946222366141376,0.22713818511792466,1.000549288729143,20.761815847657658
1185510088,3,219.84669456394684,0.38268715033105655,0.21325732572145567,0.9350934908371669,14.77961384855725
1185605956,4,124.7258101900293,0.35190107677472326,0.28715980403527286,1.2556680854530344,23.43235635526695
1185913675,4,142.95073249931139,0.37230079423964785,0.2055668188008385,1.147786337576003,18.944612849533954
1186098894,4,192.47682277827755,0.3606540101759989,0.261226566612363,0.9776699778054061,14.797078197236669
1186143208,3,7.617547059486512,0.33681194960377675,0.26511367318910434,1.0509234462926167,21.089475988993044
1186744234,2,163.48206193028747,0.40717209767053897,0.3114206424508078,0.9583755353941756,24.572395792281952
1186809405,0,159.37838192567594,0.36173184632812044,0.23652032657297337,1.1458309563743132,17.03357894875213
1187123244,1,18.511748202837254,0.33046141813270147,0.2663155707772612,1.0324951844013035,18.609198741665097
1187202232,2,61.98694829413757,0.3530456647282374,0.18396232154034042,0.9801532629347138,13.485276725635257
1187350081,1,225.25712715722676,0.3640930052634336,0.288803920181047,1.1714307957804884,20.631375987760457
1188020715,1,33.96106788431696,0.3479046810751234,0.2838817759013542,1.0832622132880907,19.34895930632805
1188519956,0,48.364561133500416,0.3814316993517194,0.24339844870588317,0.8675921250563601,15.97549457873159
1188842959,2,18.41969723395492,0.3973324939409124,0.205938571696311,0.8778727782254362,13.529224054384443
1188921734,3,274.5123618278656,0.38751481121816944,0.23254849978677,1.1521138467910932,18.114123037880272
1189256579,0,65.85479668086775,0.3471887810623774,0.26710014434787827,1.1219157237326947,23.47508249039104
1189403071,0,95.36337663177576,0.352585085290416,0.26808818528802164,1.069516058176909,15.623507419727455
1189744629,4,74.65083022219511,0.3361614195634788,0.2316566070717193,1.1448224964109688,18.60653172020562
1190275023,4,92.36357395758075,0.3417777507149714,0.25022544200039765,1.2174751905130143,22.082167096297187
1190316839,1,40.448412969684874,0.3373355668884952,0.22753928333164727,1.1366620525745355,20.089331793084384
1190678672,3,40.208270128521534,0.42023812881639455,0.1838491100864766,0.8320439306270269,12.276911277797081
1190710133,4,203.15649515718127,0.34439315428530853,0.3415301031275673,1.1080797973194279,21.621835869223666
1190953274,3,76.07196155555827,0.36756320245537305,0.25977117352390877,1.0791147615608734,22.418071882380637
1191042202,2,8.251342358588872,0.35140799443430426,0.19867553685666173,1.1231410320623234,12.331108054364233
1191663733,2,160.6235748843335,0.3961694986590052,0.2334034434577719,1.0324998388383642,19.286144720935084
1191731244,3,-4.992073667372267,0.3808638255404767,0.20006553283427014,1.1224560183525885,15.711124749068714
1191831125,0,41.42657090189311,0.37643555213623775,0.1999318231824035,0.9722495475947432,11.693969096884171
1192232068,4,284.84070359864444,0.39439902178204667,0.29034297435724093,1.1367135105065185,21.637442899954944
1192456163,2,101.24808484047043,0.36236409278126147,0.20521601786772356,0.9731513095504711,12.369989016049766
1192553911,3,410.6376587917912,0.432614929644861,0.21887946264962782,1.183671722935781,24.22174069465313
1192592037,1,169.3790692011289,0.3585083319543428,0.25382511440301114,1.1280322305456791,21.396036948504346
1192958446,0,138.40154055644572,0.36513877423856217,0.17792016866513127,1.198149910583968,18.984569379197442
1193670213,3,22.176376588700307,0.3926613346038469,0.2250317386879677,0.9348553574171695,17.237221970509033
1193720815,2,60.156605759040694,0.3899624989507201,0.1938308290617768,0.8635894842524696,13.474657328327654
1193815432,4,250.5634335541121,0.33922722744457334,0.2738506694113828,1.0788514208377835,17.678706718860106
1193899229,4,196.92243712933754,0.4153846446423325,0.21966703249654815,1.1233074678687722,16.174330118651145
1194500574,1,174.20820172903788,0.38382105131304534,0.19530957793446016,0.9161108086427141,12.630147287547834
1194503224,3,21.997748390743382,0.35999677320527584,0.20481106878403182,1.047018068644149,12.67896578595273
1195238736,0,227.60354270011356,0.38639165512892565,0.23790589280835187,1.0247811669940508,14.226963131896444
1195485493,1,151.0307234089242,0.36425590308153666,0.16914981106442945,1.1428666936704504,15.488328210614048
1196350517,4,105.73559131742934,0.3685514648098461,0.16373832432463142,0.9977858740730413,12.618355542740673
1197069937,2,-15.430186524028457,0.3827832807444323,0.2156184860542802,1.196109529216356,22.78044401967555
1197104268,1,10.32794451102265,0.40567094667510833,0.23982139678805853,0.8551507178744159,16.62274236244027
1197180422,2,-29.612725853417288,0.34407157070808225,0.24949522837651736,1.0379970255462247,19.928556276043075
1197310078,0,58.52573962223162,0.3909164869001979,0.2407760841845171,1.012481068335464,14.042460636238891
1198345617,4,125.4340345460544,0.3631435688182303,0.16910200649282625,1.2427967923352985,15.56161516276703
1199431647,3,161.78787994832328,0.36028179843396835,0.3114026898080043,1.2158707054353908,27.08667211427812
1199538165,2,249.61527295978823,0.3764456568005709,0.2879155368045557,1.0072897470421178,19.24215421371255
1199796903,4,5.261741752295649,0.36066077297467364,0.2904334292478411,0.961979246554474,19.88052962054057
1200344407,2,182.09801646425817,0.3585256420174054,0.26297233637878287,0.9850165348208373,21.624886115845747
1200465842,0,200.04454500714428,0.37806971582435767,0.19052990741375694,1.1319245912737361,21.144922376084892
1200924510,2,156.5031636043622,0.370125205277128,0.212473516788309,1.223445342520622,20.68353912545591
1201052937,2,18.55609049812209,0.3404968980027685,0.27097290467141727,1.041993914134616,19.825914637755382
1201572278,0,73.31142409636192,0.4186799607663287,0.3087422487149834,1.0512704796772325,21.98077034893395
1201617221,3,124.71044215409917,0.49615488571551397,0.23505280822472827,1.0567355355204164,22.231404758570413
1201779173,3,127.21898071010168,0.3545099997357414,0.23117793672889633,0.9966123494512164,17.03121467125484
1202036659,2,247.46279450613707,0.35392233617483787,0.32965755988551504,1.0782883413683968,22.392227201473716
1202039443,2,-71.11865223982245,0.38124904027706313,0.24139771460902557,0.9367495216837267,15.02379481674969
1202357620,0,-30.994767584611765,0.35183911888360087,0.25245330172581587,1.0146690774531488,13.453265992459714
1202772120,4,174.65367716094727,0.3180140315677199,0.26447153467013734,1.2640283600279272,16.512427232070827
1202816034,3,20.430069642173066,0.36536965212141376,0.2904456452928092,0.9722576286551143,19.539670406787497
1202982181,3,13.624398773658797,0.3518732416522518,0.2597174451745929,1.041116339013045,16.11525136211413
1203408030,2,131.2488055992295,0.3534917792464947,0.2773143802285156,1.039219169706822,22.30067045229345
1203525380,4,86.4903649900418,0.36262559409130624,0.17404941558135045,0.8909147280830472,12.326314875023826
1203570548,2,218.49978557327884,0.37501593615915124,0.24668523706472473,0.9183856440473902,18.45925773484577
1203599832,3,74.63263820829339,0.34511489162651277,0.26050499328085436,1.1083097553005619,23.99478923189449
1203618670,4,-2.9391138355076976,0.3603462997833127,0.23491472465990457,1.1161309136592443,20.536173642657438
1204067122,1,157.13954209101908,0.38905470058966246,0.1721501102557012,1.2159489336569913,20.0891144392306
1204134441,2,-17.48701132555817,0.3721797227990733,0.24204053675458598,1.0150271658058418,20.78659054138426
1204249965,1,49.38623893527956,0.3968370645912537,0.18635062356266302,0.7874826063189188,11.611028040329565
1204523273,2,23.980732271465016,0.39515740554532236,0.3005791215668027,0.9976007473173508,18.416265764640865
1204736801,2,153.93971829515408,0.3880331193639898,0.3050586807823938,1.0954102847213096,23.961300608898895
1204898498,3,54.882180715584965,0.3491110312951993,0.27092103555353547,1.1115655706088579,23.92789273100464
1205044664,1,184.43693902132702,0.38069695874676784,0.18973718962714292,0.9568760984548591,14.814656733852924
1205228260,3,295.02180542239427,0.3810521743455822,0.33009609536376106,1.1545970529944332,26.259421166181
1205655131,4,22.79446618961299,0.3616419073851167,0.18885104116414847,1.0298885226446677,10.411828905792518
1205814834,3,2.4477256335300126,0.42540826057010667,0.2065924425391303,0.9737534289388838,15.095876320174208
1205844020,3,-18.842417060249588,0.31821783341333687,0.11983817718710074,1.4447384186984078,19.179547669743453
1205846674,4,264.549515025264,0.3738239495618552,0.20003743439740013,1.1718830277645844,19.794997901881572
1206071463,4,88.04037528516209,0.3668446897013557,0.18093204115757788,1.158766482098369,12.08590074695698
1206416017,2,46.37810883974542,0.3708495905431264,0.21548409352516576,0.8970413094534077,12.843883346786003
1206915036,2,317.2070299777625,0.39369574863901075,0.1494737063116976,1.1125398468910173,15.615140584277409
1207045788,3,203.0017381283879,0.37218887741430895,0.21762028416618334,1.0585075951041794,21.14739545480554
1207110637,0,200.53891383916405,0.3589854155251436,0.1781192026517459,1.280396886278,21.507316423455126
1207409378,4,110.34335593022668,0.4166440342428758,0.2561613094248516,0.9243586996819538,13.244209753079456
1208726540,4,36.12735560122196,0.33626828102872397,0.267769366432359,0.9979954823562516,18.34416687406386
1208748565,1,92.83988502346135,0.3602054375982863,0.20322035789605628,1.1448465015734386,12.430776461530701
1208847299,1,188.7214923957664,0.3583950011651555,0.3139805259561389,1.284336389522204,25.763215432855098
1208969128,3,229.9848252987706,0.3683426569899037,0.2728640247812995,1.1517382862116432,22.63820950849327
1209031692,0,227.92935637890935,0.36031644266421964,0.25942041426540274,1.2016695330464142,22.89853730934441
1209050565,3,78.75346245158363,0.35357913315537687,0.24582843431362045,1.0534508724270508,15.256663474115523
1209050682,4,-9.11790500139142,0.38577298615267924,0.38518726481600035,0.8716789058550367,21.18899623284647
1209057611,1,197.40776435593475,0.34303409922907974,0.30000629771141235,1.235813482326148,20.901079899509114
1209084809,3,218.93823304085703,0.38210251199564754,0.30375662245070656,0.9541140965367241,26.311603891211057
1209928353,2,17.339341319179994,0.36637730222333115,0.3108917574930168,0.9548114354396097,20.736390969693606
1210327805,1,51.582191337223705,0.3622435710349108,0.31692081202431677,0.9476987856660817,18.017305833217428
1210773764,2,58.70381505227431,0.4392103205313047,0.33044665712015237,0.9649897359912847,18.959273927677216
1210971861,0,245.5996886427642,0.3725719891324743,0.19322281877297048,1.1330356563647155,19.31736481701501
1211550700,4,268.7004892530962,0.418414406361627,0.23965574677298912,1.0677374814608593,17.832348490709734
1212285406,4,185.71642570129535,0.3385408448124592,0.21596119253791696,1.1284827142571054,14.623342059394014
1212362961,0,119.6701965407515,0.3706829290684445,0.2316578796903566,0.9909220780913429,14.218311385852024
1212645329,1,-16.04444412325435,0.3428843048036052,0.24770824262267455,1.140324926400716,20.55151482995111
1213234132,2,134.90853101317148,0.37050438276280595,0.326775676544082,1.0890853238643843,23.163222021659713
1213369367,1,129.6191685186688,0.3463054546941638,0.19444885799734044,1.2359980634013674,14.371080934438792
1213893349,3,66.98344102517606,0.31300924460525814,0.32040914484938054,0.9619219592255361,19.621194060234785
1213899080,4,236.1101364757758,0.38520957777016734,0.2562493275178746,0.9430538020687388,16.017993776063495
1214234223,0,-18.929173622193048,0.38339274504188864,0.3760472557615104,0.8928098046344595,21.026616938791964
1214356356,4,96.69900784841872,0.357305281270919,0.2521600918221442,1.1049652899880118,16.01923326255785
1214422376,1,22.613948583922067,0.31345684199873697,0.21959377245170697,1.0749927113608413,15.068460774305107
1214923559,1,-29.61281533308039,0.38612157463700136,0.3595815646048661,0.9127814995659914,21.431207314176586
1215056104,3,306.6143244728519,0.37935144510823227,0.22713016662686475,0.9209052697431046,16.78948307441855
1215188002,3,194.74896839118094,0.3772851547754203,0.2502902646526654,1.139589627880809,21.381158105179527
1215512335,4,116.4551689460354,0.38968700756836827,0.270256943575472,0.9209083190117154,23.10182215870534
1215694607,0,241.24245179349367,0.37435518666436257,0.1952196239251472,1.1633416355237822,20.1483343234109
1215820166,4,198.51365168159936,0.3488187060120041,0.20427857140004013,1.2695859614035714,20.416807622618727
1216120038,4,-58.75916854765961,0.35541047819241645,0.21034121660102367,1.0539110773236746,18.773879941947783
1216424248,1,3.881721018246367,0.36188892827939423,0.2754241915284324,1.0010596197703874,19.452240887997842
1217132738,3,2.0150959553587597,0.36822209976227044,0.15378668358126363,1.0391395001733246,14.347052970948521
1217226410,0,113.60095346936768,0.35403452529791357,0.21317702354687834,1.079049179649473,13.559716618071247
1217265261,1,210.2136680314653,0.3690518777216242,0.28408400379239973,1.103286289091509,19.193386920194047
1217496894,3,66.69111482667182,0.311803006181039,0.2258118978365726,1.0685124001870405,19.139563201064973
1217545349,2,19.249199682715442,0.3569898669456381,0.14877291086582017,1.2733408036074179,14.331357100271443
1217713342,2,249.92595743253935,0.41862069108526617,0.28286552373867696,1.0320903028154913,22.282923264033094
1217901314,2,202.3793781254438,0.357029689571216,0.1718252163268761,1.2799763901606007,20.240699031325736
1218214236,2,82.03872830438814,0.33518381969846517,0.14352420673480826,1.1451287761822722,14.992489727141987
1218861482,1,-20.785015184391852,0.3415365884489178,0.2092074998393192,1.1169517681252308,13.850661809868608
1219358292,3,66.28527436711693,0.3541160800835961,0.23589422782154898,0.9500291596953021,15.191912158248586
1219579071,0,31.157581291516394,0.3550863745215551,0.22925430810041206,1.0910731388140327,20.042700184479404
1219791952,0,236.27444744939731,0.37646420880458936,0.2137424393585197,1.0463017359453837,15.682632221936991
1220036380,3,186.9039533450125,0.3662271602796432,0.2589219418852903,1.2133667246510056,23.197663590191
1220421998,3,69.87477910784945,0.3586971693189391,0.16847953896217566,1.0721801576903354,16.595178199203428
1220689198,0,288.3423402183117,0.4448487720562799,0.2581264662605373,1.0559440662938002,24.834654981616225
1220722345,0,108.731229128301,0.3399071192158012,0.1825770017531282,1.1012742965541742,13.924065092426773
1220760786,3,48.14944440509941,0.3722249954528339,0.3580959426368107,0.9302968680026232,23.196952590363697
1220908034,1,86.89929388629554,0.3660151829326983,0.28760116708802475,0.9765963533500549,16.37504856615311
1221040845,0,211.35392903757707,0.39011331553841533,0.09923083923333684,1.568195610726401,19.786167477141205
1221113390,4,36.3575986034772,0.332422335952487,0.24062146345104693,1.0647637350898715,14.885221086824828
1221138931,2,42.26401162316927,0.38377052258922933,0.3946768731014793,0.8816966632700622,21.831346075462704
1221972864,3,96.86255873442356,0.4041835587594651,0.20512870487535595,0.9004582363321817,13.818142212681485
1223012575,0,12.966381121463243,0.3585539666453388,0.29767773154704724,1.0013375887008351,15.912327110224465
1223074288,3,123.09636751225736,0.37384472371526506,0.20514308706685863,1.0218369057834982,18.198427113901094
1223077195,2,231.881150963898,0.3785349238794078,0.30271613348616766,1.0063736223718542,19.37412907822971
1223442975,1,43.80022178055363,0.3676237870953432,0.2728477715266337,0.9743685140762657,18.99995182039998
1223466134,4,29.658253258445953,0.33987931371162955,0.24787788158491697,1.1120202268681048,18.805964905304
1223535676,0,174.0680352015828,0.35740471806996765,0.23671697121475063,1.0545764738887673,19.66000287185227
1223550383,2,72.1834790839774,0.3745542752557431,0.3197132940207374,1.006035867510388,23.115218702123332
1224319371,2,250.67389249090962,0.3803424906565158,0.1776904489946325,1.1873130993945349,19.98294917392327
1224371344,3,42.593800102572075,0.34866606797974614,0.3242852575699802,0.9633035014884497,22.08559734316647
1224631495,1,188.0626961227296,0.3741755108856531,0.2661452005194442,1.19603110348919,23.13062610193717
1224767743,3,127.30220467994462,0.3495165082328304,0.2244435743218821,1.2005377422888037,19.814911579128335
1225123322,1,-23.177295985416578,0.32988064993842703,0.1479091569892777,1.3979286657681291,12.910846409887354
1225921990,2,130.0882726087754,0.3685215107391246,0.3150638390812239,1.200034858224675,24.536508073797545
1225989211,3,164.99204287589447,0.3377683580110988,0.2883807063989368,1.2118977842998062,24.918496684133704
1226464299,3,265.41123008657473,0.4100412194647903,0.21175799560380293,0.8647826433538698,13.788951749205351
1226489424,0,229.8668003512566,0.37168136177142586,0.15519792611655747,1.3633445989691657,21.915841691847152
1226552406,4,171.33485712838313,0.3395460533207514,0.2597344946245613,1.2241696533479125,20.136176857987365
1226651340,1,12.153090289024718,0.35346460772387067,0.263057673800597,1.0323447417449296,14.942780550333735
1227244872,3,-3.3161155630476884,0.39142610820556134,0.287511974518624,0.8877439404448209,12.461888320050601
1227492040,2,221.01584827893146,0.4419843904806898,0.31233157806654244,1.0093923256107549,23.031344378350294
1227953094,0,76.00131684177947,0.37579703233676753,0.23003855718644334,1.1260488317002322,17.69158422365313
1229175862,3,342.61131055293663,0.39823119334136103,0.25011339813115974,1.0799218731735452,19.549442415963863
1229640212,4,201.85755242566768,0.36685752810441513,0.26012143302861634,0.9618502419943809,15.59474006000091
1230087703,4,77.85604291423329,0.3990329005057097,0.28608677716858566,0.9754720595421178,15.14863388941056
1230182375,2,238.50584457560427,0.381312231557231,0.22784698075616594,1.1517934592743306,18.39691581930674
1231617285,1,113.99868639110473,0.2616060513612555,0.2850822357748206,1.137584270333674,18.6400141115911
1231928634,0,234.27159087409018,0.4182352516946607,0.1718083078598966,1.193938056617177,21.07246788984302
1233245878,3,395.4850967937146,0.3932461068208539,0.251140917360178,1.1244590255088012,25.857334339851384
1233315694,3,28.517072946190908,0.38634504596645464,0.2763629413068261,0.9931785908957068,28.754052537895653
1233336012,0,117.06912665359012,0.33616385769938284,0.27726600497698295,1.1674495738388737,21.192291870744658
1233529700,0,60.83686985639122,0.3557475550609568,0.2520661549845447,1.179603576207738,17.225740567641072
1233557380,4,50.860293553749216,0.38720283351999985,0.1911176996321419,0.7270028009124552,11.263186432699385
1234075748,2,184.5916645839592,0.37743992985850966,0.2659693957337593,1.1508593798013853,24.11504828824686
1234355256,3,152.94182205776374,0.367423980372512,0.27578336541534326,1.1349426464066343,25.755162287172077
1235337223,4,159.69003678136687,0.2853579674965057,0.24874400035782612,1.2928120989207845,15.515884441976421
1235772628,3,183.84376868704197,0.37029678920929937,0.23162472959788366,0.9575499016668529,15.358282276742926
1235835504,1,197.23883935977608,0.4209324600844674,0.13839432944226265,1.3405118034753154,15.958557094612859
1236281959,3,211.16864472843594,0.3811703065993023,0.277985216739702,1.158292596934855,25.943564526060104
1236372812,2,186.6160034954108,0.3639303246409586,0.2587207408385366,1.1348097647685935,20.675028787643488
1236653976,4,-49.952629306882926,0.31513480470513794,0.229388550023918,1.2044070917442986,20.250069394961642
1236698324,3,271.31275563981217,0.37232345145844203,0.224496004723793,1.189421462321725,25.013699137164604
1237680808,1,59.71901682470308,0.4044593097504637,0.22873188460130553,0.9909354132504503,17.591809519169328
1237730261,1,198.48035531073438,0.34447982822354606,0.26860454327968447,1.1415364545871425,19.704368900868964
1237783866,4,221.32139458722895,0.3745454886286123,0.0992038009310735,1.300828735668574,17.13015558556188
1237875565,3,221.9839791151064,0.35809427961814055,0.16515496780376088,1.2386080320116803,20.51815663409684
1238011731,3,27.30163283491592,0.36457775290112954,0.17157541512445373,1.0389527725319692,11.681735547547904
1238020141,2,11.93356035174672,0.3750023488148369,0.1878009904293967,0.9047927706544321,11.560167834054218
1238107253,3,257.88453870733207,0.37396059519563585,0.24793915972027045,1.2307226865732537,25.328175632315215
1238169222,4,87.16474559185001,0.3817128052444144,0.13620130603103847,1.4304585607908593,19.406341537896626
1238226226,0,233.93536167829723,0.3536773600057602,0.2875536063694316,1.1329571415827415,20.715040480642593
1238987612,1,86.04619066856935,0.31687882022939073,0.2929580387296532,1.0812513568347673,17.37377104170444
1239353537,1,48.451542167794386,0.3317624140000714,0.22786608604823544,1.2397238012855951,21.382265015125633
1239672440,2,15.297952401954618,0.33776129714354003,0.2645597972916041,1.1483315441261013,23.982347189664985
1239731818,1,151.17609005243855,0.37771784236924605,0.20123014619962626,1.3103830025304872,20.623725732833986
1239746533,2,14.224629445010805,0.35001247073084424,0.2688837240024846,1.088502488855967,24.098578625656156
1239868812,1,171.87785064003165,0.36034610668179073,0.2298465109975279,1.1195256241863398,19.434045694471582
1240229654,2,71.97200204338962,0.4296054825903908,0.16328576283599583,0.7793781560990598,12.688001815142027
1240400626,4,88.12888250186849,0.3537051669358803,0.2757440544306182,1.1496147736716753,23.699541019722783
1240885962,3,139.06911923849918,0.37836729886799986,0.22950877503140554,1.1095737859022046,19.585621287206042
1241111211,3,81.34086366992146,0.3719677202281062,0.3146960728584908,0.8707289321994272,20.172867409098114
1241410417,4,149.1046111937578,0.3721986247767336,0.2588799054274341,1.2297162001978688,24.03242757224836
1241617720,4,18.588134509015504,0.3682638542913392,0.1764315720921741,1.1665352342677533,15.841049239551241
1242192055,1,19.268260196136723,0.3082700851953045,0.2024909193699727,1.3904136824026787,18.720921080028575
1242216634,2,13.745004779807559,0.3348468234410651,0.07285244456276938,1.5117301611566518,17.05414928713239
1242356842,2,233.00281618064906,0.3506896920102716,0.2973259757866941,1.0733589400437689,20.82705545661485
1242684513,3,25.874478053408623,0.34219066540984633,0.2618021048611197,1.0948136635588384,23.613014642807013
1242973596,3,96.29949969537806,0.3766261426041973,0.14539397548269195,0.8991602164976479,11.045677857034963
1242989659,3,11.36265242816441,0.3336450760310139,0.2510159660655721,1.1469735995106916,21.630347120659007
1243367222,1,211.7179466721498,0.40275664966499214,0.23025895789257597,1.1552987201155074,21.808753142660425
1243527935,3,133.28220704257436,0.3909798147677377,0.25566815857617164,1.0381166391427616,15.946954438061349
1244119715,2,25.292314477747837,0.40464797820525406,0.32767328742470897,0.8575155325218403,16.93618952828123
1244604743,4,148.79899664155403,0.3403958369620936,0.22766698937567503,1.069063568324907,19.307100578887244
1244610888,2,306.983686460068,0.4097595625935364,0.34594702179818765,1.029736285387061,23.038647390333615
1245028222,2,192.39797649556692,0.3926714217164347,0.29373669884742076,1.1396195927476134,18.959010399704365
1245052771,2,196.27152892105954,0.35129468648830875,0.2719331003344813,1.2237028961299696,22.303753116720035
1245106816,3,240.03521541285113,0.4304805231369035,0.20652898792584115,0.9011821452257927,13.703411105675643
1245265865,3,123.30891736202005,0.37464121750857415,0.18577686294655366,1.0074068387265318,13.005232586734332
1245320293,4,115.43797008954839,0.37511877211028544,0.2344023568227841,1.144863661359007,20.158348161754986
1245611127,4,12.568763748015215,0.3689056228853947,0.21196856869906727,1.058521884894435,16.173345191673764
1246412636,2,215.54255227272418,0.4052086251260535,0.2089951803092306,1.0663905786136583,18.52039845311321
1246466408,0,162.91823083150712,0.3616835542034106,0.23375694255491875,1.194612269689226,20.665317436869582
1246478630,1,18.94983331371232,0.3530511694936958,0.22944161441969677,1.0167976275562811,12.830797661503198
1247053205,0,165.36621924939254,0.4026003425533658,0.16204765200526738,1.1794585203957737,18.456571987569212
1247276415,3,208.39411819559913,0.3693823565950986,0.19818069698885166,1.1559210410552736,15.502270735248894
1247283822,2,139.06824072530512,0.38567289062868637,0.2684573124116659,1.0947675377011516,20.57551438510971
1247292893,1,64.75533688596725,0.34495578858132864,0.25576357891057483,1.211163419359612,19.28272836500029
1247307752,1,101.85649742127745,0.3830229631809187,0.2883071028179291,1.0248128390352909,24.409742609152445
1247311317,2,98.68196656645502,0.3599405217255792,0.24739434842962119,0.9468603451235533,17.913933255642146
1247317223,4,207.02330544133304,0.3550381535456567,0.28150463586509167,1.0922153422232852,19.67649999327867
1247694906,0,193.8461748404876,0.3659954513567935,0.2042834968519795,1.2205377879380495,21.189931964423003
1248082530,3,89.02249839081907,0.4021876936246849,0.2268058466068987,0.9803795285409841,15.084422176533101
1248304721,2,253.4481875035798,0.41455952547985153,0.33789250304443996,1.1079798104600511,24.027675672419864
1248717152,0,127.92657817954154,0.36417856222032113,0.23063672107732602,1.2074657869067453,18.46608306235034
1248950707,2,102.15326110165088,0.27634256214422354,0.2565680302139386,1.2207957132099942,20.612647315051447
1249625777,4,3.1318742721563666,0.3391418206157533,0.23538533068962053,1.0649232799705362,14.18658182974354
1249855570,2,149.0465361886568,0.40924783656621233,0.258869885561831,0.9957922340379602,21.901164831161648
1250128226,1,-19.486390673649936,0.39258859950088815,0.21273827642178872,0.854989074995668,13.571283467165713
1250174161,4,56.46548638863934,0.37524268929621774,0.20326842168073017,0.7443935175219301,14.647109784095187
1250664164,2,191.3655898293353,0.34752625205011534,0.2911922443552183,1.0908704189063703,22.939926357426344
1250759727,1,207.24525624073067,0.35943892993228843,0.21953230984078065,1.0428319758582456,15.79920415766968
1250976105,4,126.11844322646262,0.3472040326566022,0.279553788506509,1.1832424477992483,20.926450983604983
1251251952,3,82.85531809737995,0.3918835903197955,0.2109892423765586,0.7789240228600112,15.714457494533429
1251718993,2,10.008300014021842,0.36968868786283565,0.24814530160327553,0.9412553311190094,15.609426957969664
1251846091,2,63.439908551478474,0.3500805992779658,0.2740409182408422,1.2146572925019972,19.9081626652224
1251856230,4,180.06929902974304,0.36013632155741554,0.18364245667395662,1.2886785134692913,22.855925897154734
1252158010,2,217.53219435460593,0.36883877002985455,0.23339948349633427,1.233828258886453,20.806809766886754
1252177757,4,188.51063438079223,0.3841200981436026,0.18255560476549054,1.1154124221301183,15.895462400167453
1252473600,1,114.74058983146266,0.38511369007123464,0.1353382466035873,0.9150008273760246,11.81648422813744
1252624826,0,0.23598259434292856,0.4037759135590451,0.2408253468530754,0.8286389829784127,12.593957432977287
1252741517,3,150.83125322942186,0.3592053160550736,0.24340625091182916,1.0014346643006142,17.63166329701909
1252756161,2,27.437746409521907,0.3563032802767533,0.2684716926905487,1.1617008397143374,21.016496412031735
1252814215,1,-6.311962342266597,0.39944501616278,0.3519482804351389,0.871514829000322,12.06557993630219
1252824054,3,44.962502879444585,0.362155246234529,0.20992305699404884,1.056788689913292,14.195878619441316
1253121067,4,49.951331297192596,0.3470306510021482,0.29586588296107086,1.0910079950026204,27.448893940655758
1253393179,0,-22.12486333633565,0.37149903637259996,0.24021768284383072,0.9944592472615453,14.729532519088833
1253409024,3,194.21435995163262,0.35358534908671607,0.2422344493134346,1.2374022189545753,21.901029841051923
1253785759,3,-12.340437513288919,0.34219953289231625,0.183607468982547,1.0659672443222166,14.38009856873417
1253961002,3,191.8402518928395,0.3848251716421621,0.23139467325845325,1.1087422197889807,21.03850704980826
1254056862,1,25.44675475071503,0.36726897531545083,0.20843674009293667,0.9957863627313053,11.250360448541834
1254412515,4,126.43509853305338,0.4713073425318701,0.18788200754777237,0.8432705997107854,16.089593296790234
1254752288,2,206.21241474564903,0.3665773284273917,0.2660415539905368,0.9821392046699741,20.97196352746973
1255030804,0,172.37798605973018,0.34496379539138433,0.24137331237881043,1.0950933797180427,17.36206875987427
1255406268,2,234.18847656624712,0.42320773836791986,0.1907243730964362,1.0005990348578395,20.7944459592557
1255816024,4,130.47850750352967,0.3921114216093581,0.18964180140264025,1.117060616816477,17.03576782571855
1256351112,3,263.8670432678348,0.37756260786957224,0.23727834825704738,0.9229568031191963,18.22229408537668
1256508173,2,231.32494369519537,0.35590650436555166,0.26736136632730534,1.2265667834000977,20.799788389978012
1256836915,1,67.57967470875258,0.403358291327682,0.3241356268933935,0.8994321920989302,16.799728523291993
1256957523,4,32.841413560183256,0.36119811496833,0.22766733232244785,1.1296901579855343,19.396037772301195
1256991095,4,51.907600911430485,0.3707336654611279,0.2507087102679909,0.9223551239283067,13.614952772923612
1257255803,0,173.02228836306983,0.3614866868419463,0.30738200875404914,1.1404481355255836,24.60030727322406
1257657215,1,246.44068969234183,0.4098336504862976,0.28695877355140337,1.1213683935558345,24.775262434585585
1257792790,2,-32.78598014995687,0.3817127794399905,0.16767605435331412,1.3246310363817664,15.190520691618898
1257932675,3,15.291042955860604,0.32012135501988603,0.18860537662455323,1.0553199235535586,16.297649614417924
1257958128,3,36.6253499432065,0.36890282791991375,0.36176579316331314,0.9225130117863383,22.887437729626413
1258103517,2,219.87892351047356,0.3564515524629075,0.2714640857125878,0.9938612690938083,20.747721279672152
1258628140,4,108.6614858650202,0.36572368314906206,0.21844666444332106,1.0434918754057965,17.125095648350182
1259156024,4,169.07603363700377,0.336457545185212,0.25468961296313475,1.2186062966001638,19.14412891123035
1259678348,1,83.18140149887759,0.35184402087369826,0.19473566188084993,1.1036563328021503,12.738820391633416
1259746879,2,196.37885443473093,0.35057092689629976,0.27873167718353997,1.2207233389268335,23.155905638278192
1260132541,4,129.26411511176562,0.3922969070422734,0.20641280418683922,1.1436330996343975,20.567074335703918
1260477255,4,87.81664673241842,0.3402517151191636,0.2174544202965321,1.2634692115905048,20.70980820783451
1260660121,1,-10.794829296118593,0.4085148137176404,0.278843826738359,0.8370055554087987,13.105792883526517
1261008131,0,178.0705263803986,0.38230824246142664,0.21135504660028429,1.1610833198375525,17.149951725588558
1261139473,0,170.80242869941526,0.37592783655173295,0.2523349309017182,1.0431825363936766,20.86203295908237
1261531807,0,50.44862454903208,0.3662720493838455,0.3400367682025792,0.9670814470856836,20.692445579954345
1261888727,1,115.01809133097942,0.3812679290114843,0.23155511641420592,1.0601386599683684,13.267304818690057
1262712163,0,76.90822135372952,0.36365221527801783,0.2276845814198928,1.1352068526830628,18.112535485082105
1263057506,0,26.219968689567224,0.3505461892682019,0.1744847644935527,1.0289982976694747,13.965560250116038
1263366372,2,10.403108699827015,0.33825706041670456,0.23745150868609102,1.1286128555410653,17.22827156484422
1263725170,1,154.49069157147,0.36139643446390685,0.24251821622507647,1.2232951158748488,20.99059036697301
1263773798,2,68.62901744872066,0.376023561709563,0.32860095120186794,0.9955127332450677,22.847938937795732
1263993270,0,189.67401725694995,0.3717776817843825,0.22605828088383476,1.1354693833886282,19.094297560344483
1264073564,1,144.3927552390964,0.3602213024170584,0.24187230443533933,0.9794950114522079,15.62044419754811
1264214740,3,123.54902145484893,0.39157544878140943,0.24151291067477598,1.145551428065564,21.538053833091382
1264383388,4,172.11343980390325,0.35834131969748284,0.2792212158735772,1.0976542653695782,16.066187459590928
1264421130,1,24.013889839714906,0.3828557051700901,0.23381063982148015,0.955289325352596,10.348348508720303
1264684812,1,91.63530678212751,0.33783743217878826,0.18637992701444045,1.1147793481335777,12.77641605495554
1264707088,0,62.8452465241978,0.34120779499029447,0.3013547354410466,1.1126484691007317,21.880716733384304
1264767069,3,98.79420433763941,0.36828106178314757,0.23781527005997835,1.0781480301772552,21.609538455072467
1264867007,0,174.25400872887602,0.3760406359628183,0.24821811382260503,1.1792201849269757,20.76734952623633
1265296504,0,180.19124136900007,0.37279557124821566,0.16284331945273817,1.0721948259707308,15.199227123194879
1265311522,3,256.8477401568865,0.372840745611297,0.24859092551117687,1.1820193781802275,23.19462568183798
1265853164,2,10.241682988837653,0.36971541839464234,0.2382526236009967,1.1029143268612962,23.282608550484387
1266330575,4,225.10196889557676,0.41692056842152436,0.20486806475123942,1.0597084127583876,15.495606045288467
1266599294,3,39.85939225365644,0.33922190704396027,0.2548843591689064,1.0711414808355093,20.499892892258774
1266997255,0,112.91379236565689,0.3308542991671687,0.21324236874457608,1.1628034277587491,19.64573453217829
1267045105,4,200.01928380600927,0.37643617541059143,0.14066195040244972,1.174668733144245,13.876821894229074
1267165499,4,184.62232819271455,0.3532242083478136,0.23715066527828663,1.0566575961644575,13.759394126210019
1267231154,1,261.41138965058593,0.374189727799024,0.2667459023510034,1.2192707935500022,21.87419248999055
1267496441,1,-20.49267264819035,0.3721653264686702,0.2500186102821363,0.9178841815930605,12.84581473756188
1267767457,4,-26.547239446858,0.3555066707823113,0.2570061437287643,1.0025529880309787,18.566950470892582
1267983155,1,-33.03067590815206,0.34010515709588246,0.11779732368424395,1.4382068693254348,16.159569474688393
1268212088,3,104.65925572163137,0.3521010455381824,0.2297106168637492,1.0378543383081313,14.586716734456976
1268591883,4,127.19799767541865,0.38748320050367574,0.17523480574302264,0.8957562593970971,17.271310198074673
1268903954,2,61.719132988648155,0.3431468209662156,0.24878558990864577,1.1049663222161952,20.087057208880186
1269165942,4,59.346218993285305,0.3469581748746766,0.22031017826279048,1.1763283859342135,18.489587259485447
1269399876,4,115.5770577117373,0.34651342818189995,0.2233712220238352,1.194577372408737,16.213433606700267
1269445005,4,216.04516608458977,0.3466875059170121,0.24410820864874289,1.2320650587973228,17.25982369692132
1269889405,1,67.55240980678404,0.4158350060651097,0.15309607347828003,1.2543629194850732,12.15391516383306
1269952522,1,208.80391299383183,0.37234044230317714,0.23076577834429896,1.0677425486802505,17.40833207933055
1270138741,2,255.26720745131018,0.35473284931991667,0.30285182638099745,1.0443107282808004,22.396356734951013
1270448600,2,147.90821093245336,0.36894525730021305,0.29500974350448095,0.9385621957681765,22.661608503885017
1270893836,3,57.3520137114317,0.3486435306644961,0.2897365375869323,1.0617208694990283,23.066789820191058
1271079066,1,185.67899578553192,0.4576269575641715,0.2253849387723361,0.9337586301044352,13.300198703107272
1271134038,4,148.4884513612372,0.348349596496193,0.26778642334558084,1.214254357946032,20.34159390089017
1272587185,3,346.02373384820254,0.4110639705507639,0.280526783275098,1.0715261585677798,23.997402765536876
1273620790,2,-23.015974176391993,0.36501581276466594,0.22203061615306963,1.1387491675489472,13.283492298255414
1274254712,2,18.92054284906513,0.3382174618863951,0.26121254490088497,1.176970130338385,16.32791874808102
1275263414,0,95.98943123208073,0.34573182599072605,0.2144038297905668,1.1334828305836315,18.60304649172382
1275276173,0,134.65209909740338,0.3677898603522391,0.25212916549562037,1.1674477075851164,19.473859940024767
1275591013,0,200.60222229727597,0.39561829081869726,0.23161783604076766,1.0802798336206108,19.916700037408013
1275707146,0,121.03465885692478,0.3501224901303587,0.2754153637006571,1.1557620358162597,25.172296270643827
1275832134,0,37.18029152836101,0.3958443948251567,0.3729073963680159,0.877976720676894,15.049370307766191
1276163646,3,-33.13114952933964,0.3559480932682744,0.17806713277052186,1.1194572580362219,14.691906297953276
1276246944,3,225.87751927135903,0.3612009016902838,0.28024747834004315,1.136738220937033,22.742437208959416
1276410560,0,195.41860886079388,0.3475369820205557,0.21733384328191901,1.2907686988860712,20.252365340221804
1276975260,1,195.1987730785209,0.3562636303290042,0.21568609928584184,1.1763396227190068,15.54619307650316
1277787594,4,54.624995058866965,0.35259502383223496,0.2811634172225047,1.0464046727371377,19.893642540049317
1277971955,2,101.45080035511987,0.3893893726126133,0.13459676264382797,0.8884445803688682,16.222515916065117
1278963276,3,171.3484472899924,0.37285336525595714,0.24327434075062196,1.3163811559841518,25.84499939351811
1279775850,3,226.09068381325608,0.3871393724427247,0.2696063543032173,1.0492732329325223,23.52850208807379
1279821267,0,58.86232060474134,0.3223516893006072,0.1535648219340889,0.9405165686730638,15.477421465386813
1280165390,3,129.69984475718562,0.3400301554677082,0.26625088065203584,1.0404366239518084,21.94199868952111
1280502593,4,46.66623045648814,0.35261989781224384,0.3028019921582265,1.0616034830783463,26.64901366390415
1280563800,3,-113.60312932390443,0.32444479520525993,0.10400231662240647,1.4528890141268145,13.7943600101868
1282073595,2,212.68283089858767,0.3951547952836359,0.21754724948806928,1.0294871071045189,20.10723019163057
1282093980,2,198.25041471449373,0.36314436382167753,0.2753997081034504,0.9708567251599878,16.30211490066526
1282732042,2,267.61169647648444,0.40569122235400834,0.321716081976914,1.1240502854730217,24.377811862832566
1282744521,0,132.84929738123898,0.3398693020514901,0.27531601198338157,1.0904540215166287,17.791577031122344
1283103305,3,29.021060363437527,0.374984531655369,0.1968388876367811,0.9289871559415714,12.44234112286109
1283259076,4,18.211173226923975,0.4010330315785339,0.2828466187383546,0.8676765007750418,12.045280052096402
1284040004,3,186.68500936076526,0.36781225363346054,0.22543836392188957,0.9472590350397803,16.727825395886995
1284082821,1,55.41304196947177,0.3351121967755653,0.2546159455670777,1.108062511744353,15.069148060297538
1284164313,4,281.6007234497147,0.40897878705734647,0.2786045439906327,1.0087494532570624,24.474072219312035
1285221061,1,171.1478319005318,0.3457413866785879,0.16616130248313832,1.149054911299791,19.244548904518126
1285571721,1,64.00904428444336,0.33081578623731783,0.2715343597729679,1.0078349537397808,17.107558103174583
1285747694,0,-18.92923937671955,0.3833927468333223,0.3760472453504218,0.8928097881189395,21.026618044393427
1286286715,0,133.39276511819452,0.370607632425065,0.21089671404060184,1.182088104971102,13.011639292681537
1286574060,1,338.9959435748377,0.4144309309947092,0.24253378605006803,0.9845127165854981,25.16723116577907
1286616307,1,315.5408730700592,0.45873402708154676,0.20382115978554427,0.916404235956148,21.861322192824392
1286748689,1,212.5299711666271,0.38087832925097653,0.15917957391118245,1.1725960067938705,21.510317563571476
1286920787,0,69.08297735041599,0.3641643310714207,0.3006372396524484,1.0762113095939458,15.269170235714737
1287697682,2,241.58503221339993,0.38046317581874745,0.3423694106912576,1.1004126691182194,26.93506056856718
1287726377,0,136.94535067580827,0.37145094399274187,0.2539904410482743,1.1666627084050565,22.53871710217882
1287850309,1,136.29628958896495,0.3869664920638308,0.17430957129071958,1.1610359491764044,15.055542145942821
1287920729,2,147.83379518529637,0.3778683300939896,0.14910662858902768,1.2278439871650295,13.922686917813229
1288275829,2,153.41707525818353,0.3612723127347029,0.2717291382395967,1.1013647884452678,22.512284528774735
1288612893,4,251.4331311673748,0.35977227573462356,0.2736362580173137,1.0754703327420565,17.805436338585075
1289045435,3,262.93345954447125,0.37239111034968764,0.22138681942884372,0.9242107596149551,15.735712985365385
1289126534,1,133.49965855214234,0.3505337079352154,0.2853445389871319,0.9458143625770145,19.76309594614667
1289234945,2,-2.4802256152189557,0.3549516971735235,0.24747387542545224,1.070747933031206,13.210320385887135
1289453744,0,-80.65959542814387,0.34895882857557187,0.10950914482503762,1.6318774738979882,17.177038339518386
1290046924,3,140.17128562042828,0.33417841858841735,0.2733197784923199,1.1952401893239541,25.77240323827497
1290159505,4,146.6203168943271,0.3567313706188283,0.24241917435848356,1.235639916936182,18.9877739772173
1290242331,4,108.44831922955018,0.3588362400236622,0.20391299014022535,1.2663954673681996,18.801971760126733
1290671546,0,208.30114363587177,0.35725415434186386,0.2516984288277005,1.076091241763708,19.942798589130845
1290806312,4,170.4316409171866,0.3623420964892318,0.24775313737557922,1.2644022486523103,22.15916364154339
1290822168,4,172.91413957744226,0.39209935446672084,0.2315512956197502,1.0851576855789355,13.4301879085372
1291515166,0,-36.61328145934915,0.32365987655638695,0.10270121945712057,1.4991195144817797,14.322789065653769
1291566068,3,65.14313963358214,0.355231875402788,0.2903604759193355,1.0584802262465711,23.417919892876895
1291851819,0,20.104173057286246,0.37016382354880517,0.3626356601732318,0.9317255225441374,20.28541232073593
1292415850,2,17.188570166293488,0.4065690698525774,0.24139702161577398,0.9260365162753256,14.364949673969056
1292622955,2,135.01836248433432,0.35108602152369855,0.25207544660490966,0.9918408619487009,20.473180288980604
1293239198,1,218.38385246286262,0.4004016612248202,0.1549965683681238,0.8119559164648344,16.040187051324654
1293974706,4,219.12030979263795,0.3424907955042237,0.24454512283730198,1.0952511079927565,15.428322944280424
1294053022,1,149.51547021650396,0.3997487642637833,0.15723029402040983,0.8631676175412137,13.175574392895427
1294362796,2,-39.72961873840491,0.3961730106800518,0.3131754030385077,0.85788968715344,12.692627204635889
1294421875,4,70.54497021536574,0.3389806055440306,0.25599854233171443,1.1616726642611634,18.51074813846712
1294607317,4,108.54106156640093,0.36208324607396947,0.26199920459223813,1.1417464079430353,23.84445284420198
1295002110,3,275.32290022137784,0.38316719758009365,0.19418529856411826,1.2213417278918834,24.827972949042376
1295229741,1,84.31626017397485,0.351111984089373,0.24017159277795794,1.1234704562277185,17.751601805799364
1295293979,2,89.46806740287735,0.40751180816983,0.15243886122060485,0.8792768070887419,14.524418918892447
1295301974,3,-70.25282177221061,0.3308788214064663,0.14882175247857152,1.4078089040226303,14.5884547634685
1295510505,0,38.193960021122095,0.3785712957486178,0.21639406814859902,1.1167524436910286,14.848384261704407
1295536082,1,193.67102841916102,0.36860851241496506,0.2656387965250462,1.219067611554508,24.626818490294404
1295850561,1,99.2218467531958,0.3490751414242316,0.2226798294007091,0.9910850917043236,12.022405159989464
1295880392,1,33.237512522642255,0.3327434705255098,0.36781316273720477,0.972818259605395,17.379003781122773
1296143576,4,79.25205531124014,0.3837988054552677,0.19758358593542935,1.029212867402583,13.877864130234462
1296755065,4,121.55288826697554,0.4171938786476511,0.3747574068050228,1.0594004301633446,28.24209162895837
1297415322,1,-96.60600349263484,0.405628897885531,0.26329424725174766,0.9165920082793007,13.2527565825396
1297876567,1,164.2494819383195,0.36802581897711,0.20771128224985574,1.2059169196010915,18.292106774754604
1297972519,4,38.07301314970473,0.38263492195905785,0.40023834130767055,0.8774818913806568,21.54530644662084
1298070198,2,-26.843300333247356,0.38573362941023676,0.2224522530471414,0.8927407514797457,12.125779649319917
1298418799,0,175.15550986261113,0.33260499919696385,0.21033111082936543,1.1689873669350368,17.958451817062187
1298446728,2,275.3356475010131,0.3980659452050897,0.18737888529664143,1.1560473732579795,21.87198844029023
1298577403,4,148.19341975631542,0.37034034696065943,0.17310518130348318,1.1947765293397838,16.07950990760317
1298805440,4,71.75775785572291,0.3827447910510063,0.1759949526234979,0.8554532134250208,10.9009174752412
1299104612,0,-22.364538585419496,0.3146020297449379,0.2443331562418194,1.0630523130611593,13.528912073723388
1299119036,4,223.19729721568723,0.33931200448613125,0.3055634531583206,1.1418342300082238,22.757373065050114
1299451372,3,168.1360461515336,0.36613600994942097,0.22867404737112848,0.9990834230121399,16.169144798027098
1299554017,1,50.40307006577031,0.3777623112456692,0.3992839341534784,0.90827250425736,21.808199927952174
1299836604,2,-40.826054829667314,0.4016416881894054,0.3485169404478239,0.8374424839044212,12.697272094085456
1300048574,0,289.32012317823666,0.409737224315371,0.14455099511023325,1.0527669426846513,17.41527113144969
1300127001,4,103.32496068861472,0.2657497556718581,0.14357968796007842,1.2159715995507756,14.984811271633607
1300383951,0,66.2306133893386,0.4725619782942454,0.192052352135327,0.9067890279514182,14.999781179970324
1300562294,1,122.73449057914172,0.3600582931591332,0.21433356217777258,1.2081069090875822,18.138912174247174
1300646660,2,318.92103708165797,0.39380049256022864,0.1985681630374103,1.107718013232418,19.287962395377836
1300902354,1,153.51077754034276,0.3711907646034166,0.245831965807987,0.9378516700470741,15.950568657842279
1300907784,2,134.46984263868043,0.3932456093697327,0.21449169508109997,1.1060866553490707,19.82300635864698
1301068905,3,85.09662509422743,0.3573312744809319,0.1694367821802832,1.1230047961360556,14.469742693197121
1301288779,1,37.21466632866096,0.36959100822519275,0.19050723544668255,0.9270476384593536,12.036291231447173
1301620481,2,215.0747825836914,0.38624939094515437,0.26929877478501674,0.9716306998086712,19.86090563684803
1301630790,3,247.33088945255543,0.3851412156722788,0.2750633469433626,1.05951906839329,23.334603640386625
1301948076,4,75.46087540790901,0.3191441804481749,0.17982335318506182,1.0730926358680495,13.949171490024751
1302310440,1,127.35420307023247,0.3512217198474481,0.2318397514745034,1.1675008885533398,20.989366249728647
1302453294,3,79.56171746425981,0.34002282501553305,0.25084694928973483,1.1433150809542434,22.888036410554022
1302563585,3,193.13935694874948,0.3631595068808307,0.2127418517486517,1.1452101786032176,20.380960422637056
1303245845,0,182.12903384033774,0.35257737675142825,0.23258147078642316,1.1079197784517585,18.309713425106573
1304546254,0,80.3966173425763,0.36899606229811477,0.26375314723666776,0.9542100858810484,13.594112432369592
1305600405,0,92.06995945810897,0.3163485700658022,0.22056015375250787,1.1234304941940088,15.426927471894002
1305829895,4,12.378613647844546,0.34637341304039665,0.26120491307369503,0.990271838793078,16.98122107193297
1306591589,0,188.21200481299113,0.3715568132427596,0.24383214993128643,1.1987603572333834,23.285228607254737
1307322805,1,158.10875857231733,0.3508124075231287,0.30180376809014825,1.2453107419631537,21.805982154082283
1307515193,4,301.73833472514883,0.40427990068064146,0.2560112708815654,1.1324984725022569,16.159301096381892
1307775698,3,194.23545992728805,0.3497531396106237,0.28324228410531715,1.006028241269181,24.967152489752166
1308167790,2,167.3829594724387,0.37653856669885455,0.2740780455549696,1.171275194599543,25.28239252244797
1308663062,4,211.3820820348115,0.3985232229206655,0.20295262128840602,0.9904761024105204,15.209991732228936
1308684557,4,44.926673460667715,0.3677811183206271,0.3002631786332922,1.0128359736267671,21.041446030474113
1308745603,4,24.702560907785724,0.3879402010073363,0.2663424807891987,0.8614487494865742,11.727870774012274
1308822610,2,241.5381955626944,0.3661190281686763,0.24550586422521187,0.9400375290572904,19.432625323932392
1308893158,4,292.4479370521132,0.39716617616954436,0.2861388032657295,0.9924052854833355,24.79549724528198
1309160623,3,17.314382293331846,0.3261114993907561,0.2545052170537135,1.0925874340512678,20.61983464255934
1309401144,0,201.34417007246458,0.3661688538485476,0.2003389071583741,1.2385169298116858,19.724118359063418
1310550432,1,56.53389720888816,0.334560953991802,0.15511319805327123,0.9536609095502628,10.96922798378277
1310881775,4,172.42214091425654,0.37943978002375167,0.14785986730938538,1.119905191932143,20.514795666055367
1311329501,4,122.63025883044844,0.4418364458567069,0.10766093265107188,1.4352695254640386,22.10135707490241
1311388075,0,173.7695556794521,0.3560315393928691,0.2860361121204984,1.1902666069795758,20.132531961707734
1311473361,4,119.801510788766,0.3808902995909681,0.192537885086692,1.145435145243348,20.597330712033813
1312487500,0,-6.051853181066434,0.33507982178738616,0.21327197267505543,1.1479114494569431,15.162208960427725
1312935547,3,37.975694933664144,0.3604260697656711,0.26422442106061467,1.0445991783862314,13.437090808962315
1313130081,4,218.22729151780118,0.35414956035463874,0.28320785689880434,1.1482377307082656,21.372890195339224
1313149520,1,238.77811785042437,0.3879194078404849,0.17333115077818811,1.1736338323579776,20.48211396288393
1313165210,3,202.79932401740587,0.37608735436932406,0.22031148635326048,1.0353847643361558,20.262001992514936
1313737543,3,28.469133641147295,0.39277641192291995,0.17871381888243243,1.1267792887041936,20.512989699807896
1313953255,1,151.68814126771056,0.4021501502790322,0.1273010637310479,1.1233747716833287,16.137021674669942
1314048322,4,184.09624150367642,0.3510094375766148,0.2821061135984377,1.0071699041045252,16.157568605747635
1314252641,3,91.83765390227009,0.3493881435998289,0.2607425760469209,1.1498552113729728,16.3015675638668
1314700598,0,16.37593743303937,0.34332737628830146,0.2558849021085647,1.033102123620092,17.69375203172068
1314710990,2,227.15376897321272,0.3613286960006164,0.21709120373988403,1.1390578952555916,20.398891864862662
1315123551,4,227.15915666683708,0.4210100510108265,0.1586106806313659,0.9632350406726384,15.420028657141165
1315505306,1,56.19845449504653,0.3533217480142565,0.24810389465917115,1.0660551807432692,17.312755773694683
1315760893,1,143.8094024139594,0.3570205489054257,0.32297707506645673,0.9987194642170363,22.14605901797284
1315872207,0,65.0292551761427,0.36010969957691186,0.16115746228425282,1.1439287813608825,13.419898940322202
1316732452,1,12.569120771892344,0.3184393883992982,0.1775406797851664,1.1509305540492405,16.130787223426726
1316887618,3,190.13530971809274,0.3463913170438424,0.15019406125902177,0.9489528223876514,11.88413685382551
1318130357,1,137.88384687434143,0.3997357494965252,0.09682437054101847,1.3581959716641894,14.236751883878528
1318650528,3,-21.9940638989507,0.40104480727718633,0.29938677721049317,0.803114299971771,19.576531933228992
1318766747,3,174.76090399243947,0.3698585703966895,0.21643506933239515,0.9782835142465989,15.581412976364774
1318838343,4,187.4642264603914,0.31190681177526325,0.2862993345066642,1.1938578807082392,20.146788411083183
1319010024,3,107.53925206628223,0.34929624344572135,0.20726552803373605,1.025698528928043,14.064449082810349
1319112543,1,338.4995825390004,0.43366816096851785,0.20054940613788452,0.899891749432543,22.00489970447469
1319321747,3,37.17479117121433,0.4058113086160875,0.24275859584380954,0.8543307845981626,12.380717782389379
1319410597,4,169.99982690253034,0.39522883541012177,0.19332613752690764,0.9841307021260706,13.206960489388111
1320165565,4,244.5924124000156,0.38609158872478655,0.2296242777033345,0.9044463975091487,15.18284113548136
1320607876,4,129.67592473539628,0.36617686785718506,0.2185624813194791,1.0820581106306317,15.729075351630255
1321017513,1,122.50616186454317,0.37220156152170025,0.2008215204357485,1.098197288878784,23.672907037557
1321194504,1,117.86386712276538,0.3759919580493475,0.17113176392533638,1.0883902137241783,13.33716333030365
1321346245,4,24.286529105554308,0.367878605812448,0.2144700814039152,0.9429506221089335,14.507904724956331
1321681529,4,67.78403424447427,0.35750688123275437,0.2502117971396381,1.1430933229372287,17.017445260934682
1321705347,1,-4.948380884381962,0.3496221740641637,0.1446638402689506,1.2106878881551282,14.6605845262022
1321934906,0,145.9242825044701,0.37736899476147545,0.3275490526180763,1.1398770949068349,24.85307209077814
1322145207,3,180.4562404232176,0.392331389490917,0.22101218576232343,0.9619418681990378,17.717513612232153
1322304083,3,192.2314299405591,0.3581792996490846,0.2230703312862303,1.0499507904995797,17.26499659332683
1322409102,3,14.555189656672752,0.35530089571340107,0.26934843847367673,1.026827098473799,15.997691355273803
1322812178,0,214.37196974748102,0.3683951674197323,0.2472375974967588,1.1762928420419696,22.758481927280933
1322899924,1,83.79276696624936,0.3800125067664908,0.2585217916616428,1.0481281867965904,18.136827925546253
1323119594,3,17.692792116391047,0.33116672248143425,0.20909996748428247,1.0745280855288284,14.67185048687836
1323225597,3,244.19197743133347,0.3699277448015445,0.25900608491269256,1.2183920157697938,22.217993775985832
1323245183,3,216.6805490085984,0.361360267737489,0.25052204669491807,0.937782285356781,17.335116832070018
1323525187,0,-27.59942740166443,0.3624852333009643,0.23926398287948691,1.0092955094244866,13.058036410855054
1323609368,2,120.39408287011307,0.3955739878927273,0.22404850012440236,1.020900599857906,21.034209614654998
1324036450,1,224.31443690614557,0.3693221701840588,0.18869812319272505,0.9858440532112582,15.364992049655001
1324493760,4,188.5803698885013,0.39073931404540085,0.23717380614763628,0.9152743273541933,14.191687251418124
1325509753,4,166.0857282180503,0.33989476705115257,0.30142126165817945,1.2126881597652932,19.151767510537308
1325980765,2,-4.739948198265722,0.3430967437411552,0.2051811273966785,1.0663527978770257,12.552428651655209
1326111661,2,-24.86149826993143,0.3731904117318043,0.22995272503407133,0.961877561240343,12.929516287993078
1326151916,0,217.70909087266733,0.373724134008196,0.22758663910373866,1.1761204530444425,15.469179828384881
1327742614,3,197.2947359099295,0.3786096610736796,0.21985026858396128,1.1596371159886882,20.50514433062556
1328109466,0,81.94681318202109,0.32766934153004346,0.26170310303077454,1.0719877543812506,17.7360386618569
1328279815,3,13.555453033067153,0.36730863213880904,0.24681988328395726,1.0333724138382165,18.44430086751817
1328538029,3,-36.440317908905996,0.3601270599955069,0.2013473096163898,1.13086392106055,21.145681531972958
1329379844,0,-74.64527875660669,0.3253124239366035,0.10037403922989524,1.5620324150432054,13.921961962044778
1329476125,0,185.94712960049628,0.3576867604878054,0.272917662855764,1.2312095884509955,22.346380038157797
1329795537,1,11.698728018483877,0.33840116850733454,0.2713103395354709,1.0554155953957407,16.46583506593857
1329805417,2,94.00745637917527,0.4672264886856612,0.34311114357632133,0.9521734581737041,19.964297744859675
1330350980,2,18.081382799579927,0.3399373841076461,0.263008592768959,1.1656897692802484,16.344254000262737
1330491095,0,85.04735609632162,0.3541715216032836,0.22363070392631407,1.1217070005912166,20.157042869730454
1330672528,0,66.95287425929384,0.31547847790866174,0.2053492071159697,1.1941269446191616,17.13581571258962
1330783970,1,74.59551140232477,0.30561187865139355,0.2670115345176464,1.0965114724877594,15.452682315122257
1330841310,4,42.6050511289509,0.3595361185955539,0.31071325978677894,1.0287788237342474,25.67885016184821
1330844840,0,-66.18498575569488,0.5959130553842968,0.2121474085271195,1.1992580689434313,14.865619759303303
1331449531,0,16.161248904024617,0.3511292937549191,0.218992985597016,1.0030846623372753,14.662124274322066
1332074394,3,318.5957031126527,0.3835856766812366,0.24641758098231797,1.168399100029617,23.161187497709538
1332282841,4,14.545921013629638,0.36407377332718716,0.2515134120965789,1.0313388325477768,11.261418398608317
1332783697,4,94.36608613365445,0.3208875467308665,0.19147559674082842,1.0968889412546405,16.13938395934279
1332933153,1,112.70055158016233,0.4106275512890447,0.2204405897452693,0.9439092933480023,19.889177291740165
1333138019,2,13.799233835562148,0.3385159442345848,0.23840500452250651,1.0947721304779034,15.052227284310858
1333183317,3,160.70158531818947,0.39372915684287646,0.24206788095355056,1.060653014275347,22.291549939937674
1333418832,4,236.12494160165855,0.350743735389962,0.31056637139715004,1.055019565500329,19.223549248161373
1333567417,1,133.2383567177103,0.3632452333976956,0.25355755916354195,0.94156182194692,15.741780279813057
1333596225,2,205.2169697585939,0.40432828927362396,0.2407856490558473,1.0626424878146086,21.85231799925551
1333610491,3,158.3938573284707,0.35450355603181327,0.2485616646382644,1.0380505571839593,18.108640074234405
1333766804,0,47.05111775443665,0.34167504746299,0.2726699518243257,1.1395222589601142,21.227844696973484
1333923150,4,48.45373910674655,0.3261819990208384,0.32216790705743076,0.9621289739635157,15.7336577717431
1334743519,4,157.712077140049,0.37362868149162054,0.175382476479977,1.2413903759179177,19.762703096095358
1335169485,4,84.33345211030999,0.40597969475652274,0.16274731532207892,1.3045985043968666,22.86525160727523
1335256384,1,138.86289362568903,0.32840938104267864,0.254356334453903,1.2034887501790634,18.09270768727533
1335530924,2,227.81181509899523,0.38131665788697267,0.2727375718518353,0.9956395320446468,19.747152923798097
1335818219,0,13.499867321296449,0.4004651435368148,0.32922604474460526,0.855382680086931,11.945622232167736
1335837736,2,95.15529003159781,0.36319995334215033,0.23451890840611056,1.1166032546436693,18.925219762170922
1335930330,2,160.27541973461334,0.37488236731174807,0.22549669548123874,1.1843214380312264,20.59041457983674
1336441380,1,14.157739897911512,0.3299565588843526,0.2365774957522096,1.135601747225262,19.65993123313193
1336532550,1,-48.98901956977957,0.3210070496489916,0.1429355964555572,1.5290848653912943,15.207923034786587
1336700268,2,148.26449094570452,0.3855414202093766,0.2591442292821454,0.9670737711118765,22.17144758866823
1336943329,1,42.90697966747658,0.3009237825852588,0.17534818340805564,1.281238974856774,24.160281549911865
1336999615,1,166.80460028883698,0.3506270418574228,0.23199549569698094,1.0623613112603654,16.245290312177737
1337045352,4,66.05220658557121,0.35957178444260834,0.29338106211868076,1.0649717795086344,18.489637487726668
1337142448,2,137.4533393232283,0.3615161660347402,0.2698785773550768,1.0872100205991018,23.13448242979615
1337289078,0,198.92311470863257,0.3733864192068767,0.25064120880647656,1.1862997607516537,23.433269748681674
1337317565,2,110.08757818662782,0.2708344940649695,0.15442225606833554,1.066810849021181,14.65828750767962
1337375382,4,152.643553941479,0.35517275530800674,0.2649352697076746,1.3034685564028845,23.518828179174182
1337675110,3,171.32059906373155,0.35720582568481307,0.30046885027003045,1.1809471383716021,25.720322236021993
1337696117,4,40.19821520337484,0.37367958522466094,0.3646771187264044,0.9032283467001192,21.20039915978734
1337772240,2,197.56229709881424,0.3652703305344317,0.21270710635143608,1.2272155914531233,21.470219710013158
1338251164,3,81.21502215900246,0.3554005818648616,0.15426085813555807,1.120152719325135,13.379745652995425
1338688328,0,66.11246236840135,0.3801498676677703,0.1679985261472343,0.8302575534827865,11.398203568849294
1339056719,1,163.59617953643402,0.3614729102612111,0.2442946636217047,1.2291083883188216,21.505955741385108
1339302130,2,-35.03228110952459,0.37641966712772157,0.23504144939865254,0.937555258561886,12.683203711754755
1339379527,4,175.6545567309499,0.428175749544397,0.17202213931932125,0.8929341969107292,13.532675565250113
1340249291,1,261.7864898040833,0.3817446018821454,0.13453980596643383,1.1676414268808375,18.734040815317133
1340852987,3,-44.85489198760996,0.42124726570869375,0.193323221250141,1.1322103192222166,11.969796438831544
1341096524,0,78.15765270124784,0.3720026751019801,0.27583286917633226,0.9481924208310163,13.660943553172949
1341187910,0,20.079225789933048,0.32925944669902235,0.2566063583403417,1.0780993803533159,17.88509129042182
1341702533,0,85.52362352912816,0.3915811052007703,0.33089086110299787,0.9722724009455124,16.339352805213622
1341724908,2,188.20494331351705,0.3504112276442186,0.22923698073376683,1.202189559885415,20.449544114096533
1341866550,0,72.26592219346017,0.3643951716284457,0.3279632733952932,0.9447987622394399,16.839503015480954
1342064373,0,134.82318908762386,0.3628861557035474,0.20001361269457008,1.201786727176176,20.341984289168607
1342174126,0,203.3385048611376,0.36915997612565793,0.21215626836353163,1.10817032714758,15.912190983044399
1342666772,3,381.041114472082,0.4238407887296152,0.274548352110012,1.100558644278186,22.72155648973911
1343284955,2,187.5738082549224,0.38097349632054806,0.19824889382215088,1.2529416051711535,22.986235409382523
1344066127,1,29.91110874379642,0.3800864729740999,0.312238025240035,0.9440374369390516,20.087232526215175
1344203582,2,41.53028829395531,0.4258133962411881,0.38100514904845195,0.9227681154925735,17.74668826409492
1344237352,4,225.080369459302,0.40629109228322136,0.12855443964723542,1.1099452134355567,16.944953840118995
1344927771,1,40.93627928038055,0.35666532613634677,0.18006885699183928,1.170462825046835,12.736966330493724
1345021190,0,24.37204292959383,0.3643684662791953,0.2936021547420208,1.023766024043102,17.522296531621528
1345501676,4,29.90213664765959,0.33294794488733076,0.24341505695619028,1.1667608518729868,16.27427169186415
1345670200,2,-12.732819998029697,0.35967496076508143,0.22458236179048668,1.016159321086282,16.045374932040353
1345726690,0,8.674688384205567,0.35893440086914713,0.26424617474916273,0.9973352795226408,17.786228822247804
1345866279,4,46.121605006237544,0.4049840796004587,0.18701844613966512,1.005792549684241,16.8923928458979
1345870350,0,283.86882306438275,0.38904512843990324,0.25047813992548557,1.111952917976871,22.84803177613633
1345870546,4,116.42733168574364,0.349996498909435,0.1695249241662201,1.1604491563767545,18.878880545473685
1346046576,2,9.09119417441812,0.3536806754229067,0.2819689991717958,1.1065407583167202,24.429680630731795
1346259301,3,-1.0652866843743851,0.3736256634278582,0.20053628000662516,0.9920260333640167,11.981035746086683
1346551249,4,96.94961517838102,0.3995274283052022,0.19445217110416718,0.7675357283782448,11.486738940187502
1346729731,1,152.78060710932252,0.33440827968053044,0.2600523565013791,1.1828872877053536,16.642442069239294
1346910233,2,27.654744016816068,0.39285229348947537,0.29481537361348414,1.0131710080631395,19.420192430743974
1347090486,3,-28.794549972940388,0.37437590851860086,0.32877907313683785,0.9216338503075787,22.49354488491309
1347844859,0,227.89206041147986,0.38138753603371,0.1771652033686044,1.1922038444419192,18.79724290100436
1347977204,3,-23.360003361599524,0.29770990585923873,0.22243614550891644,1.2014351902706442,20.43497972061893
1349126211,3,47.6529769443443,0.33157223419350645,0.20138303019669584,1.094814202932383,14.516704973519035
1349202654,0,90.89777241866214,0.34911718056146074,0.21715825506686742,1.096184494060889,17.791363097239355
1349238031,3,134.30711597722552,0.34290022918603613,0.2687494327433023,1.1393386625901913,23.077010310257002
1349530452,3,-9.258945755139436,0.34728285547009174,0.23134014478628973,1.0632070263057924,16.221334054573358
1349559067,4,-3.2467213854264685,0.38303765608439344,0.17612275388180262,1.1232350168583498,15.647138440291045
1349609988,2,158.34853171137306,0.3208518659683294,0.23249172922799782,1.3424297383705879,19.790610525088226
1349614436,4,183.64074446422518,0.35585831450635985,0.18520800333328796,1.2354343553989824,17.796285171602833
1349968586,2,40.42244484003914,0.30294916030369595,0.22936141449499553,1.2248499622674862,15.415924858205859
1350186524,0,218.16917529457123,0.3904309976329649,0.18285669044325023,1.107179016091959,20.393759882056706
1350245180,4,90.53334041880734,0.3670290743695022,0.27348630454090284,0.9201815453617566,14.83945562483404
1350837084,1,51.589927604763396,0.3505633544378168,0.17788970888327532,0.9410467527673497,13.400095462702307
1350968415,2,74.16251747292866,0.363914257458404,0.27649307619940205,1.029378975413275,13.930216407853553
1351618025,1,19.603320383535632,0.36513405370603,0.2117782124827775,1.070790913336008,11.321668349924124
1352932501,2,192.62283446749586,0.36249034805548475,0.32670020181960047,1.043185081672287,24.19247314095498
1353112393,2,42.264015014180764,0.3837705243819915,0.3946768731014793,0.8816966722228434,21.831346075462704
1353148965,1,180.02198370162353,0.3410689237767918,0.25008918695344956,1.1015586779312792,16.38299498618468
1353215039,3,183.59885396011813,0.38545576440143,0.2471536566319127,1.1740958242158581,23.693764514400517
1354246474,0,240.58994332524713,0.3637465588918022,0.21438588107379297,1.1381059540289071,22.116750484006744
1355319996,3,187.0025780253956,0.3497518112269753,0.2337451765972309,1.2349255896286515,18.915346597552634
1355567925,2,156.555202066694,0.3689441845561632,0.28002305539179656,1.0774730653018767,22.90782608748196
1355819266,2,54.127872243739105,0.346543121008922,0.30681062658669345,1.0210188996703893,22.788743757966326
1356052280,3,7.205349213346395,0.3634311543820479,0.265982038040588,1.019901278997403,19.324650442993665
1356279835,3,73.96255195640457,0.3917684051999552,0.12929049084226274,1.1377361663896588,15.19142274983542
1356849537,3,284.29465263125905,0.4193281373329975,0.21881929394534755,1.1102225652807791,18.44621876571104
1356914950,4,138.34311590541904,0.3670327260670776,0.19409776776572868,1.226616862132258,17.282597460537836
1357039642,4,160.17034275990656,0.36921765499690384,0.24785386057482617,1.238568559087676,23.74741020788348
1357177247,2,198.04797132851638,0.45808361686591104,0.2157942173700239,0.925274589831932,16.753988767133205
1358109974,3,132.36284475625408,0.35361516816992383,0.2833480044239244,1.0269929253902963,21.928713270989487
1358861008,3,222.07134557542003,0.3701570524647106,0.28683524809803274,1.1206777733722075,25.146954915527846
1358943628,1,91.97123837135821,0.30494771837101164,0.1507176153842139,1.110325961642526,17.132071849686476
1359050753,4,96.50949107503817,0.3599488455780568,0.2590000968843992,0.9516291573557292,13.253438355266919
1359082710,0,286.88456236585927,0.3825956036457655,0.2547351146583578,1.1787137034758197,22.428868410472365
1359130105,1,188.17930073492204,0.3617936226620662,0.19788669158108912,1.2448435855805946,18.311135203563307
1359436093,3,257.8316350951599,0.360235698826818,0.23738314900160623,0.9624707500583632,15.978109290218319
1359594039,1,145.44729490297007,0.40814208875413516,0.22293119384756824,0.9707298677283528,16.268851650828598
1359687224,0,18.498888075541743,0.3506536860356889,0.27496525590098125,1.0412637467671484,16.198966537362452
1359872176,3,66.68586989922106,0.3311190641099635,0.20524586581623128,1.2156643689558126,12.240081539723425
1360256183,1,238.4196905736025,0.36649364558613257,0.1295048801754474,1.1911045042969872,16.26303951730411
1361184303,1,191.6076675966013,0.37491662167943196,0.19628997797141956,0.995062157443535,15.181048568748448
1361620762,3,35.74647381980074,0.3552235277982119,0.2074694252275231,0.9462954616012709,14.431509233780366
1361875495,4,182.99046425199316,0.3833958358139199,0.18004392690395482,1.1351544714471777,20.892691745541317
1362818896,3,297.3105447703104,0.39584776532226107,0.2504923186944048,1.0321413546193885,20.51123683622471
1362829798,3,-5.378347540889493,0.35940076406232124,0.21185182685764528,1.0099560029197547,13.588650859332617
1362985746,0,157.38429700420363,0.38268462177517254,0.2762923716820979,1.0686589522366265,17.054418223418057
1363453372,3,140.652950359187,0.36302310935194465,0.24697008215805988,1.3487972276359412,26.722985636296407
1363602163,2,145.71280566434515,0.40494077211915036,0.3139619048930137,0.9594906781521548,24.540329507974658
1364091804,3,36.04306945606427,0.37008047914549963,0.19550859898599587,1.0085882821039247,11.815092518882096
1364709079,1,46.77029888037077,0.42788299864463175,0.15851988387423177,0.9899783022365426,16.394837050806043
1365155281,4,148.30409583721513,0.4457478469386904,0.17688095561105083,0.9545453675525406,13.506129381671926
1365375368,2,27.98502853598177,0.36471029942742983,0.21028457050981947,1.0221258439189913,13.2187543953015
1365608843,4,13.010918056010908,0.3361872774770496,0.2534830210549787,1.0170664572599761,16.914654839545506
1365694834,4,-15.897591449115083,0.35584534106321664,0.2608820239983696,0.9929691913148484,18.70663688400983
1365820335,2,89.36619463568253,0.32647117493882305,0.15007792150889074,1.2196353432396254,14.80407878724266
1365848174,1,288.22273397315934,0.4559343217978179,0.26682467633573503,1.016355827049049,24.13910374816339
1365937405,4,86.67896857575181,0.336362815411437,0.17128923527311107,1.0364239933251855,13.394440748304223
1366065674,1,133.790091753772,0.36972204807446046,0.29154984507479254,1.2306572367011692,26.17351943612634
1366196353,4,248.29695513969108,0.35767812754203154,0.2827982418092152,1.0231067334435504,17.79434496626268
1366250569,2,-47.364372596689904,0.3955508917379837,0.3619764212703927,0.8551620791186252,21.46893995577714
1366419204,4,228.2477734317017,0.38455188971114806,0.24152313214001095,0.9441948747758737,15.216203291393574
1366538369,3,181.62653406979854,0.33782205670298143,0.27776336849954236,1.1979480533082465,25.586580095630833
1366987461,0,202.46796753393022,0.3613457054924261,0.20955136193638838,1.0725372835352283,14.916992222258143
1367013502,1,-155.1760649081899,0.3581387395905619,0.22430558414812674,1.080266195677163,16.257000916628268
1367398148,4,-43.714222920388295,0.31362383166672925,0.2274494110825008,1.149035849916078,20.102104530553408
1367679735,1,-5.46214027807919,0.3622071995339095,0.2146758657605095,1.121159349184993,14.91786008451881
1367828072,4,73.79068670349793,0.3441677846518768,0.1789838355608545,1.1122687957742907,12.192961405987507
1367832773,4,256.7010253159331,0.41253865170590914,0.1681459137585804,1.1898811817871855,16.953203096244767
1367879345,1,-38.37913424902811,0.3704150710494035,0.2089766905361441,1.1458656380612506,19.238500132446486
1368560795,2,269.12312455394294,0.361614409400412,0.29660943681845253,1.0189854365725588,22.08537478417455
1369201997,2,147.6663877300379,0.3572984461302414,0.24488822395605028,1.0964725232570267,18.674352553420878
1369478865,3,47.121816125897354,0.37036620507917944,0.18168446747749498,1.1758139377455752,13.585799177834513
1369988926,1,135.04886096635335,0.380552619607704,0.27024390590541,1.119297088519419,23.64676559466017
1370170679,0,180.49331766373015,0.3637945030305259,0.21035671690181623,1.0386628661655413,21.82905584664794
1370228225,3,76.91314936747628,0.36500460134087426,0.24161147993714047,0.9572678223523203,18.849812493127693
1370311648,0,235.71845347514397,0.3527807743363982,0.24859572270531793,1.1958019651708192,22.098326188435323
1370577687,4,109.26119214254153,0.25665774201735964,0.20670109381773208,1.2528089464384458,15.533987327966384
1370610727,3,-7.416913871558563,0.3865941770170864,0.2331945078963343,0.9599679067431872,16.1910414287811
1370707470,0,-44.85362556912638,0.39766049293170885,0.21395551790367717,0.8251351658685852,12.241450779485973
1370747504,2,45.184747467052674,0.3698762672554504,0.353391503141169,0.9189087058121754,21.240421089122076
1370904651,1,181.75571885038426,0.37268890190352344,0.15335741397106079,1.0276742997046955,14.477849871314117
1371045959,0,123.899083842025,0.414927573686907,0.18206687923312592,0.8163293218337588,12.868946221928958
1372092396,2,88.59961070962078,0.3727631382473339,0.18626014267751825,1.1945447621195189,20.789757612761985
1372197295,2,189.46587737217916,0.41868658585075214,0.2078209500682874,0.9850788624048534,18.446776648909676
1372357517,4,-19.185131770788843,0.3501394292157998,0.26645253790110013,1.0188784387818963,20.154866786546627
1372478864,2,103.46134039306413,0.3670877485395391,0.3029125475734742,1.0487211144977422,22.29931826965052
1373042522,3,12.649670765910784,0.34603976657068286,0.24720871095628963,1.0677711791425584,16.4194435007254
1373216700,2,258.42696552211794,0.38719025761872516,0.32235900847280957,0.9942401983555279,22.139813089094467
1373295279,4,117.96147079532682,0.3582997973522597,0.2755085330551198,0.996861037977813,15.911145575517198
1373519109,0,13.612945380514404,0.35957370889942253,0.26106757699631455,1.0216392297002144,13.126457662961815
1373716942,0,12.98180713337959,0.35855256484850917,0.2976388773643327,1.0013841211783723,15.91243006936066
1373795866,1,186.37919065306716,0.35667493277550144,0.2512706263555172,1.0607640652228953,16.6975066952543
1375025595,3,100.55596544619674,0.38045455123388194,0.22788721497108394,1.1470525394388345,24.02522765371132
1375441577,2,194.0739771426779,0.35979082967180437,0.2933505062838654,1.0912551020086525,19.692874797085786
1375874201,3,121.58269648319836,0.354066637783299,0.22654090517824246,0.958233909967514,13.66353312802942
1376051647,2,81.58601301086702,0.36447141924958915,0.14966164394100787,0.9715246608300311,12.453649676022406
1376172701,0,231.57694407640685,0.36171926061102583,0.2540934610475543,1.0589947883707995,20.27326314266515
1376346368,0,64.44960272325552,0.4333337518587094,0.3838879819423027,0.9056036265050194,28.23647182949626
1376684295,0,178.8459695113851,0.3496499977142425,0.34236274074352513,1.1558620868362846,27.546415099098
1376982255,4,72.66269205683285,0.3532669143790682,0.2814882333639734,1.1497734148887322,17.534390238562295
1377024014,2,187.5647135621051,0.3144551472058067,0.2493542791680091,1.2755615409822343,21.82912753764476
1377176379,1,344.5666893506309,0.4221477613610585,0.23390930234774893,1.0805183924199215,21.236233261719292
1377849521,4,59.394613895591725,0.34472907862396857,0.26352045150408254,1.0744660904973273,13.0658623836467
1378439616,2,119.35628754055425,0.3388681377367075,0.29548333616287425,1.1315891718374098,22.141769770364334
1378483093,3,323.3499057971127,0.40932170845973564,0.2816272558235046,1.0532019689353056,23.837009257550616
1378557946,4,135.40330838960762,0.36067150814341997,0.25108517338966324,0.87567664346863,14.25578741668441
1378818444,3,185.9668351418764,0.35599850577547704,0.22539624769740377,1.0436747704267277,18.37537242766583
1379119982,1,78.1920431537399,0.3777839981370382,0.19397865604326586,0.996155709733899,11.00311224813425
1379290572,4,143.2890729799033,0.3383248417380587,0.2600225360879164,1.2150611453057332,17.491408258272642
1380589062,0,8.271639438585723,0.36658570970985516,0.30020731114528226,1.0164489963299446,13.578952148715763
1380807593,0,144.96414148400441,0.36382666016022586,0.20650376561020806,1.1962443168579018,18.032213953433804
1381195647,4,220.65638042760398,0.3709724359556509,0.21779887817855914,1.2332865838858542,17.048512614075996
1381337604,1,57.496927314268056,0.36863867772697456,0.24173678814007618,1.0398407363036162,18.29248113673141
1381529897,4,89.60188899485321,0.3752206938452462,0.20334607233205487,0.9347107409695603,11.369544175398566
1382189340,0,-16.50025401699193,0.40522649470977645,0.22443806042352837,0.8302733092888452,14.058387654506948
1382529497,1,60.91895281086684,0.45130777561265367,0.1522807690237323,0.9409477271097922,16.113018068029067
1382532575,3,174.54101792568196,0.3441802381095169,0.23743230283706024,1.0191405926576576,16.629913216288116
1382706123,1,335.48493121568197,0.37351796153141215,0.09208972670696886,1.3371100389655413,19.980445431009098
1382769983,2,189.4165924111776,0.350680299729382,0.23685970582748517,1.0473066108804412,20.609619807642435
1383097828,4,21.063761209617567,0.31769320642228316,0.05472838431834734,1.3475031189349997,13.32350396131585
1383379124,3,-1.0409528935773409,0.3442059312052931,0.23909823468085425,1.0744619078747195,16.55675165856494
1383381631,0,214.75426656453823,0.37209848948278956,0.24240766053973128,1.0468446052159304,18.701825486987417
1383628967,0,149.2862522652199,0.3705974004278548,0.23496666420218848,1.1964630153734463,20.37684224487827
1384565570,0,75.93140334148087,0.3745540102713706,0.3222306833427917,0.9648877607580065,18.826623707068915
1385095283,3,277.2290070785292,0.33871806712235086,0.2391572582551875,0.9936514823012602,18.494502514974272
1385421838,3,30.079012341028488,0.3821622909985493,0.40690536357614127,0.8774717800752411,23.74387092920464
1386193418,2,184.30480535793967,0.3686675103751619,0.2851411610648552,0.9767396077535031,21.278608130955213
1386252295,3,-17.723490295504902,0.37087680602149165,0.20014511002303748,1.207404820071371,15.813343093558688
1386318462,0,332.14161443105485,0.3940316825281994,0.25454123676338025,1.1508215831701327,22.982851029673526
1386480271,0,175.29237790951595,0.3777592899317997,0.15141308937221887,1.0177525085174641,11.634661870433327
1386834034,4,25.546640735484687,0.3622961630163293,0.29908364000093113,0.9972901114963055,19.768997531858016
1387274327,1,67.40501841123671,0.3173282157905193,0.20103259398854778,1.1085131829511237,15.368194196191842
1387462410,1,41.05158462172447,0.33700723884814215,0.16816524104568334,1.1633161046404166,14.812575898372067
1387474634,4,199.14446134147948,0.3684763349839006,0.13485891590848284,1.185375637866588,12.617504174051936
1387601413,2,128.9049045469449,0.3492285424556477,0.2716364804932554,1.197674672330003,18.82844148199373
1387608181,0,-38.23946980506726,0.4087799251682418,0.4018834861483681,0.7821871176942734,10.512672077479507
1387610033,2,184.37714241505304,0.32889119587726307,0.2718041179688986,1.1658034875069565,23.84137198130555
1387678477,3,420.2303571603529,0.4525610135096641,0.2539411714866436,1.0837270404371462,22.120498851827705
1387768222,3,195.04335247204804,0.38211053619792185,0.20745335069945534,1.223890876860853,20.48340532547364
1388155176,4,187.05872260388168,0.34231699341007393,0.25419775829968083,1.114235395894198,15.268759611597778
1388167094,0,332.50357994851896,0.3989781246256813,0.12699741038264734,0.8774777620450879,11.83714725027841
1388289215,2,68.73918802103252,0.30202479062740456,0.26830639373267345,1.1152807319003408,19.75740711479238
1388694213,4,-20.504211544149953,0.3201244469384991,0.08199286709842335,1.4673681832202903,13.146201060254757
1388851619,0,217.01409182939804,0.36259007829879375,0.22422071593481052,0.9684602308199413,17.46981888180476
1388941962,0,92.13772853891217,0.3544105821536028,0.20270992327421672,1.2935696650122082,20.28475808107051
1389124790,0,202.76815009829718,0.3671514628181154,0.18988557555040703,1.2596409735149943,19.335113866493227
1389236508,4,75.31381417716722,0.3495074315922983,0.1619577018118587,1.1103385352142248,10.855422408615665
1389502780,3,149.39715309493994,0.3384080703675343,0.2646563472600447,1.0587582298110119,18.66607599192904
1389796975,1,152.70570447466926,0.37782565732597756,0.24476758066119683,1.1576769755988643,19.1868026821585
1389935777,3,56.66454403279762,0.31308608568766527,0.23747865257225934,1.0538672427048608,17.667693160287033
1390124643,2,283.41996809865043,0.41155922328957484,0.2086627897082346,1.0795002704056536,19.868984189926923
1390426236,0,40.66427867620612,0.3521896433312208,0.19660874424590197,1.0583417234220818,13.206151074779246
1390442930,0,21.501910451593645,0.3413096415760554,0.24044178152628815,1.0590251108654787,14.588387981384635
1390880036,4,93.59468520598797,0.3483020955333874,0.2775347697597439,1.1298102399641792,23.418606095186234
1390904524,1,138.71027217033014,0.34647927975718773,0.17830280750699434,0.9800484031557352,10.365707326801665
1391196204,2,-61.8010614552618,0.4336388030141336,0.22926854269668462,0.9097993628585024,12.963651796171751
1391471000,1,253.19321793647865,0.38536531943463914,0.21377686960924638,1.2024362378219813,21.3860397634607
1391471674,1,127.69595747037886,0.322467813367177,0.22773854464031926,1.1946749465359257,14.422602672157797
1391761944,2,13.32677776864962,0.4038846559381785,0.22540292466465547,0.9259428880896137,15.087838939136603
1392013159,0,181.77933811751808,0.3826986881121773,0.23746207721035825,1.1587406759063166,20.42440245579031
1392018017,1,294.5713011032244,0.396591258177925,0.15914294730072898,1.142293820588396,20.16367309140347
1392118578,3,36.898640729854414,0.34824093652802873,0.2826668763266835,1.0448670904456416,21.499912030135224
1392601033,0,189.68494565925386,0.3706402707786287,0.2524752456978461,1.0443622606300833,19.169111123706912
1393144437,3,194.12387994202976,0.3673258441830915,0.21284682466309768,1.0389867704644338,16.640984343209663
1393145054,0,159.4439917922153,0.37597992696363514,0.22711056084351042,1.0779225073921146,21.308534808509336
1393359836,3,229.6767709993503,0.36742034372666815,0.28239882516285647,1.1780088400896849,25.269383045999447
1393430812,4,156.6959783147683,0.3481011672283274,0.2607389421839553,1.0770549463588426,16.26316434417059
1394137835,1,92.61539723708823,0.40844691439924535,0.17206342763819713,1.034790366058969,18.01448733261597
1394335529,1,-44.168579625517054,0.38465238887619574,0.29739120532015784,0.9386404724851521,13.615668434784935
1394769597,4,243.26322528109995,0.34246361172273265,0.2810479111418595,1.0972248496871955,15.972582737099838
1394885564,3,219.9802698373171,0.3989898186377184,0.18841089672319777,1.1758539035853248,20.636257837899606
1394969707,1,59.256868821996335,0.3607333578699842,0.16610676279917302,1.0915786582961284,13.549884488756978
1395351360,1,194.95469482693616,0.3652358465249721,0.27280465872855675,1.1353617336445034,21.07267148311309
1395602302,3,176.20926565258208,0.3700368037515716,0.25018221937325663,1.1407473670958472,21.775281415559675
1395946154,2,186.88364246830272,0.4484586641337045,0.32519212542426806,0.9750117556753646,20.340950253614466
1396011418,0,211.4413299541977,0.3736555382223771,0.2261101541328635,1.005112809479336,16.62947247573023
1396173463,4,161.7462474660851,0.33477597830410794,0.19265880061682394,1.0364435186005179,12.241993936024098
1396280832,2,205.53715584554118,0.3609750006120049,0.25750086334616346,0.9818322854251305,20.528716441406857
1396448482,3,172.905355563339,0.35906397533939105,0.2859003762880514,1.0509300579683263,20.361112825371478
1396499237,0,215.22074232641768,0.3657263554060013,0.2425438518940742,1.0584778773687777,16.24448330309645
1397085325,1,91.4126904074461,0.3589502540275575,0.2867868226487392,0.9563522577512731,16.888671099201357
1397226441,1,177.80333692917293,0.37852627861021,0.2405627570811374,1.0973477293115432,19.734676656706796
1397367740,3,46.14395118383325,0.3754412800288969,0.23944190179139407,1.0428896861336567,16.85208940393987
1397495008,2,243.80820647460308,0.40598590942473217,0.33515314620696623,1.1082785289573225,23.716597336148048
1397532955,3,60.058783799328125,0.32170216285852343,0.1313389227813741,1.2745127891499153,15.010559519734691
1397660267,4,98.44778326751742,0.34519488219279426,0.30755099046305057,1.1507610928917955,28.012361047799757
1397915827,2,-10.328938734502728,0.37255136463316035,0.26842556181544996,0.9570553873760584,16.1798313487334
1397995354,0,200.72615642881868,0.3683960329061135,0.20931297924034992,1.2320825988370163,20.959500296410923
1398649969,1,45.263068850322234,0.42780108423301616,0.38136920562945686,0.9045248860489039,14.487842004792068
1399574805,0,29.71800429199856,0.3540729891697716,0.28271312167825013,0.9830254562684185,18.03858746946461
1399918189,1,194.31331669760976,0.39022554878445087,0.2177424005963351,1.1294474608481193,20.954325313361302
1399962717,3,41.9731581492406,0.33561844210242914,0.23694311079772612,1.246379691426196,19.987096452357846
1399980984,0,-48.636680742114336,0.34355583244714083,0.118265474194156,1.424360295688674,12.635901741260685
1400204987,2,15.672808376150243,0.3538317676239186,0.13206694663069662,1.2053362297022918,14.449307318072847
1400904747,4,221.92157161339884,0.3480663056248404,0.2632614094724763,1.0912811558417457,14.948192093323833
1401313512,3,101.3331724510363,0.36411205880263936,0.10831615192863672,1.4258493135739911,18.55592611853474
1401699288,2,89.09005694024279,0.36299308831073607,0.16059964607466132,0.982761032397778,14.37475536598206
1401767370,4,14.826493678960063,0.3937193679296278,0.201116355661745,1.0387680572434583,12.101339234034377
1401880967,1,38.89606790288847,0.39117088138832684,0.3039343745819343,0.8664562778769949,11.719135369057053
1401907543,1,166.02851349412418,0.3741698454430424,0.233753382347829,1.0555490724260157,16.896439588070905
1402707423,2,-5.186551193575383,0.38865425049411473,0.1865076402673702,0.8400027465531847,11.151918989924688
1403025307,4,54.408165966557064,0.38271322667168933,0.18521424603626177,0.9138967930785308,12.604988133476393
1403056181,2,198.46059638869215,0.3590757833520217,0.26934737528471475,1.0028561753600826,20.738922342515256
1403885669,0,-55.55989593161762,0.3503245495143935,0.10913785417172847,1.5522669862666354,16.866358558705127
1404736558,0,19.069860930931227,0.34867975545900587,0.2826572427628764,1.0452468153645684,17.887857228880566
1404881179,4,98.13817624911188,0.3504611859579069,0.24342215434682443,1.1684363494831083,21.58517929877876
1404906780,2,83.19079563465645,0.4141704853373155,0.18471398108549444,0.8581831414153701,13.16688869168102
1405342945,1,128.18896150691717,0.36280412036004,0.18268543673068308,1.1268845273179207,11.275930654928466
1405483472,3,196.128771834034,0.35293428635271906,0.22479544152379094,1.2412598185464676,20.758933652737277
1405504097,0,100.42767683606475,0.3583233858461928,0.20171072424984923,1.132593172553473,21.928688780841117
1405932277,3,138.24398524751408,0.3752797823084547,0.2303911256832564,1.0907044549079035,17.122295298815224
1406114427,2,105.81953922142164,0.36998784204864005,0.3348725829391101,0.8917439488217652,24.501390324992798
1407338879,1,212.90956930346806,0.38110704413001084,0.1797972078281305,1.1328079418936057,18.93426699428273
1408229683,0,49.45999209223497,0.35748562548353296,0.14829950756639096,1.1737096000156986,13.654248859917294
1408675476,1,147.1436941518653,0.35003274644820415,0.18083256400638015,1.1586026843364055,22.388717666151273
1408691704,2,105.9580060891152,0.33204906034714127,0.2851021554446945,1.1819078398439598,23.317483385555178
1408899479,3,27.065250302074404,0.38023568437930344,0.39595391733156915,0.8862536861390314,23.600878373772723
1409017581,4,192.28306198744144,0.38484925746177495,0.2838318994580925,1.1669235990567277,20.091349268878535
1409490636,3,194.95831783298323,0.33848703269084596,0.2271596837526325,1.0068131841941859,16.53952540958218
1409584413,1,162.47014699947403,0.339596357967208,0.18789420370790627,1.0284704257041566,12.267208129541975
1409830378,4,88.3861037694588,0.3088638890722973,0.17663220667135424,1.1034610585651576,15.299590264152329
1409947542,4,64.6214898216978,0.37079584343289795,0.18532401043773405,0.9234482542103444,10.386911791504682
1410914942,4,247.5393312940373,0.390380363219005,0.1233047712053697,1.1614416597680153,16.29279775078642
1411169396,0,56.12704737286146,0.3745045246039927,0.29597379552318037,0.9805964392643594,18.25318554253221
1411192314,0,305.39127905585866,0.36664477238151566,0.2452450114382437,1.1274610077514449,20.295569481371693
1411288736,0,-2.270816672041974,0.33718790924710706,0.2617003925689227,1.0583038946235728,15.884914654813619
1411415365,0,50.82887640031521,0.3562830100997854,0.2279636350336093,1.03223726364318,17.843515700226156
1411771596,2,125.2579123811494,0.3675214560232608,0.25980252738510806,1.1303943157538874,21.307138794721908
1411897079,1,82.23818692275857,0.34774490269456093,0.2152792691561446,1.1724142114488914,18.334648057423134
1412120720,3,208.68246225810253,0.34040214635732197,0.23019335987289208,1.2064794812575241,21.953692040630195
1412223212,4,31.26985721265558,0.3466084527868309,0.2128456175607239,1.03943743509417,11.337439957883216
1412767415,3,76.00248798150344,0.3499021115773966,0.2604327923705658,1.2089535529088968,17.457768209599916
1412954804,2,46.057461575235465,0.3845210768042919,0.2861114693456581,1.0458261879352193,14.10779233664931
1413330755,4,173.22941499194627,0.35769613666642713,0.21041986394140685,1.246346926939722,21.59715426957801
1413610901,1,113.47932265525758,0.3526757418951343,0.23080172888766637,1.104081835465137,16.73995087181196
1413611773,1,272.8161517287275,0.44092460973773057,0.1513841634456854,1.1593590100966198,16.7596046025367
1413837140,2,-3.930140744241484,0.37677548021661966,0.14767059673536392,1.0770783550846588,13.770149071431529
1414225049,3,65.40463100382489,0.338390091981507,0.22678151326284923,1.0006111235437614,14.706595835182595
1415337639,1,19.607000551725875,0.3455536658594758,0.2563584854950725,1.1238142382599243,20.86288432862824
1415406733,4,53.86369581482972,0.35695168450853265,0.2644111291508688,1.0780182517647936,21.51361521686666
1415457510,2,212.05504615934555,0.3595059476654546,0.2632167034585794,1.0153650460062447,19.445209759633737
1416739755,4,228.31037167811328,0.37924133859332365,0.22339302057808189,0.9568547149960929,14.909353105797765
1417031371,4,101.46799457162308,0.4186893913682846,0.10623652466438155,1.204151398810447,13.53567753980057
1417043259,0,223.7638465780006,0.3646957097029831,0.24851463724301903,0.9938119875180996,15.224779645995431
1417054451,2,177.19968002029543,0.35923638615622505,0.29127448579758886,1.020543359268174,22.170292077007154
1417361969,1,81.76583436766411,0.3833867255747924,0.20844675670288348,1.0335918673323368,10.270250756925705
1417768053,1,249.1567065790045,0.37836370809174197,0.2550390743220852,1.067457073039844,18.24825918450253
1417800703,3,164.7250192764425,0.3677370624896115,0.2014097071866509,1.1593829492550953,15.567809343025944
1417827855,0,222.64780815066166,0.36616299675623515,0.2731309170880419,1.141462898619573,19.224950907571067
1418585210,1,68.46578732037148,0.3406786281755049,0.1778447477177851,1.0051775400968193,14.139404663143772
1418607549,2,-1.977813352800169,0.38654073092894925,0.16023536173019468,1.107282424616275,14.574294512747562
1418628819,1,-8.763831529669076,0.41850923888391295,0.19219344952147083,1.010720523978776,15.611346464256178
1419016384,2,-6.307626374327114,0.3745198587044204,0.22076449875287568,1.126882981253475,12.268590360653036
1419552421,0,190.63901096147117,0.3685958759508318,0.20659255657946884,1.041501640445787,17.849244927004705
1420611006,0,78.09727525115457,0.355351673304801,0.24368820101453859,0.967381740527678,15.335972541779977
1420737735,1,98.983033186661,0.2932496608726304,0.21241164948264296,1.1660037172300683,12.787467788470689
1420812496,1,9.467174276233465,0.3670568013526921,0.1935235006382583,1.0725845798022182,13.442855191455042
1421209921,0,41.84257348923299,0.3401110954338395,0.2138139166874122,1.1230859804472741,18.396764752856964
1421320527,3,-22.3958052973705,0.33846986802673945,0.22154642224887508,1.1076076910355124,16.36913549468857
1421392945,3,33.927920503177816,0.34340103329894117,0.19256996598204013,1.12951385167895,16.056778381346664
1421653372,3,196.48273428188006,0.36930235190791616,0.18518584776745306,1.099740466808274,15.616390578431522
1421658168,1,143.44913505304243,0.3464428503425781,0.2273709669656377,1.0365159848931407,15.033827376413607
1421896070,3,-27.369239267836164,0.37815632059537546,0.25930348103240025,0.8940582560393486,12.854602346123281
1421909568,2,12.998649932791821,0.3162992289623308,0.28588675491232063,1.1093767576734335,19.154218049165603
1422009513,3,49.11239304075099,0.3837779237011848,0.21180626189681548,0.8353939275158908,12.061604159080447
1422047403,2,64.99558254686383,0.4257169456376636,0.20421153618997376,0.7024702024479863,13.993004733092892
1422066716,2,145.85913120116774,0.4115017724338026,0.26919278695226845,1.0081009428786094,21.654878162007336
1422469487,0,335.7020379282271,0.3822165783845214,0.21085454913170742,1.184390764828472,22.83584252001254
1422560601,2,149.6135607840138,0.34185674036121094,0.2319279270426655,0.8960779633387438,15.722788627264954
1423269762,4,5.171843319651842,0.3547722856255139,0.25824041251319474,0.9911043147648542,17.3471647484475
1423401067,3,248.67905629479782,0.39200683963251737,0.20594416552407652,1.1621160768002567,25.14134373879837
1423424888,1,143.1714999990349,0.3441924328195912,0.22536274213776714,1.0994838731008596,14.804224568044102
1423530794,3,183.9059728584644,0.38332106404944555,0.3309670934802628,1.0726388687914064,25.406380315257184
1424144967,3,285.9615774337831,0.396767770105961,0.20703078440249445,1.1463176342845698,25.139543987372626
1424387141,1,214.8249055832649,0.3538368377892682,0.19628038322733443,1.373401545187447,23.237000607101706
1424467870,4,133.98934121854342,0.3447571364315491,0.27340343734765116,1.1269277723910156,17.304477510267805
1426385152,2,43.08266961718347,0.3671424421271288,0.2791451560219203,1.0927784535396927,21.03150524936914
1426651085,3,252.87589356786575,0.36946343668187076,0.22258846113837572,1.1801972525521112,24.720859394582703
1426845091,0,159.07635823456707,0.3903750959459764,0.2545938983270251,1.0331783840335889,20.556254827802952
1426880410,1,-17.711230549256825,0.313728277816197,0.0759178991307661,1.3946640015010627,13.772950707643052
1426978607,2,336.8651033809423,0.3890962667581034,0.27082691453902485,1.1551161944861403,21.907803730367725
1427121961,1,157.3209123871329,0.29989058275281205,0.10815600128116187,1.1578890437212006,15.651522317154772
1427163348,1,200.14358028364953,0.4473247794831304,0.07782735055736578,1.2124922655777999,11.990530599612672
1427715399,1,239.6570449006754,0.39935974627179577,0.13461672617521547,1.1364881119309613,17.838618984269665
1428013665,0,16.287438415826216,0.3568287381148689,0.2620262804647778,1.0330061065158216,19.343260767269843
1428459269,4,68.1147165666386,0.3436295398468405,0.24814149512379752,1.0978491759590117,15.121508825352272
1429766327,4,227.03880031132172,0.3478617852644544,0.29978455890203354,1.0708800023641183,18.4196250398997
1429793294,1,151.886639515061,0.3100632519659213,0.2955565431388846,1.2085723023497363,19.860370806616036
1430116322,4,29.70426044595746,0.3986646790712506,0.15617021781062138,1.13651972291652,16.562486057622362
1430315937,4,88.2431223603381,0.3224325980639514,0.2608181113124948,1.1711525517258634,14.69603990432884
1430519110,1,187.9118026316464,0.3772472697319978,0.2934164744121623,1.082102538472781,20.91399798175619
1430804351,4,177.8473912914935,0.3533733458095208,0.24660434472518197,1.2172415013493418,20.139972438749155
1431061733,1,84.6435758497297,0.3939428899276021,0.12360518345336163,1.282816897094603,14.076811395233237
1431221596,2,81.58619442998176,0.3594885166390964,0.30695786758528315,1.0865259296353964,21.092310568398403
1431937128,2,71.07069153530823,0.3494580446946959,0.17534914319983008,1.0590605472053212,12.557057383998618
1432698021,4,92.90550190483643,0.3934179998959206,0.20475146284848425,0.9293586441038004,11.6643348393224
1432821779,1,100.09380835966566,0.3606893408952019,0.21247428304176233,1.1206217473266444,14.258236056260102
1432826264,4,6.438833380007637,0.33501816203624396,0.2522376272647874,1.1225985306082766,20.950961528184695
1433887505,2,41.376943363347586,0.35288653198899483,0.22679663309262973,0.9659923221459156,14.110707580027606
1434137991,4,-18.778379055321352,0.4450194081250589,0.2015870715415991,1.034891638662575,19.734104809817406
1434167997,3,-34.63774658777635,0.4039057840017334,0.39966003831429625,0.8810181959301189,21.286930495428983
1435049128,1,40.02421752585038,0.34615541281963536,0.20583305430555787,1.0733607494825932,11.33925544416348
1435571706,1,-37.73204460419498,0.3070853833634158,0.08313922587801559,1.5578055325933131,15.029052281541686
1435785371,3,-30.103429970073904,0.37518317369502785,0.23675917730294585,1.0150010464197252,21.467724188475064
1436177841,3,36.717547081923826,0.3962740495466996,0.1796595520764569,0.7889938833520249,10.760691430727356
1436330682,4,227.7930593556385,0.3972569981220807,0.12426007087520344,1.1572788763312125,19.101694976861605
1436575335,0,218.58403375315007,0.3619467037141372,0.2453107431476063,1.015248664853486,17.055963785162504
1436896741,4,69.73475517189202,0.3532425341104033,0.19111327883389867,1.0517843883702513,10.578881339003036
1437172858,2,195.74809238740022,0.3315869508050058,0.2839320296502685,1.159509485367395,24.813296573669803
1437182858,3,210.0891518003975,0.3393812435328907,0.22757702622836645,1.2171736927262802,21.98784758225951
1437198887,4,108.07516599666405,0.3363831291036255,0.2675663935188354,1.2711204523971382,21.42699047586948
1437455994,0,134.30846594192678,0.3698888004158591,0.1726902467931831,0.9693310322551651,13.094349890890063
1437522401,1,98.42453509958032,0.3505376794047819,0.19611463321198347,0.9716867175800505,13.783801470760732
1437709159,1,185.81537305764252,0.3467338802641963,0.20775298206772286,1.0915546798586178,14.494704761584977
1437848848,3,145.45859342128188,0.3759923853707931,0.24354642389296888,1.1913320974086166,23.456683688230406
1438275910,1,94.67541528142898,0.37380788670707715,0.3030296940586117,1.0921735703832476,25.02169637721429
1438410833,3,0.9712351268043165,0.3376657247257585,0.2375576745465069,1.110571653058671,16.33577452980367
1438539748,4,73.17958863221935,0.3334014126508091,0.2487525418758864,1.1896479488420335,18.987285089002725
1439560323,1,41.459862348843664,0.33287057861113184,0.2692056940197889,1.0894609391150463,19.992239335095334
1439590900,4,142.2199720627932,0.33782752961593376,0.2621118850460062,1.2174826654780035,17.626662238386256
1439796054,4,344.056651706293,0.3939387118422747,0.13403992686375416,1.2582427722201162,18.45781817595737
1439837660,3,282.1705839609882,0.3806271646044085,0.2970344053613124,1.0848663017584907,24.59092126220945
1439947780,4,177.54044376029853,0.3706263419047441,0.25815790049089277,0.9826460875512566,15.836646594685108
1441154602,4,247.51491060125696,0.3376453274506841,0.30646790561054205,1.099591860519704,21.339732859032885
1441221742,0,-15.210380347951244,0.3430430936826868,0.2525098833896712,1.029699918246927,19.408889546482758
1441373602,4,209.66494626328466,0.3675016676686948,0.1850495136973601,1.4716236141104786,23.41515597310575
1441731142,3,146.13307104714144,0.35845227379522826,0.2897963913137447,1.1959093257040554,25.617354414534482
1441736260,2,13.267577490050087,0.34520996212227995,0.274515880831841,1.1118354689251297,23.708916025024
1442807010,1,-23.086769124163553,0.30978707074249234,0.1213983706796368,1.4354802388812162,14.540865149753575
1443435953,4,257.1978899995139,0.3427759966721193,0.27667832717644414,1.072176750867927,17.846904355970516
1443684978,3,262.38661071372576,0.3729574351603936,0.28483255996288975,1.2156902066885196,25.59518308757997
1443853019,4,11.678514963509684,0.3902269288984984,0.3201015562974746,0.8554352717543603,12.645859690497305
1443895665,4,200.7029532007391,0.34974067618335103,0.2724129374067145,1.1004150278789762,18.033440882043195
1443962559,0,5.263225191361016,0.34204530992654447,0.27270633597626615,1.0176826519968385,19.12997144993345
1444001096,0,50.40804085527775,0.356849186434245,0.21063121045871896,1.1008586174318558,12.5447648015059
1444443456,3,11.016513942158937,0.366000296825003,0.2127935187305979,0.966621771033481,11.619162264683977
1444497775,2,214.54361454383394,0.3681415488079596,0.2626011234396252,0.9849837424619754,21.306006125866087
1444677131,1,167.36034525726367,0.3460200810016277,0.290957972679377,1.1626917660737348,22.656970003670388
1444682939,4,219.88951631981712,0.3336212450411108,0.2578707678029947,1.2363749551601075,18.51235404695735
1444841962,2,66.2322030531397,0.3757351188293982,0.29230369047782767,1.1024918988335062,25.31424430724248
1446315012,2,199.57794823882742,0.35224976976570765,0.2599603893748645,0.9966880347758191,21.3674621862744
1446335630,3,45.17036236096468,0.3728505450487873,0.2578056156934385,0.8871532307180378,14.377358543878096
1446403769,1,192.82888986024534,0.37212762865828986,0.22627079217944657,1.1414256601008803,19.776803164872938
1446406615,0,221.7717868959444,0.37203828790718724,0.24650726093173894,1.062491404713917,18.53432133741506
1446517158,2,52.258173629284556,0.3783256744743376,0.2259063026546189,0.9898912704635033,13.156014123524443
1446956621,1,50.03397162025345,0.37296593515897836,0.20294113678098383,0.9930455107926058,11.98564123013295
1447075360,3,56.97404820388265,0.3652683611294984,0.35703761834449677,0.9392870592504117,22.5166295976368
1447287020,0,40.34850571360658,0.3327183682839493,0.2455770119445025,1.140929133529414,23.195548297426765
1447445383,1,142.64138430226993,0.36055375943444307,0.2445226875284853,1.1092333647430317,23.805617948748512
1447629123,3,43.24281143419138,0.33878788376766417,0.24757632703159602,1.1739249297979126,23.77347543617186
1447631278,3,219.2879126880713,0.36996575717774616,0.2579163709802569,1.0992472966973534,21.391834758323938
1448332716,3,16.23225687941367,0.38648313701062026,0.2540045216635477,0.8918273026634752,10.145645321548983
1448341292,1,245.0463412369528,0.3989229162087213,0.18428427048673446,1.039309719699981,16.173990192937193
1448448374,2,-97.09617396438794,0.3764363649143615,0.15877448914545866,1.3905774375129707,14.25624703159122
1448731732,4,264.2937901236528,0.3520215632774119,0.2544450041679748,1.046202796041834,14.584664639377214
1449297338,3,-32.159027281726395,0.37433468689617005,0.33195997719965914,0.9180265113408665,22.361902366217606
1449481867,1,-1.491159657411842,0.3486667574726036,0.20551288515921798,1.0854929484871454,12.510788893253359
1449543209,1,46.30541053737183,0.4287306222164332,0.3770406671811882,0.9074475754821796,14.524206724429696
1449552519,2,54.9178287164985,0.3488697211118665,0.27634773892551695,1.085156548035306,21.024298622881172
1450236105,1,113.80010570271058,0.4671050004289914,0.17992204767197084,0.9193412154803077,16.107465782948182
1450460730,3,180.2427284466359,0.3503347386598842,0.19884637784366,1.2043768639870027,18.532516899556015
1450812051,1,162.51291081765592,0.33818008067502403,0.20493085089203852,1.2628422239249382,22.629490032392592
1450851242,0,2.3863068462262618,0.3346681145063832,0.2685209716390128,1.0989264006875854,18.31377250267587
1451556354,1,-12.606263479734451,0.3856369026685568,0.15707061238322315,1.050426802131245,15.76736195461911
1451589071,3,230.66444763053727,0.3739422151648143,0.30332888838783084,1.0695621776974,26.06105009513908
1451687458,0,201.83636900510993,0.3560005825237133,0.2720039935271484,1.173928480201963,21.24572116702025
1451767844,3,12.30867698581244,0.3477995445476723,0.17514743044625003,1.1219502512595265,21.009032875149174
1452233273,4,43.865059226532445,0.39297098003748593,0.22245163168672022,0.8644928412440438,13.175104064529464
1452416309,2,258.7877013244675,0.4013213538634023,0.358891675526069,1.088053157720693,25.301922006660003
1452761460,2,191.19330609955367,0.33969999012962554,0.28074536841191816,1.111459926612445,23.270320235539003
1452778640,3,8.385979041795295,0.3354636888848303,0.23712401463635277,1.078690431173492,19.631665413503576
1453017209,4,89.6588099478551,0.4408668177118795,0.18908344654670337,1.1471094145728373,16.288240375032743
1453388212,1,166.1631628019591,0.33671616856249387,0.28400896845865403,1.209207078589217,21.699068087089763
1453450335,1,201.45472923774855,0.3277364424632372,0.2439256499805324,1.2050183981801985,16.139517830768394
1453479470,2,144.78147792255066,0.3703551108876593,0.2917382722001248,0.9181593132624515,23.324224798814114
1453811128,0,192.33298564855568,0.3552356923075567,0.26277808729729585,1.1630698726425492,17.978565195267908
1453894655,1,172.3922959432124,0.3759668200334082,0.28630295602672157,1.1617786812782949,23.229951351964406
1453979051,0,167.6929760467743,0.34171039782316764,0.19379034283005658,1.247538251835661,18.186948682514934
1454170504,1,173.17715446497357,0.3919064965316649,0.24965573093566917,1.104619948628403,23.010072807562096
1454388009,3,303.26598951402894,0.4527440592125082,0.20653639256563855,1.118883921357323,18.99626441768955
1454873499,3,115.84307215228347,0.37690572041669795,0.2485867694101803,1.0989730513485791,23.12958350240533
1455090776,2,278.0766699089394,0.36376654999232616,0.30997951080896835,1.0114997006319157,21.72165938174862
1455134437,3,148.6305885740611,0.36555870902107535,0.23072530343024908,1.2002844107142479,23.263375974378896
1455221251,0,-14.392367736510167,0.3442489524570543,0.2536783969721596,1.0576061799665952,16.056031702665074
1455433082,1,69.22356560810198,0.32361117541245127,0.21967791305696754,1.0301890934361309,15.91825003753494
1455448064,0,373.4991074532139,0.40995588670645633,0.2786234170259719,0.9590669328361685,25.231778734926472
1455477899,3,5.702273271809744,0.3561990464996177,0.2815937694477806,1.0186137290993382,18.486163498929724
1455663460,0,225.87569785643018,0.3697990088349745,0.2400709489608781,0.9906671620727072,16.377327559414894
1455763004,2,80.14634721407425,0.3859170110502836,0.19354061740139084,0.9645815518383719,13.263770321623467
1455946712,0,216.90554425705577,0.36783480372763766,0.24818963168692407,1.0303778473109715,17.1334635454782
1456134582,4,43.71924685474841,0.35095504558975005,0.24367897325276872,1.105095321039776,18.125533246143338
1457502415,2,152.41568243697424,0.420106267024147,0.25839634641643006,0.9781065620307926,20.888743845066877
1457793219,2,-6.997982057590249,0.3605962845384846,0.22586808635109612,1.0678711627089417,17.242943888660264
1458472862,4,129.6736340821784,0.350466824385694,0.26757662498749685,1.2502139579472036,20.552895740343878
1458806978,2,152.4114911467721,0.4081897124916355,0.2524004283321078,0.9346103351927932,17.380139518104663
1458835114,3,150.55544688202846,0.3937603529939501,0.18215837510173177,1.0306424094398703,14.393495908810888
1458927340,3,115.49093540689083,0.36743586138631,0.20265448746278927,1.0892279981253712,17.398841118752735
1458930812,4,70.8879793578127,0.37753087651437367,0.3242770457858382,1.0157906553276597,21.151410160893143
1459842972,4,200.83075741459845,0.27890997871379103,0.23485204577863034,1.3293245655812889,16.46327645638302
1459846963,3,198.98359586763934,0.3531025546568353,0.23057870811192382,1.3177115643300892,25.69045494521398
1460712253,1,-3.692790598445228,0.3503933832621849,0.26612820960143774,0.9895627055553575,16.112037654697392
1460910986,0,239.972797641351,0.37558154436610663,0.2257812548296262,1.0108472540061506,15.622215178918095
1461036801,1,-0.04383788499058028,0.3886431103300813,0.3003872452887875,0.954564200211852,15.360625039374135
1461767577,3,196.29687008847196,0.3682026888866118,0.2620936171750331,1.1692557122143776,23.33068943269355
1461784308,3,283.67704739070007,0.4112833277249613,0.28875643714799376,1.0665733522937444,22.94303028691319
1461861414,4,99.63996149968555,0.4087583231352196,0.337063360733852,0.9671814504126426,19.77178715256641
1462340201,2,48.51072274808575,0.4157424078722587,0.19886373134833552,0.8165556006182542,12.413283096282743
1462614613,1,-16.05084154824455,0.3588482865903114,0.20843503099534316,1.1110368253430927,15.239842922725853
1462748332,1,287.5321550289599,0.44529194865158556,0.2659671041669679,1.016449893930467,23.935168491216793
1462931199,4,-33.710137942233814,0.40202983303747397,0.2728302152132586,0.9005654167430608,16.913719233910548
1463007614,1,50.744468320607965,0.38425790243561375,0.421374096269195,0.8939771151964757,22.107431196902844
1463085835,0,144.69625096760043,0.36551370428248675,0.18025710928793398,1.187270840295302,18.99901185110176
1463095437,3,165.46667874372554,0.35565940107477234,0.25386166870462984,1.1540666574093532,22.542994340115236
1463175891,0,153.20968677682762,0.3896246034820494,0.18928370010643275,0.8906396075050707,16.773777807090486
1463811998,3,-6.185298003139238,0.3581609526539821,0.295090997053358,0.9860435803922427,22.28025924148786
1464019841,3,218.53834908171277,0.36954722960972597,0.2870738595458088,1.119977666511151,24.583151655303794
1464421877,2,45.64230003846486,0.3799289309060912,0.302595178069445,0.9355201347231444,17.81692682598317
1464436894,2,307.0400857631765,0.41155508918006317,0.252839814147934,1.0642286431057146,20.641812563091033
1464819967,0,257.7994547165013,0.3742145568836958,0.25855513827944604,0.98734080990225,16.967031345623806
1465340291,2,76.933736838177,0.32632915949256286,0.19473003998087648,1.3372391307018856,13.722646065044447
1465942783,1,80.23785392691929,0.34839036565423515,0.20630591725968309,1.0392705167177714,14.156714876971398
1466879267,3,-114.72577096720022,0.31961318568036484,0.08759951796980578,1.5739734683588418,13.982345026746959
1467166248,3,-46.80283799851506,0.32586136683622186,0.09640625594209676,1.3640460833078438,13.96561454385093
1467252065,1,11.09747559394134,0.36358854175807503,0.24147664834244023,1.0298386291775892,12.904604039973588
1468461975,1,221.61564689997198,0.3739702891883331,0.1715091445727656,1.192662027231728,16.804941551364447
1468518443,2,-7.6315247343431025,0.3806412992874163,0.21533488324845568,0.8765701127507928,11.931500197750363
1468882159,2,-69.4559307937079,0.4026585106096328,0.1340687606504115,1.3272120157662095,16.59304870322921
1468958338,3,150.87692418686098,0.3387658263397007,0.260600306997504,1.058046395925144,18.77227801494097
1469078897,1,96.07908122357566,0.3956397060035039,0.26408264153200256,0.9252910944932747,21.42810319532003
1469251580,3,259.25516853822353,0.39864156304284915,0.21819733623397167,0.9114429874505066,14.919455117124196
1469266389,2,83.28952154318819,0.3489253308009134,0.21031253104834868,0.9834408755465819,14.34393554670068
1469368089,4,91.79683464469717,0.35488793532713825,0.23647346328994132,1.1482051812715173,16.59326602848629
1469495249,0,80.96113145960057,0.374024740157212,0.22444497338636932,1.1609070662083505,22.604385406644013
1469675356,1,91.69646731920841,0.3790531020332648,0.08565156688926495,1.2711259983118677,17.244222547168203
1469897580,1,27.80161391318886,0.36617418320883344,0.18894082586807778,1.0555086176283186,12.421204700236043
1470418130,4,150.44801459832226,0.3854644601767658,0.20403808533415088,1.1167786211302342,20.122367719246103
1470645091,3,237.34965220359004,0.40463135966930863,0.24592574233146286,1.0959283311864578,21.049160921289054
1470768847,2,-24.60714528005893,0.36624347544227404,0.23320502263325038,1.1085086870562209,13.339669163512065
1470774077,2,219.97003320719784,0.364028338084885,0.17937553566622705,1.2604633201012143,19.27091609123978
1471142716,3,118.0487946548802,0.4021571095037739,0.17257955795367902,1.1106458778180839,18.90673115515943
1472109489,2,153.80850649654425,0.34584635145104053,0.1970836965743249,1.2137976285463243,20.893229949162826
1472118288,1,-43.78576299033048,0.31000957482577063,0.10964206163872461,1.4914191831255834,13.992181559405694
1472271341,2,0.005894458973372707,0.37355055523766917,0.2741330769785294,0.9527785318906038,19.88772699021155
1472751426,1,181.72301283953232,0.3929843460011912,0.19799083836355988,1.2122614378543521,19.82969606135674
1473380579,2,287.61040376589864,0.427307419675307,0.18246553638640448,1.0308283635424929,21.231499023673425
1473395922,1,196.66497055230496,0.384854149357938,0.23704620495015816,1.0730975420529043,18.977783911774843
1473570358,3,220.16553270146335,0.37218300053377,0.2857434214141913,1.2300417187734616,23.4708628897044
1473690215,2,249.01631181821455,0.378577184661506,0.30493107370071576,1.0146648780857128,20.941007347783795
1473745481,1,146.53721826279468,0.39927829516904695,0.19704871994928058,0.8594217712687648,17.222894222414826
1474070468,2,147.2840308384255,0.41743432714876894,0.23392849153400785,0.9202697165618507,18.830429920334318
1474131719,2,48.25247687702226,0.369633462497174,0.219804427507519,1.1009233984269118,21.0353367120949
1474494101,3,81.6658804656037,0.38407944940215955,0.22536081540155992,1.194191107779459,23.49434283780156
1474888709,1,19.86337900702887,0.3534193578912137,0.2132574689011863,1.0509121451007837,11.95913771285155
1474909304,4,67.0019444106375,0.38074499144516216,0.2987269967913827,1.0629128740992317,18.271760073882344
1474978524,3,-34.18482538773506,0.3519806425134612,0.23811265550248376,0.9349858771154204,13.384575365682227
1475222377,3,276.5706450768878,0.37105329369943263,0.2738681115552127,1.1134320379620948,22.974640110084835
1475370376,1,185.25044085930722,0.3662549810285305,0.2554023724921121,1.2450529737599147,20.51024463043505
1475746225,0,-66.26436462008282,0.3905504826744249,0.2847345620688642,0.9561092468120833,14.959192477280103
1476123993,1,-18.24047566860044,0.33482753208599203,0.2299168057488663,1.0713919698977394,15.163555406325301
1476310950,2,21.44841305672736,0.38454547271159223,0.3454193622879225,0.9065173090844317,16.800025725064565
1476461237,3,116.4333753739945,0.3890869897792582,0.21927682807985208,1.096973924202059,21.75643144323807
1476641400,3,270.4451310550396,0.38271162284395155,0.21650650248510553,0.9516863588127581,13.702966863235112
1476707326,1,189.62811963669668,0.3623134424871659,0.26713836605512226,1.2196626294288517,19.25097804583389
1476896117,1,57.882573326073995,0.36249962113708595,0.19073618421323685,1.0078304126027873,14.075771045757211
1476896274,3,318.4617536788528,0.39280964411751756,0.22114938247332108,1.1569571950338422,23.550364538054144
1476946894,3,76.6273275471546,0.34529337144524586,0.25895258745787647,1.139185289112876,21.291184838657923
1477172876,1,28.487167251365108,0.41913415479732796,0.18494052069435135,0.7803631437539648,11.818323544166446
1477353024,1,152.94909681677052,0.3960538936006716,0.24435106113802244,1.0884737062909662,16.074780446276982
1477468420,3,31.133369705920714,0.3571441827718706,0.2303840386902275,1.1511142832178332,21.2342836602285
1477631774,2,193.62358977854495,0.3641557788230782,0.24087875096002553,1.1446850226296812,19.316737087161677
1477890619,2,179.292273211026,0.357238279239816,0.2534334491576172,1.132063311129368,21.369357581969183
1478638391,4,49.106297030652854,0.35706451761310803,0.18152587492887057,1.1049528580333292,12.155870361256017
1479037928,0,270.178559685808,0.4191821067836216,0.1494117137521398,1.337827162703471,22.304467792316814
1479528015,2,200.27654408001223,0.3540210366948572,0.3119319697957923,1.0628851260904895,23.08637548192372
1479577775,2,109.67986331109016,0.3983646014512077,0.27112649632438013,1.0586383116623266,20.78685016936597
1479997464,0,19.60461619312582,0.36724150755096735,0.3553649410941604,0.938845359077641,20.181039120272388
1480032186,0,194.32439436079954,0.38423314418631205,0.2420477791381591,0.9936363284476168,16.046242223615675
1480316431,3,180.74290076378776,0.3583349309213202,0.22612245761207014,1.0347320788491687,16.33666029942831
1480445744,2,146.34296750264207,0.33550109915776927,0.2827121447998589,1.117833966615868,25.029611810901415
1480784338,1,262.857695749349,0.4656709401491286,0.22222331645299276,1.0997587083096205,20.24819616170736
1480818126,0,49.83860994353463,0.3943274625549675,0.2407391378337914,0.9900503290781604,13.180215875672495
1480945963,1,-77.75242271065025,0.4223548920137568,0.20709143149415138,0.9572000497903077,12.944436591197974
1481083200,0,72.06106232229365,0.4079001413550652,0.18759497988857798,1.215637633160668,24.73516577561317
1481177497,4,108.93665300935662,0.35107529657642655,0.21925592505264294,0.9811387936519159,15.952653566211279
1481191612,0,69.48023660997771,0.3658473091991235,0.33747066910825174,0.939863433533386,16.77427418759709
1481448213,1,116.49197231003524,0.3521903477615431,0.27589332259224264,1.0724850781021513,18.297406003699816
1481540874,1,15.768591724592483,0.3399899090152672,0.27811077260549927,1.0224436371752146,19.382960712392183
1482021173,3,82.61030815998966,0.3150754167049705,0.23514982128485704,1.085186315562407,20.27982308133086
1482072500,3,184.38008089283227,0.38226091652955757,0.24452457841178765,1.1208542007187734,23.61262152665809
1482083544,3,225.77254054510885,0.3819885822331294,0.24808209142355533,1.2566704514834957,24.558612094945374
1482120134,0,184.29507999950667,0.354869752573395,0.26841039026127894,1.2086572330334562,21.857296777604684
1482727524,4,135.01505561072173,0.35448370698354775,0.2512761043166994,1.2375989894505017,19.30969430945487
1482787899,3,72.7612196977567,0.3664140648587435,0.2865335477311465,0.9905567145813787,21.17749903914781
1483068354,2,234.36263891639442,0.354913765912011,0.30049985277116,1.056115704411259,20.546581465113846
1483153718,1,93.09698318907574,0.3661873217006185,0.27595934459959726,0.9418958451076832,15.84935064075981
1483304960,1,-54.30050475138239,0.3835386013802519,0.2528354972054342,0.927483605241945,18.77619340048458
1483538338,3,231.45430029744114,0.37473270906299927,0.21143109170087945,0.9786835576002142,14.981488659992547
1483754768,3,295.98508144842174,0.3806559873998799,0.2652935840479168,0.9996680702237781,21.273111562123816
1484029097,1,-44.720393804980716,0.3285321824617889,0.13199620361312586,1.3988997219624917,19.9990532145769
1484271204,0,232.85342354839997,0.36506373556162797,0.2092388262616831,1.071518680582844,15.816741333834818
1484621104,4,139.9061987772721,0.34795946334978883,0.27732593125073296,1.2114878839316954,21.393228726393755
1484839925,0,-30.939744196838546,0.38903548515257563,0.3765459989616554,0.8791519650785067,22.06473691040385
1484940598,0,55.38109185928281,0.3776700263759829,0.3347880751378566,0.9744991291514548,13.909789842743654
1485740570,1,69.68732780644415,0.3432849827354071,0.25494424915259684,0.995777913252251,19.049863747007194
1485822682,0,-18.20417078848287,0.37951210922760054,0.34906554534968737,0.9117006238552644,20.68504053775905
1485858652,3,47.06372437848249,0.3462200616152392,0.16982672428560602,1.072896080375655,10.983034109955662
1485862700,0,361.47526103966857,0.3829676414200653,0.2568607342579,1.1541879416071859,24.053213656735586
1486120892,4,242.20891654832903,0.38697584144292885,0.13014840266182,1.257526807439719,19.293213028280515
1486334179,3,50.39110969396542,0.369101228059867,0.26594108429650304,0.9744739493486937,12.256361687408422
1486442979,2,-140.25791769751322,0.3376117628528341,0.12788803143335997,1.4658471217336162,16.687859228947406
1487203237,2,15.10163996475194,0.3826318299909909,0.3316895017199514,0.8835430490520927,14.709176542089942
1487747929,0,184.55464599285602,0.38254941690345057,0.1765921770511848,1.2295410089521293,17.149860237067536
1487920180,1,35.87590951785168,0.35745787474408686,0.21204280350610796,1.0337671170928118,11.3041036464084
1488067118,1,187.9500157042167,0.3921882743156099,0.18761465267209587,1.087530956994709,19.02168993635444
1488760517,1,109.94854175823589,0.3404283202953455,0.2806898225082627,1.1497113562890515,22.966772424750953
1488918987,0,52.36562543909124,0.3468718639099956,0.2148420142910053,1.2948279824793085,20.639970970541597
1489195327,2,191.9767450482285,0.35096815458356245,0.281299238585861,1.207419434452428,22.92132339968122
1489614055,3,319.4753008311727,0.40012251955143097,0.28417309323982204,1.0796278884929487,22.629521747563235
1490448831,3,164.42022551790882,0.3480507203354384,0.19147063589427998,1.2938276513917346,22.88017514718777
1490582596,1,7.178821952523705,0.4100835564811143,0.3369252693198339,0.80882985109282,11.436248236126612
1490863909,1,24.635231497783366,0.374929258253278,0.2395013114740373,0.9617241330018066,10.563912196844353
1490994278,3,65.67979927405707,0.33001979534388465,0.2417732101897308,1.1537647996149183,21.228306917268885
1491147756,0,158.09514288835885,0.36807611017592856,0.21917226194020978,1.164430933159431,19.663173184045917
1491246883,3,82.57546446998235,0.34789089352688907,0.21446654023672138,1.1799563613673771,25.736416686658202
1491854107,1,33.92081027386319,0.3537547996531257,0.20326659006766823,0.9233752790453931,16.230696202349595
1492808796,3,243.34576016828356,0.3297529362832012,0.2561409851336752,1.0482320853988782,17.816831466834238
1493417341,4,128.25712389779608,0.3620469949260108,0.1845002254967294,1.1828362378473773,20.936513653642542
1493656978,2,260.1582125284306,0.38748913975287375,0.25961654966914444,1.083491733608642,22.16331889284609
1494135620,0,-56.91596468248348,0.3761923488956074,0.22183066314343375,1.0665460309305204,15.556538997042479
1494459100,4,83.89992657651214,0.3660021607709516,0.3067080594467451,0.9360046161740335,16.514458816185243
1495114099,1,99.00056633562737,0.3525535310193334,0.25048994600071417,0.9963278905629186,16.829320936468456
1495561124,0,192.57554094590012,0.3588830565893594,0.26623817258117105,1.2239391923084955,20.600427475833968
1495657690,1,60.19528862701446,0.34323090721982924,0.3316039344685162,0.9723754959936417,20.60575826935051
1495695702,3,415.95389053014077,0.4289499052490459,0.22221429726875677,1.0824935975352337,22.202879466691282
1496106807,2,-63.58763620505199,0.3961363953059554,0.2285158182429818,0.9435700547907855,15.396171820930176
1496171453,3,-11.598477381374948,0.34786523346683196,0.2272846630748945,1.0487700670118776,13.830439277876422
1496884432,0,61.14518625568594,0.34053411740976375,0.22788305581049434,1.0766735872558815,15.325263616914349
1497450918,0,115.23333260375553,0.3571687208711867,0.19766777059100074,1.1636946217322655,19.83786595432729
1497637197,2,293.98007974948024,0.36204854020009575,0.22682221497864674,1.1557324323211873,20.792539977870675
1497639710,4,49.637841815705904,0.3723723631943319,0.19604968147443302,1.0764198989517955,11.421678299330708
1498294171,4,35.59266278568728,0.4004053971072278,0.24705563320621077,0.8800832055171538,11.910929831517581
1498407701,3,87.64488645905371,0.3582359993752306,0.32135491541361305,1.0755965671217873,23.74125315711321
1498502031,1,269.9413336060711,0.37358757544360593,0.19083724272125854,1.2032211966575759,21.964631899427527
1498613996,3,43.75330322962057,0.4122552107585544,0.3535326665303682,0.8047850008269918,21.71345092089089
1498770138,3,14.228794814765394,0.3183980345669024,0.2283340665646839,1.1076766438535046,12.946358940080579
1498889771,4,-4.553040796794221,0.3987851446391826,0.33404601857289556,0.8573670062511847,12.284150219837194
1499027687,1,164.90865414251556,0.3477378793533302,0.2305917965361083,1.0747641139847064,15.095759571861816
1499293987,3,187.40640403192322,0.37431166534682825,0.22353706383051922,1.1444815197425835,17.954269137438057
1500693468,4,242.7541696634444,0.3954470314002798,0.1904961568333149,1.1076916957334457,15.25913364821308
1500711821,2,-9.915940663063012,0.3433599463230483,0.25447284271160897,1.088657407781723,21.998070696763328
1500837944,3,224.69784488829288,0.3971672936592829,0.23849077127160526,1.1255656721298364,21.91949252509204
1501114922,4,131.73314486051564,0.3603616214083252,0.21950613955393897,1.2434683109036833,19.71186290746629
1501485804,4,173.3095037345384,0.3522843904241535,0.24613392088593905,0.9849384732069563,14.89628120601935
1501914019,1,64.95999842574383,0.3755075624867609,0.16760521952282548,0.9106261465798605,10.94494770152337
1502018022,1,135.97725264281726,0.3669010939258681,0.12222999809790994,1.2450236178051686,15.726255999252611
1502215930,1,89.11660181619665,0.40829743060130647,0.28380895536338235,0.9394252814555125,13.154247228636873
1502259897,4,148.9027360550821,0.3906905116385577,0.21722403508481078,1.1469069763778164,19.13222844565558
1502465383,4,245.94908735754575,0.3699457699760186,0.2526402568233343,0.9656975119405158,16.22158812678218
1502724295,2,15.049913475477268,0.3653940907319365,0.3154293916836104,1.0108412370043742,20.84868035035307
1502897533,1,134.18154491269533,0.37176745866309163,0.21122338856367712,1.036254796236316,15.25845917107942
1503069300,3,16.690015439294882,0.3450185872894451,0.24426478739859253,1.0772167843531362,16.50686051061427
1503134682,0,108.1985878741333,0.3649319832304043,0.21260730795563862,1.0217245158453792,18.06759320023302
1504210048,4,-8.278678252543884,0.37629273220268905,0.34500762627220066,0.9033879442213824,20.866000458155153
1504320453,2,191.0688220677408,0.3564283003378571,0.28256585365688425,1.1994958470801953,22.466692518047005
1504459006,2,-27.698540559220078,0.3816646079210927,0.3423708180829577,0.8938657490116226,21.42967595924735
1504692554,0,207.7786976210375,0.3481088506354321,0.24573889135861907,1.0589279418036899,16.740653434473987
1504708152,1,13.660626999755763,0.3745480208668243,0.3069413695416262,0.9501761725942206,17.077242292137395
1504763552,2,-5.808510175077004,0.40418962987810353,0.3708344161998357,0.8794758990369022,12.239081077680611
1505007551,0,105.16974205166261,0.3564012402419749,0.2254228348846185,1.1226522333461,21.36134441516521
1505164160,4,228.33615123297204,0.35274202420420225,0.2641423379195003,1.0658890419377514,18.154421740037243
1505192900,0,168.12128788147453,0.3578226344599949,0.25165679098016724,1.229533758638859,20.570411501729218
1506883443,2,202.89976953078474,0.4161617098398411,0.25072099263251074,1.0517242801848832,20.69379387359178
1506970146,1,126.55344331996473,0.370189553045424,0.22480924871869207,0.959870207487948,13.35741928957678
1507536890,0,78.08524381666867,0.37029348930768724,0.23474708913773468,1.0242002253210754,20.574220298767447
1507569319,4,185.53558704174765,0.3538932334498324,0.2860972825927746,1.163627332512074,25.755883541137976
1507772517,4,180.1914154351885,0.3801015669336638,0.2088720433433951,1.1106273478579751,18.798370674276793
1508066220,3,1.1435894561290354,0.38024820839425066,0.221267779300363,0.9272902084736984,11.601986479735155
1508126626,4,189.63406389795102,0.36531778787547453,0.2510560048288907,1.109852048349619,17.085006256663437
1508181683,1,120.61838067918863,0.37510687314773317,0.2612674562695602,0.907560476897326,15.735342673711532
1508221747,2,196.51515275057636,0.34984164201135276,0.26125093211152717,1.184254327983407,21.476266924848904
1508323114,2,-21.90738469994794,0.3614828255888964,0.2365893929733233,0.9879264038549449,16.351681359285045
1508373353,2,226.76727504758202,0.37813652014017646,0.2034136307167873,1.0677598438275933,19.599416802224017
1508770794,1,217.53506585818394,0.40465853958301684,0.19199471284085765,1.1393088489268068,19.581552232003915
1509674504,0,104.60772331891894,0.33820261667692286,0.24835016416645098,1.1698256451825446,23.746789025000982
1509700944,1,215.19107572290994,0.3679828574997769,0.18610072212497808,1.2504957793443492,18.374086586523134
1509770012,2,310.34565732807175,0.39969637273994774,0.23419561768947228,1.1722238312947075,21.210410657287962
1509773761,0,67.98098408993695,0.3719939355929279,0.2288876399704484,0.9727501020386671,10.40093612407661
1509897801,4,113.1343971669265,0.30743376606401435,0.28708188009823854,0.9459322207025332,15.625185768895639
1510154304,2,213.36508884641174,0.3830772291971515,0.2678070559736363,0.9787480455897049,19.715869144856274
1510186873,0,114.88446867569606,0.38911423657574545,0.2489978848391454,1.0734013177361412,18.61720620605411
1510690030,0,153.91990799298114,0.3708212989555642,0.22490625748967435,1.1549870780723464,17.425747189007286
1510766002,3,140.3676396687379,0.34426038276382465,0.2723582310270338,1.0491760586987382,19.633960798564523
1510829152,0,-4.8502418129435085,0.35282324922819436,0.22039909941716407,1.094875490462977,14.78877534425449
1510840632,3,5.253501243675373,0.3447464372975546,0.22447631329344492,1.1968921164999893,18.133574605063206
1510846055,3,-13.206552093470535,0.3979315211180947,0.23444744555503244,0.7898573855988408,10.368829862718856
1511018789,4,73.20452051597208,0.3966199639450453,0.283764363057294,0.8897153822333566,20.46807335606927
1511476999,4,186.4651587064933,0.3760932736920012,0.15432713611685073,1.1661563623333775,18.608548663136528
1511530438,1,44.1378673190826,0.3445069212625066,0.218087029849848,0.9956353065641279,13.202800966715543
1511995434,4,272.11700499832546,0.3831867516765874,0.23689553163421811,1.0172149037477873,13.543192242779174
1512069165,3,77.62606863675998,0.36709538809400943,0.2544869887337436,1.0758019814465956,18.502547753519387
1512407115,3,203.96249525295178,0.36699709944039893,0.24382409521607135,0.9440577747556617,18.121651185641895
1512415132,3,161.30473193071862,0.3545831512499522,0.2345191269526964,1.0341725570926734,16.258501693063263
1512714339,1,13.768453289616303,0.3629619507374125,0.2004212238183708,1.0746941709982325,12.496788137601442
1513366860,1,29.399657699322447,0.35289857678796327,0.22413297610825494,1.1059239965580918,14.611707487918906
1513913960,4,39.7555173505478,0.34652836338619625,0.23366397098675226,1.0757993715765053,12.766782506968163
1514104618,1,51.904799629383966,0.3766603223312082,0.3951000307933295,0.9111727403522756,21.68749809023984
1514204622,0,-3.4039183990070256,0.34191637148972354,0.25845660147386457,1.0759612233326836,16.300914445542848
1514327735,0,150.09007504984277,0.42626444655677725,0.1676106193964942,0.8315085215434969,10.948954023387714
1514376697,2,57.760279669114354,0.3454839535467754,0.2673294605434114,0.9419000746093734,17.320259750544523
1514418516,0,73.98450058049693,0.30845146477229357,0.22461104326365383,1.1621967631634085,15.721012071105367
1514514964,2,221.70091398426956,0.4145017411703199,0.2490564325414324,1.055736818234799,20.347898644974705
1514572566,2,169.41347002480285,0.3871738663944125,0.20651286777945305,1.2052243199373847,20.15672804348655
1514643124,1,165.13942311200728,0.39228370365746484,0.16954145402310583,0.8201876787998108,12.446654761276363
1514751058,1,173.54243424134677,0.348897306282569,0.32264539114550733,1.13111903122627,21.435544561178478
1515428777,0,49.70464495897469,0.35758840540622455,0.27572205354910456,0.9740816059681087,17.694542260365985
1515861742,1,227.0810923794832,0.354875551699213,0.26745032098636673,1.179036209591521,19.811441887387744
1515864887,1,52.504624175049834,0.3570957523583041,0.30309310374274584,0.9580040459184775,17.801984483718044
1515872647,2,-2.3674405730480004,0.3497812958447126,0.19652919494707177,1.120479701466677,12.89841943005525
1515877635,2,22.029374709309963,0.37970463126279447,0.1678490511551462,0.8458277662027547,11.981177170628055
1515920130,3,97.79271216666096,0.35807889018925004,0.3150721879868307,1.0422783236198545,21.70111173610857
1516275191,4,72.7185364351762,0.35185236857428503,0.25655110996086017,1.1419875545248308,17.029955406668023
1516593013,2,287.9582265964927,0.35747057818781397,0.2535085191900937,1.2437820147330372,23.56379178323156
1516837155,3,-44.130410492907714,0.3294507359580699,0.1306994758126252,1.3904716635821281,16.52039162673897
1517122573,0,2.658734424958581,0.3458745369694335,0.25577590581907256,1.044281099236033,17.086162390808838
1517401237,0,55.49095780988137,0.3760977853833427,0.26802960859931035,0.9562831841396083,12.562010802318692
1517587457,3,9.833204857776593,0.3560157156463569,0.16603245232066194,1.1372747236225709,14.935157246320678
1517792443,3,307.0323151242146,0.37565922883823144,0.30583264961917106,1.1110646926759917,23.92755524449943
1518669456,3,-7.490249315761858,0.37840361207807527,0.3290282096367845,0.9028279653013696,19.98684029109369
1518803212,0,210.50319697375076,0.36688245800651,0.2326510871332256,1.2239663438233386,21.382239177204536
1519364280,1,-17.27185276281675,0.4057682976957858,0.18003772545466115,0.9604739880707054,14.161087894519579
1519582452,4,198.94415212957983,0.3811927056396919,0.21576602367292846,0.9294120567644266,12.279817754985883
1520136246,0,208.99715529884912,0.3874654691205263,0.24450035051667443,1.059780794997578,20.61737302944933
1520266361,0,380.88434024770015,0.4642031918866868,0.30900156811022844,1.0905755427126247,23.610305288462033
1521487084,4,127.06228294303148,0.38060227223092674,0.23597784357998358,1.1407111077451824,21.294518512466635
1522414034,1,26.274027540632858,0.3793034037710719,0.24394342784062698,0.960224506533371,11.34266265696187
1522625717,4,57.32290247702202,0.4029631777599261,0.2607575865656373,0.8044680038119031,12.080001719071067
1523167762,4,93.93887202890288,0.33242178467056227,0.1989906322417462,0.9710817436983106,13.155728241431715
1523200168,1,25.95371440712887,0.3823755469531811,0.28744359207587816,0.9666952730232454,20.522768417500135
1523230328,3,238.98962409230975,0.3912516639607131,0.24599843272474448,1.0959551780696681,21.88089932731259
1523654682,3,157.87374092413344,0.3734213974917191,0.2258622621998378,1.1006143650451856,12.95834368456151
1523715614,3,97.51269651443447,0.3549306748428372,0.3256995651256909,1.0233936117799554,22.785452168705085
1523905334,4,225.90096685613187,0.3878832148552118,0.2304537159075472,0.9253118629992577,15.119070523286656
1524051176,2,18.251781126972915,0.32694308013333134,0.23677663493373236,1.0767040303502164,15.219476315134624
1524213012,3,-2.194182151993644,0.38317617112460883,0.21096827768983586,1.0544697838513348,13.952713499667077
1524317479,4,6.329276742629659,0.3341726560635076,0.20710663909366578,1.066066888199833,12.71784568963568
1524856753,3,143.70702484371327,0.3444934967069048,0.24100980090223934,1.1717148727971107,20.093566557271878
1524880405,1,229.17593908544828,0.3585972925216409,0.20723288095416165,1.0700070211882586,19.052320173224082
1525026548,1,212.93845664517636,0.38283700609442456,0.18632837284272716,1.0210011446235092,19.025980217448232
1525361018,3,43.12894639773798,0.34532963770982583,0.2269473141988177,1.075108468862102,16.758694020281894
1525755711,1,83.30304985412288,0.3512341695182854,0.16508316477968382,1.0754968315626954,14.11957521985005
1526653040,0,158.67046211794985,0.35659676626749515,0.23104926046373137,1.1850298493895288,24.220661420633355
1526713439,4,46.65308831895848,0.38496994633377773,0.2612216049361529,1.1109183012193986,21.486050516174775
1527011099,3,220.954663773253,0.3706403109160393,0.254026490007287,1.120257235998786,20.53173741954629
1527133418,3,91.60750347908426,0.3381649657275379,0.2983842279537117,1.1382710509545626,25.764504888479564
1527614677,1,-47.46810762412056,0.35975229871210906,0.25613306731985835,1.0258239445096575,15.308994488199435
1527753234,1,204.21982822418133,0.3678926012251768,0.22400667866377708,1.257787075623993,21.166745016218428
1527864576,2,257.8710566624265,0.40889102670156036,0.24617685962344632,1.0017747498951723,19.288146252103083
1528273395,4,177.32164108258905,0.36650498571232387,0.19002213473222915,1.2701022253000702,21.807760168844986
1528295982,3,206.9770256570738,0.36282996558609765,0.15989633889730887,1.1096859408012147,11.901981783917316
1528389333,0,28.804226788166346,0.3689504366104255,0.35460675356570687,0.9432872370778015,19.877094905418847
1528618359,4,209.12301912487544,0.36106835262388887,0.25189832899016457,1.0155357169090533,16.55407059485115
1528836681,0,27.885004809540128,0.3635708214902171,0.27545385870081446,1.0165208429707275,20.08781480495645
1529298649,2,39.17021889888441,0.4225363489437577,0.18155029297478162,0.9282489857567107,13.532794496274517
1529319759,1,149.4024402479658,0.36563728566973225,0.24754540645646442,1.1266204647748352,17.94927148293575
1529607957,0,158.23154407812552,0.3605559743615883,0.23656667413671922,1.1989807403319659,20.80144102373213
1529815158,1,140.18033777788406,0.349623790380324,0.25392128798830266,1.0508563247087555,17.591704255462503
1530164061,1,75.02217018454466,0.3661567593294002,0.16563262883892604,1.1716514150367898,12.589064132491375
1530902893,2,184.20451280209937,0.37115398138716305,0.2734545897613589,1.1147494201476866,21.28349314843078
1531080761,4,17.27581669218739,0.3710601299066333,0.33220697722079207,1.052735529411229,21.32328366812376
1531336843,4,176.25327783346438,0.3821496839578223,0.2559220203235776,1.1648625967968178,19.562710424198904
1531370497,2,37.23765432240919,0.4057272317744989,0.2527150472683276,0.809151489421939,12.371754319182902
1531901492,4,80.08422568343771,0.33127428785510876,0.22144837305412643,1.1087926913982449,17.32674445697809
1532003406,1,57.2124001890082,0.3494223545657801,0.21747608424980103,1.1712918971549675,20.562736678354334
1532503851,1,22.53948783326298,0.30881141948716656,0.2611080491156105,1.065316556711923,16.417986447927174
1532559190,1,-51.01271635740005,0.3852712624698063,0.13023612515278485,1.3215663694733844,16.366782463930186
1532694125,3,101.89540111283372,0.42585271965616445,0.1888922196644343,0.8371486140517697,12.773838169764248
1533215185,3,20.350266567686532,0.38632568529639527,0.24321318307047832,0.970253910308784,12.574056224996466
1533241544,2,136.60974043970216,0.44781124035392733,0.24372336919137566,1.0279327073283029,17.374058596202623
1533331471,2,209.45921329939256,0.4041781203451179,0.30416018158609304,1.0360370513528134,22.170802975846694
1533352868,4,104.22080224207328,0.3434851092162502,0.18978962217880774,1.2276615323566467,18.01248412505294
1533947375,2,78.80520556062955,0.35242697354739494,0.22835438559880747,1.1585628899063423,17.6963662605395
1534103449,3,36.13283455198914,0.40046298567150307,0.37108246364041264,0.875843437442428,14.654368473986036
1534344479,4,80.88402278431036,0.3382260541106226,0.27232203507774677,1.1471858662687466,15.681849852333126
1534350557,4,155.19776169484336,0.36473687869062654,0.304071816887073,1.0047399285361185,25.855982286889144
1535224949,4,206.42013891859062,0.4057213040336248,0.15170489007234395,1.1243411800752365,18.27832099836927
1535521231,0,156.7692488897028,0.3458369025313545,0.21192749510228567,1.2123153050998754,17.12390258043108
1535630026,3,-33.340171580766,0.3848006834807687,0.24693229286980753,1.0044772400179167,13.900568390872296
1535916456,1,191.3121725148892,0.4036792169559133,0.15723339852046891,1.093806969204626,20.398574992189385
1536018562,3,128.54926468823967,0.35908084789819267,0.19784478686578524,1.178353360591593,21.461818439536955
1536084197,0,-5.340980995100594,0.3821681810130847,0.3756340708876108,0.8973283187761965,21.14819937881967
1536340511,0,237.11260724775724,0.3748152666845896,0.21680567053702893,1.0303132468545788,17.83456640918815
1536369221,2,-29.859157440448186,0.32927277454374204,0.12216096396068224,1.4986646513398418,13.829826735879298
1536452950,2,114.80937518138843,0.3895337580904322,0.24142116935359467,1.0621835592978963,20.711566690365345
1536569579,0,103.545117019812,0.32416993712753706,0.16827189010102217,1.4906486382231408,19.657727544042494
1536803717,4,53.358781491127395,0.34175189280140067,0.20537185356049636,0.9935913001014522,17.49748203858115
1537088176,1,60.30076040066727,0.3711869488863574,0.2402624372644437,0.9420075740477601,17.536413162296135
1537297732,1,27.241054387810763,0.3962570966577491,0.12812641724676258,1.203933938081374,15.677907190906685
1537341767,2,199.5341567164403,0.3590101180600906,0.2656877889625513,1.2026818017009449,21.394137568540906
1537875008,2,283.5913362553296,0.37089768900696674,0.24223640233372037,0.9503286749395071,16.30649143067974
1538292595,0,141.0417656202733,0.36050006013456426,0.2097138113576067,1.1435236391403096,14.01278048857837
1538729127,3,26.450932328146934,0.4439479895347309,0.17506787461188733,0.8503917483005894,11.319157953797596
1539719616,3,55.1812618461309,0.37841413308521754,0.3015474772625243,0.9000606658322776,14.954717688663456
1540110087,4,164.79212387327328,0.36278214681827,0.23831327091374027,1.2142443913260466,17.448592868316382
1541215652,4,114.28776937175215,0.3887881022651443,0.15559406723230168,0.8405722250840605,10.028005893842195
1541292142,0,268.3365649841247,0.4011745011013144,0.25046440509682905,1.1022465321842212,20.55163866529675
1541529952,4,264.96911869353005,0.4244251343716252,0.1854031400470165,1.028402895286672,15.53442012797826
1541871733,0,213.9900017030563,0.3686366213254053,0.24604893748175904,1.0465416032286596,17.965115000676164
1542132482,2,266.5480582483572,0.3583305464694881,0.334644499862901,1.0653057522109926,23.270026621920202
1542525425,3,255.0632888908479,0.36975262919264357,0.310908143151715,1.1889799937749386,25.562521599239027
1542527766,1,213.0643869882308,0.36275926714785234,0.26150247747068134,1.0738333450916024,19.038512742356687
1542725530,4,268.5660783812271,0.360851532221698,0.25238657266523523,1.0215632189740549,14.95740325514976
1543008224,3,97.85548509534358,0.3448518594930678,0.17800491137409874,1.1227181712944727,13.621452746298177
1543532086,0,60.20448556097927,0.3830282115831407,0.16902474715210436,1.0152489827772455,14.463125546889081
1543949166,1,113.88648248182434,0.40600254244693856,0.2420343644765347,0.9586583222696395,15.095488698717402
1543966603,2,217.48634787925562,0.40109969675151064,0.28230462463318234,1.0688953698301527,21.16477351809131
1544175741,2,261.58260012295335,0.3956132691041367,0.21351273910072516,1.068144500071532,19.008576779976114
1544534408,0,14.650966062163889,0.4466632507068142,0.17060363038506127,0.9137988587352304,12.655450433519446
1544660750,0,60.068912878246465,0.3595856783633422,0.2136172460179134,1.2246934395903566,17.152871549950863
1544969349,2,206.3833081607196,0.3714574664381248,0.2796170763993011,0.9906466706091819,19.66937094332973
1545578155,1,183.59092903099975,0.38325394020059433,0.20970232686093576,1.1973422303473056,22.301606828922367
1545962534,1,160.20509581235228,0.3578158080455323,0.24159536166634685,1.0424073812022676,15.187063891263444
1546473891,0,114.1515424215429,0.3411835282300975,0.26384261102253037,1.168543627944276,20.408203459562486
1546892007,4,188.756310173795,0.3701093105502909,0.2516062749825858,1.0853249949478814,20.60066754152576
1546988712,4,286.822364521433,0.40056970703380645,0.1665022288204818,1.2078163776539634,20.664865930908217
1547038341,3,39.164709964598025,0.36064616068057487,0.3454653995580044,0.9401906143327101,22.545900326741727
1547095755,0,94.28681886600918,0.3599229909878075,0.22394807555168142,1.052362890488397,11.687258096006943
1547207194,0,115.90184901147792,0.37098205997185135,0.20369297470014092,1.1294025392489826,17.894592276589602
1547263064,0,161.20236646255154,0.43726432926023884,0.22417767128892804,0.9667208585769106,18.320228524215814
1548438831,0,-18.05492773969121,0.3823740418193208,0.3685743949858725,0.8979989149493708,20.922537551917078
1548803977,2,-83.55290812117077,0.32409057684000203,0.08973182300106575,1.5250144053235584,13.230747425203313
1549041363,0,269.37432922312087,0.4021044773024431,0.17162655628038437,1.0379968736935608,15.346078775648376
1549091300,1,209.52828617065992,0.3549195949983627,0.23176656586030508,1.2095178814542438,21.620578770689228
1549258915,3,16.781470938589223,0.35584206947493097,0.2407321616107438,1.0626318540169268,21.816262979376
1549335676,1,183.0436392160137,0.3677297231503493,0.2478749147935309,1.222431010564265,22.151484126474074
1549802812,0,53.20133916906547,0.38390467407833373,0.2965198805460341,0.9245254536145824,12.172376393315254
1549944889,3,76.64957672984383,0.3490480269628894,0.21306049149699235,1.1959282559755608,20.462640103989813
1550023737,3,163.64559984420276,0.3622953933175222,0.22280487201326235,1.1805963367777699,21.809544507833508
1550446062,3,79.19928128489859,0.3412120935125156,0.1490014391161356,1.0893866783424007,12.227849640682557
1550628326,2,251.48495461918532,0.3979906276817575,0.15806601993647101,1.414576620889016,20.787206461413827
1550853194,4,176.24076336079952,0.3609074664023016,0.27293218293419286,1.2564390596588793,20.433832764027215
1551100568,3,244.7915427940364,0.39735707517136,0.2591059547917626,1.1271345270804098,23.945728124586093
1551636938,4,220.39597068720826,0.3524280237894286,0.205240317397494,1.3059841453247005,19.991494967234654
1551667752,1,55.54533676109893,0.37148288523132544,0.3805805111754158,0.9224578481581543,21.48324335589509
1551816010,4,187.97286794865164,0.38779300524430704,0.2245119755196089,1.1704717684121402,22.24368828396586
1551966818,3,128.9051213232606,0.3213788718348901,0.2003399529492712,1.1361888428830078,17.937137326398076
1552546218,4,232.85348761868428,0.3553116652688161,0.27926314111655315,1.057083686715701,21.525263146006388
1553018997,1,133.7329370270039,0.3178887142218715,0.1881066726631712,1.1733615360426,13.15699609954899
1553515923,1,7.198924376616603,0.3391837656267066,0.22529758008774595,1.0713334431158892,20.109782988545273
1553955153,1,15.43093299549652,0.4090057877396481,0.3339348785677752,0.8095676288263719,14.803667940115787
1553956004,2,203.37588110808395,0.38111949169877524,0.2498134353588776,1.124198561435133,22.968732806280908
1553967571,3,40.258728335028756,0.34124913350840913,0.22243726661515828,1.112687371886585,13.535054081739919
1554515864,1,171.39177824644662,0.34782599929582836,0.25075120266117623,1.060674278316261,16.90833848280636
1554954449,0,226.12759029653728,0.36551452251980554,0.23491742495857953,1.0629944757101975,14.68759083660891
1555593891,2,-54.87550374008062,0.4758126576613359,0.180157178541023,1.4585680808905612,22.29917396997828
1556257502,1,18.526844806757424,0.36125784237299274,0.2656950155596532,0.9958029749068604,15.69708225164941
1556355257,1,164.56902342365458,0.36546830823897086,0.2643148259556306,1.1885569892547319,23.47294422265167
1556370617,1,13.84040123726379,0.3420812501408232,0.24775103766922107,1.0844503624979445,14.45395364457651
1556403536,4,157.01413969349596,0.3553047620328155,0.22958455482166518,1.2234780787114938,15.951496572626985
1557378931,1,47.18293938752193,0.33278401005135433,0.254972426952676,1.1922640028002565,21.54990654741197
1558106067,0,140.63799008713565,0.3738630484911447,0.19678487904310588,1.1755600814515992,18.914563523794587
1558371855,4,45.980710421022955,0.3379593243763316,0.2721699944487107,1.1497569208345308,23.151092714796174
1558525027,1,79.36036629729104,0.3571904569025758,0.20820126863113625,1.0533494474865106,12.579751502864104
1558867907,1,50.17109086175724,0.34103866479390815,0.2654865232309884,1.1265876002104824,18.404422467294307
1558987909,0,25.9630394527304,0.37495369613687807,0.37907742392534766,0.9178045948838199,20.60062372009356
1559096063,0,111.08266524334047,0.3794357798227229,0.2106048599934321,1.0062100056624141,19.01759590608451
1559539391,0,4.029499312496654,0.3075012955310837,0.08802253191775425,1.5670897975707745,16.69139529611595
1559560345,4,49.4458443101858,0.34441128727368087,0.16173210713787006,1.1377009604003216,14.231455321883935
1560086845,2,11.522006851201908,0.3629661417510906,0.1818940443840642,0.8952944517398951,13.186542418467992
1560341376,2,69.51993789759545,0.3438747146677363,0.19842988011374835,1.217169317565695,16.765589778282596
1560496789,1,182.2612011632952,0.3709934994461528,0.2806872777917508,1.0041896042284775,18.30629484792373
1560564433,2,248.92769790594718,0.38881064389279624,0.2487578501112102,0.9536993769147513,18.108584320653325
1560692719,3,-6.504349946615534,0.3611618308670324,0.27839122803449146,0.9750409766620554,17.053333414950888
1561264127,3,62.66416977367308,0.4205195096836641,0.21594120868635383,0.9709586148943308,17.80176470763991
1561282165,3,273.57174923357445,0.3820944999644277,0.2584898221615684,1.1239620797830676,24.617000968989604
1561451639,4,219.48258242273914,0.3431262595745114,0.28482540822110625,1.093431269861508,17.49863777645941
1561539918,2,36.04958631865296,0.3819055013708248,0.2948007538639603,0.9237823760738796,17.346124352509783
1561870991,2,69.20980615971725,0.3557077784742861,0.17588365772442166,1.091275209955211,11.836635420369685
1561932824,4,7.3075280236410265,0.3932953885154334,0.23646319632093032,1.1000593704485453,20.065829415696015
1561944332,4,243.2410046507322,0.3991433313469612,0.2219287878973991,0.8728050374056265,14.028590431726851
1562058837,0,11.433077619875704,0.41358153343814325,0.4212811349470468,0.8906078151291137,15.731460350426218
1562112815,3,104.41683985186242,0.3582254870616986,0.2806120460740919,1.0435664694386904,21.73359203075284
1562477562,3,51.820542845231586,0.3865744912060032,0.316060811502508,0.8991228344311689,16.921164798767695
1562707517,1,54.371399382472646,0.37532891479962355,0.39124960698831046,0.9150090435171128,21.646583684783426
1562741783,4,176.08587896694922,0.365668333833222,0.26129796216908246,0.9263032390043668,14.617107199906362
1562941493,2,-33.53407797687866,0.36330618704871265,0.2604058141318831,0.9938522514049521,16.84564865715063
1563279330,4,143.2774838276061,0.3892089868244828,0.23227103372501054,1.0287072456804172,15.525996224072065
1563303704,3,240.13810953099352,0.3736250040175196,0.24513027207475485,0.9263513592225134,18.37873100117941
1563844313,3,15.088221277267735,0.32308932226723797,0.25855736681066493,1.108887328671659,20.611930994702636
1564078436,0,167.3692796637318,0.3663192695594462,0.253816725202441,1.1469049936695026,20.432096059967314
1564080444,0,403.38164654721925,0.41753172703811925,0.22334622353265654,0.9108393064573878,20.792321746469266
1564406631,2,210.84788676089832,0.36738516968458523,0.22120132263419068,1.2129805261124411,19.284341532173716
1564555962,4,66.94272390710651,0.3571950510544186,0.28814984850002684,1.078859860880412,18.524767119638383
1564587390,4,127.53596608663193,0.35833575192449935,0.19390883624517066,1.269604122410059,20.48259489869855
1565016562,4,50.95258617195973,0.35091130764944967,0.29396711260579367,1.004958895879073,20.67411936817051
1565300761,1,-102.48216365651666,0.3361082722301023,0.10531465898316056,1.5581240931881228,16.045524098748192
1565790126,0,39.213405049036,0.3577820701321845,0.30254856716431633,1.0355776266517882,21.924655546706006
1566134688,2,135.23412237243446,0.41047165488949083,0.2392146748270722,0.9755036505706232,19.350334396562815
1566591359,3,-60.8815328378698,0.3924999342518397,0.3323246783987367,0.8643941117106265,16.87780877632543
1567869573,0,33.226205544226424,0.40073908240454537,0.23691283632626778,1.0762796260423337,19.175540472611573
1567960062,3,178.93699540597282,0.3352038681710171,0.22807641232659975,1.2790170454244965,20.601783352979655
1568651103,2,-15.209675828830242,0.4019013482732954,0.30160344853778426,0.8398906398270913,12.155450503353919
1568726838,1,57.11326648279414,0.3361427360919437,0.21764264554565527,1.0875189236979435,18.212406447874756
1569031119,3,65.30317339447475,0.3922620788137211,0.20133273523524564,1.1169698412394036,18.44384337992437
1569186084,3,19.309552695602548,0.3496932875813958,0.2940490542586781,0.9999417979479408,21.77437067882113
1569573588,4,57.42731161543159,0.3300207669646755,0.25937228305122567,1.1061252518965805,17.69669526583984
1569767963,3,-64.18734713644216,0.4340518651885068,0.22304451381106066,1.0416232544497825,23.666151018872196
1570146193,3,199.19448872121376,0.30166480304082977,0.2516274447702123,1.3920194916640307,24.216675218238194
1570200324,3,41.83415754964098,0.4160070356366958,0.26238770336202677,0.8867471607350175,13.109328365473951
1570351096,2,-5.174268949957124,0.36856124899283393,0.2042453135907769,1.073245275533748,10.909824254105935
1570401711,2,90.85279838964908,0.3897269568959977,0.2128276550694165,0.9964654484916142,12.885181467266902
1570549360,4,56.953143163945995,0.38849515174816757,0.18977715820703345,1.1578493775910474,16.03564237551617
1570654852,3,87.26865645456877,0.3675124896926059,0.1676734315426729,0.9949406329208126,14.853635182291782
1570972826,4,144.64816800608736,0.3494114596896296,0.15529220976970953,1.2446404064702095,17.995759236908654
1571736697,3,41.598970993886965,0.3677767944619235,0.254452255460988,1.0740850075609811,20.129287676017192
1571763607,1,200.94220975734837,0.358322750428824,0.27466011673339663,0.9550519255978381,18.0903009575426
1572134392,1,121.0511862656259,0.3503602005195585,0.10635891761279923,1.2732157896657317,16.229430785142437
1572433772,3,74.90821571649548,0.351644248480437,0.17542479746908685,1.284208289603595,20.4023089606707
1572814745,2,104.24544313223821,0.35929368821273905,0.23440337653116766,0.9918134594438913,15.533045074321105
1573303082,3,84.10073530753874,0.3974923720891866,0.2045522213685903,1.0743945035807752,18.610229657505695
1573438487,2,-28.870162157247833,0.3811291439301763,0.337972804640836,0.896992042298505,21.387561069193097
1573472944,3,106.69283686568362,0.34927051557550415,0.16893391798339957,0.9452574024161492,12.015299897972774
1573776034,3,75.85854645980211,0.38089623358082125,0.1372287131475875,1.2190467978539465,13.979773612691957
1573828532,0,65.97588528527629,0.3413701400817849,0.23428896219705242,1.0242850738049607,15.225395189609664
1573986676,2,-23.40695780123599,0.38180294641218876,0.30860728784744285,0.9945100838614196,15.52250841253986
1574150308,2,38.25781978322938,0.35311632286274874,0.2709688189544475,1.0942786889896938,21.981681819703415
1574744073,3,234.00540628374787,0.39078507963653175,0.21817189246088264,1.1583108834379359,24.816579998009356
1574797277,1,141.99846287660566,0.39610510678003075,0.0920218712056769,1.5151978943566702,13.626171868628727
1575153085,0,187.24150745460207,0.35566768040888963,0.26497268523911627,1.183791020236002,19.417590906392807
1575277153,4,8.567769069007454,0.3849713524515984,0.22351946076638202,0.891647941432891,11.465292597368208
1575557277,0,25.24771568532067,0.3704669748771767,0.2547887480320557,1.0479527140288338,13.296396899755274
1575613666,4,172.36680287380668,0.35789375553537567,0.2181702573822517,1.2762841090803654,21.41768150849606
1576291879,1,63.34276895992315,0.36969449348159095,0.30115136335211673,1.087252110687026,23.95915769406899
1576399281,1,28.67475030453126,0.368550844281342,0.20063668910296104,0.9582128787148703,14.159362170454358
1576797553,0,38.16232880615041,0.38163691434612534,0.31430292566671464,0.9384105756275882,16.074336800578823
1577222221,1,178.8784274964172,0.3712453929307105,0.28617156374068325,1.17056240608732,22.70943856863562
1577413316,2,183.48289199289468,0.41427082982022395,0.21347494822549198,1.2352537923301832,21.57032746834204
1577441045,2,18.05023975005203,0.37474006771268753,0.17787265538245667,0.873101948561291,10.762284246372111
1577638731,4,-19.947103975093498,0.44461529753947454,0.20199428868305025,1.0351196777353402,19.743574786608526
1578441092,0,249.54524955253834,0.3626176404011864,0.21238664493242446,1.1772857220719886,19.803323371434804
1578457961,0,177.9968878861739,0.3456361849311221,0.2567062463913542,1.1654115586736264,21.158076822285427
1578702981,4,86.37993803385646,0.319344386504131,0.08894857784706242,1.4050353626134422,19.91010428801875
1578799819,1,184.23845396454357,0.3604585323514779,0.23654209687958438,1.0300656088907525,16.76210700482787
1579112957,0,52.88930106357098,0.3667217290120993,0.34375932060927317,0.967227690982866,20.762356630031793
1579365390,4,182.47905327340175,0.3842883507826809,0.24281163943016057,1.1068829518981667,19.18901677422865
1579852324,1,272.438650892038,0.38447201957542837,0.2787563030933998,1.2064500166868048,22.209637204665533
1579941096,3,228.6027969376486,0.34867331845070687,0.2179283081061338,1.0086275389284503,16.532065010779508
1580080124,0,16.32662811361881,0.3732513737727494,0.24431857421082676,1.2170523195709173,17.714974328193264
1580221416,3,284.64894246948097,0.38726400403947864,0.2290568010500005,1.039868515716464,18.461480361109906
1580258863,3,39.40915030954861,0.41562279545021913,0.1910920062847976,0.8419712138121932,12.179772913164868
1580474538,4,218.00769940593187,0.34422098510217636,0.23035041390932504,1.1726736544605414,15.405807018968854
1580553227,4,174.56026509921503,0.3747015223480678,0.28914009658942713,1.1461288605974396,25.191660778009346
1580795142,1,57.82156365610305,0.3815895811922567,0.18092524469107163,0.8901037159783133,11.028284882647629
1580898665,0,316.74087855469736,0.4025065108417464,0.2843847416830532,1.0976290405312579,25.965826241915174
1580966726,2,99.94703850688829,0.34975273176541977,0.28901478731619706,1.1485635823090503,27.246128319148752
1581168714,0,44.69767448247583,0.3432563298212521,0.27819800302710684,1.121254293673108,21.954379642024662
1581284687,0,224.99407431605528,0.34631006494365507,0.24136261888941582,1.0694251154661518,16.32976114245089
1581446027,1,8.7499569819975,0.4101310596796234,0.34598894918752743,0.8081484050562141,11.440279112495409
1581749502,3,275.20212657984916,0.37229009059841245,0.1945524448425233,1.1468127965977764,23.684402840072323
1582367381,3,18.066752102912417,0.3441203669543464,0.21059027803528943,1.1490457856738023,16.539736802228298
1582377269,4,37.1490516441113,0.3834873015102228,0.276112486435482,0.9359868061048694,16.974148935568703
1582774157,4,140.33395238262267,0.35565476237846827,0.26242494990196286,1.138847893760758,22.625533419395115
1583167273,3,189.9801333613488,0.36446748619129643,0.25926458398440894,1.2451602200390064,20.157358394236248
1583422885,2,-10.274173898932645,0.38644766326759666,0.2467498780838948,0.9078850075616579,14.212727448299024
1583607044,4,22.614740502815195,0.3338815931637541,0.25012351848744585,1.16583093815336,22.222550007692735
1583883601,1,151.4065556388895,0.35407488202412024,0.22703029676098063,1.0066651696328477,16.80058993470608
1583954692,2,20.45711866773651,0.4314098116390608,0.35918736691687675,0.9024710996244506,13.985421339603576
1584418791,0,-24.593130450192945,0.4301074228529153,0.2203583790468151,0.9242955204165729,14.578521455733322
1584609339,0,42.56940429877981,0.41498053921414635,0.17783788462625544,1.0127444083015082,16.633744848006668
1584656772,3,86.02812755020128,0.35538180540541203,0.23600145896428212,1.0911393291781268,19.662266220899443
1584683487,2,27.092833066786582,0.3664776175738547,0.17644419561721758,1.0216945817343595,10.135941211908838
1584732566,0,115.39166292810917,0.35260036621943414,0.17382242144689725,1.0660988980004045,12.463524653242466
1586829326,2,181.11262243526062,0.3558104553407482,0.26281248236788435,1.0549883164868037,22.0584888023864
1587202589,0,246.00517050586444,0.37289948246125604,0.2955030945902222,1.132018630644489,21.15105735860017
1587391923,2,192.01194374749892,0.3490473820479013,0.21868797524447053,1.2281965297828306,17.007944768867343
1587431956,2,14.694121767880716,0.3464849620121016,0.23390169490306334,1.2127856598770037,19.967573180276972
1587454382,4,151.76070771991488,0.35782392678233693,0.2579516633872117,1.1726268394215957,20.255555993177953
1587941896,4,41.953230873030016,0.35012868270739367,0.26520708449711433,0.9212380860411101,16.569358292562704
1588269269,0,169.49538652350606,0.2960667536987199,0.22344378063853193,1.3238424149450798,19.39028448507222
1588320432,1,71.46293970775665,0.3434936261617537,0.22952095224437807,1.1212090251024094,15.497119436744082
1588395205,2,254.395514037586,0.3734618179932834,0.17320428360012963,1.2233007909154867,18.86977665239047
1588401171,3,167.17740704225875,0.3537397406501279,0.25863926328797004,1.0588444425824353,20.680829632960126
1588466256,1,54.30386038184161,0.4007367809519706,0.2137447726482694,0.9171699150701119,12.879683437629861
1588472676,1,88.81951727116221,0.34288527880520014,0.2133597875982564,1.1604205672613808,15.172076032368524
1588623527,1,158.06167484344618,0.354484078521223,0.29248868050730203,1.0293594439060656,16.275126139143183
1588749798,1,25.58203061048195,0.3107622235897947,0.23949739163707243,1.107603553871678,19.962802359960666
1589240697,1,127.84202980922717,0.3692450277221493,0.22858186261064423,1.0523418418061483,18.397927655624482
1589532910,4,102.67377881477441,0.33832677471392136,0.18429981061782558,1.030120044770368,16.992290643803447
1589608719,3,-38.73299930420552,0.4022090938157124,0.42717249799520096,0.7826686323938565,14.779164043152347
1589952649,3,62.19237685696342,0.3184197477278994,0.25697854508869455,1.1386408176181932,21.01156693787197
1590006077,0,141.94237906790067,0.4994375173241008,0.19251788396278735,0.8314658949864344,15.542242948231847
1590491705,3,325.8533063286443,0.40325474734856714,0.31748649561727293,1.0062183639190176,25.930706131269766
1591097153,1,30.37653130475846,0.3259499094332131,0.2690514804131941,1.0885569520208973,19.015775235566984
1591202562,4,6.8173994135060525,0.34122436135807255,0.2456943240766278,1.06772588298232,18.328973668231107
1591469994,2,-9.595062809771704,0.4066312500148942,0.20947830630722006,0.7438009316902249,12.65489451177074
1591544351,2,40.07684651298276,0.3972587289495998,0.3571391999431446,0.8914005380407807,17.543652357414835
1591651244,0,23.960774668161775,0.374949097078845,0.33351645436322097,0.8755996253709847,20.900295614495725
1591681848,0,241.51850244663598,0.3659521904734843,0.224537616458418,1.0497105144954995,18.089686296057486
1591697879,1,216.97945279542714,0.3486824871596229,0.297584354982372,1.2286185758390558,22.537048018478664
1592713963,3,0.3539840023661611,0.34629746952103563,0.24815318557509258,1.071117800596981,16.67502210231356
1592724652,0,101.8448874333944,0.39459983570968965,0.21978023307656863,1.0041122579902875,17.9704206438944
1593705376,0,198.22349969760313,0.34604172968037566,0.2240219292115505,1.1474685197266614,14.529213841709836
1594377223,3,95.04716135245104,0.3485637111512123,0.286175114049821,1.1465528707466575,22.410932214964298
1594695636,2,26.430588868778926,0.34184123296863683,0.26316434902246444,1.1835871846344992,25.59533505448544
1594797785,3,177.66935991476743,0.3823279147064231,0.18354444145735,1.2432910297193258,24.309050625756065
1594981326,3,170.36346327761137,0.33599972993885996,0.24032261349269135,1.2558272540407667,21.991656888338724
1595107250,4,176.01147803277098,0.377988728364804,0.24460407485169358,1.0968288695583024,18.523888404462756
1595192960,2,188.23711044851507,0.34088108872369616,0.28336697258526433,1.1956378967031314,23.60848791027992
1595605865,1,74.0015253313729,0.3451552676178935,0.18532588975046926,1.0802016831015373,12.592481721478764
1595837642,4,178.55428428622037,0.3636789292063289,0.24728641762940984,0.9716993517137414,15.141630956400865
1596320590,2,-0.21694925213024874,0.3525942525978348,0.26133704421552933,1.0152193238249685,14.343777736344846
1596743017,2,50.12463397480736,0.409832341565668,0.3076636825498478,0.864772943445534,37.18597891313698
1597060488,1,156.0337240979714,0.35374709451077846,0.23345627249765985,1.1666366421931236,19.682818648546917
1597874068,2,119.0689891785467,0.3837987836917193,0.2717127512234989,1.0648236718021162,21.979413139142224
1598034786,1,-4.537521103774452,0.3882778614869266,0.23787034965792297,0.9637367657989383,16.629651573158277
1598043126,0,38.856670304154754,0.3611759393870485,0.1660091857455952,1.0708871353566571,13.475611303617807
1598367606,0,138.180750007372,0.33886690177083667,0.29171651919408476,1.1307860113264738,20.77201627000944
1598423326,1,-0.6099572343550079,0.36233871256368183,0.21415673547928388,1.052967432188318,12.939366730641176
1598641133,2,317.2456603806612,0.3881175315696952,0.16301316765270807,1.116678690777998,15.613053322947
1599410150,4,107.08743341726995,0.3904006804003196,0.13777536741571345,1.3056705477324828,19.268973437157626
1599847368,1,204.41237752581924,0.3390423090058765,0.25511770903699704,1.180028458493154,18.64594819946853
1599967213,3,148.7728664181379,0.42668683330917173,0.16934131731448843,0.9833513299671343,13.650364001943469
1600032316,3,211.63236312944593,0.3698110893748682,0.27877393099665254,1.1895460750097038,23.92963950181732
1600783315,1,202.00180140837927,0.3732540768587499,0.24169876612715713,1.1644254776305665,22.93807243209287
1601240060,1,176.1823283659096,0.3826825241765893,0.29338812015857363,1.1779205598927287,27.08556023567373
1601398939,3,23.404798730595473,0.36290903353677406,0.25021006284756336,1.0789241887081185,21.904822723141088
1601741460,0,158.57373063401917,0.3778072940835506,0.21635264502976848,1.15736105194498,17.891856465770704
1601815856,0,66.83170839331666,0.31800508726298293,0.12170803598915803,1.6398407951966725,17.68014428892053
1601908846,4,209.12232028152084,0.3575479988393493,0.1813358181142143,1.2502572109723165,20.17853265953643
1602086005,2,-25.613231261170952,0.4053540181361992,0.22897903205649908,1.0364547209773998,14.155783399070673
1602099447,2,2.264918493653113,0.36325662882829385,0.23705980695996803,1.0249871438353548,15.533032399349896
1602838431,0,152.77818584759225,0.39209088272540404,0.1764810334746657,0.9443055427508261,10.513925276737222
1602898253,0,175.63959468668665,0.341336969896357,0.21547383462861106,1.1635494998582214,15.91256125588419
1603135089,4,42.61568260702142,0.3573176903479146,0.32650984361856006,0.9435860687071861,20.768441587135186
1603270914,4,59.025026057968454,0.3400508565966257,0.24242243771136857,1.1570893701765599,15.650463689382933
1603750308,0,2.72190479856485,0.34660238571204866,0.2782817172892813,1.0741612463568748,13.603396720650732
1604219408,3,137.2293089324691,0.344589491551447,0.26959470547550424,1.0469481501735205,19.49362124733172
1604312905,4,114.90114839009088,0.36035396277652276,0.24238228614623325,1.2471610137957505,18.876673014271915
1605023913,0,-13.697526504104445,0.373685532195947,0.31274001304369453,1.0428362967751044,19.3094365489276
1605095414,2,-79.18875771729198,0.3374744157592055,0.14057895865907394,1.297193770161026,12.59722199991131
1606219609,1,141.8637245324436,0.37285945572515455,0.2685552228336235,1.149128962356809,22.630420066596095
1606350633,1,59.09450613291525,0.3537713138062944,0.34780568747821555,0.9516036213210687,20.924429874507407
1606377766,1,71.09175715265536,0.34878665619146515,0.3114474161640063,0.9636387693629173,18.61837757306579
1606526460,2,284.7595125856831,0.4153957163571661,0.2885493366595975,1.1242154463804621,20.207125121871442
1606960640,0,28.116986779023755,0.3816431557009553,0.20204938655143612,1.2925686923774,17.288680593197338
1607403554,3,40.08893967722135,0.3510869011263708,0.2740000697638302,1.0795499229170156,24.978444777620368
1607507482,3,-17.520147464885085,0.33593269177138724,0.2220217873112263,1.0877270433444202,19.83163729376919
1607608174,0,9.729923600892121,0.3418548912783549,0.3058024488003322,1.0298217862688426,20.55178819789455
1607796915,4,39.512539869386416,0.40003009274677365,0.23261934172041668,0.8808787365622058,11.835341630346127
1607934568,0,-52.79461562157054,0.3183229377522954,0.11224331532843601,1.5144607149269786,14.170673506437243
1608160782,3,-7.193366377739878,0.394634399876347,0.3154419928886093,0.8507719109543161,12.202883056582852
1608321923,2,-5.665592604802285,0.40928038595575866,0.20623625377043606,0.7964050567268324,11.542637373873017
1608343989,0,-38.67070114074399,0.39095509229531417,0.2251431201667749,1.0484351075941023,13.49314172040682
1608850279,1,118.60559249046895,0.3727707206699374,0.19028060694236756,0.9650651734409254,15.38309413053787
1609267020,2,143.23609564703872,0.3379027209782916,0.20717053710475497,1.042168538131777,14.92564346111988
1609304413,4,53.55281405437919,0.3725127726070852,0.23181367937293765,0.9002786570826524,12.825421746230319
1609366983,1,91.86276821694648,0.38612215201812705,0.2605926111747752,0.9253152139804177,19.02521920590238
1609819225,3,138.5238004566533,0.36816765885341146,0.2328001881380671,1.1300010712817319,20.269709082297176
1609876819,1,-72.50898766414934,0.36710494894977896,0.26883681829630207,1.0126517865653077,19.817288869889097
1609935858,4,221.41373250084206,0.3710966248572786,0.24124811562093448,1.0221005654302588,15.083592223667116
1610540990,1,121.00185354508295,0.37002923764776596,0.24290471972176472,1.0696055763032009,23.296985901824435
1610776533,0,199.6902464674698,0.3728129660689386,0.20694529987840873,1.0179353435813772,14.730251160039442
1611088763,0,134.40053214220242,0.36394255875152237,0.21033392182329172,1.091155633836321,20.064937699494905
1611331043,2,46.88999558826841,0.35809257522205606,0.3287269796502702,0.9461489660827731,20.87208391862263
1611579500,0,110.0820786136261,0.4070939603847538,0.13530373085743172,1.26778824467519,16.219950352144576
1611681441,3,69.04327436740664,0.3855377103717845,0.24055488268229913,0.8113238089105791,15.70702557281028
1611694557,1,-37.04260004875667,0.374230620948871,0.31743091275354124,0.9365248249705462,20.98066090021547
1612093023,2,260.4286660408596,0.3921008393078149,0.20556442490734497,1.0544403928486468,18.69046146683099
1612493686,2,121.19177763109357,0.4349040126298689,0.28469439982085143,0.9460420877808962,19.659297823352738
1612521768,0,55.48695664694399,0.41113375433007243,0.3818398813565155,0.780329848379662,26.70587937604804
1612716794,4,232.36821855817254,0.34456979478354544,0.2859028049798751,1.0697988960721245,17.761232695850556
1613645225,4,149.89951315576232,0.34317607033879916,0.26265758938587924,1.1427146615652468,18.94416135345451
1613665911,0,58.20238516272689,0.3256968476831461,0.31543113369566617,1.1023739989674088,21.833769578483206
1613802032,2,45.205137619144494,0.35065624444688953,0.180723046327862,1.1296909404994933,16.660539651715553
1613873087,2,85.64132789100984,0.3550601682472456,0.3006415658776348,1.1136083523735691,21.295341878660356
1613930825,1,186.38623441583988,0.37164413953142184,0.19196743759033832,1.0986010963451849,17.612212724756095
1614031170,2,35.68940664218783,0.4505054678483206,0.35745140544340714,0.926139285250635,17.850416467771726
1614212128,2,210.76353195906296,0.40737888919870524,0.24758632361420807,1.0247892896091944,20.288266108995856
1614580924,1,21.633335452744376,0.3707828869571222,0.20033065787152446,0.9161821621255122,10.826816428106916
1614865951,2,26.027818087994277,0.33352071728071053,0.2319404758393834,1.150841510050125,21.87456132016046
1615078461,0,297.77547143875586,0.361829477222649,0.25909356854939497,1.12658355469055,23.24598196653978
1615328669,4,41.614421261482484,0.3386552741922281,0.1221853715047467,1.1159541465294323,12.874448137259648
1616202781,2,28.015662933786103,0.32418183560434793,0.20230373379530792,1.1765548824411114,14.467068156302195
1617425937,3,39.77296787585308,0.3938715964308965,0.28768765186672307,0.883031146698616,20.95909546850072
1617530326,1,209.30399376956035,0.39908703284503644,0.19068487342567453,1.1067237832362942,20.21406778385678
1618024485,4,12.05169084409711,0.4205756268976341,0.2008377757113573,0.9138055581478719,14.865475388539625
1618337987,4,154.90847937066758,0.3799565030266852,0.1817427994797591,1.2119961113634878,20.019124127502778
1618366828,0,29.15080574643003,0.4185962972320958,0.2023905527198351,1.0078319329462233,17.19943195164037
1618451585,1,156.0984634007588,0.3405681342756478,0.28719330933635673,1.0982880366860392,18.123065003068515
1618749599,1,218.20322083850024,0.37557084275615066,0.17936886253948703,0.9962348760439925,17.78500535223679
1618910183,1,227.0348858233169,0.3271915877259707,0.3053413837672602,1.1927140745460894,21.85235552718298
1618911351,4,35.655493979883744,0.3558308960811382,0.22517480857402783,1.051433670382648,11.284262202716763
1618992612,3,88.76663111953388,0.32990693489542905,0.2727843675135149,1.1751556758321016,25.32926703294431
1619024957,4,63.23433752898071,0.3896978273484227,0.21719940721968842,0.7980616429726755,11.618560168820721
1619167656,2,169.38317472814757,0.3826609767179816,0.2815925406215581,1.1603779767653235,21.032260176225822
1619197321,1,63.94925803956076,0.34226779689314785,0.2824502957917819,1.1798135341157612,21.380839654426197
1619494019,1,112.50990172017097,0.37725970624065136,0.24357945225137984,1.0621822663832183,18.677283061488534
1619516534,1,-33.49055183569476,0.34141239359329145,0.14241404044562683,1.4739433452437867,13.546162167482123
1619538915,2,89.35013226200535,0.35204965627654006,0.24993099671405727,1.0915451004970422,16.780180689783563
1619869238,4,40.19821520337484,0.37367958522466094,0.3646771187264044,0.9032283467001192,21.20039915978734
1620174791,2,106.2595704364629,0.4029795046721061,0.27592704386011147,1.0646404710405728,20.060686025922717
1620481410,1,133.70073555533935,0.36950677244310914,0.19485628847461006,1.218948336459097,21.510785038191674
1620933064,1,-3.494279160527782,0.38602717194547626,0.3957432788787476,0.9081319130362501,15.064338014052144
1621708323,2,-35.088015774380935,0.3717471212255012,0.2884854742544668,0.912406824569713,16.000098333096197
1621972035,0,55.03396713844919,0.36146894806596297,0.20366477626662471,1.0260067341850354,12.328546193094677
1622243076,4,247.38413630314054,0.34608046601254594,0.28636591440747916,1.0903608051641827,16.31378631899612
1622288666,0,32.55719268982897,0.37050266381831387,0.24124064647935006,1.02661048791998,13.668108403450521
1622533278,2,238.91181647123585,0.3778725645981815,0.26803869900166477,0.962749651656311,21.336416028221414
1623779443,4,178.4782009513736,0.3500767767228794,0.2654348011542597,1.2764777562954346,20.452262621915253
1623821086,1,190.51926774726405,0.29971950946366366,0.2071245641899042,1.3499928071421852,16.770099435065926
1623930170,1,260.20620711640186,0.3741877863769259,0.17705182378805379,1.1773959257849604,21.62950611603548
1624065789,2,126.9109965726082,0.374728668434574,0.3771627021421322,1.0183536231364323,23.400320311684567
1624256779,4,-17.74548857721473,0.3646487847985642,0.25433484658338595,0.9508812353453171,17.170866063403647
1624258093,4,179.31709769085924,0.3616125333047127,0.28590385257509515,1.2560596788653844,21.658483510203467
1624614703,4,244.54729817901276,0.3857354937481084,0.18818000685917038,1.049992484849948,14.531798857397916
1624631059,4,47.526441918289244,0.3537756839190434,0.22731559753858527,1.0345195398185414,11.661027030592049
1625056718,2,28.038280980427132,0.3494187437629029,0.23711787925932098,1.0416861891394649,14.751787288160763
1625717733,0,76.73481351644998,0.26948434337383337,0.2315975031847008,1.2362294807482153,19.725989313138292
1626154089,3,249.655548201714,0.4087328276425175,0.1871074452204022,0.978503084952063,15.15455499817189
1626255936,2,116.27428705872728,0.3568664227224618,0.2029212523224118,1.1584788411965066,21.794594787511244
1626278445,4,266.37419502413843,0.3647979663104885,0.28580999233021187,1.0488066018333275,18.44659104786078
1626805714,4,28.482190483450466,0.3603296217605265,0.25972595344141,1.0617195819183702,16.82223902650032
1626973373,2,3.695918560582129,0.35571794702118553,0.26336893989500976,1.0070161992891695,14.452744045980928
1627008695,1,189.1464924641873,0.3554232793024452,0.1964770105786392,1.0595934061674612,14.663894530493119
1627088494,3,249.09242339228047,0.3640142009174175,0.2354734232629682,1.1971006278728928,22.327999542112604
1628056427,4,202.1087348454739,0.40197311031437044,0.09315570953376101,1.113661455448593,14.249468982984279
1628304289,4,0.1860424677973782,0.39660371159564406,0.20279621076728835,0.9611545745514276,15.355295755558354
1629034930,2,221.0339698443362,0.36316213771379635,0.2565022393343443,0.9942927371924076,19.423966786456592
1629642981,3,23.55956751972859,0.3625201022781986,0.22727553139762452,0.9632898214094322,12.309932769403787
1629866625,0,158.22342996955575,0.35608171207505096,0.3067948650004664,1.2047250033354073,24.137564967514425
1629965547,2,9.797365535272533,0.35574543544319004,0.24850977993233958,1.070638171933785,17.201034862424127
1630109402,4,147.76722560696913,0.32569686394882297,0.2050803005767185,1.2261121089799676,14.593224089773267
1630196267,3,32.61290694757322,0.37818541463148714,0.38873676920660283,0.8948777558444027,23.414069791725623
1630481907,0,156.5431519503407,0.37429329845398057,0.15341809846222493,1.2618606263689562,18.87620827425875
1630836772,4,247.64250127964684,0.3393820382253287,0.31247112456604975,1.0917225033931253,21.80137727556862
1630847021,0,182.14319078989269,0.3615409601157487,0.22612490143988795,1.073336998043588,14.8408675537614
1631091445,4,23.03299825054647,0.389785484663581,0.19726688530782657,1.082171287917438,17.4640418196107
1631230577,4,288.6799548656919,0.37154217448520044,0.26762028037014884,0.9907589957286357,17.283710434649613
1631608831,4,77.87687879943542,0.3240094248684827,0.25747315685518074,1.2029584224731766,19.02173943011577
1632405014,0,205.33445721116243,0.38233693674988484,0.25851953886331,1.0799076563779133,22.9665644145298
1632457388,3,228.87392962039002,0.35301963674085324,0.23115499409044687,0.9882028438468738,17.284536042101685
1632465618,2,49.04196878120747,0.3542322455889544,0.22336801821044014,1.1987320674110948,16.488844979203932
1632814958,0,169.32132771641417,0.38346536976198203,0.19056916242338323,1.1190075058198228,18.309559608303108
1632815353,1,224.17200516378654,0.3806243034926568,0.2546611325389746,1.12533457698532,21.35024955702453
1633207070,0,37.09654656341364,0.38419789952071964,0.20302552501451934,0.9315642237182753,11.486244271708415
1633403102,2,107.95653431660756,0.34584758128587356,0.22920814525781186,1.0530468297865552,14.92066776885027
1633678871,2,62.223006777019314,0.3550467924488646,0.2755820576385292,1.0974683232035136,24.88123386221375
1634407816,3,148.1683734962058,0.3968808983176127,0.31125697802816965,0.8786686760697117,20.257020225468644
1634561399,4,199.60447497964842,0.3576161100700624,0.24747299407017642,1.0744431830635404,16.31008519523241
1634574344,4,261.00580978949654,0.37893719844892526,0.10188120782056936,1.343885165692823,17.92231564211455
1634828189,4,179.52924194438458,0.35131199540232416,0.1727569831582152,1.1863851968117674,12.054054925838146
1634832271,2,146.41994007246285,0.3652478103045279,0.26814759526555004,1.0781336999788576,22.202897674375162
1635058755,1,316.01085297191634,0.456373994892575,0.2044393825717054,0.9234474347479754,21.870598505790163
1635294822,1,147.39130417776164,0.37183964446598344,0.2048606210431404,1.288119975386926,20.311062214165545
1635582225,2,281.6102530864497,0.41864841794463625,0.17593695131355325,1.0628649017577756,21.118029338552052
1635861860,3,283.7441156477074,0.38438967392956513,0.24985706386221032,1.1096923175884452,22.005196084006915
1636249880,1,174.29830649214722,0.34796658896749105,0.25645383394048554,1.174706091663598,19.132596378593416
1637316087,2,225.8110911915628,0.42393611252969604,0.24734887843997855,0.9997155755288546,19.06358336931951
1637447040,3,192.64947404341186,0.37469856751676794,0.25300113958498655,1.0607395054331161,23.656284969107645
1637633691,4,155.38144102321212,0.3799638048953433,0.19025762663573934,1.2226922598568677,15.25996994842945
1637714713,2,4.021686252442606,0.361723785370828,0.18806914938561445,1.184136008027166,19.212424581240626
1638121977,2,2.7016197354107874,0.34940099900316895,0.2385963790237537,1.0628844277735565,15.72547119438604
1638169555,0,168.20441475387287,0.3707078586590913,0.2592241811869723,1.052302171179199,18.516886140552003
1638182470,1,224.5426600962082,0.32932015150707483,0.2765954939806119,1.1495104839812882,23.14827982223221
1638745393,3,16.933821047802383,0.3445834825280321,0.1922378943132018,0.9859219005479135,12.562031745055737
1638921879,4,22.970296471786043,0.339243790326198,0.2506136617661253,1.1173745302522857,15.788180876398435
1639290741,1,155.52568281506436,0.36622681307789984,0.26733528276313984,1.0674300884820427,21.747209781242102
1639497900,3,0.673543734996926,0.3524472146665881,0.26064656731113384,1.0402681306160941,16.440546208714434
1639513148,2,51.65948037761863,0.35570701117208703,0.20990999561691423,1.0612993333870218,12.922025240722576
1639677802,3,65.00821136937265,0.36532020503963103,0.19515043223472803,0.9219533508366702,20.403685926804204
1639769736,3,35.2585285309736,0.37257510017860646,0.37071239180857646,0.9130987337392211,23.066838032548947
1639915624,4,5.518987285280218,0.4230622572907811,0.28570622949726376,0.8166916245523814,21.092426579132823
1640063479,0,6.392940560211429,0.3535590447704724,0.22777480651661045,1.1752673273444747,20.071360967591524
1640191566,1,65.00165423629855,0.3606640326483532,0.23989762064774153,1.0766712725113985,20.646228956198378
1640510001,2,61.696345391432615,0.367528310033069,0.3134525200696533,0.9366293753601224,19.815241197713387
1640870840,2,48.06556093265951,0.3508367379471171,0.3127438421599953,0.9666245205516335,20.650200608324088
1640890711,0,200.93849094578485,0.36735965573506746,0.23719082020062898,1.2066010012496735,22.585704611533295
1640897195,4,153.42325606052088,0.3806620357274315,0.18211665433046792,1.2287970602540712,15.181427210490918
1640937510,4,105.20117593623567,0.4052079907791782,0.3097366920584877,0.9790743587863111,16.838020216681894
1641068572,0,147.0456996520765,0.3770782979276838,0.19652996353834537,1.1590030744877222,18.044700754551187
1641679741,0,111.9926388478148,0.34565814969908126,0.2613805001587242,1.1662945444337138,24.899807522999176
1641687238,3,21.64871016140846,0.31883960041946413,0.24802173052963358,1.1155910806650535,19.680631420611526
1642318561,4,201.1103400518432,0.3727270494363448,0.25768921600132233,0.9506744323673358,15.487268506052597
1642394880,1,-2.03523756933582,0.3516465249394799,0.26101128363358517,1.0403746267935117,14.386077258119474
1642545320,2,181.690837368536,0.3726519807195341,0.18855385401687974,1.2439737116839324,19.160843576973477
1643898977,4,190.63049157695394,0.36697107211843455,0.13864184387138956,1.2187143852957807,17.31150667358125
1644429324,4,34.21146360302794,0.3840355897647548,0.30238494744831707,0.9289153269166932,15.43316676053197
1645271820,1,-35.9692308505046,0.37834089188501013,0.33158697870599824,0.9269718948067466,21.185018577277397
1645416728,4,130.73574009497062,0.4593933167046741,0.2651265743931078,0.8979800702547798,16.296431833800387
1645801286,2,56.90572781847418,0.35740845718664804,0.27287881671962655,1.076777237242028,25.070816331594912
1646057229,1,102.5202228443164,0.3700672443307242,0.2799384902256647,0.9364545998848075,16.01590724691606
1646177027,1,134.66301050075907,0.3764839104603447,0.31365824207195386,1.1697624607282813,26.12914757527217
1646241575,0,28.72576191169673,0.34812744213383195,0.18998445486453658,1.2063160920145382,19.904232998916772
1646656305,2,-32.79811997109253,0.4128117688335016,0.2206600734995055,0.749933640523821,11.824896447033664
1646893921,1,-12.177134763845672,0.3539296417142113,0.20688704289269888,1.0494234720178655,13.255266801104723
1646933225,2,267.192228355121,0.3642821743809395,0.3114465213339327,1.0102615130874213,21.82334607934823
1646984336,1,186.3639555481936,0.36888495424963164,0.17986841121363256,0.9742779447849516,14.103758358065573
1647029479,4,147.07677807877678,0.3291804772354675,0.2592416878149403,1.1746575382436275,18.476102650991646
1647212497,3,207.33965392772703,0.3604155774474427,0.22278155567273228,1.0239096052214338,16.424262352386524
1647532424,2,29.243731309083188,0.3398270790382473,0.23942896091601562,1.0959976587897917,15.51812642427885
1647821918,2,6.7160076501229895,0.35403764484338973,0.18255785164959443,1.0816378006320662,12.880491170777614
1648167915,0,36.00022134311871,0.3452508188904806,0.2595350357962127,1.132169764167805,20.945767067844784
1648532900,4,52.62364681287114,0.39796900664087953,0.2250294982754082,1.0735321059047487,11.880677640874454
1648622866,0,16.43808861148493,0.3812027541314941,0.19025214477502883,1.052284441768503,13.33676600235501
1649223775,0,29.36826254101033,0.33528088513431265,0.23593993441035804,1.0310500496184636,16.69946055513457
1649295248,2,160.60987519791223,0.3576193057355536,0.2683585448194173,1.0427663914306449,19.889260801013357
1649345915,3,133.37930501477592,0.3223663546827421,0.3027505737408701,1.1167250874441235,19.53566109889397
1649518604,3,210.9365449962262,0.38334394389294,0.21998837285715472,1.022570962729366,17.47017242808477
1650000609,3,142.02472271567598,0.36256946807472534,0.23155389169920168,1.1225797436840903,13.093383055263512
1650198770,3,183.018143610493,0.3986956790280245,0.24509015515640037,1.071122515765711,22.72341187080857
1650263868,4,-4.445554806392835,0.3405376542372306,0.21588518695939307,1.0338180029488537,12.944815949893274
1650643323,4,69.95452199459999,0.34947819620465703,0.16454279171694894,1.1014655236629336,10.565258323800085
1651023431,2,24.931117497835587,0.40596597749517854,0.17156781883343009,1.0176967553421383,17.387265985846128
1651258408,2,52.98422649050722,0.3576476510978645,0.3170401274035638,1.048173593734739,23.857271688047994
1651483269,0,100.60915521954028,0.33888225435720076,0.283459635773593,1.1674589051076611,27.72173253420567
1652170327,0,180.1375330717568,0.38435368975649176,0.24340405637848891,1.2128809616591112,19.61933000525072
1652404686,0,207.29600679292372,0.3530294307010534,0.20452318613963927,1.2267049143149997,20.68834131092527
1652549742,3,55.050162044888644,0.3343941800854094,0.2042023401263099,1.1379235725977317,19.295366468735473
1652695363,1,271.1586778430201,0.36538889025486665,0.2522778784250001,1.208682232907,21.10048267326606
1652765029,0,139.4254207271719,0.3216167643950821,0.2515059837587936,1.192481437301704,16.09660288848212
1653502391,2,17.057385495775577,0.3554834268408871,0.1867884229384952,1.0424734161425087,11.24776740078542
1653539066,3,66.56939576191476,0.33118843911987533,0.30111365185573447,1.0290319879280596,21.07605917854103
1653668180,2,84.7137361961249,0.3684143295577675,0.15362131640847998,0.9621773585477479,12.428275219372395
1653699030,1,-1.3665813474738826,0.344352720137924,0.25156402256918275,1.0713623847373404,14.349709807905793
1653991852,3,175.69124721922515,0.34717300648823185,0.2047420727027472,1.1369561104499561,15.185961375789375
1654010569,0,14.588124461190105,0.3388855792580516,0.21356601825637883,1.0379014883079296,16.16671650547752
1654213224,0,-10.016791949799469,0.3751435280905479,0.21529536254201284,0.8417765175929883,12.309129896611047
1654272225,1,187.96841654516788,0.40551806527881296,0.13859008601916056,1.3160915632535959,18.409160972447125
1654827899,2,227.39248261809144,0.3442195291608607,0.2835378395699989,1.0902637247360747,20.598958903286253
1654848941,3,153.1345948562471,0.337836432456915,0.2612152584621934,1.160718090168909,23.490190747155832
1655220585,4,213.88158588336256,0.3995117830637434,0.283385015699677,1.199218114933186,24.788335256175078
1655318742,4,181.66300482914858,0.39242949034517116,0.06461813331341015,1.4995787197952515,15.976266106575505
1655336489,4,188.55360677632865,0.34030790923966203,0.28929230601257794,1.1355133224072518,19.92505639829363
1655603853,3,15.198571878257326,0.4139890643897347,0.1933301667702394,0.9654779620101929,13.33936224030058
1655950813,3,-25.450932108105064,0.3514914095958184,0.2336963497510974,1.0348121062239743,17.124350814150528
1656073293,0,45.38219225422142,0.4120676645194923,0.1779867423712857,1.0110941775453373,16.768898165935756
1656097465,3,180.6227351329572,0.37222251386178384,0.255411475296172,1.1509586652506059,24.494684627611562
1656589637,0,211.93923637974302,0.3662692975178328,0.2515756534624252,1.0354059065328203,19.707633012056814
1656633508,2,48.36160640880656,0.325777673586336,0.24887544758765975,1.1151814634624777,19.4064691976293
1657554335,3,145.96477569033433,0.35181401208551877,0.23965985552201358,1.1130759122294016,23.2439294403542
1658493417,4,198.76421290731258,0.36640278899061196,0.2383968829445142,1.05325030621082,14.681918234308855
1658830563,4,229.6176487637077,0.3887862966423845,0.2680223640270945,0.931712354411751,18.307624293821952
1659755878,1,53.36516687255843,0.37814829140565515,0.4003945338941364,0.9086243437498177,21.786483656606134
1659835488,1,78.197919551334,0.3459019969091612,0.19931829338273693,1.0340795199896065,14.496774811290427
1659919472,4,122.41455888781798,0.33480094300139557,0.23755657493516644,1.3043126308532,16.517708121222825
1660751847,1,22.199329491722395,0.36253030481976417,0.3174541802783745,0.9700918363278241,20.178926635348304
1661316204,3,395.88090507675065,0.41325149153999424,0.3122728817957321,1.1028105462265707,25.781640937968593
1661521840,4,186.27931814034272,0.39636812231184815,0.2502077996663175,0.940024673401397,23.307548105291673
1661804021,3,367.29943127682475,0.3993391800598133,0.23550901037824545,1.17212399633036,21.657634785416988
1662111173,3,337.1261721063637,0.41921240799315457,0.2832264498143012,1.0553613074237564,23.973255791521254
1662427032,0,157.36426817543244,0.3435518447158402,0.24806087775401112,1.118658466820614,16.694947800915156
1662473606,2,-2.859734057179409,0.4249664380344169,0.21346345898602362,0.975691493349215,15.75483617768623
1662846692,4,226.97440319034922,0.40179622557730615,0.10553966753911961,1.1346908481491933,18.661945608766764
1663220707,0,80.33309189452694,0.38422998768022415,0.24626703677440157,0.9266801426707121,17.989692659387178
1663257488,4,177.34097574873311,0.36502882804648135,0.20852204472756986,1.2566483586785733,16.747251122572933
1663514336,2,-28.299292154860694,0.3760333878388924,0.3168556253083656,0.9192361895954183,21.092420325291958
1663579742,3,157.92166686630458,0.3521089775881878,0.1638026681004272,1.1574747848470215,15.415480411508568
1664000422,2,341.60893855937906,0.3704882116000468,0.2781017088587541,1.2113054965624364,20.604402176636654
1664419715,3,254.67921320985462,0.39576631836513576,0.24020978616130095,1.1049584795744225,22.119901230512355
1665128334,3,165.99897540633378,0.4070932857729322,0.12153636485905336,1.1499892196001176,16.039647066999933
1665519447,4,-22.70318686713354,0.35024120179061957,0.2611482180107702,1.0040003785742284,19.9649482255649
1665622920,4,128.10376337070514,0.3902582752074337,0.2605167387980736,0.92906747140655,23.853034060169232
1666147237,4,148.62602644051742,0.3555547971709714,0.2665069358234833,1.2378345912225868,22.075109470313716
1666787967,3,155.19960297084788,0.3488078051240568,0.2388832091729665,1.031858340100726,17.90048255679906
1666962714,0,70.34420177226166,0.33663721537795105,0.1949244747684305,1.2509608951647981,19.323400848199395
1667507467,0,11.193454974413044,0.3560973969723568,0.2161002932555796,0.971912125199399,15.680443338341563
1668029928,4,130.56044688685714,0.36262870900863725,0.2136418756646673,1.2393626600631351,17.321074665204204
1668423016,4,62.13804966414496,0.33881880429912203,0.2567646033694759,1.0128659656077708,19.01123893724221
1668799995,2,217.81394671732093,0.35153533612238885,0.3196477727128423,1.234849538448214,26.759088511128382
1669065753,2,-34.916281388460746,0.3406514609912976,0.07817266345682522,1.487619426126947,13.124949579798932
1669177512,4,61.81367634448746,0.3797861377217498,0.18303788438184035,0.862316284096961,11.29057979927954
1669233687,3,268.7359662125873,0.3783071130041378,0.2259271395503339,0.9893430795204282,17.835237329166844
1669324306,0,38.65269647523279,0.36456240375092813,0.2765709711120735,1.1015172893996061,12.845486740897055
1669400778,0,39.469703042418445,0.36388374643271415,0.1747685395359565,0.9605684124327805,11.578320419905573
1669411867,3,231.86075878984852,0.38924873092078777,0.25406079185433694,1.132546696923514,22.678191857947226
1669796123,2,5.194664255066527,0.3321520079206876,0.2591820044379371,1.0847264206156904,19.49443572639299
1669900077,1,197.95605665401206,0.33791377986417104,0.24835649360452938,1.0978987925941854,16.176628680312383
1669945913,1,55.037153679596756,0.45411016247194497,0.14215477683093436,0.9381083627468658,12.851340331261849
1670036740,1,193.30295883786937,0.36569581351332164,0.25843741341880144,1.238593253219379,24.709353974289634
1670250046,3,190.57585689821195,0.33821723171244894,0.2581126960356354,1.2151374705992,21.222577063966146
1670434070,2,309.2949185076541,0.4273172009855826,0.30424404179648373,0.9841845450309284,19.955345872335872
1670881683,4,215.01494156446552,0.3616552908005774,0.27460199077100156,0.9719387436089196,19.173635770582877
1671082130,1,111.51366601121438,0.35325126276550073,0.17216027830467528,1.155490864977265,13.69132450547333
1671135336,0,38.97018563097393,0.3689984994316284,0.13887141311541973,1.2134037439284853,14.644037048996514
1671251574,4,165.02421751626386,0.3639623315116465,0.21744045325335512,1.2336837045610483,15.969502559968253
1671488348,4,188.09507494490234,0.3596652415576362,0.29206803681354687,0.9454244758095606,20.50009999885651
1671953980,0,55.01423420504725,0.3476964249895363,0.31104009049448905,1.0179610706326223,20.8052912808252
1672793262,1,203.99595792122543,0.36483111464058576,0.2806952689047078,1.1612916721599733,22.766341042995002
1672845324,0,120.30100930298016,0.39410649279734344,0.14628098488336147,1.0430484551447377,15.11880194140947
1672978154,0,89.85918008359793,0.3448389575461839,0.1751491793468427,1.2933767967699086,21.41207383266944
1673102109,2,354.98569217437125,0.4382956532837544,0.3475126621194452,0.9967549814353819,23.339709992212377
1673426681,3,8.115280652409666,0.34846459182314105,0.18944863003086956,1.1239666470590512,13.083210777555458
1673485707,4,49.593364965725534,0.38996698376992034,0.29667215618248893,1.0179109045811978,13.865989615917659
1673575394,2,200.65635093098388,0.3421803679912786,0.256415038575403,1.2445575404510623,19.31479628442717
1673823356,1,92.30537150922086,0.356767813918589,0.28664467548749617,1.0080505106366189,13.365300551237297
1674464256,0,192.92572325221587,0.39137273817886054,0.23127093075976912,1.0074427199446692,18.342894045197475
1674887519,0,-34.5866743490711,0.378127069468318,0.22100180774822759,0.9218535975658712,12.124052488193007
1674948032,1,125.91312373363927,0.41745780503962526,0.19721833165982705,0.9927905035257266,16.397372288274248
1674954682,3,196.46197505947302,0.3818396676441843,0.18175134947272353,1.1264168209825633,19.82321231667995
1675272151,3,111.00934951919777,0.3452896523187746,0.1507791932996532,1.1284053433492283,11.265643825961273
1675542774,2,62.854948896348695,0.38974321366314935,0.20304572354273517,0.7258674903444553,16.17597797467348
1675605229,4,81.92048512845165,0.3817335114632898,0.23594408743630682,0.9205771657798931,15.473691951972778
1675845282,1,75.9834888138576,0.3408743042184548,0.2211063157091642,0.9493299717713516,12.392728887871877
1676036975,1,322.93315700378264,0.4224011983310267,0.2609595411771884,1.0723092685509479,23.47586812348876
1676176971,3,159.09556848845676,0.3756050502590622,0.21628138435174044,1.0551563541763334,20.524612586701608
1676315941,0,136.18924595106472,0.3607412139751013,0.13135836553772443,1.2725351354271788,18.83508487506124
1676729998,2,-6.567140483688007,0.36297582625221025,0.18217968603489915,1.0502340897553801,11.419304611154702
1676759354,1,166.23180651257553,0.35196599395271333,0.30176395585158533,1.2434411643478982,22.305610945645846
1676853034,0,102.14532808427788,0.3414958700609421,0.1697040394510265,1.1398331140771343,12.179507246347855
1677073370,0,98.61408151437575,0.41689658498679244,0.1915568415781972,0.822826709063703,12.921734822157047
1677533093,3,243.6267011994297,0.35301156907052766,0.22656514242747122,1.0102010677247804,16.75707887317979
1677600893,0,103.38726341577546,0.35887434305609506,0.24899347053757226,1.1161577611054319,24.040970778940864
1677738702,2,196.82717328185475,0.36956627649475143,0.3056870142852618,1.1671396542888224,22.407131853333482
1677875786,1,176.14470886885385,0.3717726129742347,0.2471063684907881,1.1644988939642384,20.47120449238112
1678384884,3,-23.75219030619182,0.4044259053166464,0.35500899261565827,0.835604091807722,12.268868820734152
1678410522,0,175.01549874933974,0.35998319928128597,0.2068675915129796,1.1974759287291983,19.94680777643415
1678521620,1,-9.239114039456211,0.35756144445783056,0.18548060635097602,1.0929402985538528,13.683686538139098
1678768525,3,223.98723405523114,0.3719744412582018,0.2553285641509854,1.077603193300494,21.514572825381958
1678882147,2,3.9218413101190492,0.36997530190151495,0.1357128510185281,1.3585423809829753,14.229007404177771
1679226425,4,246.9371353870652,0.36400175798243195,0.27242127797940013,1.0751928816941523,19.16114428603638
1679285370,0,33.33591697168771,0.35227888180696654,0.22036548982033977,1.106466098898842,20.28550519125878
1680789160,3,205.36887076774332,0.3799103242764271,0.2458875793411299,1.0141562982780552,20.98089858019445
1681110916,2,255.02815470528242,0.3865686047948154,0.2633606948807056,1.0836245302120715,22.124562452306286
1681628667,0,195.39036071621052,0.3865518702058085,0.2331403614482745,0.9992902546534403,15.251183896522637
1681775861,0,225.72777647362108,0.35855708373988643,0.2159492621958008,1.0845721016541734,15.674151775019164
1681905956,3,246.39834803324578,0.33586999345415863,0.2496710543189072,1.018538447341769,17.878324342546282
1682827181,0,5.973623944736076,0.34225149856513815,0.25813261547242433,1.087867063498363,16.358365591713493
1682832675,4,45.69305226056945,0.36483171161169203,0.29227227501311315,1.0928922476795846,16.834890264758485
1682900060,3,223.14593432925608,0.3669432688229805,0.27526182812628125,1.181337122843587,25.232459797143736
1683248477,4,170.14621517300475,0.361880887227206,0.283828997806882,1.024661324372317,20.01056495615251
1683353689,1,60.399495092229884,0.3317182522412683,0.2782002784791547,0.9869757473057377,17.759598570826906
1683593138,2,196.72734868560013,0.38485973495220244,0.27272524245838625,1.125550118047869,23.87266272451727
1683816678,4,-4.245303831439415,0.4120863074410369,0.3598357712859148,0.7830955874245156,11.781599923649047
1683834264,2,30.90690715073744,0.36194859819228936,0.21107108306692388,1.0780364459167626,14.55713566600799
1683937350,0,-22.380674746222013,0.3458776809354859,0.12393516565478446,1.5264779687904275,22.680671354754097
1684744857,3,130.84130800637797,0.32179273984514867,0.3026407213449715,1.082242814935655,20.85076230032834
1684855250,3,69.13561849772131,0.4961464703007778,0.16533530575066546,0.8660526418627976,15.22208369022711
1685057897,4,-3.3022664905739845,0.33784534509383046,0.23069815925768206,1.0743141083159826,17.816197460221424
1685441802,4,286.8112606770209,0.36909878592223566,0.2437327489143082,1.0004053316691597,18.27974803851159
1685639309,4,207.70532478925338,0.33859146330944045,0.293765966285726,1.1112156504135413,17.688612704689625
1685741842,4,242.06433362318734,0.38939354066072784,0.1781908354512528,1.1169081257760132,18.237449301825468
1685793065,3,186.41769845955483,0.35850680533497425,0.23081200231295276,1.0203849578738509,18.268694241393998
1685901918,2,54.61610329610501,0.338375576336738,0.27473844404288394,1.1481356214624832,22.278915187422783
1686044145,2,203.13330849212912,0.35476110683688233,0.2908867038981592,1.0539195468972067,21.735282050806
1686536548,2,215.67351313648373,0.427874463171448,0.2313893776384469,1.0111651217695776,19.93145229803646
1686718921,4,93.01400865948956,0.3522144474022348,0.28691835611085675,1.1620809447432427,20.526554097325786
1686919611,2,138.38891261140878,0.3394093905565975,0.26919897171636514,1.161049148865768,17.89584635029629
1686952032,3,284.4240854141587,0.40224290848219774,0.30072632566497604,1.1135378073743012,20.712202102985252
1687301626,2,246.8006656025201,0.3768817802553814,0.29700803369364626,1.033417234803557,21.569176413813693
1687734708,2,4.228266672438238,0.4152383656234979,0.1860080590242176,1.0555230168671392,13.831787874281899
1687858276,0,222.53317170916574,0.3712215719634499,0.1863858100290049,1.2019108908553682,20.323407973396094
1687871916,0,288.3305570071633,0.43213291805572485,0.18558194905479342,1.1006076806213145,21.43889738255129
1687937320,1,163.46380560140494,0.36538110613941716,0.2398115167436631,1.2133890591406957,21.36464679231928
1688474833,4,143.1982006961033,0.34076512258001507,0.22198973596917929,1.2317988201969021,24.3691409586636
1688918153,1,107.0058598172363,0.35106173613681974,0.3210564604201323,1.1234838912052059,21.979858683727045
1689325307,0,170.96985287478353,0.3341425866971155,0.21139967373163637,1.2346425704956387,17.580413785398292
1689591467,2,46.421313717144706,0.36194701697607545,0.33592856552074607,0.937825726558104,20.98476051268829
1689883319,1,50.33233894792767,0.3601448950631094,0.23794703729962702,1.049462401716412,14.186995873163914
1690031324,2,31.407244114124097,0.39370241412867435,0.11940750644971102,1.2418682861308763,14.841050146122821
1691054850,2,196.8347216734324,0.38177954728064223,0.20471568744267737,1.062242674512111,13.666631885132556
1691146038,2,-11.696486194423258,0.3386085583271141,0.23856435283562685,1.0847098311121404,14.625532317794255
1691546435,1,299.25867460769086,0.41302987094185856,0.2203145275721374,1.1731402115381364,21.68285938764174
1692151346,4,127.71026279588794,0.35319605371698365,0.24769150876879673,1.0768601849177715,20.025642357984665
1692408347,0,83.7694629020088,0.36767912299324734,0.20512572268774062,1.1540244049283666,12.484925227950875
1692538741,4,115.59127885046493,0.33507536276962396,0.13608444691820368,1.0436481170889045,16.85776989136953
1693140082,3,-75.65445562861842,0.35640602223407625,0.12452143301582666,1.4913092528853398,21.41818943448589
1693262682,2,130.46928665983762,0.3774206755930477,0.23436955096867135,1.110613127803346,20.032346740292752
1693536620,0,-37.87987145055702,0.4141158356894193,0.2728602365923447,0.8526360500215207,18.195828735261355
1694201985,0,210.30795863367402,0.39429294162856887,0.22308876772227376,1.113846083774154,21.03736393780796
1695745153,2,194.6228123524004,0.39912906032948464,0.23479483209752558,1.090837401049332,20.783361905860662
1695808727,2,-71.26928097022638,0.36781677969261845,0.25373415806037486,1.0596547880569778,17.2812711212464
1695838608,4,98.14312153646148,0.3768099646180341,0.23148038601592855,1.080405090556076,14.622358143957602
1695890113,1,33.153877732641554,0.40112781363554556,0.3412439317801096,0.9431897991730523,21.82851377543762
1696155039,3,57.3638498757362,0.3771027071929624,0.15925706276379686,1.0805205691086197,20.87691406074226
1696182166,1,175.010458608659,0.3597630443188946,0.19282485832007817,1.128084119179204,17.20953399164044
1696331324,4,244.54548636290824,0.39320530451306845,0.1803265096862064,1.092199857113889,18.229104577160644
1696343001,4,123.73629814838966,0.3492661201416887,0.21865995858110684,1.1877832258271184,19.87443860915487
1696594426,4,212.8737761167601,0.3477968630950021,0.27925034491509265,1.05542967085649,17.066359405797165
1696699726,3,84.49017451147611,0.3502869568391477,0.23350289753046366,1.0612545897691845,19.288573824334694
1696944079,2,32.88454505194315,0.36957441630718596,0.16736611780392935,0.9362323598017473,10.316276802293423
1696993963,3,59.62974539313749,0.3809305489992578,0.2101875286258037,0.9775421844574506,12.695697593364086
1697131748,2,146.6273139891472,0.3233716182650235,0.21247952094605635,1.2607427005911096,16.065446793591857
1697480499,0,262.1154634776578,0.3755715132333942,0.21493099786540545,1.0610170559877483,15.12810101711017
1697683442,1,64.36055970416243,0.34089856651043754,0.23255336462223686,1.1530484142799549,17.54109487146706
1697824573,3,78.29820608957542,0.35780591256566235,0.2826454151500537,1.0503854211817507,18.623581301803647
1697849650,0,198.21226882447735,0.34212220363302126,0.2753842787928222,1.1306692631157516,19.901208902516537
1697989359,3,359.1811655326258,0.42723272943979734,0.28883933227737685,1.047521704341752,24.223697268693535
1699061144,2,125.15287580023403,0.35800917413420175,0.2666159597753133,1.0278352563050217,21.551294954429757
1699412272,4,27.376342053277398,0.35485941782719327,0.27884537300329476,1.0611986330086036,21.852975073502808
1699735817,4,212.33567967525764,0.39470761230679313,0.2257983795815034,0.9270689403769272,13.798434026700981
1699979757,2,9.700240184164272,0.37523207514915347,0.2148931602526864,1.0707504219043775,15.86255647497394
1700419938,0,324.0694309473426,0.44189797987703044,0.19806043520923833,1.1005693728727264,22.949256776435476
1700578264,3,78.82690646912587,0.3513789647019335,0.32181930431199635,1.0829548402121354,25.97220372625732
1700596879,3,303.82895396899266,0.3997059078377729,0.20142033634154397,1.046344182297025,17.23533639049013
1700600089,4,221.57642064548546,0.3917126720660354,0.22687191283053482,0.9202713677696887,13.906587708069686
1700861962,0,22.209383128539557,0.35627290820544383,0.2145923459749072,1.066784771029558,14.527278486349774
1700926472,2,279.0257326408287,0.42209002646509125,0.3387626243008708,1.0711331085364537,23.433300865343753
1701051836,3,72.87079525214209,0.3608374740067807,0.2782942523445707,0.9562952666043765,15.735745038636288
1701314200,3,248.2007589999056,0.37462539339917045,0.23834001985228342,0.978550449778906,15.931873440327262
1701467144,2,41.17005097029484,0.3618368929756535,0.19788162880400756,1.0406195995520884,13.128371543454833
1701555449,4,162.30003552920718,0.39913375718492666,0.191872702311025,1.1292420022500802,17.975339782576594
1701689653,4,250.1886335098024,0.37174942683132733,0.2679466853197135,1.0061955990068427,16.631444017589963
1701728451,2,143.64026013354592,0.3823222791293038,0.18541190823497922,1.1985362700864135,19.310738900785992
1701758700,3,141.1617350476561,0.3606716538233149,0.18891840550308342,0.97061480558254,15.550252892372265
1701768765,3,39.045446327660265,0.3868137567477067,0.31331641282425465,0.9219719157260968,21.23934913664343
1701867111,0,155.80506396585747,0.40603287632065643,0.19094677260748222,0.9206657394358755,14.380464424346
1702325651,0,262.70242783389153,0.399803327038468,0.25410907247493386,1.0466188132845553,16.440563437012507
1702635264,0,75.47750313279408,0.3394512530953729,0.26870579709243886,1.2024906186376252,17.189090501060832
1702898348,1,121.4438034920861,0.3488827804966203,0.26663488402267016,1.174461441076174,22.21604422831527
1703438177,3,145.49343042985296,0.3789244062784228,0.22364080352809915,1.033237988031553,21.450712113620604
1703477972,0,232.05511099309757,0.3367533540213564,0.24519107288951075,1.161673105571476,18.878148881225762
1703879338,3,51.71541378666592,0.3686836546155734,0.3028680870294215,0.9140822900976054,15.63819978289575
1704241791,0,327.0086582817865,0.41064861976670175,0.3062086790670363,1.2078448511212734,28.681060711992775
1704546800,2,193.9122123305395,0.3316884175570184,0.2827152993907609,1.152256300156424,24.52708402377482
1704728176,2,-62.891393725841496,0.3618543580644925,0.19727914207646896,0.9834623599832487,13.303861116275264
1704846953,3,137.15196462652,0.3524745682419248,0.23001773591080446,1.1377152874137337,23.379437954384873
1705151635,4,52.82055239880298,0.3474079057840955,0.28142827930198,1.1128668017468497,21.471391683019483
1705359198,2,52.65741097609621,0.43096708544126183,0.3746901878412632,0.9236953371351254,17.93874778499255
1705636874,2,-15.340311155486702,0.4048055799256228,0.3150665147308439,0.7954466077834808,18.895455586920317
1705705134,2,136.64170750502223,0.3679489097923746,0.2591106324876916,1.1841114953122607,22.44171474621025
1705754093,1,94.49073003094847,0.3075763644052548,0.28042608062519225,1.0809950432058628,18.460893510637387
1706421625,4,277.46692265024467,0.4229769097771049,0.10512717759103651,1.0479673966383745,14.958631893739243
1706521131,3,94.37233796226592,0.37376635733893704,0.19708711657453187,1.0397234068337857,18.583901736553344
1706553936,4,181.07662995923215,0.3595644389598739,0.23596554572305237,0.9810145684194963,13.202415670694739
1706591309,2,45.02645165966896,0.4011919307784647,0.1832557627451815,0.9109544864990923,15.929530013028389
1706654876,1,124.0735936423345,0.395354114696197,0.16694179759555983,1.407705908925479,21.770637031542684
1706741208,2,222.0099436434134,0.3696235229756389,0.27512778985951647,0.9991543312713808,19.63065517412612
1706907888,1,236.14851236811384,0.3585555648893463,0.26002544632708624,1.2676640408714606,20.549397814337556
1706935597,1,308.5752644067644,0.42304168072038284,0.12164748787950191,1.4613299113402396,18.247861612629276
1706990929,3,55.628553936137436,0.3558619030773887,0.3018206855150639,1.0417038646959995,20.32919836367472
1707333225,2,-12.369242528051174,0.37399235457743796,0.224385230629082,0.9337829728716633,13.194514278932086
1707392895,0,-21.019595500437035,0.35688266385054357,0.2296290031796986,1.1161236482989179,17.291945227015752
1707460536,3,155.09044166550956,0.3500847121673951,0.24832736411091838,1.0436797987800963,18.026736284888393
1708403731,2,166.52165611792117,0.3748734940355,0.2858379510632515,1.156820141519397,22.26423506362445
1708543289,4,48.88078739797071,0.3344817088974631,0.2578281409257521,1.1857862871756004,17.93798685337628
1709391995,1,5.264626656771497,0.32337548106613195,0.2576609804554664,1.0809988162835298,18.74676461707807
1710475458,4,185.59603699192098,0.38076513417017144,0.24145538943529446,1.1966462883052902,23.760256359622176
1710724888,3,92.11675336255178,0.3488066106220064,0.24058316258725002,1.073086253048038,20.39225933308189
1710766762,1,3.7288555373981467,0.37658093856878166,0.2400178632353968,0.9648574051284772,11.67803746888991
1711010706,0,144.57122531091784,0.3646857063374922,0.20463121680066224,1.202719441166916,18.061593377496532
1711102777,4,138.90247206767665,0.36742910878351337,0.16195105721813552,0.885893780062393,12.504985658520907
1711422948,0,-68.49604694760167,0.32570092856899646,0.11173255773202817,1.6422427463601483,17.73248719355906
1711492844,1,166.07701520894676,0.36170355296142026,0.16433896094844108,0.8971733703918208,13.631356686437336
1711893868,0,141.00775737916874,0.3874756283407446,0.23690466362170431,1.049500717845223,18.745281290670203
1712077769,2,263.38610280210366,0.4067930181144933,0.2225592656536941,0.9849435355216396,20.140169516811977
1712598778,3,200.51946429825668,0.36831968553749106,0.24043438511570403,0.9421540993274118,18.651367779033617
1712933557,4,44.42953053389947,0.38013345405714555,0.19729502837737026,0.9397185288405856,12.89542707838978
1713382325,1,68.27986627864607,0.3499426416484017,0.19927105522330096,1.2042084206660542,15.833937494644704
1713436070,1,169.69552409378826,0.40595136787665165,0.22124888473626894,1.0133745006388977,20.331357220676228
1713751559,1,56.557633634186836,0.38882874801425066,0.22396978433075754,1.0181776130818214,11.887626110495738
1714607104,4,180.12764597908074,0.38369704160326323,0.21844556326266776,1.0821614178052166,19.501676972105095
1715193116,4,175.2120530012769,0.3608108411607696,0.2403184405052816,1.150851669814973,17.37529926063149
1715294926,3,387.488967704038,0.47857314391783584,0.23301466110073568,1.0697926641924647,19.17802712614855
1715402105,0,193.94882423180303,0.3579986920803446,0.26989711323642174,1.1897616945028178,21.697916034777865
1715831147,4,302.55917801130715,0.41739247272734625,0.29075287880816963,0.990382596805711,25.321340609291738
1715878525,1,22.91334807346327,0.355520709296225,0.24665651615600345,1.0248822464739418,15.679740499668377
1715886560,3,150.27496018854683,0.35506106334830834,0.23751318798310972,1.0693994086809184,20.656673387337218
1715966441,3,16.767733905673595,0.3558204119530397,0.15083547283299448,1.1041306803764384,13.641702201513837
1716148933,1,178.8894877868384,0.3509526532230569,0.31792239189094773,1.2052532810805778,22.81379900090378
1717221182,2,12.675235602905687,0.3716574633977528,0.27452792660643033,0.9551555154409883,19.50346253446087
1717592504,1,54.45838457648883,0.3302769439855726,0.24315051878437152,1.1944633191936909,20.124019665968135
1718086689,1,257.30606310512445,0.352985010215988,0.27696357194493715,1.1937789640084162,20.180144745325354
1718233222,3,221.15053675815312,0.3651688592825754,0.27372852582019963,0.9759432703062251,17.606537108822536
1718354162,0,167.78265864546444,0.34701049400285267,0.2843913032716534,1.1243281952823962,19.429213818167447
1718419889,4,129.49304778273097,0.2705347571699826,0.2754546475434421,1.2669282253188998,17.317928284460226
1718537835,4,166.73360777394385,0.3742223057062095,0.20397704080859083,1.0685477781937947,19.51335643341848
1718822131,2,93.93541179680294,0.39086410413326517,0.1079338820725233,1.3388266378629516,14.411941224375004
1719173195,3,110.67662735716827,0.38751607874654603,0.21725017229483856,0.9374694226021191,16.32075515514515
1719193785,1,59.08829007822117,0.3537681961237116,0.34787073054042955,0.9515902127903871,20.923798565324056
1719420059,3,188.27401525382328,0.37069825947929974,0.24949290586579997,1.1438187862484326,21.921440622234357
1719450087,1,21.647851671716978,0.3423801791276287,0.22451498105455267,0.9961243140692337,13.162791474162953
1719719052,4,246.42154428988974,0.34212349519905644,0.2796854238025629,1.0834456202997127,18.007709233110184
1720612082,2,56.93850194452897,0.3834557888521744,0.23178525605362674,1.169968822673486,22.99437134804536
1720647838,1,213.5772758045067,0.36600785708061184,0.11385763738972049,1.1781411791490302,14.052877896132513
1720677048,3,193.52458183677658,0.36863067423323886,0.20409711095900862,1.1026222178637277,18.401391868998623
1720848416,4,173.08517501771013,0.3282166689529848,0.22665496684547295,1.0983589826087596,12.573862529527547
1720993259,0,135.86314295235238,0.34506641229361396,0.24160705172932617,1.1191900353466162,17.84943260285296
1721092492,2,7.572414384048415,0.3713977136757554,0.2775914156523478,0.9845600291505353,15.2828023516526
1721498000,2,112.20701292881067,0.3737601735035512,0.169786569314492,1.2542104828495761,16.02400844753661
1721517021,3,154.95525616600472,0.3907342272326498,0.27498299298812773,1.1029855120448218,19.52838527130206
1722126361,4,78.7019798534394,0.36428068046789996,0.1467609265271778,1.1520383292804217,11.624088065813151
1722404544,2,115.97759220387982,0.39359001690584966,0.22074312833936055,1.1926408815766698,20.59713593599838
1722437751,1,162.199153395946,0.35421220747422144,0.1572674182162386,1.1851989853934146,20.438126294080355
1722752192,3,247.63512197044471,0.3664984030933026,0.30620302575127284,1.2019435933344167,25.466745366168652
1722899407,2,191.97915266638668,0.3671847015646554,0.18451685527538902,1.1784701151105126,21.622755606399288
1723039756,3,89.05675912551418,0.35835313707993643,0.23388983400333807,1.144962971528266,24.18344683733748
1723062866,0,29.448884165949075,0.34269422810262506,0.23022681309356832,1.0661661657132735,13.215824534775177
1723225912,2,208.7746358997091,0.36040833225134317,0.26780840316321997,0.9942016448819686,20.780144413168895
1723711090,2,-50.05386519400794,0.32397836068615415,0.08347719234150924,1.5010917503211472,12.214900854032297
1723857031,1,23.29852582014105,0.3602966339818583,0.2922866338022356,1.0204503700518335,21.648146666515913
1724528524,0,137.08910650936372,0.3616676099960842,0.27213071599639516,1.0370675825443358,15.41446236820532
1724863374,1,123.92642318878426,0.33498680503869976,0.23837449288398524,1.1522241554905286,17.095527321615787
1725180972,4,287.99350950985905,0.38357038981474545,0.23088991205130074,1.120484168328339,22.029637843534086
1725259416,1,271.2635428505913,0.4069433963984355,0.19450789758383039,1.0426454024569685,22.337563600497745
1725823139,4,73.57949203573453,0.3867638526081132,0.18101042057079478,0.8426460277828427,11.767604661369475
1726139010,3,157.094017314574,0.3670880832879846,0.13359349946535734,0.958031309954669,10.409934341557484
1726144568,0,127.32172530437413,0.3782175135789088,0.23689513227007644,1.1250192872158629,16.790168763372233
1726627716,0,208.5936066188279,0.3366181688554046,0.27097801197731647,1.132058697295955,22.09315750159825
1726926869,3,195.9802769135331,0.37478145935191925,0.19238943584549406,1.0262578462445655,14.714390210524858
1727053406,2,198.7666148296325,0.3802342132011056,0.311124437335273,1.0975821936275019,23.16058339908167
1727549471,0,229.01299097559018,0.36620029574836355,0.185296659198996,1.190919382906694,19.247386878049085
1727851724,2,106.71961540132052,0.3333623626002399,0.2250327271345286,1.0795514265973878,13.849795804807142
1727933263,4,64.02721737479713,0.3515288550571837,0.286190172941316,1.0938281887477412,22.95332850253534
1727988738,4,303.7106130288246,0.454676995164818,0.3980712606502883,1.0885298335463482,29.00913826251375
1728252484,0,37.074321533457436,0.3607871570824401,0.24550941404750545,1.0526833658958041,12.851606244991856
1728340477,3,206.98654002228386,0.35673367223389624,0.2620840851026767,1.2713266748229155,23.25040049243369
1729263987,4,104.3696202873593,0.306305284985838,0.18367943598144348,1.1676470037083817,12.63704686652886
1729640187,2,66.3118511310264,0.35539986261167733,0.25704171183768176,1.0594360939943963,20.283110877848337
1729688245,4,93.05386942263574,0.34850807958217483,0.26436650990023614,1.1727721450203623,15.364038818080658
1729742723,2,-27.217925718661633,0.4128745943901914,0.30222414038533746,0.7674829538397424,11.67620315620513
1730077255,3,151.19441935569265,0.34097900217282207,0.28863163933817093,1.0590016699707234,20.390599185571567
1730293187,2,0.5253838552578571,0.3748674022297235,0.215786238582857,0.968961600437145,10.692833204123655
1730621528,0,64.10018645717346,0.39683165032574924,0.15468198379801892,0.7327920215949095,10.92488950195547
1731176824,2,111.80917098322733,0.3710608411189435,0.24516670289285244,1.0715128944674237,20.046356344185533
1731224858,2,-45.253088150624265,0.3621708424337843,0.2558129799518036,1.0450110103492924,13.371888661757062
1731329584,2,-54.41518071228079,0.40294086347678326,0.23917110454865978,0.9902220220118816,15.204614981033611
1731885131,1,-19.76822032796032,0.38565901864711494,0.2720762992055425,0.9230424636221073,12.267230520265606
1732473081,1,161.51506421070565,0.3622518518034258,0.17964894361189293,1.034952374785201,16.686666956837435
1732679124,4,20.940441240616934,0.38026498974993,0.3271550229519943,0.9783171983508597,20.045766860922427
1733327889,1,73.27779189704383,0.3694817574935876,0.18697599102578946,1.111895041831523,17.64823967213602
1733763010,3,166.08141764813632,0.35989837240409295,0.23410604201138094,1.0293309748633048,16.36347155257977
1734361691,1,1.8998053515670108,0.3357767957954044,0.2469611235901568,1.0893889420933003,20.921024300054647
1734399308,2,140.2428938876053,0.40363510703279926,0.31560488219088834,0.9600046013655377,24.49958741480222
1734532283,0,244.77590278389658,0.35613409986493877,0.16448604348108786,0.9509206691226914,14.96596442443795
1734712168,2,114.94942565144801,0.4139859312308243,0.18964981615513804,1.031420858601817,14.360265645322674
1734866978,0,203.52541867815975,0.3586541570506921,0.18139805528380704,1.2785183119426173,21.62277217297852
1735118252,4,-12.962177587357147,0.3761944330529078,0.34127469887706086,0.9052061943612423,20.776836679564127
1736400792,4,-10.525647289982174,0.3812521289464013,0.3680742851553339,0.8845698339160184,21.02430034128669
1736906548,2,180.9223392164879,0.37178705589871325,0.3683074363753016,0.9255482718765983,26.569072028447323
1737253601,0,216.18538753194844,0.3758642093071371,0.20819811822700401,1.1486893634789326,19.81356925658793
1737477599,1,211.58517042482748,0.3618197710949754,0.2050449710161626,1.0190421547647055,15.428013471890576
1737643625,3,133.27043435191416,0.34669401638220293,0.2521441886627652,1.0800700008081594,17.910310592973737
1737989724,4,148.69798465834043,0.3746112071910983,0.13125307708538553,1.2298761574298884,16.175336148465984
1738001334,2,111.37451960791562,0.34622383724153727,0.2056110293724265,1.3719950090585518,19.63412393767572
1738112244,1,31.18333892999115,0.4182351109611436,0.18555784025488556,0.9341691197971715,17.099118848297724
1738468386,4,110.04999863750865,0.3535766004894119,0.2805286924070978,1.2422604723707655,25.46282240298694
1738776210,4,94.78237676675795,0.36503483544935417,0.17658119333889885,1.028692440512085,14.344647872507604
1738997335,3,12.891204686095662,0.3539560046377932,0.2408766041381546,1.0736627389724724,16.983844970018474
1740193535,3,113.04284547493792,0.32992885670307237,0.2333904185427984,1.1893745542224803,23.026376208546772
1740911960,3,158.50593174001096,0.35573189535204713,0.23586143279467406,1.0284029739800273,16.210280030455966
1740942243,2,306.1151670330988,0.40130008811881107,0.17718355252541876,1.1893488902154754,20.841790737430753
1740967529,3,43.238281420418616,0.3598043492703588,0.179204468359881,1.082532519426187,11.638593434330883
1740996788,4,192.86136780492092,0.38721562116717795,0.27744090147704564,1.1147973430567744,20.064358286319735
1741015152,0,41.00912171497028,0.3378333269618392,0.42931138458500306,0.9179433335093926,20.32057376404704
1741494533,2,302.875177630428,0.39454150569514324,0.269014905752055,1.1583782298414644,22.93210520376279
1741924076,2,150.4418424686378,0.33226796019085036,0.2783461080463461,1.1800152577109755,22.724874160183
1742146572,2,75.85758747315593,0.3557688847720767,0.2690518966080518,1.0352826497220124,18.237399635204252
1742249499,2,51.537329361711166,0.37620695231342066,0.21910019652752946,1.177927719814742,19.395577636654174
1742353769,3,29.79356802185454,0.37695114279160863,0.21295430138148377,0.9227856738127714,13.449503371893728
1742360510,0,224.53919765265,0.35497672265938945,0.21997527441069906,1.0798045995332526,17.79503784010026
1742360572,0,-12.671335061771899,0.385880003764696,0.14956239343767785,1.0390910805675229,15.258588109516836
1743216271,2,288.1177397770015,0.39968893636256075,0.23562558919674667,1.051885457104693,20.977114301484512
1744491015,3,171.52110896538431,0.36511054124087866,0.24194205279370545,1.0473864520756249,14.724703681566725
1744666695,0,183.79247212531675,0.33772695163181593,0.2277087481593425,1.1225783594252396,17.347106102481856
1744915619,4,252.76674429420297,0.3710185308006358,0.27519530476359166,1.0830816544281496,24.065357207194484
1744939463,2,-4.992449695864451,0.35365137272560915,0.22361258328830855,1.1525036117840877,18.779902749387773
1744997791,3,-13.171414420268533,0.4177552232924804,0.22168861055194958,0.8813699979748809,14.644239375477628
1745103437,2,288.7857961687037,0.43389095142462647,0.2769176295515597,1.1010916390910825,20.360522916299853
1745290374,1,27.478524165333454,0.3610585691052333,0.251793379680257,1.0636788029831437,17.690341605117695
1745650366,1,-19.783178430927094,0.33525783370594353,0.14864887173506913,1.338581856617386,19.724307567204786
1746336965,4,156.49700208185985,0.36180020641969646,0.18955462326128347,1.281839376722809,19.121364914216294
1746379826,3,50.20832898338347,0.38058101196623556,0.31205921496183747,0.9969662926784573,23.687419556180117
1746456403,4,138.0571660287212,0.37998378014229955,0.19833351943232688,1.1043270139575891,17.041383168683723
1747354606,2,51.44301176811697,0.3713734378835189,0.21964614945424665,1.175871856858368,15.598759019700886
1747846009,3,25.929052024641535,0.3464105177514729,0.2714714773638831,1.0791722657404,23.507635143812884
1748642050,4,306.57218244277925,0.40183509444212584,0.261993988720129,0.9744038480034019,23.31355819339985
1748671851,4,127.28236683355773,0.4298516535738312,0.2109303509298202,0.9116703150971901,12.950735627167248
1748848667,1,69.92363351642996,0.38388362257947223,0.2167120716529372,1.0974758817181944,16.446464973801294
1748879320,1,173.7940047349819,0.37809950182305757,0.2590959690151818,1.156370714953067,24.542672512543376
1749285601,4,147.04528159703102,0.370891886426511,0.16106213918301368,1.0772656403543972,11.599897586748346
1749666987,4,204.2509744412984,0.3434760287655596,0.29809482264259857,1.1055623045626322,17.401733407327168
1749688285,3,377.7177948105529,0.40961549337013076,0.24751362115711836,1.1871932406118684,26.577884452464588
1750306188,0,-10.665992965363174,0.3951506460220328,0.396201426314464,0.8415961846303518,12.368380184586574
1750548820,3,55.825315552057894,0.3611636226201079,0.166945513275638,1.0742111252751412,11.738858714746062
1751325850,3,41.26398048425297,0.3356980303656799,0.21814556248000244,1.0779142987413488,15.43042783187197
1751332443,3,151.13833203915067,0.37666080576704447,0.17594587697310013,1.058949472530911,18.054568325445597
1751447126,4,26.306684649792373,0.37651258988915504,0.3074360068403796,0.9397468626427361,18.08959703239131
1751469406,1,2.8418822412831446,0.3390175991996474,0.19218876032016202,1.1888467051997127,13.514433419866538
1751782566,2,61.28936636538837,0.33804546070045927,0.24851429107759893,1.2178665422594097,21.60917806581083
1751963173,2,-6.718840773722874,0.4032068520110533,0.226029642075153,1.0009029079188825,15.024948099844401
1752199076,0,75.87457170422897,0.37736424835802485,0.308544536936623,0.979666038994746,18.74530533750201
1752812344,3,223.46250077844996,0.37759211746025456,0.22617906546938224,1.144752807236435,21.203901397861515
1753150513,4,149.68719419139836,0.33584057697241154,0.25842381351467775,1.2305383761592021,17.93784788857556
1753201911,3,122.36729420049711,0.38665639370830635,0.22191983337573162,1.058913873876959,15.987330698373427
1753371685,4,135.84778570468018,0.3835349507608879,0.17482729924023194,1.116451793200923,19.990581929427528
1753717945,3,7.271602335132087,0.38830522730854256,0.18161571163326218,0.9244792980436431,11.327718031450148
1754228548,2,197.62971040724352,0.37633264645309183,0.15452276417066202,1.0887395853602897,13.278736537629108
1754638763,1,329.529126408314,0.4370542257421637,0.27431335516429434,1.056409986488666,23.971103418183745
1754839380,3,-15.970775851620601,0.3639757795068529,0.2648726587034849,1.051979122113675,15.022093531649992
1754909012,2,241.0656377654372,0.3806336836338146,0.30515008632471297,1.005695545438915,21.714452198119062
1754987570,2,14.316708971021328,0.3824856284451168,0.3303611861686904,1.0547604816346248,21.587992199646827
1754996829,2,-3.235152939282443,0.3771894236181438,0.18158005690115475,1.1308137087888532,13.320453071445334
1755097598,4,155.5722899667374,0.34579595394705626,0.250386317527741,1.0287694317741292,14.59366526115868
1755361106,1,166.41257663789133,0.34883809576038416,0.3039917645647343,1.2574904306158199,22.62062931310202
1755371243,4,122.01347780383486,0.36401523560429744,0.18880815138337398,1.1728177844192744,15.526051405375965
1755519343,2,246.25966362934048,0.3629839676333117,0.21570227402213113,1.1397157456176217,20.449442157185263
1755789541,3,37.18059065787326,0.33819766065702117,0.2507180848004847,1.1234630461597417,23.632963962849672
1755924093,4,251.98243498563815,0.3766141993473293,0.26617277572209136,1.007168471841574,16.44202338765027
1756335423,2,219.65801945794246,0.35821029694845824,0.2981116802976133,1.0542778372005333,20.718140404005197
1756666691,1,155.61800359342803,0.34027203252590443,0.2329689957932602,1.1972629780850923,16.475113972951593
1756941114,1,68.45793233772886,0.3318426436521714,0.11922757876025636,1.5305413438956137,19.657514400267804
1757174370,0,24.50397281155867,0.34632481202544607,0.3128864710327988,0.984282256888231,19.56410687060226
1757237275,4,23.707058549150474,0.41999896158048283,0.15783076608456423,1.2634024633115883,19.792457748104585
1757460664,3,-10.105236513988018,0.3433635568838123,0.22910683708929486,0.9887535023693443,15.01369014416057
1757862881,2,-3.1820903914805427,0.35372557873641,0.287953207275556,1.1468837182572016,17.41301212558047
1758001941,2,43.79409026382503,0.34622206957806,0.29132325218756333,1.0848165751222993,19.67201736589006
1758192044,4,146.66980859245393,0.3712678925374532,0.26415874309989024,1.1729783031510117,23.363069286956986
1758920260,2,6.076639215629612,0.35597368991978373,0.1840266120494103,0.966108663537513,11.797642194653433
1759081904,4,139.54103047678953,0.3527949908830528,0.18543366766833985,1.2052599747214323,17.58752348592611
1759526318,4,18.851171382762786,0.3817711696013507,0.3112297054753699,0.9079930578340702,15.568465387971115
1760524706,4,69.97155953675438,0.399507453058246,0.2788874831160154,1.0364851309936436,14.864716942097152
1761132878,4,-9.340926622315735,0.3836184595051063,0.2600161537279072,0.8937288769327718,17.587234185208953
1761703329,4,66.34639375477283,0.39528318901659937,0.22321152135711586,0.8688027463802618,15.956338644842376
1762139545,2,176.54289535078735,0.3407748012342694,0.24575928704114736,1.01789555632491,20.118936850754277
1762883597,0,137.4166429567537,0.3828624323133469,0.23824086177625226,1.05561852887952,19.46063888133612
1763751155,4,-21.97584623351267,0.33449425230581376,0.24992724710216824,1.1288155519880803,17.93746782821697
1763893927,2,192.12289764346508,0.34685564964853577,0.272956418585556,1.1815217959189361,23.130713924070243
1764253172,2,183.0876153475038,0.3534008772418161,0.29046607304834454,1.078629693009707,20.63045523174529
1764580479,3,127.50209988946305,0.4180160907169695,0.36237981771337757,0.9538174280377639,20.782030551001995
1764654755,0,194.57468896591274,0.38220600086454626,0.14714930090719405,0.9745614654332806,11.598925514361728
1765162399,3,173.2391667994761,0.3674215573546611,0.2587600067638807,0.9800013232912503,17.251799652419024
1765350912,0,86.88278150984203,0.3345587367335657,0.21718399388069812,1.1586290144757474,18.242920585753854
1765460904,2,66.58768278767914,0.35597730054274834,0.2453283643050693,1.0777425798268978,21.142555268557985
1765837976,3,235.90134399493738,0.36746198774988775,0.30953131257608923,1.1851676319642168,25.445351794613906
1765927815,4,155.80488185915672,0.40261846256804235,0.13439159734509684,0.9009560801715039,9.242295562031302
1766008027,1,117.65189471123455,0.40944269502086705,0.24633389288614121,1.0097103816089308,21.04464430439436
1766205762,3,147.0817715200048,0.34263059686367825,0.24340530331012472,1.179243622725886,21.344759894199267
1766427036,0,168.3828067842609,0.3903701766691788,0.18036015303750996,1.0923490205366293,17.858816118865356
1768246998,0,240.23138389225556,0.38081291846390064,0.20932151633301496,1.0082224754471358,15.186222900593059
1768426283,2,300.0547512974424,0.39742342283702325,0.2220327646997145,1.2028234884160984,21.063657333481544
1769198640,4,5.247667823626514,0.38999050396900015,0.26800420995212687,0.8573449235201078,11.085317068695604
1769217359,4,103.4452786239225,0.39081709887824256,0.22760849015819443,1.029806078693961,20.71956113705119
1769343674,2,240.0562557211565,0.37665569502098595,0.2771117225128208,1.0058741825202455,20.025839326502304
1769579666,0,189.07974757282236,0.35808606209079535,0.2628752650491298,1.1600327676117714,22.455294496628458
1769889494,3,175.41579164723453,0.38751788354003697,0.162882421388301,0.9328024495084961,11.346768270489132
1770296397,3,173.98000445010123,0.3563854409811357,0.2307130326555019,1.0235518309196,21.465113833669463
1770973625,4,187.865194305868,0.35517655147720995,0.20569737970895566,1.2535506173777842,21.684155722384364
1771399222,3,29.484725312957565,0.3431734867438744,0.2532212634569742,1.1040957254909107,23.338676789918892
1771648139,1,30.79244966780665,0.351254569148087,0.19475819925323026,1.0561085369773886,13.702831699074046
1772221241,4,293.9176952176534,0.38237990347654127,0.1688799484574322,1.1765926241918907,20.37814387584537
1773311444,2,70.89061865213311,0.34770917295029036,0.24228619349749936,1.167321932913903,17.067030122160492
1773383580,0,76.22226027012731,0.37175867691266834,0.2403965076060558,1.0138635164507168,20.334172109234757
1773451274,1,34.09400901372664,0.38192772295678823,0.28471232972509475,0.9391989673203023,11.207033852200585
1773543795,1,39.40178764600524,0.34054271722141377,0.1783842492524474,1.146064853035833,14.872967775869025
1773625763,2,126.13818505394431,0.40615319564622065,0.21604241062877705,0.9697443264294441,16.471619153598642
1773759171,0,107.89633404218165,0.39719992608938803,0.1904894186901297,0.9543619130562033,10.69229030227621
1773982795,4,44.422580924984224,0.3542064837024933,0.18277291513149851,1.0721424204242624,10.800788034453731
1774773315,3,72.00975856350516,0.3913930672703895,0.2521451723000274,0.8950789073782929,22.016112739328502
1775591199,1,157.97930634787653,0.4010018181931869,0.21944786906173386,1.0361163824689064,16.81348671845994
1775887847,4,138.39217406183514,0.3244220175196305,0.23500407836985138,1.1265835116501632,17.469450912860346
1776137292,0,310.1930822587796,0.38543939349321477,0.26738901822093175,1.0930626148660654,26.074611897815455
1776297302,3,16.407684669410173,0.3731803445437452,0.3425112419018995,0.9473072480750203,23.484319435616214
1776629260,0,25.804985297388058,0.3682941663906532,0.24180425206295833,1.1246180261424847,18.221314369173427
1777009355,2,24.609208777051194,0.36468436040011115,0.26406861156804673,0.9728641737138678,17.569332406227865
1777047790,2,137.3521718864235,0.29449689631832704,0.2252689923472757,1.5249015286582825,18.426303645412187
1777341480,4,167.4695027678868,0.3800847990658804,0.12129986150317967,1.207230610620559,16.326359982526174
1777517337,1,201.17011637380324,0.3649479939545029,0.2694640327747076,0.9320955050730253,18.374131367970396
1777622609,3,-3.8263233974365534,0.375032624707353,0.212610917216805,0.9054928881918429,11.909194034773552
1777831717,0,263.2283062350089,0.3818049266379615,0.22172502703279243,1.1715566038003666,23.057405053092637
1777861386,0,180.21123732050796,0.3599823626817723,0.20357791655430219,1.0973283424590239,16.556748343656672
1778072997,4,218.6684040315368,0.3849506183197141,0.18333354736834861,1.1380015031241077,17.602880700918746
1778095789,3,20.08016282612654,0.3509455882302411,0.22306717350364907,1.087906724331401,15.499026467407994
1778794604,3,37.50747992606261,0.3861882445342774,0.19425849078590815,1.0167672098676828,14.88760555667844
1778806349,4,-13.357269972037614,0.3797015578158169,0.2552297842721157,0.8981130140863285,14.086681346022315
1779122339,2,316.7401555157632,0.3996933537284917,0.3039384933124758,1.171852756419838,22.13187994997099
1779443972,0,45.13521496497001,0.35016945077200956,0.1766649401495214,1.1109175435139496,12.543388327685118
1779551878,0,24.3479504710851,0.3799293260627882,0.3659317691846738,0.9106692874369774,19.46175498601249
1780220643,2,2.3989380497770014,0.369675474309429,0.3139700870295517,0.9343540528783748,20.83667450619465
1780262446,2,54.79634912086614,0.3891669589550955,0.2436695150536487,1.0334574104091587,18.747357880453254
1780443736,4,201.7996584303561,0.3625889495443791,0.26077123042167,0.9797915255270411,15.67334021160962
1781035787,3,247.94253485198567,0.3883137122721608,0.24443319223727275,1.1034798391989915,25.415697485870403
1781608309,1,13.467510503737273,0.34801360428772377,0.2547684159346911,1.0669258360461582,15.327687602268881
1781915086,3,35.513933112798966,0.31987705066167316,0.2317797892683349,1.0911270975780643,20.08899194623697
1781926636,3,20.41757535639863,0.36675269575768876,0.2971931780288647,1.0057424015640886,24.02323876149694
1782813918,1,128.2546109588269,0.38832493296580983,0.21267187040832924,0.9938674733931921,14.822764906383409
1782970907,4,164.62926748856304,0.38094217679019204,0.20781513497502996,1.1351126397182247,18.505052255912375
1783140001,3,8.737315685197814,0.3947284699555766,0.18227011736243812,1.0842563137772703,18.03822830966784
1783164838,1,162.43025212961248,0.4181089294932551,0.15988527977827757,1.3320733681664425,18.277434297393757
1783173657,4,122.33172977336775,0.37763238042648317,0.14848271223424042,0.9282444093284749,9.929592026538293
1783262113,0,188.7134159547988,0.39337820873635176,0.1938370938234863,1.0046920600923843,13.672981618296749
1783614985,1,125.43772580639097,0.3441643868385297,0.16532049136956836,1.0606842840245605,12.699741752457143
1784004493,3,-22.342086549976685,0.383250451069432,0.1968012024512512,1.1332216794168741,13.768497259017138
1784137084,0,5.9584741018310154,0.34586395138800696,0.2745384038705012,1.0251041940492944,18.877949872962514
1784177503,1,103.82745832207152,0.3229854065895315,0.23976100101099398,1.196613391634208,20.28452866054757
1784231547,0,125.03644317458075,0.37774969232603006,0.2669231571427939,1.0573970356793576,22.169691657236655
1784319633,1,115.82728315119559,0.38755001203198086,0.1398384952746375,0.9099515590816307,10.472497971756608
1785002432,0,176.16682105559727,0.3910368497441455,0.24652432600736648,1.0222423021699598,13.76301406219052
1785099361,3,206.18745361049213,0.37250274282569334,0.24027060484027146,1.1661235700401438,21.473005825791294
1785446728,0,198.37360413069192,0.3623855709206788,0.2610667210096224,1.033153061612583,17.761260333419802
1785988282,4,106.56279618111543,0.3892032768696105,0.28019883387636013,0.9133548317965237,22.422170432512566
1786011241,0,32.21701822244615,0.33332833710965315,0.27074389392345233,1.1031665457400985,12.693688765700625
1786063717,3,50.10668095310041,0.3827131929099653,0.3319839154872234,0.8845431499376606,14.995392627181676
1786072112,2,116.27379536206118,0.38123624174809356,0.25466821797795053,1.0829051115737802,22.382570266265684
1786149230,3,15.053337498642975,0.3877151641603284,0.27020742340293685,0.903839377693467,19.43783557571033
1786272690,1,248.3084739781394,0.3726786687444239,0.26205865622822216,1.1313994026331033,23.681102588521167
1787334599,1,0.2841785396356187,0.3248267153633071,0.23589742499688307,1.1409479955207062,20.44907972685761
1787342270,2,153.2132144294032,0.3821082376710139,0.25010581429545575,1.1511327619278815,21.90576459214229
1787772171,4,-4.0741583880509324,0.412123742275027,0.36596144367348876,0.7829985181608548,11.800527599216768
1788116403,1,75.73765621686319,0.3658615710352067,0.25072472719801975,1.0227180205843718,17.407254525755803
1788310964,1,59.575866196443066,0.36141117216101337,0.24394334130403997,1.043197012306936,18.379037667021645
1788326945,2,27.7163112214359,0.34905044229288673,0.13753289210565725,1.136829798694635,13.161301675799976
1788446474,1,277.0087206842615,0.36331498814525515,0.19247699746589397,1.1117918023161972,19.244262467090213
1788777860,1,214.51376648910252,0.34675819520491397,0.3146485180969062,1.1605560454333157,22.682079288819345
1788955118,3,96.28484229461996,0.3473905310493855,0.11448586650763865,1.2746871459980351,20.90230819838938
1789314864,4,-79.9337210043484,0.3633184036937074,0.22420109427005724,1.0276869919203064,16.12121863685853
1789414981,3,102.41697741099007,0.3313164403599678,0.2153068227114968,1.0094974310118565,16.14385258183436
1789644215,3,101.9285861362937,0.37271738588972475,0.2585456015347143,0.9290153164603502,16.162906430177607
1789925675,3,43.39132973971917,0.35789296690140837,0.21323473276138166,1.0272504458093972,12.272400243497852
1790048084,1,-53.204909447752016,0.3920399101807657,0.36218932302037127,0.8912492329367695,22.167011820254583
1790316910,0,152.8651396334327,0.338273496540643,0.22578584351693365,1.1782937633493469,18.173725965424094
1790362530,3,-13.197565561723678,0.3227016741855376,0.21160993483946156,1.1377981595490092,15.552878876458722
1790709868,0,162.97401039633505,0.3609443956923166,0.2642521168779903,1.0361039762734774,15.871767602322866
1791119608,4,32.971980793602015,0.3946732199907674,0.3660662031954953,0.8557502643224386,13.970805630657065
1791310539,2,49.500918449353705,0.3620212893190758,0.28762053305570034,1.0846280026920403,22.143255109847665
1791321384,3,152.0641619557542,0.35504803510396576,0.2240314129585659,0.9588665124895333,16.248639004256354
1791454945,2,289.06879642364714,0.4036931279869343,0.2740584584619262,1.0140672709883276,19.2458062768458
1791486137,1,-27.85366855701328,0.3506314152123321,0.25220087370783273,1.1157988725078791,17.213996640347546
1791802492,3,34.11383146663962,0.34074096590761,0.16076444883058755,1.268669616346707,16.577610192153525
1792328384,4,103.58225192142514,0.4019094791215773,0.10024762373663865,1.1846534614955662,17.322030536539266
1792336093,4,130.9688302368187,0.483496004453113,0.12654568251093792,0.9082568925138255,15.526997649631458
1792419504,4,157.92704265007995,0.3381164013444927,0.36391805963022417,0.9575279356104962,16.462271856677827
1792717166,2,65.3807404139673,0.3897698774145661,0.18877592758404224,0.8516790354067814,14.465670705904945
1792997917,3,-54.76097644171395,0.34518270526402106,0.10005744271897285,1.4089375866628395,17.3368962521855
1793024081,4,64.47321208585726,0.3221944477615938,0.15841591901567018,0.974131886931251,14.694077933417493
1793643312,3,57.195751621298264,0.3193909561373359,0.2364661281392259,1.1809734110829744,21.71526815591894
1793714873,0,-42.110530836319626,0.401282488721621,0.15015004733460277,1.2624024014863044,17.015546243398695
1794681107,4,156.56560520450358,0.35708643019733455,0.1588611710976432,1.06971813662057,13.553026653364949
1794683515,1,140.6507760519441,0.3765057552979183,0.2587300125493725,1.1828128840242547,24.0236200412875
1795125893,3,109.57772318648483,0.3375903198277671,0.296053957913299,1.1605210100353243,27.583509469009208
1795185770,4,287.48982463279907,0.3684289698789427,0.26084905288129,1.013040065613925,14.679648754942907
1795208457,1,17.611808579370987,0.4027685131799146,0.22873423731476494,0.8463117721343001,13.503647098343698
1795274975,0,206.39464374369427,0.37390041824490217,0.20705216970305101,1.2491388039077391,21.096011120185704
1795499344,0,347.4151810531659,0.45611251143890064,0.24736023751788205,1.0144995621560977,20.776488427925155
1795625722,4,52.63522949439653,0.3874632287458456,0.2496788384299728,0.9283735279431982,11.896239466188632
1795760270,3,19.0025473816724,0.4074613523668725,0.22748328039214252,0.7603371583112546,11.807333508099052
1796091822,0,150.43042705444714,0.35810999564433377,0.22586535039792122,1.2050336784037903,20.218836593870407
1796177259,0,277.03216713356096,0.42846603252145904,0.22159197852582543,1.0365915846141789,18.329616877234606
1796439360,1,205.70418910871078,0.3731680593557306,0.19654969590319385,1.2041643602871284,20.70952234380879
1796856353,4,55.18363943622638,0.3418646892701519,0.10054148625258966,1.1237573081033787,13.448013632301635
1796975944,0,211.86306633624818,0.3465528543631128,0.24948185860870273,1.0996651894427476,22.091389092059018
1797111879,0,242.59131384825537,0.3988474932840629,0.19185694641309503,0.9890637249457329,13.960563760706746
1797127681,4,51.22609922525428,0.37240022735541356,0.19959659775512703,1.132821422574144,12.412280509877839
1797412842,1,84.62296971085986,0.3718599186163003,0.17634542021972588,0.9480473016765757,12.378842816414167
1797791168,3,29.671177472755048,0.3401201065143944,0.23807953882488944,1.0524419046150513,18.85549227975109
1797950227,2,209.0520206396244,0.3946163445509821,0.2215780059389965,1.0507888533183682,15.326538732666648
1798703824,1,211.64443564231397,0.3335694940763547,0.2697925324196817,1.2380561009567337,21.023196994789494
1798783963,1,272.88715655083524,0.3883481282434327,0.13853597901813036,1.2063020556224013,19.770375934960413
1798943055,3,-35.43552343806442,0.4070343361404497,0.30927236906582695,0.7910944301241005,12.990212053124903
1799071483,2,11.329031169305793,0.40678486104672307,0.2226915925813019,1.0231395404750823,15.914883317725558
1799254140,2,140.52037357584237,0.387802514576221,0.1724829873268636,0.9807541724892613,14.414341668922619
1799502171,3,27.145828423165128,0.3895332171456438,0.2534902889155115,0.9321509732621981,14.231686229037459
1799759378,4,52.51884295738164,0.3744964637899799,0.2579710047144349,1.103147057395018,19.20068730607693
1800029719,4,251.79143074358964,0.3765867678378848,0.2659261795771756,1.0058281215686873,16.456550650718135
1800644931,0,93.21182297572983,0.37043642690275114,0.24085426104893395,0.9836958883186131,14.280680299152829
1801218015,1,16.772176228183426,0.33315933235244616,0.24347106382401126,1.1749253180547794,20.022056406416517
1801224003,3,85.85003720786192,0.33228275252810335,0.2586494409974032,1.0973756530980017,20.218657228452948
1801465428,0,58.15295090970598,0.346396644931867,0.20335663927685968,1.1160044970800387,15.801254414048918
1801821900,2,37.02007346113868,0.37986029680004413,0.33545072660640574,0.980728097514038,15.891220678615886
1801990211,0,280.2202753507984,0.37007281916734086,0.24733654708573655,1.010933729268754,15.976882350417316
1802780820,3,287.8392748240292,0.3770171585905142,0.24782542749598482,1.1837207015334716,26.05045821097557
1802973320,0,101.41635696489357,0.36393682078954753,0.23503675945906724,0.9703307600326548,13.446383623355803
1803088964,2,258.60063956661065,0.3872954837929607,0.3225104823490982,0.9948107708514555,22.162080367087857
1804539920,4,181.7400393674502,0.3871256540505375,0.2016471622464473,1.2104041543832091,21.542071747886048
1804622774,4,247.1600275925535,0.3956790338624389,0.18129404826899476,1.0472375522868358,15.33785120833565
1804735174,2,156.25738309153746,0.3785967185978629,0.24126211001063327,1.013118679057069,24.20845196180344
1804758935,0,192.61630875232862,0.3296463605383358,0.21304043006423762,1.245520088325427,22.20092987375817
1804814245,2,-20.075234755726683,0.41223077764785465,0.2192879575639648,0.7648612930175603,12.05149484662232
1804819295,3,88.56395392699977,0.3421311141795335,0.16210991512444706,1.1096816519115769,12.402487516296874
1804829075,1,73.15015667320591,0.33754818704928186,0.25519072563442385,1.1798904766902436,21.16407287449339
1804836030,2,235.74718890792786,0.36750313365797255,0.28741558097045633,1.1340549826445916,22.532796253612844
1805818890,0,193.27999549007978,0.3441211802435382,0.26095026777790914,1.1576155395923162,18.22997316342717
1805828893,3,38.71506266831582,0.3970016108348593,0.3258182689222991,0.8715072917223358,17.546123713101647
1806252045,1,62.159410218824185,0.32801083362968086,0.2397969813013132,1.1905869755644518,20.900770252184753
1806255411,4,8.088686066338312,0.3616547273067113,0.26777126938505735,1.0371722224057556,16.628875671468556
1806416444,3,139.4022523088576,0.3660175497292537,0.24936394127777825,0.9503606917342703,17.456190446942905
1806691588,1,196.76860883714616,0.33397737435508584,0.2218064994603005,1.2159625802089276,17.58593693751748
1806857427,4,45.70992803342881,0.36619149318346905,0.32515274429457686,0.9532874546502859,20.620186236065212
1806961099,2,204.93640424990056,0.40408833523125703,0.31849652095083586,1.1103033615740832,22.22184773133188
1807042238,0,66.3020984228205,0.3427468604232058,0.28817292298960967,1.1555569956357368,22.560705856865262
1807156052,3,-14.973371049263818,0.3862449459991455,0.20007171493440382,0.8860794162866446,13.40994566205347
1807233855,1,-21.948146191011503,0.3742816051062335,0.31402407549355343,0.9665647844820573,21.941811929241037
1807732967,0,87.78955554015356,0.34350168099082656,0.2993391096434245,1.1326199772423968,20.06395205579111
1808141855,3,1.37597649009723,0.3527137955317431,0.23913830622109894,1.0219845853900873,15.006739617532865
1808438148,0,49.82894074041315,0.37872134354383097,0.19605576968515662,0.9514343761138375,17.445527504772436
1808604040,3,160.4173169317943,0.3476330445238839,0.2665631567878037,1.1808683550357788,23.912450471715232
1808750963,3,26.898608600737447,0.3952342085616678,0.2627653753599275,0.9869648434559976,15.895235227169827
1808991863,1,32.056468726050056,0.35990864790507404,0.20711939362883014,1.098336892752467,13.05979824132431
1809093717,3,22.69076032074105,0.3658862525241696,0.17158677566770458,1.3876218921581327,23.211306627860797
1809334970,0,-23.460482429460725,0.3480420659890315,0.13004971252088202,1.3382807779751784,13.207240645020516
1809372811,4,344.7069901554712,0.43521591978805585,0.15715849395607806,1.1185750692888758,16.112187285160037
1809467126,3,114.19268390446089,0.3882444294145178,0.20109085923286538,1.077880753186696,19.876653861076374
1809480718,1,163.94406095494733,0.4074896200028085,0.19487529948106957,0.8324643390747625,13.675134920057676
1809618585,4,28.131824073464728,0.3892422015604478,0.30932086909645634,0.9014315037369885,15.591679555597137
1809672801,3,35.2585285309736,0.37257510017860646,0.37071239180857646,0.9130987250396478,23.066838032548947
1809695642,4,202.61288561810358,0.36294765351510294,0.1484176702353598,1.1742428005147971,16.49986922998543
1809858457,0,0.5672736251959236,0.34331138057725774,0.1778673688292157,1.3780927270919658,19.4404025049677
1809876113,1,14.602255410194232,0.3521029982455318,0.24611901713205,0.9946356696370221,12.705832848457598
1810490415,0,22.173625817030143,0.3400598747629734,0.2677774038817482,1.0732627690390484,17.90079718839738
1810774375,1,185.9264772034001,0.3808315815618127,0.22257385994137438,0.9488819981388008,14.710170558557541
1810979250,1,83.36481221082269,0.3813452787777873,0.24519917783252415,1.0094808420653294,20.393192753732176
1811086141,2,32.350765933238094,0.32244331168305657,0.2096166320412759,1.2504143245683035,16.675309997630382
1811300122,2,-9.962668801400824,0.3446279418911604,0.19407592391826994,1.1196991890495278,15.038175616227907
1811542913,2,123.39750852919006,0.3763738333706638,0.30030179048368755,1.139943665521222,25.785949350094334
1812532838,3,60.276094172413956,0.3414609637548395,0.2628781966853916,1.1114461602657137,22.478579451141243
1812564153,4,177.74778670114682,0.3588786329058488,0.23760968345806197,0.9949165885830891,16.17404563147377
1812700910,3,64.33206004373422,0.376971718828383,0.2549399700424534,0.8906112850068866,11.678843335880806
1813031373,0,-22.049850572507154,0.34186833419645013,0.23694843704378987,1.0722452148221828,15.518256648103074
1813310957,4,115.03671429472661,0.36843353823536723,0.2658720455630512,1.2496474749197217,22.9926415888494
1813912008,4,86.54236896532072,0.3534092401943352,0.15620571280160714,1.1738935827842512,16.277689828321577
1813959998,0,250.50505522491892,0.3766049724949213,0.29950043466707227,1.2048291336888666,24.182527014989653
1814261052,4,89.53912089068183,0.28935247258407937,0.2783781803656769,1.1976363175884206,20.153008620667144
1814313694,2,1.045293736967153,0.33970503854783235,0.2381493181069925,1.0907963525475641,14.131295911834567
1814513311,2,28.26191818821951,0.35029388060510525,0.1645981261642222,1.0231762468779717,12.429164974494258
1814521184,3,4.708302727681868,0.45366040050884254,0.17031638078324035,1.2023738394316432,14.566298271085646
1814522046,3,88.28750115064986,0.3839011486717979,0.2262676462089919,0.9900531598985522,17.61531453944018
1814526307,1,190.05753854505923,0.3618759692320471,0.1991267770986027,1.246821841937626,18.39479882505465
1814705967,4,108.05992571137763,0.35563499909592294,0.2236615907695382,0.9436985879865111,14.873333038787473
1814831585,2,241.84871726689403,0.3609131382167787,0.30338416827809755,1.0328768494071643,20.34317798426867
1814888987,1,58.70365974007347,0.33931637550512184,0.1552946436420918,1.1902421092131965,15.419437551682288
1815199784,1,176.8162274437526,0.3673599755824854,0.17808084116130468,1.093148293868053,19.063199607390313
1815220094,0,204.77951530933308,0.37895112625928673,0.2230302548014802,1.2144171362343164,20.10510116022262
1815368241,0,27.928297589786162,0.34447369139107387,0.3677969261213023,0.9857772918192818,18.47446780564157
1815372590,4,50.712196999519115,0.3667864060304606,0.2970541372641503,0.9386110583821692,18.31848531384918
1815391317,3,498.32170113291517,0.45374605691205805,0.2345111777755815,0.989549907525898,21.209605820469985
1815514979,0,205.84131940321674,0.389700067624475,0.22965084043807044,0.9935271133784443,14.496746196362048
1815907027,3,44.97559849448089,0.35498755713479874,0.20964469165279664,1.0975255206472763,19.84100426615869
1816427508,3,39.948081638346174,0.39946094972006807,0.29228722245309546,0.9324976338591385,14.870942888967132
1816536666,2,218.50872427956756,0.3747014982278506,0.2930763940072431,1.108661466267272,22.730873460841863
1816744100,3,145.67008092268193,0.3778924973433964,0.18052654090349374,1.0959193706259567,16.315707857703075
1817213256,4,221.7832135707306,0.3532074369909041,0.27608324754382835,1.0793462951044195,15.10526110549961
1817586753,4,65.88647394279502,0.3490151281106983,0.305484221736715,1.027424069677592,22.30761320847943
1817646491,1,20.10527421977673,0.3803433408866233,0.12406780804753581,1.3517110032394513,14.413108049636623
1817835124,0,-49.52557673311985,0.31403225352456243,0.09117945508549019,1.6185900113930551,17.55746999834854
1818051082,1,140.0643630152654,0.3505019379336412,0.3244017377155334,1.1332212173165823,20.698792818267844
1818615314,2,55.44884755185037,0.3334882754568931,0.26509572790375713,1.0311452696147567,19.941472768133046
1818810158,1,69.85205325583733,0.349935146223515,0.2951750574121089,1.0993792671672196,21.844108641389028
1819092687,0,56.38590650505099,0.3372614655126974,0.30000095295782636,1.1123399096409883,19.389837545681015
1819263382,1,209.11407598603694,0.38285659493370927,0.1869662772938972,1.0054467685826918,17.39219683237834
1819602456,3,36.737898736720034,0.37599984101095607,0.23184292890415611,1.068786941321307,18.771535491648894
1820587217,0,256.91994847187965,0.3703785586694755,0.33237895964322406,1.106639346703408,21.95735370995872
1820695762,4,81.59088504287116,0.3598797259898991,0.26789989250994456,1.1149219170331592,18.839330828334305
1820800881,1,170.63097931887538,0.39092023129139075,0.20297090536691648,0.9479348586727346,14.304356578018332
1820965288,2,36.637648749296474,0.3465292486154262,0.23911226567569072,1.2945728255613396,16.80241339017692
1821594642,2,127.07255792405718,0.3752708561799238,0.23458590132129664,1.1116716688404304,19.875209132930404
1821776890,2,132.1180608756921,0.35728322916513516,0.2411054025636879,1.249669542700894,23.679708991365043
1822483719,1,56.8412308244739,0.36591105514236505,0.3683462389302813,0.9312513582854284,21.288469727720056
1822664278,4,80.96993683921716,0.3436568143456103,0.22017327016010466,1.0382267408087829,14.091388290316525
1823153942,4,179.70891586500795,0.33495430753938005,0.2825931998281501,1.2381986886956462,19.806401665959797
1823366229,3,136.1007608995345,0.3648782566682177,0.21756576370192154,1.0541709796071288,20.005504831269576
1823476334,1,65.0719137913713,0.37815767341020773,0.2869205000415283,1.0090124085224268,17.365890257894733
1823522189,0,19.64104420080551,0.3966537179700868,0.2874563746100755,0.953610663341218,17.955961449767962
1823535687,1,18.670951751124207,0.35322430134837735,0.26856119656239574,1.0564268331041378,22.45988357757883
1824329781,4,114.70010151020583,0.3711798165271622,0.2991252249764059,1.2070164511189354,23.51686592921705
1824700293,1,-13.660763571907168,0.4011373044474835,0.3445153392814213,0.8706567094835139,12.096701403803683
1824932578,1,146.31360187825334,0.34998897604499685,0.23564882566440587,1.003336635227153,17.62333750118065
1825472814,1,192.21969671437478,0.3587968645709707,0.2653988630204779,1.2300482549132166,19.39443459296506
1826128756,1,-25.13534332112735,0.39737363592756847,0.3450016640833638,0.8715126250998155,11.89247288298904
1826423349,0,255.73861579972856,0.3962646311217582,0.1964398555663747,1.0155694788290526,20.943070505877806
1826581063,0,210.08580039044915,0.3596430131972492,0.2272013585501019,1.065590517264451,15.54460831346072
1826810455,3,211.10301966165707,0.34171361397890637,0.23430346882057212,0.9977041263265849,17.36443239601875
1827057509,0,39.941195874669674,0.3455234822574538,0.25939908617433355,1.110974901914832,22.788445385316212
1827233180,2,43.51278551462677,0.3871784307668395,0.3203447152232669,0.8737714017277465,14.695770601111711
1827383703,1,245.10395763356553,0.3603626265385724,0.20479069407229678,1.1111707078910609,20.544733990439777
1827805083,0,154.32863155423775,0.35904106103712047,0.22998303224808253,1.211185726111001,20.573925655977696
1828252932,3,127.20681381470314,0.39261216702163415,0.19107212533410867,1.0450772112396063,18.86840603928208
1828453397,0,112.04875869231736,0.355307645240032,0.220792310617554,1.2245157821419566,18.11172659941212
1828496288,1,67.6099173812191,0.3479001620587143,0.22921005062565367,1.1073785797079756,16.966273729293228
1828551601,3,100.35258377972876,0.28290186389393884,0.30852754344894456,1.1089174987918706,15.498937857332646
1828668618,0,90.43575974526871,0.3822872146132654,0.20802897968134998,0.9658694122988806,16.5361538215145
1828961126,2,127.04320532859622,0.367199936793526,0.23533532669901794,1.1013807960180402,19.984519756070128
1828973221,2,160.37268072618122,0.3522942248886741,0.27687875102475595,1.2059412944664103,21.168210524570185
1828977072,4,92.75844390948053,0.3867796025233552,0.27045017264777677,0.9934092557516391,14.535835812763363
1829411915,3,224.79376358699756,0.3823089035194963,0.23677385578681245,1.0563424887986292,20.363078406116106
1829654817,2,120.57852337608783,0.3748893223324985,0.29622902900937564,1.1447948016326646,25.423263545329768
1830100599,0,203.91773648505517,0.3644011317281929,0.18354937660767676,1.2448953392357107,22.636535744372072
1830469159,3,40.629006850180225,0.34014130327494163,0.1664444214943367,1.2414645369054118,17.086456894237738
1830893860,3,33.07162763427344,0.37725915218711875,0.38557416052992843,0.8980358836440897,23.353880106643388
1831743927,1,220.61915232613822,0.3555955749197213,0.29179569551849793,1.2878086083233695,23.186247936127906
1832371636,3,115.38307364090177,0.37325539995860396,0.20554075946664913,1.0687765714299309,20.040712038068186
1832963659,1,206.88404575427387,0.3597493863595922,0.20201532510481987,1.018399585533034,15.307157493160073
1832968600,1,24.54374832042356,0.3811349663865454,0.2861853257622868,0.9271220774028607,12.227196179470937
1833216472,1,195.28751921323027,0.3564439408386843,0.3416227943665914,1.1938312934220423,27.251899283182993
1834039585,1,100.13106841377092,0.3326386188150722,0.24831836477301072,1.2174256704147666,21.247238575441546
1834169078,1,131.56848369903213,0.37667215425688977,0.14099768530890344,0.9474991651738061,11.73035639828746
1834440826,1,56.198279720033916,0.33904533806308895,0.18038643004056876,1.1770863394730129,16.11902383352788
1834775911,0,208.4774578232225,0.3784074136070573,0.24702648144180542,1.0110009474350632,15.40312124660343
1835012454,2,-27.09099337655269,0.3858765161389005,0.24971746248265708,0.8561624449835203,12.371488005502094
1835122928,4,26.30762938247544,0.34485806638241423,0.2683200954113263,1.1043778735491874,21.281382153111984
1835485471,0,276.50168591558867,0.4338797163430345,0.17887512056288113,1.0150250529707479,19.468135412052433
1835490672,3,4.007754137602092,0.3482394568755617,0.20649393467067906,1.0001803739587298,15.604662922375478
1835545898,0,148.68641317269794,0.381244802662082,0.2567026796174637,1.0804463018042259,19.78016931280691
1835793920,3,172.45380405772752,0.36250258639223737,0.2686860875713367,1.224104120801633,23.954186479461566
1836092833,3,139.99069976165214,0.3618297192143356,0.23290719505955187,1.1254112547037247,13.487123580714282
1836401630,3,269.52726206971965,0.3937149097543748,0.28160613364804793,1.0880913727747372,23.500124612105104
1836411379,3,56.91507116616559,0.45838069009302096,0.2649666494480367,1.0041711020334172,21.030265915446343
1836445960,0,120.01891252112637,0.38249952816350186,0.18438321631155774,1.1342091831522503,17.618606926119693
1837157915,4,11.958479376290725,0.3541253379689301,0.26894107824237584,1.0754605064970004,17.34400057853476
1837160865,2,-14.340328995057419,0.34913513416948716,0.2610598208273114,1.006182285770402,19.41463856478763
1837451686,4,118.00204576991064,0.3615280423714955,0.20774124066257618,1.1922178804083827,19.643025660961058
1837536238,2,46.511294207042674,0.36756352520390456,0.17740074570767433,1.036934227461683,11.493883584612686
1837695049,4,159.41128240291278,0.37876499350225046,0.17939784733524194,1.1569724378603927,18.547676639029095
1837695884,0,41.38893958637852,0.3538254560340138,0.31428447721768726,1.006275914973765,17.06382088015577
1837801743,2,108.17984090077962,0.34585645187297837,0.2213462037098156,1.1358213216099793,21.80776895758735
1838148916,2,-22.79846113535129,0.3784995114487123,0.27143260134350905,0.9141770445657477,13.294899493773608
1838224579,0,117.50545725279673,0.389267087068901,0.284138045732755,1.1047389801394147,15.60862180893696
1838851947,2,173.92982258841715,0.27767839224646507,0.23137364214303158,1.4348379823060395,16.242532690241745
1839284190,4,139.742847378519,0.3375392440605606,0.2534995776142176,1.1728628798653353,17.47770571502109
1839465675,1,178.94242153216965,0.3666682660289499,0.21851418796468838,0.9786547435295023,15.266923956842367
1839521966,3,138.9069975287806,0.35627830962184454,0.24002312864528305,1.032256336879722,20.32918485361839
1840288311,2,70.90044241242082,0.39041711653984207,0.2722810418110688,0.9165342357551107,22.48234039679003
1840821848,4,-13.151240597865083,0.3417286813899812,0.12222242047329676,1.2780494641921514,12.939061188677984
1841717328,0,227.81667942230297,0.3812928184581516,0.18104191796997837,1.1309764517873366,17.16627496378073
1841939316,3,91.48190751094718,0.2889694266029376,0.28642552914474345,1.2486229112004252,19.428809268662828
1841990330,3,192.61245220518933,0.34937166573093326,0.22425378171233784,1.0175138311722922,17.14041009890482
1842093316,2,83.49192593253338,0.36434226776811685,0.25700421996629363,1.0908062990874692,23.6359655764384
1842577004,0,220.3751476022295,0.36532722230973885,0.2720321177816582,1.1388610436022872,18.93560975323427
1842579493,2,191.3918159122021,0.36342583330527994,0.213532308802046,1.1164571094434819,18.557854943034297
1842592587,0,-118.90511082384451,0.3729869071104331,0.24640992636288273,1.0784545713837161,16.93197227409811
1842699132,0,237.5092911552121,0.3657679596610444,0.24402381026438885,1.1113876495323545,20.399293140976027
1843486758,1,-32.542624929518524,0.31226997454888755,0.11658455668554321,1.4061037966756909,14.439249082947043
1844365452,2,119.28994240074442,0.33582023233313363,0.2563953103418422,1.156558899364198,22.099105538700712
1844848960,1,179.82609059125363,0.3890914458966812,0.31705214211218313,1.1263263586600454,23.92238939529079
1844857669,3,301.54292728419114,0.4336454632507435,0.214452099320606,0.9961199699140197,17.39070005152374
1845417873,2,156.56892888120717,0.3667810134348996,0.20446040371243115,1.37389160203751,18.783794940547025
1845492886,0,22.17222524561575,0.36261848237500094,0.2099192481637201,1.0996106634535412,11.370190944594551
1845526826,4,98.65857189435025,0.37157370833466397,0.17735705682694675,0.9908513070498663,15.29826061098883
1845530087,0,68.09970881911792,0.3388147746345447,0.25558238629328595,1.2507802814383222,18.985795491219328
1846095810,0,42.540899711543084,0.35025499889444023,0.20295006544423125,1.0746830046640101,11.893873450115105
1846410609,3,42.803814347280536,0.3603969453019235,0.20940569315643714,1.1496866832389652,23.640427871617955
1846941939,0,114.69910995322556,0.36634522496978567,0.2150203666500844,1.2106991954079782,21.218034695196938
1847001719,3,30.201162358423232,0.3603827964512178,0.18627289373396316,0.9324775900422506,12.179655296203869
1847105802,4,85.55816538309807,0.33901953895768316,0.17278625152185711,1.1368087022554991,12.679935645526463
1847970143,1,63.0684777146476,0.2960806886436872,0.22324403442669544,1.1538934249965505,18.370342966755068
1848016305,3,390.01086245109025,0.42102516483109675,0.19550429073486647,1.1999118253888672,23.62523197217929
1848203526,1,99.23245155685063,0.36640315316001965,0.278606300032617,1.047412642011348,17.747781183786618
1848234898,3,1.5716757576550435,0.36113577263962515,0.2521557453996084,1.0082675244864912,13.47055601320342
1848433590,2,-23.659072723524815,0.4163459269070486,0.2380425917949491,0.7657223357015368,15.423929381095762
1848774287,0,9.782034063141495,0.404322759428725,0.2216616365169823,0.8265117674897657,14.205425739007055
1849021129,4,170.38010769055626,0.3807424879971812,0.18016793431358535,1.203847680103884,16.429851105320783
1849183324,0,222.9511469323005,0.37852372601952655,0.24018499202557678,1.0181764412708914,16.06148566922951
1849374402,0,189.42831889323892,0.4355234212067641,0.11561808011437122,1.564093287688102,23.03056436638812
1849381724,3,-4.27148076856345,0.39331393089069455,0.22572108556168155,0.9098250495073629,13.110412878623347
1849606830,0,36.483066694369754,0.36429365959291854,0.29500432015681133,0.9666308335097322,18.832450779576895
1849651127,0,44.11036491497801,0.3870500714862083,0.19696618294580762,1.0927059952431872,15.65364369709134
1849868582,1,29.88306559837548,0.3620512131784756,0.22296648454945966,0.940663362235241,14.065357993980758
1850000817,0,12.838488567425372,0.4009778554297641,0.13829284809885645,1.2042558965059609,16.032217185363532
1850128396,0,79.4426391651066,0.36959812194426234,0.3066706763299115,0.9884112019125143,19.242639978169944
1851184285,3,23.165316011337197,0.3133601013283186,0.2030053616848839,1.1127858249576446,14.302091238575859
1851228821,4,131.81149296549304,0.4145335176874395,0.30861907675279193,0.8563066929956042,24.14675263018873
1851430426,4,128.21886222413144,0.35920279191127974,0.23202961527258273,1.210475149003739,18.99463627115157
1851457758,0,135.15973719287035,0.3428122961200694,0.24617954979398993,1.0255817733404893,16.884080900998015
1851478305,0,234.9723763156913,0.34795285975909146,0.29739086961686884,1.098464841450769,19.86323784948891
1851842760,4,77.40309050579317,0.3309789507758755,0.17658437095509066,1.0210334746976197,14.023240286899195
1852114421,0,-25.853263346898757,0.37500704861378537,0.256335470761585,0.9051088628152876,13.120714339764621
1852303181,1,-2.3986376899129596,0.3939681999294086,0.3245413536816063,0.9032171443819662,18.43739990733873
1852392195,3,70.79358349424345,0.37924270543104216,0.19757045750700375,0.9447080069629775,16.15732392920495
1852502200,3,245.85981090918656,0.3588480417089158,0.15488410778841263,1.2351028869325476,18.999717958952047
1852654693,0,52.44929149860682,0.3734067224201273,0.3040210178383528,1.066293103999822,20.716549350238505
1852734307,0,185.88111205589266,0.33881084781198806,0.21138017376265877,1.1585669986982312,16.877661260656197
1853131327,1,118.43862299586658,0.3580555624867885,0.2785928679317515,1.0004805124047753,17.633184231483803
1853159363,1,40.34051413170589,0.35186293405421887,0.3170118376967816,0.9822724263757975,19.5976604462532
1853589021,4,222.35048025151605,0.3874749958236377,0.2671165692597702,1.0066465227604355,21.421571406733037
1853676235,2,-143.49359373356822,0.3302156311832964,0.08543395912422147,1.6227761975454174,16.405216050186006
1854475288,4,156.53506316159863,0.34953868020570267,0.2642934662565352,1.0757443095104589,16.73041702288471
1854554359,0,225.00585752720366,0.3807998114396144,0.20633758381372094,1.074429920835872,18.968424557441278
1854822078,2,47.58082601314021,0.3622096503559868,0.18761117984535242,1.363001367372621,13.867255229435408
1854968322,3,326.5115614273058,0.38192349665052217,0.2573210235263217,1.1650059706563214,24.971721537822702
1855068918,4,231.11622774685355,0.33748518354067586,0.27529400645236923,1.12125905548534,14.993687159949367
1855109187,1,5.717195010201678,0.37835669791269494,0.18596729893341332,1.0246468544725453,14.509885945264418
1855247636,2,45.6469864163446,0.3676885496348661,0.2544791505555882,1.126166973624818,20.27196943886936
1855385483,0,56.08290964694993,0.400634290701867,0.19014292724990364,1.1033036080403933,15.33765796210943
1855457163,0,198.21268965344694,0.37376928619757915,0.2266564343636288,1.0253204317523623,15.247618470006337
1856131378,0,165.94254452323895,0.3552359475868515,0.22053919102557973,1.1924898767324128,18.254992233522078
1856962369,4,163.54942509026182,0.34942820051668566,0.26701079094471386,1.235046710031521,20.11497440118379
1857016044,0,259.1405577371363,0.41070522548711397,0.20085717635521833,1.0450919286893376,18.862947690317817
1857030958,2,135.80696594350903,0.38155082668589024,0.23258137151721742,1.1073521130650779,20.16000849317817
1857184942,2,263.76736100599317,0.3774697542495921,0.29308698155278956,1.0682504383313836,21.884694611429353
1857351068,0,272.0422928339515,0.38162359503695187,0.16196817375477357,1.2504777501433706,23.0331901698615
1857599978,2,369.80148255352475,0.4590488041507721,0.261375995319329,1.0607875476501487,20.261024670872235
1858324553,2,81.61259854095181,0.3789872718316513,0.3540413221104858,0.8791663834855127,21.00772087482169
1859484070,3,6.323646842409829,0.3447719912955665,0.2775619484166897,1.000365432369458,21.354699057209842
1860210048,1,150.8815578821167,0.3680921092185458,0.27245167599012865,1.1997042122293227,24.009978629444102
1860317687,3,37.964937821312894,0.3461106125394515,0.30808637212697004,1.0357774978733039,21.9732927482389
1860476282,1,112.98266153402125,0.37705256856812175,0.30970197320394394,1.1218901537773425,26.019114098197203
1860497514,3,236.62379433302175,0.3757875465257376,0.2605813115872811,0.9292554246834871,18.866967615637424
1860569431,2,35.35253677870776,0.37492077724075384,0.19925006839697035,0.9774844265511352,13.292695441637049
1860871285,1,214.99143649151483,0.3827509850814896,0.1559342355567086,1.169247382733109,18.72338829202087
1861224717,4,26.633232148775292,0.35782344615521583,0.2841992409993896,1.0484263393098077,21.775990806271125
1861437880,4,226.87784633352123,0.3986522682496919,0.17018285683276818,1.089898287318767,17.343613542031555
1861488768,1,20.056673575701723,0.33822794890476154,0.24689256633122952,1.0852062651092615,15.083089016333904
1861741928,1,197.03028330509568,0.4591311389390406,0.11174367837386115,0.8187119822830747,14.346339730941718
1861909022,1,66.01597586141943,0.3657060190318354,0.2076487108889083,0.9820979645097536,17.67506621656444
1862037558,3,58.85696379583451,0.36390731515261626,0.18849338344959277,1.0594514640091597,12.400420742581296
1862323787,0,26.5974785770954,0.35484680878694713,0.2845699133051758,1.0292769516514184,22.128904360883737
1862970059,0,205.49525333025974,0.3446193689839025,0.33566110217928785,1.1103184347689987,26.585061459431635
1863175243,0,8.575721246373988,0.31479911252629833,0.23965619721814188,1.105415348486821,16.16254514025969
1863577619,3,92.58280274963104,0.33873916825318523,0.19209365598728503,1.3881037093258939,24.70119511023832
1863578660,0,-19.87855720212373,0.3527206986090097,0.23711554802993598,1.0101380486761486,14.152709279274394
1863583230,2,-38.79912518543706,0.3383101297617888,0.06846226007143591,1.4490655989327694,13.517282560079856
1863818535,2,65.12822196131111,0.3699350794899782,0.22936858256032758,1.0562181287044927,15.71563534708439
1863923314,4,109.04224872554536,0.33727044876361484,0.25951234214484115,1.181494639553634,14.302410804939875
1864041202,3,120.69359442162268,0.36546561393023697,0.17760983353446802,1.0195777527407661,13.659573621912173
1864197716,2,159.00064356704738,0.39313464277110155,0.21981021226199746,0.9839309088229011,20.067616031610427
1864288375,1,212.76229662302364,0.3640927038494265,0.21625668368085205,1.4222784869608653,18.498778205434675
1864402555,0,215.51186391703328,0.3618712879404201,0.2924508601240635,1.0710284504033463,24.225203784241938
1864430039,1,66.08631785753587,0.3447980582365524,0.2665859935552759,0.9752986217992177,16.072215820984013
1864529364,0,7.968274355136273,0.4078829077633706,0.20034514860599933,0.7870403188483583,12.113088238489638
1864581969,1,104.80499228026747,0.33299271665618285,0.18186773629438244,1.0242102485588072,14.32255777881191
1864702589,4,24.322868959993784,0.3353010638700358,0.259546645194846,1.1044974466687132,15.7449633814666
1864783652,3,254.8875671176567,0.3840106029637518,0.2741678286317711,1.1112045992138355,23.26786820056049
1864971169,4,136.02568016305804,0.37348264760758454,0.3151228425988449,1.2111152411348105,24.70365546429639
1865123528,3,107.20021010074638,0.39520727923451204,0.21468798541249406,0.9596697832405923,16.917181914954934
1865362645,3,3.8542280956101678,0.3746570763924189,0.26835630082379136,1.0596509365254028,20.5659387894059
1865534172,0,145.65128943680992,0.3678985868269609,0.2414510767038409,1.1302515030379159,21.29338364606757
1865789709,3,191.2572164034018,0.37721461308301096,0.22974712488772514,1.056109801311519,19.765247552443288
1865790148,1,295.15142223944883,0.4003285742510833,0.1512322484671832,1.050158111397096,15.393784335783659
1865960070,1,35.25265522756966,0.3820313260147307,0.17679371219167594,0.9211264189685728,14.028182566313122
1866518598,3,23.64112781194703,0.34258878059830533,0.2372906297089969,1.0978395665439074,16.15037777347782
1866896884,1,-46.61950568737973,0.34300574964031383,0.20573115747434947,1.0754300092993385,12.511020992217826
1867066449,0,85.66219379633768,0.33706297824735687,0.2586850709427982,1.150724372819544,25.047552916034903
1867844121,3,176.43806475528777,0.35756167949505363,0.24369779192072374,1.0305258699559159,17.405576212962576
1867867984,1,209.71440507089017,0.39011533392288855,0.15578241793186678,1.0822664028832394,16.705918951560438
1868095680,4,26.01601110967917,0.3575646890740768,0.16178278824063927,1.1461276323168075,13.801069056044721
1868650247,1,140.39413378530128,0.3537283708657033,0.19227480473033692,1.1834999720461572,14.694870458291012
1868729394,4,88.40725186940037,0.35153265994920213,0.2605136569658437,1.1700523281231758,21.241831877881033
1869058141,4,110.22423872751139,0.3635690801768556,0.21265874372080273,1.2542272771779572,14.640333157216784
1869058674,2,165.39458562885437,0.35441422708176423,0.2647227958597186,1.0221872085194805,21.799098720138122
1869415100,0,67.00093259884778,0.35433339017342363,0.27189811275592457,1.1737503768345237,24.094229259790502
1869493071,3,386.13728642633174,0.3931882108539355,0.24906782408670894,1.0994611235095446,24.598207156117844
1869593647,3,139.67611769902243,0.3764885853477019,0.21347074164109622,1.0754346332643427,20.670663448022577
1869660806,2,81.5291762672763,0.3619787945815174,0.28673672050016386,0.9745771630561291,20.978830019015994
1870206037,2,115.4278024244228,0.3210678902215542,0.20970226353171506,1.4590834745982548,15.913536288642351
1870504474,4,169.81352044081,0.3567544180413208,0.25913469411527607,0.9826297991243933,18.185169515993778
1870599069,1,70.93661465018047,0.3786119354693954,0.17299873129624913,0.927195863991818,10.861165982617752
1870681436,3,222.71409974199776,0.3704445199458667,0.24985671017988403,0.9113244209659729,17.176710560653977
1870773223,4,165.05778788037213,0.4029318942552607,0.2101264997699851,1.0867805162702433,21.948936686451866
1870860682,2,-36.58134941452663,0.39689021414088815,0.3207476734073413,0.8513708090558836,12.515675692278974
1871148344,2,15.797706111364931,0.4178123669027692,0.2423909371531743,0.900332692025481,14.270539384841763
1871161866,4,133.1545081237494,0.36501062178646076,0.2597402369735521,1.2294839323303561,23.190176983566886
1871349402,4,133.43764321471335,0.3729400169710332,0.25214504637212304,1.1843352315306792,22.8716797059687
1871484696,0,188.4236423319764,0.4036906054887232,0.22780155000049254,1.0478091982891076,17.382224565536113
1871505743,0,117.87833802165949,0.37937051610348954,0.23414086185871896,1.1277005488532013,17.431199600819667
1871588823,3,275.77627575908366,0.3730574712296673,0.24578515027013273,1.1847576036753442,25.94265643835221
1871708716,2,45.82271541380051,0.36436872669645826,0.16413110757694527,1.2290639826581409,13.77216675970568
1872303483,3,90.39533560120928,0.37467073927031086,0.2031222823887074,0.9194738767502768,20.59044099843211
1872457449,4,139.68033972291266,0.3374059350194327,0.21804152909595176,1.2970309621418714,20.823627634813228
1872607825,0,123.90042194663921,0.3827689821770945,0.20880921789549198,1.0886803537641445,18.01441045308356
1872649544,1,42.29906930424578,0.3345325798336265,0.17877834227824357,1.0736646585468357,11.805760709863812
1872652115,1,166.80316251703505,0.3619736484298386,0.2340044574379753,0.9545689253745379,15.669682832365165
1873242473,0,-3.4304240486382156,0.3599036452958418,0.16953548392633494,1.1066361426925322,14.288377496534585
1873390978,3,96.08648799133508,0.3255863775112189,0.16629876310051359,0.9769124962924876,12.345445939242833
1873610912,1,268.7782685522864,0.38601589107655293,0.13803907511842545,1.2090135937559514,19.720302631308492
1873714666,2,253.92245437062815,0.3445964717444268,0.2946226867060983,1.072065782422752,22.037794892247824
1873866400,4,94.41707743314639,0.3351387950822291,0.20673220552027788,1.3122331809618342,19.294364371187672
1874165813,4,230.44124859865366,0.3766670892654055,0.2351091594044575,0.9583982777194705,14.508458630838712
1874299815,0,228.6332454341611,0.3521016570675951,0.2392542289908399,1.1172284209767855,18.735443648857096
1874313702,0,68.197436484125,0.32620524580387084,0.23070459616955744,1.0404810102133255,15.685804261632924
1876018160,4,207.2022675770582,0.3951981590133988,0.2435476835827593,1.0429040685491997,19.894138125362723
1876711098,4,107.51505275410561,0.3638898660696236,0.28478882544582546,1.2290455414259265,22.51712803872872
1876833893,4,10.890711438171849,0.404686914219146,0.33043664311120363,0.8466461517702353,12.122060057813776
1877102749,1,-9.630339661098958,0.2977493306266059,0.178531853627209,1.5432412412238312,18.51455642956801
1877161213,3,61.91829766083883,0.37457692304450096,0.22495715842987837,0.9951645816865409,15.876634263729615
1877302307,4,115.00930734075966,0.31651189997486356,0.22737101023511058,1.1703757519604494,18.816390892953073
1877327739,1,31.760881310369,0.38110760571651603,0.23432565691055432,0.8966929377126105,11.64946690553672
1877647340,1,76.44094756999937,0.36366132424662867,0.37981548447792296,0.9619486311229994,20.047198458478107
1877844504,0,238.8669248638086,0.3545044004294699,0.24457078803809143,1.0599840019553834,19.528322144466678
1877921112,4,20.216568940681896,0.3511705880995046,0.17737968059686549,1.148017745647073,13.15359856400384
1877965717,2,179.75220966351594,0.3697162587518989,0.2345540905229642,1.2174068348507339,21.683655639499133
1878179811,1,5.062435050663808,0.3348805458520835,0.2528956739367629,1.1640298157804376,21.512461611887947
1878617864,3,368.96193296855586,0.4878281736235924,0.2763265534013761,1.1048366768486204,23.345557911943487
1878660713,4,198.92859639416807,0.3824537194284375,0.2054117747082687,1.2606883315990416,22.569825277054136
1878904563,3,-36.44547597768559,0.3309829882446572,0.27926619807025005,1.0349981987964787,21.17950170632158
1879018576,3,178.20277237722829,0.28849945698691926,0.2762348429068412,1.257695922386049,21.729586696405292
1879180798,0,145.41367230440545,0.33411011158794296,0.24234891336944386,1.1034429247091653,16.37702229248609
1879773381,1,158.61490700886128,0.36659331139618617,0.27625089447405077,1.1209618620684076,22.9468583335996
1880766912,3,-1.2159463902180647,0.33787455915409165,0.22720957831899635,1.106607048715163,16.81918261536045
1881186822,0,209.71749613663064,0.3840849765007126,0.2506098519089515,0.9772615991488536,16.68984835236967
1881349845,2,74.19543402146604,0.3712841677405848,0.23159765020486933,1.099750933249152,19.762150896874463
1881434698,0,241.21429570524737,0.38636613615660864,0.20660020352405722,0.9989742012765072,15.467478515034406
1881628793,0,80.21778722265545,0.3349893973825654,0.178386163786035,1.118438546156591,13.44081443238895
1881927203,4,80.36821168089364,0.35244480997512406,0.2532239723251933,1.1415767472940228,21.763926540820812
1881954049,0,377.1077684710249,0.4296558454246405,0.27620243939724765,1.1482912899009101,24.016435271285605
1882117628,1,125.62942761409978,0.32538033435997055,0.171757666833595,1.1486096528726644,13.218882967434727
1882780589,3,-18.21985419399823,0.3636389968694499,0.22848472722778615,0.9214986154405982,12.783884353613214
1882791294,4,39.28901352826155,0.3694474462253933,0.28645716504176305,1.0991783598449387,21.241734769948003
1882863686,0,142.15569332731164,0.3798287442291828,0.1844485771258884,0.9156391542241847,15.34111655988442
1883003333,4,115.18740886383517,0.3947797081195192,0.15822960246425483,0.9624855175106882,13.191468146474293
1883635741,1,155.2997613789415,0.3697339842007631,0.29284355623357106,1.1403448143988866,25.27747926613177
1883833244,3,307.47786001864364,0.4004497922485655,0.25574007954356226,1.023794392422408,20.535432817307417
1883909955,4,113.71090330099858,0.4399108180936218,0.3077283046616796,0.96734739989946,19.056024111391785
1884578116,1,42.7030535018097,0.3329698144565174,0.31729464467167845,0.9318778214121985,15.319589532869792
1885691849,4,49.062577260973306,0.3374148706713899,0.19382928331096555,1.094916778778157,14.030648673433875
1885797446,2,-4.061766246253143,0.3539707622659606,0.21951594431678756,0.9800582683307725,15.166078889993306
1885836114,4,159.95590138239157,0.35035120346936,0.21459824704316605,1.1278405165020935,15.888201907898598
1885883959,4,283.17695169448325,0.364840146574053,0.2586290688327489,1.0206790499345373,14.576278615936275
1886025191,1,331.24202705651385,0.4404992290195309,0.24759487022874765,1.1150015365670398,22.266836219584228
1886122212,1,253.53085687972413,0.4211567156156588,0.14776270463283075,0.9731787163488331,18.19348724210816
1886386616,0,24.481530791665037,0.3271973740039862,0.290194384202401,1.0283442252740382,18.974691935731684
1887035673,0,184.0688910038075,0.39600449883315336,0.22044217789908455,0.99339707739968,15.909482155811197
1887357028,1,4.119771180716626,0.3901145512116969,0.27115788640756816,0.9137778565381685,13.613733821651692
1887528434,1,164.22157729385196,0.3572283297699995,0.2215730318613431,0.958547739357826,16.224241666676544
1887598982,1,135.10075265689238,0.350550643278263,0.1877267391864251,1.2612846833589932,14.461916960047406
1887729559,2,66.31517432228699,0.34233125581740576,0.15494927342269182,1.1315818932263002,15.483162864409591
1887902393,0,222.72940951804526,0.3395749623373751,0.2793594562647811,1.2129438527591865,19.303302119213054
1887990999,4,62.743620078611755,0.3589685302399671,0.18778120263073972,1.1663839627344883,15.922135026366774
1888278720,2,170.5092007856753,0.3412854713246887,0.285756370506337,1.215797912637055,23.52220840625574
1888293192,0,190.33563930256906,0.3734121361326118,0.22440787347208654,0.9798387650121028,15.07162495960436
1888415409,4,159.08406841443423,0.36015347497363365,0.18239923175417616,1.2515177953849457,18.267502253778407
1888603184,4,133.58089963163565,0.35360930930209156,0.2807232932664938,1.2525267226429428,20.321472188410254
1888669156,3,277.3773349631241,0.35738938257194075,0.22427179415262372,0.9794521866503844,17.23095270833955
1888885498,2,-21.72337485243247,0.3739625920366496,0.2559717108587741,1.0615788660741974,18.02874035915427
1889214322,4,217.3647894027822,0.41576818334039656,0.2844256073036171,0.8297190672321777,20.588097087022227
1889222328,0,39.3955944033293,0.3692291212098191,0.2497804876717893,1.203520708134154,20.664554019059743
1889579812,3,187.75794111841304,0.3232246922113908,0.2626091191754931,1.251463443677574,23.628669354354802
1890198796,1,113.62869593349517,0.32283639663020636,0.11636213602277176,1.3123329784362194,11.663942781421785
1890222826,2,-6.7331711882813465,0.360245053749635,0.2166387299839415,1.0404151717463372,15.588905134940205
1890528933,1,284.25356046016964,0.4113137117207681,0.08406884516400812,1.377961397704166,19.505456265513452
1890730007,4,115.21498082248308,0.36919110340144917,0.2732568008095585,1.2428980026593759,23.39133606684286
1891219046,3,159.6485241519284,0.3606129171842839,0.23787869531096117,1.0126023413467615,15.253679738439361
1891267124,0,19.5417417148888,0.3527044879259282,0.273441759659461,1.0067339151160264,18.551850786802795
1891268046,0,19.649270092070367,0.3638529015281614,0.3472694347527595,0.946799956052897,20.05322164079705
1891270134,1,270.89102804822403,0.3724213169022792,0.1732074575441257,1.1380991455699998,20.640859005333404
1891991846,0,288.43134554537886,0.3932079365509686,0.30738567345724194,1.1635048749232417,24.368594765917702
1892436354,0,31.858886193876828,0.364842656078693,0.14224677133340602,1.4972080081995613,18.889312968393472
1892438799,0,249.11770047034548,0.38971666704865815,0.18097463110425377,1.0878205888251458,19.336186576312194
1892522189,3,201.2122824666033,0.3525038883119033,0.2653463654628534,1.0125785567133536,17.52744857680315
1892682102,1,187.54680645246344,0.3605845277938365,0.27245074707395245,1.2259393028089207,19.55492256210889
1893126159,3,188.4235858855593,0.3846883203068202,0.2405711280456038,1.1306645442396135,23.4014694125209
1893396253,4,45.07902778274347,0.36059612470162067,0.22878484045727707,1.0430445180527532,12.386860555086198
1893806393,3,249.3673644936804,0.3735661791383444,0.27728839982832665,1.228640913480364,25.61576075769355
1893896764,4,28.678170749014626,0.32802240836791313,0.25811967515462836,1.0818274044342084,19.389251657866115
1894105114,4,163.75472326722073,0.3712719512633959,0.15724449857644665,1.2311603423775184,18.142882359707716
1894241731,2,154.9722846849947,0.3794712297660759,0.28463830750221736,1.1382728258728154,23.592741417475175
1894260096,0,171.10150658773705,0.35432729213328557,0.25355107619066397,1.07515708266497,16.886243802959072
1894298006,2,-37.73068528503943,0.3359813371107382,0.24692761212337916,1.0839422912749392,19.88174607522521
1894369854,1,146.12185390356007,0.3725164654508816,0.25198132159770736,1.1869088948247764,22.09832308742191
1894651804,0,1.4935773663259369,0.38597257251559347,0.1946499916226164,1.006232999395103,13.984590691689265
1894705136,4,33.45552215804267,0.34012027973875464,0.1660200778091718,1.2152050471552058,13.820147416336113
1895063835,3,27.960502625711797,0.343298994656543,0.21018036956165925,1.047404747278279,13.543103426282546
1895073862,1,206.95651472931746,0.34924009166551545,0.23057923520964962,1.4603597014436716,19.74502171713954
1895904608,2,-84.55727146844565,0.3378814229639817,0.10235642622399865,1.3802435644825124,11.678295222881767
1895946693,0,186.72313164495802,0.35273458759408327,0.2591023242749209,1.0433275261435608,16.17661721839906
1896402362,4,210.7108559342567,0.36798615092833953,0.23203312779773236,1.0571798698626202,15.848721394113792
1896761463,3,-48.19673259040465,0.33320628517884865,0.0889798239747813,1.4424989397406984,16.084082635659115
1896795195,4,93.19406112026336,0.3568437981124939,0.1435927092203585,1.227349461341786,13.761679511185687
1896863943,3,27.588567114372054,0.3658283661202225,0.23365483411924118,0.9377171864497618,12.257933092391863
1897620577,1,-10.259780327299339,0.3726898065842842,0.33332645064155664,0.9788057878507145,19.957521425875004
1897678696,0,204.26806345132923,0.36558113742786796,0.2531961013399486,1.0146734375504227,20.212927706854202
1898005321,1,108.35105032709501,0.3562535042223322,0.2466332526875727,1.075423044973738,16.68982456085242
1898276477,4,194.64017650249167,0.3353086422519378,0.23188514626526513,0.9328523567600495,16.21212659112604
1898882612,4,286.30434041406,0.38206232670750906,0.1596390815492413,1.1683298224585807,18.692698826116093
1899186076,4,75.66118138442276,0.34128111548331097,0.13650567129190677,1.0517002818539747,14.228276013737378
1899283335,4,223.58232107944394,0.35729129161979745,0.25279219630986505,1.019534814404775,15.36907099023679
1899317427,3,200.8475161363523,0.35699696865309327,0.27714550549524986,1.0673818471385712,18.708817836614372
1899542074,4,135.83457562404658,0.3386036159356673,0.29179641761093855,1.2013729929271137,20.149463064928334
1899805345,3,243.2959166539107,0.37175564569122743,0.2913985829290879,1.251658975287111,24.041484225023503
1899839615,4,171.57331801082677,0.31576685989922026,0.28055430356492034,1.1434886362852072,17.613396611071902
1900067504,3,64.73044067972378,0.354460216645922,0.2511407091547331,1.123060621297935,22.77980231612807
1900387245,2,174.911215223856,0.38578978230621436,0.1707903285668444,1.1074956082420324,18.93388442820423
1901476786,2,217.16650767548037,0.36146938121736333,0.2577520486501042,1.191616916180551,20.972081362916363
1901480658,1,27.577011533765003,0.35438469789181654,0.28836036067869925,1.094837310322613,21.85992632234632
1901756978,2,255.9124491177049,0.3723825388771779,0.2903364913372469,1.1732632491911645,21.489108481394794
1901878899,4,57.794385558209825,0.3516770626667836,0.30029542902629464,1.111987519509561,15.37986866687092
1902063591,3,92.94560390244705,0.33725037880175496,0.2692272882630908,1.1734750922616097,25.900449962761876
1902122155,0,174.8161639022622,0.3719739427455569,0.23252990726728073,1.217744782292542,23.226008170518696
1902160651,3,120.30180836320496,0.3524139876881567,0.2712508716831415,1.0233573084605658,21.04623639144799
1903144609,4,197.7377090809744,0.3786317123741315,0.13618927074273018,1.190579476873348,16.716386252029046
1903600886,3,158.77048988948926,0.35055486087178495,0.23943687549840975,0.9899061952881439,13.376617412697133
1903713432,2,13.133781740684569,0.35244242894986677,0.21136595303329828,1.0554617887965634,17.0124835924864
1904729380,3,218.41267126598171,0.36102703643987916,0.2468604459755079,0.9535532437455136,17.021331270339513
1905028152,0,161.86807186426617,0.35038250597577636,0.24120950821468595,1.1215360649594475,18.20230258462488
1905216047,4,147.6067892909128,0.34594139119052814,0.3137920001371549,1.2190491444086011,26.01242651555326
1905277968,2,203.92935522152527,0.36107668921833325,0.2640142156112717,1.1933258588657132,22.640088909907618
1905422493,2,246.03955985552108,0.40359344324049606,0.19030030938815906,1.1314757759108247,19.624172274565705
1905713032,4,282.4232361949979,0.36804962685502096,0.2555617785172774,1.0255781218094804,14.837396545989662
1906030698,1,117.49287583088545,0.3739237713986448,0.2256292991641838,1.154643315367286,18.767169938861276
1906044444,3,375.4839234170644,0.42609616856312726,0.2659473985270152,1.015012549430524,24.118392472363823
1906060970,1,179.91525882410667,0.36354706464601044,0.16859260738918622,1.0197159378392504,13.961892371485021
1906506911,2,238.4584517990143,0.3560357768584689,0.29597874339261965,1.036183317415547,21.70026570177093
1906633153,2,61.511362323619394,0.33370112652111716,0.2909593451096931,1.0707410841535936,23.14782374234975
1906906209,1,222.53146796609434,0.37424950429510856,0.21547022295246326,1.0561370907123506,17.619927967392616
1907401274,3,91.57129260018573,0.3704868482648842,0.18044735877121165,1.4030238951184448,13.941346244231392
1907558248,4,57.132703846062846,0.3292421161372542,0.24011383524549754,1.172082553179821,19.735676674721915
1907646642,3,230.43135904576357,0.3760604346051396,0.2488969741687012,1.2308520840265484,23.123666627538476
1907952467,4,60.8909442855364,0.3646804477456937,0.3010431628411572,0.9762440854632539,17.927813820730922
1908228365,2,35.68708719032839,0.36176020488565974,0.27682955786866703,1.027301491490321,21.554887960554293
1908364684,3,257.31960991011294,0.3569973737753316,0.22624072364338385,0.99353932740225,16.259798459793743
1908775119,3,374.71350036675517,0.40172131620842794,0.30710420831868634,1.106356222617718,25.439135049477116
1908941468,3,5.4889617383153535,0.34547108274883154,0.24714681788383736,1.072683184417807,16.476098774606225
1910103715,4,38.931561623152746,0.37898690715627437,0.38678087416672546,0.8868955218786929,21.42108921561729
1911086845,4,356.8773989420969,0.4470457739370733,0.1699640782258891,1.1212148198357217,16.805274612430697
1911532586,0,103.66446641699469,0.3553755459495954,0.189473447402002,1.3705144486260417,19.041963085917107
1911905200,0,93.47330817932135,0.4036458877219997,0.21008168717384978,0.9797435122667414,17.637333327290737
1911926467,3,-9.012774918201913,0.41281333358265626,0.1915553915261644,1.100052929382564,16.035307590548378
1911963342,4,116.54655889157955,0.361431499124427,0.16915812115852719,1.2005630997721004,13.154486487690356
1912017685,4,75.08069168146014,0.39644388868523756,0.1734320578048604,0.8730602828943907,11.390635571979882
1912083932,4,44.305679961611084,0.37157528105825616,0.21884363337066287,0.9630519742178708,9.550523954757125
1912147729,4,224.4958646424363,0.41219019617083985,0.12907802291553544,1.1344951654976483,19.047760449527384
1912251377,4,37.93406626680251,0.3839739648194726,0.40464702924300117,0.8741594887788404,21.5948822788
1912518216,3,28.087175975443046,0.3644604787067426,0.3128943163241951,0.9998164892940979,23.395846050250416
1912601583,2,40.682935560709275,0.3507970802556568,0.19636586794296645,1.0958080030730082,17.642694861020487
1913033936,0,59.08677696866732,0.3787908896852001,0.25235505228254757,0.8923178072943241,16.386577392662954
1913604664,1,40.54147901508349,0.3310996752355308,0.21690999434877883,1.2286825418473561,18.67701928784186
1914456185,2,128.3559676068777,0.29079484248416154,0.1511374573532221,1.2958244601831854,13.130506510034028
1914838661,0,170.2672394573458,0.37659570093007566,0.14531390927291837,1.0109053638631922,11.862987367659388
1914886557,4,109.4643881275113,0.35680096123901034,0.2111979994518246,1.2299495208773517,18.750509578443847
1914920451,3,23.265844901049547,0.3726027545528583,0.20615636424265446,0.889959217189604,11.527297590276032
1914954895,4,147.3038245197619,0.3468085820820126,0.2926625618369285,1.2035778619427642,22.699517386351047
1914982152,4,119.79713492933497,0.39910919024801506,0.29162273650468395,0.954735987933195,14.778358131732674
1915263871,0,175.44294919974286,0.3662996235784153,0.275662865208937,1.0396545818514018,18.871360764646525
1915755051,4,237.90090963040825,0.370165912462403,0.2565325935144001,0.9647946236848307,14.52213578092387
1916198200,3,163.22973388956524,0.3822530992352076,0.13297650665305255,1.3728392988169271,17.82987807525248
1916680069,3,287.85494947345524,0.3769839177023063,0.24785853216172654,1.1836559419098112,26.050100062031262
1916735639,1,242.9543173123236,0.33505990254218365,0.2780378114455735,1.3061603644224649,21.173261262910266
1916892964,3,107.48859675740584,0.35825280064642806,0.2450037071879508,1.0848286500052395,15.853495444554811
1916979239,0,200.0862333769438,0.3837217633285633,0.2798079451401772,1.0896684112623298,18.81848122869815
1917029887,2,50.91707266797773,0.32895758544510173,0.20631682293179412,1.1112310845723818,14.938359242951456
1917189140,1,257.8396611115748,0.4556821343578238,0.2272473873108457,1.078588701214451,20.78134386654657
1917298650,0,19.25044916250431,0.32320041682006057,0.25686598933621557,1.0946993689579347,18.424274466646462
1917339697,2,123.48492541440127,0.3559976035740665,0.201393215580914,1.0991255277661638,16.238216479509898
1917735870,0,147.02294858590835,0.4281569887199605,0.1587287322986679,1.191238396690583,15.954954576561535
1917756223,0,131.83259431708004,0.37501623329409906,0.2544601334070227,1.1248476083856946,20.20840026886537
1917841461,4,78.98319474287116,0.3679338881806809,0.23244550789567728,0.9731116265910653,13.351135353950248
1917866361,3,248.96568990962302,0.37774517716257383,0.195960805196551,1.1894385830819834,22.04836044908142
1918165220,1,-95.27030029808375,0.3114073811868067,0.08309243121858803,1.6950591315137475,16.45812388503393
1918242337,2,235.72978623695911,0.36544895127050114,0.2839508742505423,1.1436244582640473,22.493751770870162
1918548284,2,221.26299876039835,0.386705087777089,0.2738578944420591,0.943283082342439,19.730996931923492
1919323099,3,236.9441157493842,0.3609685136636606,0.2112955766492446,1.07649064836876,16.360182632015924
1919352729,2,240.4319526662017,0.34720055377976755,0.316847207714661,1.0894249923828303,23.551894581683513
1919555775,3,-47.76655499933457,0.40211574182869064,0.23424064416221888,0.8631265229835032,12.460553738407551
1919636162,3,52.512749662161966,0.34626513972318346,0.28877755398484933,1.110696883416354,27.086824698443742
1919652718,3,97.13358493177485,0.3474260287988181,0.3207983395505421,1.1137932529451697,26.933381187279053
1919727869,4,155.84849486110153,0.3483085992644488,0.2667245871268103,1.2588780565098565,20.90009789970972
1919732272,2,38.0838134196106,0.33233494137019765,0.2649024383062944,1.130004654905262,22.62038225466944
1919768814,4,160.9451788585534,0.34498578409895736,0.20188119126762974,1.2513545393420857,19.19367349028164
1920006010,0,103.61541025250112,0.29187560152447456,0.26486632555781614,1.2329288540806733,15.857321606313885
1920455411,1,206.83322249966102,0.4083815316903767,0.21340625774548266,1.1001516285075192,17.067678654306494
1920671231,3,198.20949802739648,0.3441283824630104,0.261918584463023,1.1798540891836382,23.265991627245803
1920918510,3,33.55696048152956,0.34999324147763466,0.2041878778557899,1.053192877881205,11.216699276001616
1921035085,4,71.93687205458544,0.33889524232928686,0.22261887986171303,1.157014918823394,16.795357325246904
1921102507,4,172.0499356494394,0.35193193809512985,0.24521833539014173,1.072690672257792,17.02005765268915
1921819978,3,74.0093754615956,0.4011663300389096,0.14827272005892791,1.2374132500135222,20.494461054904512
1921941311,2,-4.790738768369039,0.34575278002352455,0.2336804053012395,1.0699919154233994,15.408997777511502
1922704516,3,-5.5048204475334614,0.3824361310282753,0.2139130073763069,1.181387441175566,14.078924975717491
1922733245,4,156.60287685008254,0.3764773575660193,0.13569525591649834,1.1813628976824182,16.96715555987713
1922843556,3,46.18106656216318,0.36804123311283915,0.3430495544104305,0.9904966945939978,23.897230201194557
1923557092,1,190.04091843065171,0.38385614695970505,0.20598549391211884,1.1275720208575164,22.732990879319406
1924314985,4,154.2855058154396,0.342461183290963,0.2292397941819403,1.1979904484414945,16.57459486575604
1924725049,3,15.807203949941993,0.327580893397686,0.23467121569160673,1.171405533369636,19.69757515047513
1924892938,2,213.59277492192365,0.36681875981781564,0.2758671400785936,1.1261726854992191,20.844375874416
1925016072,4,123.04609165644696,0.3576677177342946,0.22240758178131587,1.2406782714480782,19.287408038824
1925322729,4,-9.298918371777802,0.37394405662207986,0.16244361452058292,1.1251364830110284,18.31299048378222
1926054747,1,16.809017481786768,0.351123719492374,0.21580871081256658,1.0940624894293483,13.287367453178668
1926476264,4,391.78609984060233,0.42803612867414365,0.35613766906384514,1.0187262942920394,24.550131728813636
1926928868,4,50.853570421847046,0.3669968731156357,0.18710675493366352,0.9077000953564703,11.342441016434368
1926938420,1,28.38282327118995,0.3524725151461261,0.21989555527757484,1.0771523928075668,13.350408535561822
1927037390,3,-10.779052677659507,0.3373244866130949,0.21495251843816218,1.1161625469356924,16.16105747300748
1927081299,3,19.877534909184718,0.4352929580349989,0.207297725137282,1.0018222922756808,23.353498646229337
1927128897,0,163.14761549719407,0.36452794776399927,0.20791031409330585,0.9902257455769434,13.899329747307172
1927758769,4,166.44894558083462,0.39468241383805636,0.22721292784847547,0.9288557596927574,12.633198267068002
1927827518,4,67.54991524990969,0.39894325089954497,0.20046957948239985,0.898558151760801,12.471758560768425
1927972099,1,114.75333686563772,0.3493543183606744,0.15483479903577543,1.0496291488287328,11.280749029430819
1928141683,0,18.78415751329905,0.35513940185325527,0.32833034755771284,0.9653677069296582,19.77370513745618
1928552042,1,122.21434035573779,0.4068890383346472,0.2720574477509153,0.9087144392025229,13.22242234011406
1928832708,3,-54.58959760208069,0.36721954980112853,0.2899330968734364,1.0183044005463302,20.83897941198318
1928965066,3,104.7590964234107,0.36128891406188096,0.3079888252067261,1.0619873896267102,23.852225289622247
1929156646,1,-33.14917996199108,0.34119513858887907,0.21489364860307072,1.0672749955956,16.005521159578127
1929935400,1,26.698275746735305,0.32990384346109203,0.2655891853701382,1.0534381148116876,18.400454940289933
1930036664,2,195.04347410980841,0.3596609162664195,0.23376864555005816,1.0474967769057526,16.931616301168887
1930079807,2,24.942158631248347,0.38256081330405006,0.2941152122965667,0.942620675014782,17.455008901617294
1930443303,4,4.863439864801435,0.4025240363482386,0.24447276374751087,0.8298036255802583,16.318346485207645
1930470217,3,119.1252792662502,0.33540976763652486,0.22786287895773388,1.1306387935026394,20.55394901176673
1930894863,0,138.1675366352723,0.3315643267278527,0.2135678245802537,1.0738400525243488,16.569157061670765
1930955815,0,-91.79202087686623,0.3925471178811638,0.24613984580616707,1.0040365343311897,15.503295787313037
1931091921,0,200.07846119191177,0.39578598871392817,0.19764656840903444,1.0363020881933698,21.164866320866487
1931410833,2,78.07780477233945,0.38861859066224286,0.22301538364441909,1.0202481077354197,12.504236461119259
1931637723,1,148.6832641545318,0.3468365330124745,0.3155634099374964,1.1603620492951325,21.54648732007895
1931802720,4,16.06884951106602,0.34883372669988993,0.264340752722108,1.0578536212697254,16.006377867427545
1931909120,3,157.77598483046194,0.34509720186834625,0.2464175129151533,1.0959120020873698,18.53076642010042
1932242031,3,235.90133063206488,0.36746197862159696,0.3095314140095111,1.1851677015608033,25.445347556164858
1932390500,3,95.5078451286374,0.35861895812355427,0.309304395334136,1.0447530477392248,21.961708537192724
1932564704,3,61.10613901903767,0.3599738029482346,0.2073093099017812,1.070091712024723,16.363819055732137
1932637388,3,147.43656580666308,0.37675973035824584,0.310940238821839,1.060980796798222,22.28028838082505
1932737205,0,160.24342217446812,0.3561482020306165,0.282814778150268,1.2111615143587138,24.003791060160005
1932802703,3,83.38184199907425,0.35670274036857463,0.12784296117158497,1.0611537530150403,17.229421767299335
1933004653,0,183.94141927873918,0.3719070483738453,0.18762193419700457,1.1476986965285905,18.8941861832397
1933066795,3,82.40877766895075,0.3703340617592675,0.32424539957378157,1.044982907865012,20.85651917374374
1933529441,3,74.36694922573096,0.3731425695031038,0.21352798746124596,1.189765982823633,21.603165417127148
1933712132,2,146.79522670511773,0.4708386534257613,0.2420960939432961,1.0024596074407672,19.431795182960837
1933820661,2,45.98157412909163,0.36491265655842475,0.3423066238972742,0.9307256473346979,21.079237240950388
1933889140,3,53.230593149956775,0.38257357005167103,0.3319680278101959,0.9217434997294779,19.89827260023664
1933958092,0,36.04138696443255,0.4118166380881207,0.41847593999711064,0.8688153883323079,21.738274910564073
1934083726,4,86.80612571243095,0.37050909636406704,0.16507357686747798,0.8650374082356774,11.824800954879592
1934582540,3,21.93724798556292,0.35486937967430526,0.19303389042212324,0.9908608070787055,11.657272809078426
1934851190,1,209.27201983517634,0.34420891187360336,0.2856249878400326,1.1210066717735057,18.239659644811386
1935091006,1,103.92279396940289,0.360254144697866,0.13469688068893673,1.209391218884335,13.385272803658568
1936130559,3,158.0616496370319,0.3480590140396308,0.289241689299678,1.0524866987179837,20.934808095860483
1936588352,4,268.2327301010804,0.36702426057486315,0.2623919024256408,0.9400486204870045,17.235332406500742
1937333990,2,143.31629985080983,0.3676852222683207,0.28403070225695565,0.9950025024943779,18.574367226956763
1938625249,0,201.3355430785881,0.3567523191383089,0.2248630306497411,1.0184911073441465,16.746285852024478
1938664551,1,181.49577234671045,0.3482768549818704,0.22702702189201582,1.0593135725123515,16.08112255048107
1939398685,2,38.1076047562273,0.3740816968790484,0.19335427445925407,1.0524083174319012,13.822642116484204
1939581854,3,148.97635958107318,0.37503503457611836,0.255032291139495,1.127724601738342,19.612654645021326
1939700854,0,197.18182306428037,0.3701345165900393,0.2520942779376685,1.0002180387614672,15.637671349163321
1939922135,2,160.55561223204273,0.38351381877012025,0.28308555310952976,1.0460240399231846,22.641308492851735
1940131067,0,-18.89133846764632,0.4335999588988149,0.3206108324761312,0.9220359206486649,22.601228361667914
1941096449,3,181.35975100205133,0.34978347335555915,0.24936747209511495,1.0644129002599108,18.05252009494459
1941265933,2,19.799337040850233,0.3901984694755958,0.19790287346199054,0.7154127189567726,12.2975700805426
1941356734,3,317.1478358787921,0.3998771024111042,0.28315599362560157,1.0802264974322902,22.603568664448304
1941491710,3,152.28773617531786,0.4314903520405797,0.21893883056373536,0.989511914858118,14.966091566675773
1941500497,0,251.12989418841522,0.3665446267620036,0.22457170236254648,1.0225777984427866,13.666107817604171
1941951841,3,2.438866049071777,0.4057378684740159,0.3715321340154207,0.9094295408063313,15.104348450009077
1942089131,3,26.51033029634732,0.4416430908971514,0.23370444840904456,1.0002648163669863,20.23290768885151
1942247562,1,235.16125119117314,0.4109323909738175,0.15408575997273333,1.0949813925221252,19.42036414316021
1942353441,0,251.22444919751882,0.4097540279629901,0.1502700351309011,1.0791130699385065,16.343135465142275
1942367812,4,16.514006257177797,0.3514326685732595,0.2643782745821065,1.056305334052631,16.063467774732292
1942693246,1,190.05114771535256,0.3226065322537942,0.2840286555321996,1.2350968444062544,20.472274059020908
1942916315,3,151.17881152062898,0.3409714161285051,0.2886782319797224,1.0590143539485977,20.392380923588867
1943060109,1,164.36355396164984,0.38163404743624313,0.22134789340888578,1.2408143265186133,20.888716397258314
1944234117,0,234.65173094267828,0.39939020094201577,0.22348652856838883,1.1309761710234971,19.777464458828963
1944443208,1,117.65157319116418,0.39950430214815147,0.17879859724814146,0.8622638860995233,12.68267537907101
1944562220,3,478.75703934889333,0.43190258217466443,0.28897306690552765,1.028735036692967,23.72689117252415
1944776345,4,38.21202474032497,0.36550636554640115,0.28861913096954145,1.021780703606818,15.847676228127666
1945309092,4,30.51853589873687,0.3457130627781586,0.21483530899987052,1.0856978658540264,15.684013294300936
1945809152,0,78.50694074600324,0.3474804766204278,0.1748473983266777,1.0707544414113963,12.687286227631429
1946473006,4,62.64352694499405,0.3861947255479137,0.229531880340779,1.0164221100138582,16.98147060862583
1947203303,4,230.23089674891747,0.37627808136217045,0.23987069402139072,1.0116404924743507,14.981853107271327
1947367944,4,47.560594651859674,0.35411589028771684,0.22694789161634207,1.0326575277944496,11.678531014566866
1947454451,3,272.1824648326925,0.3640503341697604,0.2688047379819334,1.1184125349779508,22.756483958900752
1947568782,0,72.78298620030058,0.47135657991832547,0.19293058992661055,0.9091412261109613,15.123543313281298
1947579859,1,22.72891756580775,0.34408779521400873,0.2579301016353237,1.0671252361483832,16.838657526900587
1947586452,1,52.439578191579926,0.3429721176284833,0.26500353279191424,1.0761276848592742,15.225932685670077
1948010634,0,135.82978568106014,0.3525289578827878,0.22424634282943856,1.1574785598696213,23.275885169295357
1948589234,2,65.52273902012811,0.3648895940179714,0.20195655220321246,0.9902842010356849,15.617168022529416
1948698672,2,50.780862518431036,0.36799622375470403,0.17035877839093044,1.0766238940057618,12.062865549366261
1949061676,0,273.79954310188464,0.38157837566880687,0.24496426732401322,1.0254574445060973,19.223579961757597
1949190696,3,133.5616681355927,0.34413043415503286,0.27110900236148583,1.1393935916960205,24.98161301828152
1949212177,2,303.7019469239273,0.3812004833143036,0.3364082559846234,1.1311146654814226,23.78596090716662
1949333335,3,196.3898957252834,0.35179275620842176,0.22688268509327517,1.325370738261809,20.260754299077306
1949514946,0,93.13916134718941,0.30697382580774146,0.19418671900138573,1.1474211036688056,13.563615245228302
1949780423,1,-72.32887047189959,0.43432253560404654,0.18706931532634685,1.2889255803624655,22.03432275367149
1949823161,2,51.73125452682459,0.3535202070758644,0.2607175574136737,1.0625017814289957,23.517996415822882
1949953064,4,206.41460640870002,0.3941868916376237,0.3114190067354173,0.9872299568440669,24.01598731080434
1950021660,3,158.9446816137808,0.36339310201523906,0.25978770817266333,1.144939465281204,23.551613820910166
1950339356,4,-37.224478815564225,0.31437411938803583,0.22592941739997652,1.1297478082143408,20.01109012031908
1950809751,4,152.58558229690578,0.2467324343314955,0.20898395116219745,1.2936044452096265,14.89063011031303
1950874064,1,34.13746533667551,0.36334152617880233,0.2254290129378094,0.9647110176490352,12.533268360606094
1951077384,2,207.9490466782085,0.3800342664388177,0.18812159211816687,1.1709880251900102,19.722619472380682
1951160334,1,229.41077074957295,0.3986036577904273,0.18537384724528477,1.0853159135672603,19.905159899491036
1951638627,0,199.49719117767276,0.37400034754880124,0.2026228032846788,1.0536193499595001,17.810656395560287
1951901460,1,29.70841589614311,0.3850957895013812,0.3171339191869109,0.9670206789330283,15.53547734037128
1952301542,2,-12.15815884479629,0.34044463540065056,0.18916000103309855,1.0843594729729504,12.657956283387641
1952404953,0,108.07791187937852,0.3456077369647905,0.22236760202493844,1.1628800267404058,17.786548341070457
1952508895,4,223.95939883542792,0.39558157210292305,0.17709752649807994,1.0838525321262307,15.204626379406019
1952671139,2,-37.084331366875816,0.38217876672665063,0.2503732227319551,0.9084324611788023,12.733763196913618
1953033868,3,235.69209477467874,0.35593335759887584,0.23484284904933345,0.9859104345103014,16.53454192066596
1953349565,0,29.545293452699894,0.4074052076496395,0.3804691782515222,0.919446708261922,15.772145931444587
1953482672,0,162.65265487443585,0.35007760755173956,0.20203082878597825,1.212446636514738,18.446630419218632
1953803634,1,186.1262747215991,0.3427256022121918,0.30231022887418146,1.2599952428818615,21.849155292049375
1954306622,3,304.25131427965835,0.3860578734160268,0.24925974946741328,0.9673579441505546,17.581074493733034
1954721166,2,-5.285473780773543,0.3771405511292463,0.18993607855668487,1.2718059746108887,13.664732032305038
1954861096,3,121.02188846178211,0.356102641316671,0.20028005918295025,1.161925938926167,15.06280820562801
1955776885,2,252.9570062712172,0.37683667435975543,0.27579191686517635,0.9946670350685065,19.778096567798222
1956029718,1,37.69994728822659,0.37436969126579345,0.3219472680468493,0.9442509331889161,18.810873354697776
1956150521,1,14.772525844185893,0.3503497269312364,0.18215202520833185,1.0473628691223094,12.27856459534459
1956367813,0,61.73503394790657,0.3752776106290893,0.16235637201599493,1.292981811594122,18.216048804008203
1956396424,1,36.71434152744314,0.36834658232658457,0.2358718818302382,0.9752213310084552,11.483102736727773
1956587899,2,14.271330455256702,0.37288239502632475,0.19592213820998217,1.1196967717986057,11.538981967890216
1956666408,3,257.07402703956484,0.36737252995691394,0.22207742087382823,0.9826219577414895,15.53370757671889
1956893558,0,298.489473540183,0.4103777120047037,0.3239402309434226,1.155561240124371,25.883561753896757
1957426818,0,277.47516852948075,0.3838574411387683,0.25570343634596965,1.0559500118809921,18.37499711846301
1957470383,3,-6.162100056503505,0.3310301945483942,0.16303485980558677,1.3487280486290432,20.813906866657348
1958192948,4,225.05161334941437,0.3783492013224636,0.1759659307528489,1.1557482631950693,20.95842070105217
1958473963,4,150.38401219442966,0.3480375779050475,0.26758183617088055,1.2138948226581774,20.411831678188186
1958487458,1,-32.55869104011245,0.3488960462228479,0.18590632309078892,1.0789957440067952,14.217380358188821
1958554605,3,60.876093828472655,0.38137786132820445,0.18619554808047725,0.9250759930768582,12.963442538762672
1958618966,2,36.33456692430682,0.3793274197649063,0.17638267708115407,0.8319886376103138,14.872971434330887
1958858448,4,91.31223369137396,0.41765523183612874,0.20668639533339123,0.8104108115406111,14.056254751763829
1959224488,4,182.0214791162021,0.40210661474656023,0.20574954512822596,1.113007896097735,15.275869419142964
1959489258,3,171.33855208291652,0.364207971927245,0.2368038747410885,1.018809713086687,16.896809743394268
1960180963,0,140.4013231076391,0.3612428136051315,0.24304847735928728,1.1658105406052477,19.962323787358528
1960232404,4,30.957765417878107,0.36581203283768204,0.2962679585802015,1.0188331722538904,21.739448086506325
1960719660,2,65.80161919611074,0.3388656673104685,0.2992567272281509,1.0542638216215763,22.403820203712726
1960875010,0,339.87592485581166,0.44967863481767895,0.2744119013355014,1.0453318579058137,25.625663075951664
1960968082,1,41.97532662332437,0.3625251899951722,0.27700142223681634,1.0839652928120684,23.4284631387554
1961009790,1,166.70961501594127,0.36629040660726203,0.23005241398925316,0.9776086511345954,15.033941651021406
1961333233,1,128.78580828208504,0.33899575699451057,0.21846600060706356,1.1658070235176654,14.314017083034699
1961335797,4,285.4407123847475,0.4132601960063554,0.2258146534775819,1.0148490466217297,17.270597515140867
1962617217,4,101.6902926793753,0.358639867645015,0.271785173339087,0.9920031156974004,17.344439168746664
1962650861,0,51.5631966504301,0.33764645893514017,0.24635711741726463,1.1152413149018696,17.62620199356635
1962833245,4,271.0844639418961,0.3742647788382965,0.21623007888342943,1.216350032813497,17.86723074853342
1963304401,0,-9.53414057440159,0.37123747228065185,0.29101125643461023,0.9492412265405596,18.64253968156491
1963751846,4,87.0433264120662,0.3872372816620433,0.22507014282652943,0.8932662976733247,15.485291466668883
1964367064,1,256.65897346029135,0.3596311583605837,0.24727944842548596,1.1118884124987995,18.95149774834723
1964385683,3,246.11048503415185,0.3782674336281679,0.21165314013858227,1.1615497519774394,20.613615248391902
1964501919,4,241.24371034327027,0.3820838633383977,0.1689873229485815,1.1742958973318323,20.612846494793537
1964666760,2,18.306539180520005,0.3404821794255392,0.2705637242641515,1.0444564929877873,19.858601856366565
1964792280,3,228.8466960862635,0.3860772879864698,0.25797185773132714,1.0976891944193812,19.29822424300408
1964948297,2,218.4706093104154,0.37562621928552287,0.21621081066456194,1.1753409211225239,21.753056539004344
1965550017,4,35.57288810706068,0.3800273846235264,0.19232927699504407,1.0828400691747,12.446374602882994
1965690727,4,36.61485707800537,0.35484378305311276,0.28326409481100173,1.057713974535299,18.952323442653327
1965799831,4,11.462177649856727,0.38308950275376397,0.33820699712593466,0.8776969106787227,14.931951628661569
1965906081,2,-1.5911702226638909,0.3569997558216426,0.232770341947281,1.2539358652392754,15.623445615413308
1965969714,3,-3.233312523688042,0.3443774856940893,0.23081733023690215,1.0587234489169501,14.195314111009132
1966018498,0,41.86564017712836,0.40325446305276036,0.1896890246084273,0.9825352524105306,15.586709893552156
1966201897,0,-12.89008064507155,0.35861921424166937,0.15688384575157455,1.354992898702686,14.125818287703332
1966629557,4,28.03017471922867,0.35158695424053593,0.27393241131053625,1.0765211706899045,21.938099664362113
1966848887,1,52.46044566855826,0.3805922483104354,0.40832016028894197,0.9030909490389647,21.90772997118335
1967479741,1,283.53327635910847,0.42392953143553536,0.08684935224133897,1.2614906158223194,18.632410686043933
1967596895,1,132.60584924468472,0.3959267223365677,0.21032214246115163,0.9246239914411649,12.491075226384266
1967679061,0,68.19769785836783,0.339834121877509,0.1778121380041083,1.0272886027836239,13.029541744362671
1967860241,3,19.503361116703587,0.3528209042876476,0.1985388850945241,1.050863932511657,10.429033852566615
1968301845,3,-50.8384522150391,0.36181052285351023,0.25536645487265963,1.0377403043012878,19.723245317116312
1968819662,2,122.84925657344394,0.36766262097195357,0.23661007842053566,1.0972828663411096,19.965512592100264
1968997516,2,-0.09448626316567754,0.3832480668804537,0.20506988993937575,1.0443243991776814,13.087521364813618
1969004591,4,134.50452789248126,0.3735743165454831,0.2409405781024177,1.1756625350036023,15.173626485583124
1969083594,1,66.50978122490241,0.28995491708456234,0.26206288435177827,1.2352345793723079,19.487326059697242
1969287325,1,97.56878305112043,0.35692272404613445,0.24009729030093346,1.1089956079563918,18.001527882141698
1969520077,1,219.78925461338935,0.37160135804695105,0.322035189219255,1.115964632272773,24.1944126583385
1969822510,1,49.04214650713417,0.4137190253316378,0.2738491458688705,0.8888098500689645,15.529108954372687
1969835968,3,212.23752753572046,0.38044447881702936,0.25360959397207433,1.0233561166190235,22.088614589080393
1970056455,0,240.41500998295282,0.3760449658579457,0.20356634983484992,1.0257804880768608,15.663980379764572
1970556387,4,128.9417865559975,0.35175616638929336,0.2769590103550869,1.2570506030386897,19.632446198130467
1970744006,0,170.53941059342475,0.3792024464857766,0.2584993937321848,1.0387471118329474,16.713316401812907
1971561670,0,18.45723915845815,0.3446554681633451,0.30930217788292413,0.9884472604537256,19.42066171445483
1971686624,0,170.02361236121942,0.373516822140705,0.24324020146030745,1.1961573461296993,20.736687328076766
1971749373,3,49.20577613440144,0.37644863299236975,0.26394635468102695,0.9797776420374011,19.45545586800275
1971998855,2,82.87234235458078,0.3411092822463768,0.2644069340842503,1.1505321198376721,22.840049255716405
1972024406,4,13.095833994367254,0.35035975880657166,0.24125202735756185,1.1371103679787202,16.023409461769802
1972032416,4,32.862003556056905,0.3676290763249896,0.3117612729732243,1.0866186113360785,21.91426357344372
1972109782,0,71.43701241311528,0.3454259386953155,0.21475252057326294,1.2387730359799798,20.87412160547308
1972780662,2,-36.988948995673624,0.3592575981179518,0.23248235910302853,1.015473766342852,13.720811954924741
1973157365,3,128.05413017401503,0.3785750361627176,0.22077550421886377,1.1469911726487618,20.07815184790126
1973279343,4,43.858517276240725,0.35735442386755745,0.3082653271566391,1.038853725430824,25.97850124524777
1973417069,3,72.42345305136372,0.3690338054174803,0.1699886440585372,1.072607602524959,15.791638923159857
1973609313,1,178.83421271586639,0.36395022606250976,0.20485322216495072,1.1030018096141314,15.181934094562294
1974222133,1,362.22366146697493,0.41989041526456367,0.13567365159777828,1.2118870921299223,18.142499468536233
1974242688,4,205.21637476951122,0.40389072704391643,0.20864466427447917,1.0698943159303653,22.46221685114849
1974258183,0,42.321049452198274,0.3458145078193198,0.22276330668105185,1.1528448169449999,17.827105810519363
1974383215,3,28.619612948212406,0.36249176197809685,0.3081267533060815,1.0107399171202167,23.476563073863822
1974978740,3,90.2688568483086,0.4388745585467145,0.17253206575783345,0.8583965649791734,10.105069059422592
1975082239,4,318.4714270662745,0.4470490676721173,0.3123294982659661,1.0243602771761284,20.565816955398624
1975447756,0,44.47643680262192,0.3442128676090809,0.30726890789287026,1.071772020401542,22.389097714664196
1975514366,0,43.284984508842875,0.35030176964412446,0.21480382641796214,1.145951057235591,20.433255559501085
1975880565,3,160.70095726318263,0.36431765225306584,0.25881946676885814,1.1450448693113318,23.58958661571065
1976024514,1,151.44217016976276,0.36089478240099,0.2677316041060516,1.0046823820563748,16.635160407947723
1976774043,1,25.13076152790029,0.35722232869170406,0.2302117765227752,1.1068397612965475,17.08337502942265
1977447931,0,208.75086514439963,0.3751599223955783,0.23997995084083076,1.0335228647492836,17.67280475361189
1978316297,3,149.25988966876352,0.3491075295089847,0.25564004817180735,1.0564245170752944,19.27159247823581
1978540220,4,91.36958333300772,0.3454377567718993,0.272177233840743,1.1531025116199929,23.722801718233384
1978620404,4,-3.9491107229791993,0.4122360467769974,0.3842798062209735,0.7827072928230057,11.857310904965715
1978702733,1,181.78382135335664,0.3700105324297481,0.12986343370666445,1.1341092569866666,21.008830341946535
1978759933,1,69.90066544165845,0.3845400136615462,0.3412566256157171,0.8929530596027331,13.890282468391314
1978914025,4,262.81366578168604,0.40111196607842753,0.23768998390906093,1.0346801068041604,20.279570394352692
1978930507,2,126.62614821640247,0.4372465360462056,0.1987407103301062,0.8356075487295361,13.865933411009223
1979011181,0,371.71936913721856,0.4312051274036469,0.3143999466015263,1.113472989920098,25.005805404811827
1979505726,3,37.604460973129925,0.3460884681753854,0.25985486677416403,1.1930525250248318,19.923579319872207
1979525193,2,14.434004058474528,0.33496881373414,0.18497469638446928,1.1303651923566678,17.10741919649192
1979934753,0,221.6918556935339,0.38980351216905007,0.2567832250045407,1.1226798638110225,22.161580412107202
1979939370,1,160.1154329332371,0.3970684908801334,0.2676703172725676,0.9072246818005554,13.387434600719383
1980536603,3,19.340033407743164,0.35699017546603246,0.287158591153988,1.0788071446489125,22.464402898697905
1981136743,0,-69.07823752521163,0.33267302709831625,0.24240809129852275,1.104672199634385,16.45499072417174
1981457097,3,188.64836276364673,0.3540305262649817,0.2545561633245042,1.171993502730829,22.200988058804942
1981691204,3,149.34789754695646,0.364436166590957,0.21166863809772568,1.0008679795329514,14.127492436163674
1981721677,2,13.062170360030137,0.3523707704540772,0.20377576919025867,1.2364968859987713,14.809293632540484
1981870695,2,226.32657919428863,0.32556628900154844,0.2374787682044198,1.4491480361419906,20.895757979134927
1981886524,0,220.74525353007408,0.380946619427075,0.2662810467454774,1.14364185723231,22.232014411676403
1982249582,2,15.216432485725221,0.3712509075208471,0.24192596008655745,0.9562978433190588,13.784831980937817
1982444634,1,200.0807536130757,0.3913560961276594,0.17983545699959047,1.1449282750978311,21.76249063094746
1982948729,1,8.326275970275631,0.3589754490796262,0.2597081281556482,1.0268153030354856,18.831887458411902
1983222428,1,230.44939599437308,0.3453996121513508,0.30279779763956227,1.185780004091741,24.868081814109978
1984190839,0,5.417090783365467,0.39327886657483085,0.1993348305389901,1.1255017055544112,17.73715089692815
1984350149,1,168.80782531648882,0.34699819446278724,0.2200349413808385,1.1451094709818725,16.15211281760405
1984402033,2,144.825374566294,0.37033477782757523,0.33616902080079814,1.020134577517117,25.599798315776134
1984563739,2,153.35805809420447,0.3676556307122222,0.27589599829757033,1.077961600665993,22.506036742965996
1984715605,2,-45.538855470943886,0.3970045529251184,0.20678576263549825,0.8173925603208226,12.756538588038591
1985260994,1,56.12593935301848,0.4113631874918767,0.38129688267686035,0.8326156148055278,15.20430242746969
1985598557,2,-20.701201912809964,0.37613754911241243,0.29843510212108293,0.9163006084535,20.20343517310996
1985922935,0,189.60289058563745,0.40477999420446037,0.19196913630402007,1.0250300806533945,16.681823758754838
1986596083,3,149.1278344221385,0.3687326228967708,0.2334252048679029,1.1315575206407766,20.42404028363373
1986643136,4,85.91438945925748,0.41542188408526065,0.33654423577359854,0.7954093990571156,21.496344515167745
1986951321,4,163.78903777008622,0.3549766891001753,0.2210925604187934,1.2409813233737268,21.58990410200318
1987297108,1,108.65533362406428,0.32689640381917173,0.16977055422868736,1.0608886825731343,13.314969208148408
1987380350,1,52.46044237091651,0.3805922474329565,0.40832016028894197,0.9030909490389647,21.90772997118335
1987420560,3,193.29992522454154,0.36136516919495626,0.23997293912120557,1.2351432877509623,19.256876583151495
1987532740,2,219.43372439392095,0.34483326156160377,0.2907865650354803,1.0883419744419653,22.113968404941104
1987791441,1,86.59687375691361,0.36296429316737444,0.2126693338046224,0.9407063823731278,12.068021617408391
1987932881,0,47.088630711803546,0.3519330813698766,0.2574786681553713,1.038064690547469,17.397156266087578
1988065987,4,-2.982027994097905,0.3610885947889922,0.241894412210652,1.0980199771543255,20.432415211441572
1988157490,1,221.41955593109725,0.38207411539651176,0.2522960578689438,1.1289342782073826,21.49638561843608
1988158741,3,191.13992379015573,0.353839805842996,0.21184622666503714,0.9998675797132076,14.17051454829211
1988515420,0,160.25548155462778,0.3561440441131193,0.28282758899480986,1.2111669149337465,24.00266389946901
1988563349,2,-10.889947675475767,0.36249416350152475,0.24678477256841433,1.048076639590814,17.789000521558016
1988613729,0,174.7032831066237,0.38668242630721367,0.22325992341634712,1.1731763634221788,18.624509256514493
1988695621,4,55.43464067442211,0.3821765048701983,0.25316916849315324,0.9572369734756397,17.32590885437618
1989009104,0,204.1694185106775,0.3465472418014933,0.28078852263116905,1.1401693700638802,22.466307392796175
1989599237,0,167.2729755842234,0.3817083826957989,0.16870215957134044,1.14393796398999,19.34663064052747
1991040777,0,1.2731879198638438,0.31333418915778033,0.0769948882229235,1.6123123961874541,16.53443647694282
1991510657,4,123.18471176537318,0.3904304827709531,0.23619960689549474,1.1093316609395698,17.976495869262088
1991701752,0,84.10196381614935,0.35829676962076634,0.18911282290897985,1.0547269550490441,13.401380115825738
1991992647,2,7.069025510320387,0.35161861709517933,0.20979398480068936,0.9841974873952399,14.023599327885849
1992818207,3,58.16168351823235,0.35468804139651716,0.2256854984464043,1.081557636542385,19.13831974607639
1992987283,2,196.26259699679377,0.33136708286973715,0.18606828254586505,1.2436302471862608,17.994978414412795
1993503133,0,140.21829867085924,0.3568840199658152,0.24045147815394777,1.1006661538197957,19.85442067782567
1994005610,1,44.991699315634996,0.35425121316692365,0.18999902770529903,1.374038525327434,20.764183288286624
1995309810,0,272.1153724147009,0.34347614947847405,0.2309921452315845,1.1572436761444984,15.729972418158
1995487445,1,40.3927092052857,0.4016314689828239,0.168365757134867,0.9547872878367206,12.168070470089553
1995567642,0,43.35489143368883,0.36795742478566323,0.22603792200004635,1.0805241642231607,12.035202208662987
1995858685,4,48.78706797457787,0.32086925324269333,0.2597363676029079,1.0392753634647767,16.65561541689925
1995899423,2,9.106250265435534,0.3356158789614877,0.24181345838480922,1.1245479705795165,15.34277564935744
1997329694,4,-21.964716506013403,0.37363246544888234,0.315462638548179,0.9155281515467977,19.075376773689417
1997475828,4,-6.46171788442912,0.4110577514454072,0.27499713243506946,0.7785369291400168,11.515985170777236
1997665708,3,291.47107639689807,0.38238687477123784,0.2537032030066438,0.9173361132036151,18.533177567800905
1997781379,0,157.21417689324898,0.3639509883425534,0.17874235836085106,1.1313460691244375,14.68143208366219
1998038943,1,193.03091658426564,0.3637095000327257,0.2046717170822266,1.0478477272337368,18.943932960451203
1998309406,1,298.8934673794361,0.4119582094536365,0.23027338516419213,1.1612843728414957,21.174573031645917
1998608102,2,11.073457415296758,0.38089173023177203,0.20589889716374532,0.9406659247691967,11.706727272586742
1999110043,0,82.50057561203141,0.3783992357124538,0.1771047982324549,0.9640431260997473,14.361454851000378
1999630530,4,203.0013519324589,0.37220477174465066,0.21482616732495782,1.172211048880795,20.221421438534037
1999832779,0,251.06200921525908,0.39579867743845754,0.19356373507524272,1.0724184791422688,16.43620327306994
2000269306,3,-22.803239279469352,0.3677732467082446,0.2062626557915849,0.9426918373523586,14.420719334575534
2000354912,2,286.6297368069187,0.38118338932722917,0.23109109086750773,0.9281399005942699,15.543330465244518
2000390968,2,33.98218156127319,0.36288624372047207,0.14831669120040963,0.914236750663521,11.135905626297543
2000404932,0,41.1138292229651,0.35214011019085123,0.20720014771109324,1.0662411131429324,11.92954927450663
2001829595,0,180.11694532951037,0.3538050748933995,0.2198228768955394,1.0096548252060014,15.527942200615
2001832914,3,119.45914729459538,0.3560240006569391,0.20003076786357024,1.1617548705167553,15.019418408044919
2002181530,0,172.11745347484128,0.3613926007467489,0.20200320296233595,1.1994392441975865,19.930587773778534
2002293555,4,-5.527836685663374,0.44622073517807415,0.32602590285377947,0.9046940364314275,24.09001927363522
2002425196,4,45.42986655907074,0.3688994763536184,0.170449572968234,1.0907999154901253,10.609501591036016
2002464485,1,177.92063404613236,0.34275702122220025,0.24128613534186166,1.0933511144238641,16.076718540894692
2002874744,0,68.51595141047952,0.37876668741661446,0.31951721528910604,0.9971381533728471,22.716117490441793
2002898366,0,227.4368681263474,0.35670576336066245,0.21178423852293077,1.073314875504578,17.59439383949093
2002993449,0,-4.667457380185411,0.36621794092193877,0.19877124187340084,0.9467149424138118,12.273260591963588
2003072511,3,142.71609101235785,0.3348958987661142,0.19327951412251201,1.374953016742982,24.20788573453108
2003251624,3,111.31039415681963,0.33799210371975785,0.2353140526720869,1.1672251622090906,23.586140756637047
2003333074,1,51.52998637071865,0.38263116182581475,0.4152550509331767,0.8982492264630678,22.01382158866884
2003821691,4,184.90236378398544,0.437733198664917,0.07892186448460886,1.3227011851012518,13.188408967537999
2004147185,4,21.37069579926893,0.3845058367356764,0.23488804983123202,0.8954452675145059,10.945098794312955
2004174775,3,90.80216240778955,0.3796385741906088,0.29443237916787335,0.9304706593784785,23.544322628940463
2004281729,1,165.75997993133984,0.3962917202207529,0.18856549505605347,0.8886101943142808,12.749765086567303
2004522316,3,152.43339816685176,0.3720113334627208,0.2245171295685503,1.167824093032644,22.645516064840756
2004781454,0,146.17869991839473,0.37575339480453385,0.2638147717715714,0.9885969911900633,14.036949489348816
2004817978,1,90.97531593836763,0.36134054168949725,0.30424033550239393,0.966070409928243,18.761737184747094
2004822166,3,211.96457750232094,0.3630836916444348,0.19737476040458574,1.1597980580947764,21.157342564908074
2005210923,2,135.8174339959799,0.3702803222291606,0.28565068769764546,1.1667347020899201,23.55706986992833
2005402308,4,23.33649038959922,0.35698658449240683,0.25222788811229396,0.9420059821818725,16.928427283766094
2005457521,3,-28.298907669561302,0.32555994198112614,0.24674706743354857,1.0944341707722558,20.56774092495923
2005551662,3,76.89119249762267,0.38378793874020967,0.19843412038552305,0.9138987551996518,12.895724838370349
2005844572,4,224.44284313829152,0.3587910087373885,0.251039351815872,1.0648685951621126,15.138399327169703
2006295259,1,62.9582045746104,0.42053791046540356,0.2087962401180742,1.0042723684061479,17.650668997385587
2006448599,4,285.6951819566291,0.4325612600599013,0.10008924663012062,1.0363318591176354,14.979900065825086
2006513781,2,57.861518317160474,0.37627704034956916,0.21408641978445464,0.9107764156811721,13.553473920731712
2006683718,2,83.10458594953582,0.37922514089164094,0.20143405134541476,0.9772252267491456,13.240438346048435
2006821254,1,107.12694427574276,0.3227567777034308,0.2535857329072186,1.2115626603441632,23.761656220417443
2006996474,3,26.05518417803711,0.3507214530478422,0.2825155323226339,1.0380514271412895,21.79156341756613
2007281733,0,19.03593159525846,0.4217553077442622,0.39599701500057927,0.9165321236160986,16.8846023648378
2007312638,2,178.15677944941703,0.3753443468786279,0.22230557661062145,1.1761421413225717,21.91671131013499
2007560490,1,372.2544808968612,0.43854536427044943,0.18196655566821518,1.1389775762338756,22.441356619062184
2007665966,4,64.46379064211368,0.33061959172172534,0.12542684009882074,1.3995144517349625,18.104580116748277
2007994317,0,63.5664668287712,0.34758270478155584,0.21378624921941544,1.066778057470687,16.931902379355655
2008537603,2,29.562106595894576,0.3895398678238302,0.21514210001768352,0.9800051223834181,14.945527287384202
2008605500,1,13.218954054659406,0.3718142866415761,0.2026999701300506,0.980584443550575,15.479764851055602
2008709540,3,214.86147453994852,0.3641525075631177,0.22385706492215354,0.9825142222257168,17.09010288757719
2009603005,0,204.546152494793,0.34589668446362476,0.20926599399742632,1.1052610604991895,15.628579850137202
2009816260,3,254.91586968158208,0.35882973818186464,0.24466423087931508,0.9589744372210253,18.30961991066354
2010311547,2,119.0780584387778,0.3690120380263427,0.25519357308498036,1.1014542267293814,22.677127125778775
2010970125,3,126.21525526905899,0.32067994382149806,0.27846566148104906,0.9244709638524198,16.13115753289667
2011509747,3,162.62813737024445,0.3613253594148324,0.28989742967914184,1.1160657119852673,22.175271269224268
2011999310,0,-70.69660108227653,0.3536493634807079,0.23651314422321446,1.0109939035657927,13.716271719960343
2012503945,4,41.5126942579848,0.34770222054937977,0.19470238292619155,1.096589565397455,12.825400817796474
2012816779,0,61.41308334754257,0.3523680557911009,0.20158371417427948,1.2361556068273551,19.68556271926251
2013254124,3,87.04099486638346,0.356710701976855,0.24381385577906237,1.1003002234532482,16.545633478236418
2013412684,1,97.06115005748227,0.3922798813593138,0.2709030726664361,1.0043921107284663,17.59460747218599
2014114432,2,213.41975195163712,0.38479276452942807,0.29566263144391186,1.064481953096777,23.573413618519318
2014263245,3,-133.0404562960069,0.3068820402523998,0.08499015920768485,1.7016445087310315,18.23151801011091
2014301760,2,42.934774042040836,0.3396068991623651,0.27305078607200456,1.1589019138245424,22.19869682677414
2014418725,0,27.672782075269033,0.4052229620026224,0.3720523961265231,0.8566612290660041,12.72629792803561
2014622631,1,60.02096209367336,0.39162406063853417,0.1373630945689695,1.1730145539468586,14.316918320090549
2014653068,1,35.42595949196903,0.35997907962761605,0.24065194385112817,1.0587690680376167,19.532229290651237
2014740524,0,59.73886132021796,0.3674154388515414,0.20723465526431067,1.0271799430488107,12.448081059213877
2015016927,1,116.7420819483762,0.35483668113826355,0.17147120909643354,1.1124954724855105,17.550324286789127
2015176684,0,92.36455617544996,0.356042550439787,0.22742157129373344,1.0946026705884653,19.440221739128585
2015484909,4,26.290009470858863,0.3592456558254906,0.2867111573161033,1.0422625244149526,21.740155746616008
2015550348,0,216.60441482750724,0.3835633361024612,0.24527910645207474,1.0443771700157432,17.53185590736655
2015619350,3,63.66550660125888,0.34167280269488004,0.26857161328149104,1.1341454523075267,25.562224907805874
2015647676,3,40.22488017902166,0.3600580301219226,0.3215577822573778,1.0158020248332191,23.231540453795603
2015742836,2,110.83348881113831,0.33905102278163957,0.2916819149921783,1.1158994765141217,21.835570323010575
2016514618,0,100.27985901663492,0.3569768386217066,0.21109748147347102,1.1607859744158742,20.49777818445079
2016694996,1,-90.83976032348147,0.410725242771541,0.32910211306112563,0.8848737013955814,13.412173073640403
2016828093,1,-7.428319598339371,0.3663612908895541,0.20501131369235104,1.0578266096562263,11.813419429576042
2017537150,0,11.242849774718067,0.32984850591118575,0.2144131320982451,1.2102777358536674,19.065816713870383
2017623024,2,52.82023039280813,0.38160142560473553,0.35080170976615527,1.040559718875082,22.442675815455843
2018770254,2,169.520544603624,0.3755036983348524,0.2536283187261805,1.0428507445350412,23.034188029034066
2019089439,1,125.51328796939374,0.3538752441638719,0.27421385566697304,1.1578126477140438,22.43173843797463
2019160480,2,292.3324957786589,0.39848613638269714,0.1966615593337742,1.137855500930305,20.605271317519623
2019662589,2,19.472029829773106,0.40024680091650766,0.304059973156524,1.061361944662292,13.052524515734257
2019749596,1,130.3288243203777,0.33748191282183626,0.24798955819357957,1.088282381280197,15.47125309938455
2020299176,0,183.24329032000858,0.3600996335112433,0.2850649163217356,1.2168164449145957,21.751921349415408
2020359190,0,54.61417380265672,0.40633919356014253,0.15979517133886123,0.9451451793998521,14.717471098134139
2020708371,2,-28.067984479077012,0.37832202620336786,0.3266244327736607,0.908321751086575,21.220445891636725
2020818351,3,57.83614724088221,0.36332520274566965,0.16891677039650027,1.189593748671399,21.04283344667097
2020857359,1,112.77994395405483,0.36515732620179736,0.15934572415824838,0.9987380061829725,12.512396110317898
2020969412,2,183.2053783945427,0.3351875629858287,0.2862115653979431,1.1809219595790341,24.092519710846986
2021130143,1,190.49375059542172,0.35458787813444226,0.19762218709434567,1.0795701862660103,15.33232179941649
2021290286,2,144.23578278946832,0.3757748249254365,0.284401980749529,1.1705727235760492,24.213394922004543
2021383868,0,355.8199509319031,0.3929948920958037,0.17649241800006718,1.1364080264510403,22.44619373819009
2021473660,3,12.156861391498722,0.34498301651368635,0.26698805071486664,1.0743090389726557,22.024382483221473
2021478343,3,67.973178879444,0.31922434831278024,0.14060330699879378,1.3930814659761597,20.599189687067167
2022011396,1,217.22543048865845,0.3766302967577158,0.29330290866304876,1.1936399948580791,23.090612240462896
2022159696,0,111.72376201351335,0.33651517933497616,0.22910392513089956,1.1640350065990057,19.405501707201367
2022505233,2,-78.7738335513257,0.3276911639221549,0.09402907682979669,1.4728567912961492,13.11717968316181
2023609610,1,194.89023252605557,0.33504470109747087,0.25898458966702453,1.1159852784127178,16.917829692107468
2023841912,4,181.52627095020262,0.36251788564069887,0.1666224638156114,1.244260937942384,23.08377012880962
2024518785,4,252.72190184561578,0.3422443777175581,0.27760648046579267,1.0671492754130572,18.077858971463165
2024524302,1,36.53218639259341,0.34108324774259025,0.17513636888573003,1.043622964565626,13.675822479107712
2024808471,0,71.79459374752518,0.337862950108644,0.16993584233905967,1.2878893170710803,20.117038062812604
2024926859,4,209.87384866013724,0.35244870732898437,0.2919502131629136,1.0901474352715368,18.144201688177187
2025206311,0,254.33345471937963,0.3595645358634275,0.22065460054565922,1.049524318523271,15.730849229217835
2025276311,2,-5.6531272465635425,0.3681403060876486,0.2355791131628469,0.9664662734294689,16.508669957387635
2025508516,0,88.38705171670324,0.3402491934709031,0.23685997662659267,1.166064169445545,23.344979732692764
2025809998,3,-12.85553615900767,0.35110856734187235,0.1896274037676367,1.1019025369627415,13.937240511622091
2025970688,2,11.61617524029053,0.3611556693547323,0.265835157054498,0.9606866869062559,15.63868733793602
2026398041,0,140.08405751728802,0.3656659724477421,0.16849464575304815,1.2104121887018058,18.44694827963909
2026422493,1,204.5203093402157,0.3660343648411365,0.18599640767786998,1.2343585201053768,18.04212868093847
2026602715,3,194.88176861794705,0.38156910336680605,0.23091942297602677,1.0249213786458231,21.757177940076126
2026869258,0,240.56375987279574,0.37176540464173374,0.21281066774957316,1.1846619496665056,20.856224958199622
2026975698,4,94.57033361904203,0.34855381853629697,0.2166986674215835,1.2089029848885018,11.951103495031271
2027806037,1,49.71787946818629,0.3635915361548704,0.17151176771305943,1.0533976511983885,11.855025763004173
2028307602,4,268.32187145342334,0.363854062402088,0.24030512184584693,0.9869180382676059,15.590192171803906
2028500149,1,15.80960779264818,0.39352893924974125,0.23723656380744113,0.8450250116001842,11.131474443904452
2028527037,3,62.95709396072108,0.3999696511085375,0.16537532390489865,1.2208736908482325,22.90919792702356
2028683291,0,201.46406687608035,0.36541011194463574,0.2608153761829106,1.092007223592931,17.156555206723556
2029399840,0,85.60142469584594,0.33703249162953375,0.2586447408255991,1.1507881062111378,25.051936073032888
2030056583,3,47.58589532446446,0.3850493276892256,0.1883561547069882,0.8878895365036041,10.166476238993006
2030717926,4,5.194277485489025,0.3550988468942687,0.27990359421477456,0.9773793040971623,19.73553715182963
2030734021,2,230.49741481512228,0.3404529089979603,0.2669630182875262,1.2640788828802705,22.9857300819589
2031010727,3,19.17552308456773,0.3767341050726298,0.2311596600278535,0.9588927199541057,11.846879297301372
2031068763,1,165.65473899260934,0.37574585241570896,0.2442142846537109,1.1399912206016256,18.48171770278706
2031096142,3,93.74733052552916,0.35256557295417507,0.2514311957899002,1.1530515042007359,24.463964348933242
2031152163,1,164.9384054663617,0.37202657116667803,0.2099060123526188,1.1706002073888073,20.32824108728504
2031378457,4,14.179947102057724,0.4058268884787152,0.22346176800967185,0.7473316876217552,11.262714287231884
2031413397,4,73.70040164223894,0.3391469321854984,0.1714580133122232,1.4013326229139247,17.84669228117424
2031789072,2,27.813816365831087,0.3938490638650853,0.21724031234190855,1.1775932797205124,13.745691112699777
2032432464,4,24.578677981638336,0.3286925089930541,0.20445253115054765,1.0467219420111018,17.660579904694114
2032438783,3,273.0114974417254,0.37757207868859455,0.25565385379438565,0.9224260769503309,19.38733498514502
2033020840,4,50.536784082127284,0.34593230027245925,0.22681995907372587,1.0779989151182727,17.48782517087581
2033581658,3,102.83979540003845,0.3645290204341106,0.19559176371473713,0.9637172031721492,13.34042052804651
2033646210,4,261.0591289491442,0.3777264664564916,0.24104270657965166,0.9516256699160776,14.03669168894463
2033898259,3,41.53340940075241,0.3678001152887987,0.34326731061280735,0.9439542672325137,22.508555352206034
2034204725,0,21.442126436102,0.38310736607888135,0.4174525299861669,0.8884658843121667,21.07578248302752
2034484019,4,66.6513159343938,0.36048459914705344,0.2640885019743484,1.1185908790152965,19.982689956548178
2035254874,0,24.28549682181766,0.3583791881086138,0.31211130822435706,0.960305939531535,17.29569045196989
2035543497,1,96.43531391981455,0.32066506452681515,0.2856120127605173,1.1012201588134827,19.871574360159705
2035696631,3,172.2309781590231,0.37164022671327096,0.21539160236708643,0.9315924867549257,16.289211508070505
2035735306,4,110.22582244890991,0.3728672765422591,0.23926186168733093,1.1775010430004573,21.375351379159177
2035749307,1,41.49658818498584,0.33841231248954723,0.21505115059997199,1.0896813996905113,12.880878610768068
2035906358,4,252.1678484808498,0.3992205945554501,0.21478161639575255,1.0847744707951823,24.09629445523874
2036221295,0,186.64369360149624,0.3602871231654182,0.24877102071127438,1.0631263025906594,18.94748059613687
2036690814,0,218.13386511384203,0.42109004094470925,0.19752732500557213,0.9144998352074036,14.728374954357621
2036937559,4,205.3208389094811,0.3651125614031928,0.2741802412600526,0.9678034626914825,17.627886272720296
2036966102,0,153.24687753701468,0.32870525953425256,0.27527654484782477,1.161676078365072,20.980046241188838
2037050348,4,126.62374579647306,0.32153205461602075,0.2857889171793141,1.1015439055141218,16.663722080629107
2037235529,1,129.24168417018797,0.32451842543144294,0.2443496535663493,1.2204098927501834,19.520169701515087
2037427343,0,235.78732476619757,0.37510494419263546,0.23375880093423668,1.0527697998696075,16.319564750238232
2037755126,1,270.13028847820425,0.4235564730300426,0.12945667929648086,1.0209377295903355,17.885290945861712
2038032102,3,50.06469480774932,0.34018263269813975,0.22855429187009343,1.1505204851425277,19.14892408068397
2038593828,2,17.18038426455564,0.36994030292658964,0.32042228765705055,0.9427345902026762,20.88006469335219
2038600003,1,106.22866006843375,0.3552723090552254,0.14094867314943368,1.1793374210815437,13.173568511727213
2038692066,1,221.9897841420791,0.44172552335196147,0.18410660005652238,0.9092050979800833,11.747631114626403
2038784698,0,153.57112625807977,0.4087389443321082,0.2556974132058588,0.9657646822256021,17.93224463999567
2038813510,2,163.4318546141605,0.407708628354933,0.24778958602671702,1.0259662244629646,21.733403369358964
2039137441,1,35.55893359779619,0.4073181079742029,0.21260783874247596,0.8688599046629825,19.552214376779954
2039185015,3,53.1997616624134,0.32046799360324607,0.13722027815776783,1.370958137884383,17.038146191087613
2039265517,3,197.87141067206386,0.33791968246880927,0.24771065290982433,1.0482407849721804,15.330004271875264
2039296323,4,308.67595977101325,0.4007261873614035,0.2747264616946297,0.9917139455362518,23.606099190208436
2039689406,4,27.01576476538827,0.3527843211354209,0.2125620755992171,1.1014506965610187,10.141446376645458
2040418137,4,156.8273155700315,0.3935112991279921,0.18162071042863898,1.0908372113541729,19.395592694274796
2040580299,4,104.95240549661864,0.37277772986531443,0.24433914846969837,1.115075022213939,21.371427437336482
2040837596,4,-11.5377407075175,0.37866232073289546,0.35632842248913366,0.893573104628334,20.918705509762535
2040930933,4,230.12881385297067,0.3559094738178875,0.2600664449966495,1.0224419748053584,15.006667811756225
2041026757,2,70.88297361672798,0.4776211172339933,0.33914125012730073,0.9364579698878001,19.087838807082697
2041864294,2,24.547031190363086,0.37661568236262044,0.37759426302064464,1.0099023655552954,23.357984236418428
2041930704,0,166.93852176064584,0.3731252823718537,0.23839728447854805,1.18682061070519,20.722223849744662
2042324873,0,257.1323092906564,0.4161404960841489,0.2364422290931072,1.029339376188054,17.78191324513921
2042618640,0,56.42681568371149,0.3863601473939231,0.34671532538335503,0.9302276515886406,17.475987585164642
2042805767,3,339.14273646748455,0.3861976544980279,0.24994679507036818,1.1184693605907599,25.184982280359787
2042962957,0,79.74623685519353,0.41522173425765724,0.14465854165563558,1.2588606482270883,14.289316566776774
2042985265,3,155.21486337122693,0.33532284544365487,0.23972387469237452,1.0571466773546718,16.724739937433753
2043343589,4,222.68974281708972,0.4022964127393424,0.18920690738491475,1.0354616266765746,18.603987380741863
2043894726,3,202.1113766160804,0.3696859911485833,0.2855238767804286,1.151139564177849,24.73479011698143
2044319304,4,261.11009274785596,0.38546371175921607,0.18650425103927076,1.1432040612096372,19.27435204465531
2044554925,4,237.53766638453675,0.36248626979677184,0.26713412049861374,1.058693317776931,17.881546913465254
2044694871,0,17.67078871973594,0.373315898525603,0.25697597459778954,0.9405206603931382,13.976997144444617
2044966386,4,218.76230787192597,0.3755561270894068,0.24429682669451636,0.9173341452006368,14.69251206799735
2045712230,0,199.50848780532505,0.37651726390351103,0.27467167881864557,1.0254203300038274,14.749204347710478
2046153733,1,166.58531370791013,0.35912768114152493,0.26470653516888143,1.0679256046563192,18.778329803188107
2046167476,4,-17.61620255661275,0.4434586592136236,0.2706637909774337,0.9459343789670723,23.37493654608339
2046736007,3,168.90859389856806,0.34549003655793054,0.24224970970482676,1.0323317621802508,16.361376368010436
2046892348,2,14.627685070760649,0.3421244248484722,0.2699063934085265,1.1292456739268808,23.843425605212364
2046956333,2,234.31690095341185,0.3777305903854507,0.29969337986789024,1.0128533208607167,20.629527033853606
2047082921,4,264.124877096536,0.34486201258404,0.2609835482998437,1.1050483305321686,18.156325250856725
2047303918,0,184.52992229089296,0.3891674099092879,0.15740562869082664,1.0875305845520975,14.170222835641102
2047470696,3,302.7113634914965,0.3935520853890062,0.24931123493692034,0.9739519706007834,18.84390277064361
2047526312,1,59.78903894957,0.32914210752543055,0.25304312247806116,1.129503448736586,14.80003955065714
2047662238,1,-14.600591469951482,0.36613685108779065,0.2172469867484878,1.0074683756626859,13.650250088260238
2047820714,1,25.15462326358538,0.369691590123233,0.20127265729799662,1.0325923984526446,12.46983462138658
2047965728,2,-36.282424969624216,0.3451178123551468,0.2553151084487582,1.0427680163604314,20.094980319455008
2048401412,0,2.5428091947432705,0.4482488056343269,0.16092078700674736,0.9013678828385804,12.159030678061711
2048601766,4,158.54718847803053,0.38584748946241837,0.23111213888080953,1.254955893248864,21.660488175119852
2049016668,2,8.973092026230205,0.3919067261935543,0.2829938077597089,1.022671354782617,20.875099447487422
2049074412,4,44.01894712152525,0.458920316813255,0.1656635632046632,0.8524562876438202,13.315418888753575
2049185141,4,145.2035414083009,0.34418810532231753,0.22405882226550294,1.100715956633818,16.007668837869158
2049372451,3,28.70707294863344,0.38635939911700157,0.23652406530822478,0.8530298939044391,17.666091953708744
2049646481,0,88.28952645234801,0.33141354175769333,0.19268153586474082,1.193207112734004,15.284696888053196
2049675087,2,6.052291753128486,0.36041814852048065,0.26584227294466245,1.056976885863344,18.814994312537713
2049722638,1,375.1205009113352,0.48342711207241995,0.3768532397507904,1.135301831628737,29.77011188275674
2049724174,0,235.39946511619866,0.3492713871698879,0.2321683327624224,1.112964212811665,20.296874643898143
2050460955,4,30.46401317553405,0.3593562384437277,0.2234916874363278,1.0672663130104214,12.606154265810133
2050550943,3,52.637218137933026,0.37156673788698186,0.20940249533434727,1.0445123131468104,13.304432387011357
2051195531,0,360.43752310248306,0.4281278170144351,0.22172924352368187,0.9761669019703921,22.150523844681718
2051477971,1,16.251801765140655,0.36236671598701603,0.28282319276229645,1.0082775707921505,22.09815324559144
2052142146,1,97.64419393480803,0.31749924696067977,0.20488960539125323,1.0162773307247095,12.694499865609036
2052261609,0,219.03284784921226,0.37423235388127274,0.22315151535336183,1.0133030086048338,15.926569226413756
2052739724,1,156.03072983926464,0.363877370962576,0.1451957806693226,1.1656819653873252,11.394037353160446
2053050930,1,34.332949539468736,0.30944826560390154,0.22909599810823822,1.2001430881605826,20.964597194355836
2053127764,0,29.09974078115198,0.37060961509425505,0.2132169084273659,1.1563416314743569,18.907322110615738
2053139068,0,66.3548549232927,0.3576549320861799,0.2633911325379689,0.9467207641346039,14.263663987043868
2053145171,4,181.60058129357566,0.3503546228129438,0.2471172966435249,1.134618379591905,17.38731113523575
2053208810,3,320.1864729048789,0.4048186652411824,0.30282478563548,1.1067924018239366,25.097336981976163
2053534445,1,6.2126656827671525,0.3780455579293168,0.19303712175094892,1.0751590176930608,15.346113666000388
2053664112,2,67.68655362519168,0.28965996667653465,0.3082216571703077,1.0929194329851322,18.612070391317552
2053842039,4,90.11910102036505,0.389809109536444,0.2510125905806883,1.0973783321255979,18.566411912528352
2053942851,1,50.744468320607965,0.38425790243561375,0.421374096269195,0.8939771151964757,22.107430650787634
2054944349,0,18.918684699060535,0.3480398105740686,0.2697228381199218,1.0652935104109322,17.166724943575957
2055026518,1,193.82319479995874,0.375211988979324,0.2700258850872345,1.1819685961870252,23.15768338004203
2055219346,4,126.7636325589795,0.3676802723268589,0.22990648002900999,1.1192791109737095,19.087743803815993
2055251139,0,16.351154552002413,0.3395737047509541,0.22349002929693593,1.0710430666385264,13.277995821814564
2055325406,3,101.7245785027677,0.3820286232632863,0.16172202304196648,1.183519654394461,14.917967421509394
2056311741,3,164.91615512304634,0.39336171097270906,0.21042645238174706,1.172020714996118,21.527998642538197
2057063340,0,160.60295477445186,0.3655694160775086,0.17159472958248556,1.1940040030884478,18.457510228610303
2057209972,3,212.37214511314465,0.37901500065226856,0.2507553956166088,1.1265746486414092,21.076463950424827
2057275568,2,57.61766389886228,0.3633310732764603,0.17024544857562485,1.014979684730787,16.299619611467005
2057370661,4,119.10686049428834,0.39425451090155594,0.2501923972033473,1.0642497084188094,16.487275370516716
2057806483,1,-11.339349092036727,0.27266841399523745,0.21498507721151883,1.2582049704224314,21.44829198242227
2058153586,2,179.1153302314565,0.37167221379651016,0.2621427070658766,0.9573884174072502,19.431948118327742
2058169887,1,226.66453427393597,0.36745706873404693,0.2464548899646645,1.1292175763940886,23.101099836965584
2058537463,0,227.1494813928369,0.3807162374770639,0.24742959749162732,1.0754001250569616,18.701757907098024
2058722180,2,183.87148156362645,0.3785746622451648,0.2716988659397958,0.9241267940427482,20.2323630788315
2058912273,4,206.44866855146523,0.40419692577271726,0.171943341939725,1.023125758633197,16.82725037486478
2059069732,0,181.36476240340318,0.3558425073143231,0.27437428607233216,1.1873465804699197,19.730778502273374
2059156449,1,19.0436182450119,0.3057488846991699,0.2584567753040786,1.0702872339142555,13.65480851192239
2059422357,3,-0.3182820680969485,0.3860329627451745,0.3364916220942778,0.8821008056301204,14.125256654292425
2059649155,0,-19.235346423923943,0.39048880719678863,0.3676568449239753,0.8510549284586962,13.235119491498299
2059802205,3,198.72817124150527,0.37836669031528136,0.28154923216767247,1.154889376056529,25.843394080942307
2060308564,3,114.30708178545468,0.3413060418812015,0.2757240548911981,1.154089606883724,24.0729531197644
2061363511,4,155.29190495378924,0.4179988305076587,0.21082476619214155,0.9864106569237668,18.64548065177081
2061931988,3,268.2576555548226,0.3710252946235338,0.22710680490822488,0.9424493193474172,17.47827912414104
2062389305,1,229.59645436109253,0.42036596320725644,0.1750103932491851,1.0972881446574498,18.89511462955304
2062460228,0,21.099847823871258,0.3552494111064337,0.22754166320091795,1.103309644462945,15.681521299767477
2062588877,1,37.893954147516915,0.38206082861079016,0.19744174208481247,0.9888536710922113,17.251146400600287
2062611807,0,-22.134936929795074,0.38990374646452775,0.30455994263501096,0.8717557867358564,12.230741094519338
2062868312,2,190.84146152933195,0.35729218401206086,0.2511467687565447,1.1160216103551506,19.28956863458656
2062933383,3,244.913332013874,0.36397979334671204,0.2439300744568344,0.9417412610763625,19.296184489401163
2063026043,2,96.52875480656908,0.38464335931759674,0.22963570871579198,0.9005734860284363,20.338420552217592
2063396498,4,223.82775745389003,0.34255372538266954,0.30131739165436483,1.0855113338931899,18.31762529474112
2063473981,1,-6.51868490813537,0.4013991968042707,0.3625068906605641,0.8661283639284355,12.061212652963716
2063616676,1,199.30454810326,0.39940970641126516,0.21702062867100724,1.0950759045914455,20.9098999332165
2063798200,4,216.88382987629052,0.3499944473032848,0.30978840200157537,1.0635692672689765,18.554902111051987
2064196181,2,111.74631858525262,0.35205029270710236,0.21319192871128465,1.2117956076160423,19.000017692274426
2064758203,2,74.29508906714614,0.33721894356769155,0.30238828613822655,1.0621263510260759,22.74023176815677
2065005983,4,188.05733093298184,0.317590333028177,0.24108123450615945,1.1382135570017908,21.26417172530254
2065007908,1,305.5058062776021,0.3971090619952189,0.23824000421069289,1.1473583310586928,21.074745901740222
2065090283,1,-34.98123100181246,0.36882239285484253,0.25933474205059687,0.9662432089513546,14.423574074588496
2065153152,4,120.13962479234483,0.3709973570388622,0.24233596153918735,1.0738309027153508,20.48226171803177
2065252291,2,7.071846831880407,0.3646835785317197,0.30410742312688543,0.9473169593463273,20.618011474295834
2065279499,2,148.35978175959647,0.3624116619320778,0.27400968538282766,1.0652990376250981,18.681044659648958
2065383771,1,183.19159121065812,0.3778405876297058,0.20021521806444845,1.069041086858673,19.097673949226753
2065621883,1,266.63666128634145,0.4191147239042478,0.11207576252652549,1.0730467730008368,17.396304984049422
2066065208,4,127.51007329326663,0.36742953783698923,0.24560526508656388,1.0409280413754418,12.605378518529015
2066192425,4,84.09476475085327,0.3713770733992772,0.16207282475665613,0.9272476069550023,11.637203775779744
2066262373,1,58.1723700828464,0.35739878706895,0.323740706361484,0.9467667825886942,17.99288752033857
2066820207,2,132.54459247399004,0.36902986009894423,0.26670414517331476,1.1711745653389385,22.608268882183832
2066955666,1,213.85528019438993,0.3900614970815754,0.18308603081757863,1.1258327819182146,18.02136046559788
2067168064,4,165.50641943094152,0.3730026746976428,0.22859689758796256,1.0895320491280347,17.002836307213382
2067238428,3,88.75234871438491,0.34818870879500285,0.20898972537049976,1.0679374975849472,18.129117743440833
2067309904,2,119.19379196543966,0.36611727798463,0.17667407672997132,1.092387700451762,16.209442797545197
2067484299,4,13.271994285902196,0.38774049738553945,0.30723622962813146,0.8623666260560072,12.599962239850413
2068061676,1,194.59562121233176,0.3660701830916822,0.19234377439018668,0.9691121981448894,14.87255245525143
2068076576,2,242.22442777598525,0.3786593003389007,0.30148695075332854,1.0043461632329111,21.895890371713516
2068084714,3,191.6810132228598,0.33734597374022496,0.20037433887928935,1.0368571932162491,15.931589662918544
2068351519,0,49.73245254823054,0.35851345695625464,0.28778787928823896,1.0583105008315639,22.40691005982614
2068477355,4,41.64881341360959,0.355063583168998,0.30639484723084703,0.9896136711964916,20.358665921990468
2068736249,2,27.022578090728317,0.36191270350857624,0.26793459616407383,1.0936847435798165,18.251790881087313
2069332669,3,106.4358830258294,0.3867144183406567,0.20106402208487575,0.9894354249473062,18.148638052969215
2069899879,3,196.3572702721088,0.37833942367604734,0.18177000254514758,1.269306024932046,22.192205992383656
2070158798,2,118.8728818975392,0.36327886535358783,0.1963104177802411,1.420873290957373,23.640645008666652
2070291544,4,69.5307932093102,0.40242979854124455,0.20042224746920884,0.7433529357173595,12.071011980075198
2070641529,2,200.77088573508388,0.3867845752651758,0.2165459250768711,1.0658399736175341,15.794003928006065
2070649419,4,162.13004188319945,0.37437196915367715,0.23719313709268172,1.0202574338341677,19.316749703072063
2070663964,4,21.25886792098848,0.3218352875876316,0.14547270056055273,1.3923230791969528,21.043718579343693
2070820503,0,146.0616108330604,0.3694112467518287,0.23470468477380207,1.1937803994634697,19.987699275724903
2071087091,2,210.78189767729498,0.3880473807868715,0.1955329382162539,1.1431998457576462,19.668504309583923
2071088939,0,325.3327595140362,0.41561523698992836,0.32184215192673465,1.2436871463717425,27.836842230471312
2071134178,1,188.64889151505292,0.36760157503284396,0.18905225254093105,1.0015423064888407,15.005809072067049
2071365385,1,106.1193382980407,0.3710976816401787,0.1362986080121164,1.1622927366636322,13.73702479157707
2071704186,4,186.49949262167422,0.36566184296831317,0.17616814610230994,1.2489731488527496,18.869636874813857
2071844706,0,54.72455592628828,0.371495240772558,0.2014132430092826,1.0203236116365513,14.137870725646144
2071858672,4,82.58136770028109,0.36670279195824784,0.3108456050898234,0.9309239956482466,16.48788345488221
2072168111,0,227.8528181100661,0.3894262451999315,0.22101632340853034,0.9428758685061971,14.568513689495175
2072452393,4,136.93864135658822,0.34943144889309025,0.1583400634763594,1.2350194246546242,17.6317295005498
2072866385,3,34.08686518996282,0.37523937353858366,0.3785861985524048,0.9050293575271626,23.220614791769794
2072955704,2,18.72851665038634,0.368434542726883,0.17410011784940882,0.8497662647522081,14.831696156655246
2073349658,4,17.360836162892568,0.3709068665533059,0.3340343101557301,1.0541790793841455,21.54916788218779
2073433279,1,217.16810428451947,0.38566247591403763,0.07651880919098786,1.372396072882775,18.220419869416215
2073505666,3,325.59270358942183,0.3912966568712767,0.2867724314475812,1.0559233955543759,24.328934779644655
2074001151,2,129.11446905705208,0.3780380096529447,0.23875098073444814,1.1022790016967468,20.0643158033923
2074006647,1,215.07266400303985,0.34217510528550577,0.2013493178970172,1.1557610984417686,20.401266521004395
2074158001,0,-65.6722319580664,0.3189031007049624,0.15040958536270874,1.5423385162768453,19.537898587934276
2074267479,1,13.522534953936457,0.34394429582226593,0.24838771843896537,1.0758776479390124,14.792694574133348
2074410152,0,55.76964521953626,0.38056946263112584,0.16226194344224865,0.8881000407713808,10.571115829188159
2074469442,3,42.956608772003854,0.3633945664538882,0.19637756309545884,0.9940898059522978,10.483003083869146
2074481050,3,70.46570704384919,0.3923114619974684,0.20738188284583747,0.7816444142298584,15.437685447378142
2074575987,2,131.80804104119306,0.345617186251276,0.20378525169251202,1.1959163281982204,20.913967316345552
2075083572,2,58.82439602986171,0.3858788180454976,0.2034957142958303,1.0022573540417483,16.07350476725321
2075349566,0,231.74873435233457,0.37522684498236986,0.19647849111622834,1.179090405970991,21.41046131293642
2075610197,0,9.548342475968937,0.36751252156737363,0.21580145857349292,1.051100584523222,14.468483015175872
2076091344,0,-22.17283783886832,0.42421212284365395,0.19878243379366295,0.7396677793875427,10.777728972093394
2076186789,2,143.5889337836271,0.3729635278218722,0.2531995940362653,1.048815897592228,23.43773459813009
2076683779,0,43.10279186682325,0.3521147793190673,0.20910221195686518,1.0140452532325512,15.706748775738061
2076949860,0,19.139757992598206,0.24153433110479475,0.1632815638169362,1.1946807265195336,15.070821325541324
2077226118,3,214.423118870917,0.37107190541496765,0.2987120073872241,1.1955839616625585,24.942102196283827
2077350791,4,71.30219934393958,0.36944352728256524,0.2225029397390585,1.077987702670789,18.378362958303278
2078434455,4,268.1189221666285,0.4120392321516162,0.12498069849865573,1.0942529194168562,20.03458940297549
2078494815,3,25.81258122805336,0.3504907750543581,0.18138674970706786,1.1628036562757584,13.364311870604105
2078520197,4,106.58437701392124,0.34755666467562024,0.20693169337118641,1.1818836711235232,17.91994542722037
2078647419,0,68.10322339855921,0.34687734390552505,0.2808207839920176,0.9952498286873576,18.984611392053015
2079303447,3,-33.09581809448659,0.40389038587923265,0.4466897404648854,0.9032737314373671,24.14419667995605
2079401317,4,78.30542507433171,0.352428958875225,0.15834819774512698,1.2515423960913181,14.769303375068999
2079617222,2,177.4014858961126,0.35737877263101314,0.3008835382510214,1.0131396800435515,23.685170093246377
2079708609,3,28.436287700576656,0.3644632250182252,0.17363494601535948,0.9737140872935186,10.650200891991059
2079820575,2,95.69455919790585,0.3668016399477377,0.1782845930466559,0.923123312609998,14.423928961431695
2080041266,3,167.6024666531667,0.3619225200264666,0.279788620232453,1.1778394767966405,22.846045036252725
2080614685,3,279.955968466752,0.38385057272472234,0.24157841664555768,0.9924983625596454,18.787332721045825
2080644160,4,240.14866163123457,0.3819312070930127,0.2658527708827107,0.9311275787762853,15.976173219209965
2081117789,0,74.69297437010877,0.35403012374544024,0.2613350814592908,1.0333551372572702,17.641511533417614
2081485306,4,42.404826037084675,0.33210761328860944,0.22864678830559135,1.1300134151275794,13.285999091685834
2081569182,0,81.70315320863149,0.31958262015061956,0.2812612979735339,1.1253710017293077,21.986431028421826
2081754132,0,204.85362066069592,0.3728143638350425,0.2229520805398355,1.0311839822277227,15.348802148450819
2081766771,1,-12.243292052584493,0.36897151973823294,0.21555275992659576,0.9566721935799989,11.195807361818073
2081786405,2,198.00394243532492,0.40098242142288315,0.32024601586008355,1.0373508317053075,23.208507604512036
2082251214,3,29.517905325340365,0.38265868397360603,0.41123663475373295,0.8739722114225947,23.81687609478063
2082516558,1,145.912862560169,0.3613268806590187,0.30755824560215195,1.037509335745027,19.379012299420175
2082878937,0,-21.583532621491287,0.32082291207113683,0.09354977886393984,1.6309650244502607,17.91122093718578
2083351176,2,67.53723382522307,0.39416839603704806,0.1857284268824292,1.033248488307249,14.132960650910409
2083399085,1,68.86199897633648,0.3752436212167086,0.27471961604550516,1.043284251504585,17.97241871266214
2083473001,4,122.58598257439394,0.381340984776377,0.2567378568702863,1.1600833042170782,21.367165850114453
2084095989,2,237.59940007612636,0.3596162603540925,0.2731892455885414,1.2143686369307864,21.171357260279812
2084277972,4,259.229181742023,0.36120448960172546,0.27174917196575704,1.043261063928176,17.682330407418597
2085027374,1,125.42708101882997,0.3660791254792987,0.2869706236552875,0.9083383303576877,17.81241282672039
2085033079,2,165.84221270963414,0.3789922144768914,0.2410235062801183,1.086616146811474,22.41662443177198
2085100639,2,138.67261141471926,0.369610062917437,0.25806301264894305,1.0536543252307675,15.481509616379075
2085613609,1,218.33432188381482,0.4173483869289172,0.2654863150023259,0.9765891972851103,20.50971626396888
2086500241,1,-78.78424162288351,0.3790860399592741,0.2367081889848809,0.9345686781433957,16.767507094426026
2086671305,1,167.931246187162,0.3843041806735584,0.17325731343531886,0.9155932358321686,12.974897532352353
2087529784,2,165.95756813851483,0.3611632625988072,0.2804473331520433,1.206028924288723,23.78840174447963
2087902310,3,417.4143188641383,0.4226847819855052,0.2141862957078638,0.9291934228245633,18.859836690022238
2087962619,4,118.86258238799478,0.36134103742416107,0.2537547233150086,1.162991276160222,20.50465737461019
2088540616,2,129.56816604839966,0.3868362104005422,0.2159671472806155,0.9919641064941466,18.536454438072113
2088836138,0,135.30480811695574,0.34030692779451355,0.27829766837842695,1.1633152932694177,20.113040484324657
2088992800,0,73.62209615156841,0.3629969451260796,0.2797030664362327,1.0504930033165227,21.76531184152818
2089130160,1,-6.015504349164189,0.4098815994440952,0.30838876427040396,0.8372754891428333,17.827064688232042
2089319482,2,-53.11204212460906,0.3348411798258254,0.1613246722034976,1.3099297101965752,13.908700156725704
2089653204,4,49.132286885595185,0.3536711767416382,0.2877922836210265,1.0770157729801146,26.61506830230217
2089703645,0,24.99473829552636,0.33696356801135735,0.21793782957411018,1.1381108756538605,16.597724818784833
2089849247,4,173.5640121310508,0.3848893370533533,0.240759957682557,1.016063298534233,19.291593725592627
2089875346,4,64.17872079038094,0.38917150139816414,0.1993520659890273,1.0925515928197305,17.251688675163606
2090259325,2,176.4813281461675,0.393810087423241,0.2732971438351184,1.014640790627914,21.49942562938893
2090445254,0,-26.614779669173075,0.3897242519787242,0.39499485402150053,0.8688639191877623,22.50785810695893
2090672547,2,143.14981135966528,0.3717189031493027,0.2747757385851126,1.1878502483605267,23.689375397980136
2090987332,4,207.44171201681576,0.3461400445853671,0.12213768046915291,1.366497110253434,17.896289320833027
2091289727,3,41.09001926951179,0.39252283322127673,0.21679493108952866,1.0873861418650057,15.21280188417311
2091496127,4,32.37379029437528,0.367966388081935,0.28844485506497775,1.007101622668177,16.793101588885847
2091819408,2,64.16852162637639,0.4122426744174641,0.22378299006130845,0.789794502149864,13.355762198386813
2092024077,4,179.6345796385477,0.39093669390921115,0.22390970204257912,1.1047944887926981,17.14217115752279
2092061977,2,-23.470193383509113,0.3816546742260345,0.22205532310166087,0.8711814337509861,12.331593881832148
2092067263,2,119.38196088854812,0.3564997257745675,0.22975404734718627,1.0164992693791404,16.844735119047073
2092210478,1,58.420220836590296,0.4306897448191697,0.35194922152052266,0.9336204631738825,15.734173987161034
2092278480,3,177.03515798658077,0.3558084843197566,0.27482560301827375,1.1595097716346927,24.058565704481072
2092674324,0,92.62550301385579,0.3520477546205579,0.160024329810386,1.197173347887687,14.244026017467013
2092935211,4,283.99318779111866,0.3837991072646758,0.17516009693198348,1.1912903355156892,20.24754235633653
2093130856,4,41.06904520170287,0.36881714835148127,0.3505443358043645,0.9167536159067846,21.047726513947545
2093549092,0,274.611598353225,0.42004742656152355,0.25255337571236414,1.044724466627594,21.23350150685624
2093679226,1,16.445973506518357,0.36134748956754137,0.258378063517519,1.0694461814029697,20.472553943066295
2094132157,1,112.25695775874803,0.3499903747463864,0.17744497572846618,1.0405288645665578,13.152314799964474
2094564559,2,172.03955070725027,0.41127316299030375,0.17397253217292774,1.3172880726809963,21.06138642435399
2094965474,4,133.8034230031312,0.3673380115171202,0.23419299049725564,1.085203447805911,20.330687117354273
2095077077,1,7.928026371710658,0.3535109789745802,0.2982682374039296,0.9745464261485524,20.1222671822576
2095656240,4,182.01931140764847,0.39136586688761416,0.27604549660610267,1.2412390868377867,21.76335003222988
2096099449,0,166.16868749076957,0.3812449558296589,0.2126104312822234,1.0007570021115393,14.773115052339254
2097065173,0,95.78875417073104,0.36529965438518686,0.2688204869460178,0.9365870103603713,15.776774255566876
2097105908,3,176.41429220513515,0.3813215667242968,0.2136553130987141,0.896107675419128,14.063964575103888
2097907422,0,238.3271459557896,0.3790678274128576,0.17936556612539933,1.2113016815767643,21.483691378604217
2098139319,0,20.187201297894802,0.37434208546223574,0.37529538776384674,0.9212817642021635,20.484038598676243
2098169121,4,124.89732446741048,0.3845106499851395,0.2604716627316225,1.1102546436470586,17.347070012403638
2098235605,2,58.504959356453824,0.38470992099060153,0.22758212890287854,0.9406954152304451,12.491232219228607
2098276804,4,56.593358545602605,0.3793456625916083,0.25759338883612976,0.9556653971804193,15.366531673597159
2098860245,3,207.88766532837883,0.3646621339517192,0.2218079362955919,1.048565940223918,17.494793711038838
2098949434,4,48.2789538542195,0.35759482901766104,0.33002688602021635,0.9544709074259417,20.521034013615324
2098983815,0,163.61733953268254,0.37650579962388014,0.16925484262160453,1.186112739003426,17.366664537853506
2099106036,2,73.24803966723,0.35708743623274253,0.31110746836538283,1.0621746065167037,21.951953858656267
2099208394,4,141.5962187795631,0.3615815960958133,0.2398908608991949,1.2086429227849735,20.420114873257507
2099643847,4,215.36801275706443,0.36576735239719227,0.16032037746468702,1.1503536371124263,17.468748694143464
2099648126,1,168.83545955433306,0.40955261855942987,0.17946129443149084,0.9379119687649317,12.120887208131666
2100810597,2,265.09430449432756,0.4651083258665342,0.29383940365808525,0.9796693035608849,21.797875237202867
2101703893,4,-35.18812692950601,0.4005208522900717,0.24440032963811323,0.921835008494683,16.624254586074187
2101723306,4,89.84831863277091,0.38569280254563976,0.19345388519977913,1.0644780984288982,16.262182033247438
2102034218,1,226.66098601141564,0.37006070645470285,0.16701991309094957,1.2277593367407904,20.452968067156462
2102039309,2,184.16785596788804,0.36042060191547926,0.3002508648444697,1.1878775543431639,24.104545612102704
2102048266,2,137.7398967492252,0.308549182739009,0.15268147842554988,1.04058290210198,14.467716111973282
2102097019,0,59.14040307275246,0.3650653124710967,0.3095258288885711,0.974028031685741,15.785073452944948
2102135850,4,-3.4480659208144147,0.31955555190518564,0.23311291982536755,1.0903092524713707,20.853407959034637
2102234224,2,9.658584999016114,0.38194455669420363,0.23520283923243296,0.9292838422111502,13.596590551367749
2102406766,1,117.43118684671452,0.4256065656267912,0.11757568185075562,1.2817578435608175,13.800186292364144
2102601525,2,-13.561427219756752,0.41812081521573574,0.3549393129333588,0.8092017324299917,19.865214291347037
2102738323,3,133.27632403796238,0.36374815210121064,0.22314050452906886,1.1256486573595648,22.246647810754705
2102908349,1,173.7766855205239,0.40484079546345014,0.2733177233358864,0.9032079320778491,17.31257439518039
2103171558,1,151.46805006219734,0.350491178287193,0.2232252181275567,1.1233896347883445,15.472521998076175
2103300246,1,132.19329777386073,0.35035851926995853,0.13515624934402454,1.434255575447771,20.454043368005962
2103389743,1,34.32734354849794,0.36060189485651,0.22011728905618688,1.0167932726488802,12.016151594713882
2103408562,0,-67.52464217674692,0.35845344392904377,0.09022799610797097,1.614966770558269,19.082837171984828
2103439506,3,-25.271254924657995,0.40936322914235956,0.22050023259697898,0.7640968181069125,13.848117583940144
2103456476,4,16.515559242410248,0.4017350193271566,0.293004308296033,0.8631405042682035,12.070508023388257
2103595659,3,-48.9848748096303,0.3358527661960582,0.25016386659714734,1.0840467584555702,20.8534791461662
2103648490,4,278.7397881713966,0.3627111143167247,0.2593689823559918,1.0248001288571669,15.13262977652783
2104121723,0,93.34686017003746,0.3498149600902928,0.2562586749931424,1.0561962335105795,18.596671040890456
2104215335,2,311.4446163318831,0.39396228217297347,0.32214728431837736,1.12961134132191,25.32744076298225
2104280105,0,34.81859606332474,0.3338023397043346,0.14711169605511337,1.3936602562229394,16.941696660861407
2104394110,2,130.84823897591363,0.3541549793331681,0.28396776027529425,1.019459289375519,21.669729328274304
2104615575,3,110.64960595864247,0.359672854937662,0.2228513151739816,0.9344048848120156,15.37594614558959
2104808505,1,119.37678393600753,0.34015920979700853,0.21347860774076263,0.9534546773564677,12.84705359991693
2104822360,3,247.59571485948342,0.3779477661012929,0.2659214435828659,1.1404881198114458,27.251204467756843
2105181780,3,364.2370083377128,0.45453530458121155,0.21878870376074827,1.0044911006130801,21.73594278055443
2105271867,4,217.4324477927429,0.3924654580016338,0.22795528972365453,0.9327474396604933,17.723072487195466
2105289986,3,46.71765270683945,0.39765888254530735,0.1892596488887004,0.9013867069924173,11.978363933769927
2105342564,2,191.0726742567939,0.3735972091834093,0.25553991385418273,0.9956414887868863,18.926400902345215
2105808752,1,120.21879883335767,0.35462461291171404,0.2911042222156982,1.0013843716726951,17.654082558773297
2106014739,3,19.285352533530357,0.35926360323445394,0.17025869185919504,1.0158739942282538,9.918286437875892
2106275080,1,103.79563195715573,0.35360928118240087,0.3398603848269377,1.1120137086503945,21.669756991511118
2107302149,2,44.49676888284431,0.3894713394907498,0.1556440754134204,1.2894087181249674,14.589766334747623
2107491529,2,-12.05583168206175,0.33671920574084646,0.10403645591781138,1.2765030333580072,13.135067549674053
2107706475,1,-46.96231533288534,0.38618163455877536,0.34191848447587986,0.9135054015419544,21.299919033108456
2107751440,2,242.37319823209236,0.39750409354812727,0.2954946140260227,0.9636752147961469,20.817121343464972
2108285261,4,51.190998523614866,0.33454736029427157,0.2779715285505466,1.091383761141684,21.259182386674336
2108373019,3,39.93138472917489,0.3563846915919309,0.24900803976171157,1.0584300558073383,13.365797446994385
2109042008,3,108.48804023299628,0.3538054834696712,0.20540877856897669,1.2792604246871948,15.476422156393227
2109143268,1,21.627360125897866,0.35885472026571175,0.18798734952675294,0.9818441027201625,10.826994461665544
2109376187,0,55.53714050156698,0.3655415315170593,0.33528181060437745,1.0732094321672805,22.389661018609328
2110077418,0,54.41879080262167,0.36070861794415754,0.3130204148933868,0.9411311276869537,21.714748264243326
2111187299,4,130.209472224322,0.39841288279669274,0.24147830792509611,1.026262002145083,14.97049985048011
2111235464,4,46.75880778865793,0.3783895766174794,0.2065495006270637,0.9622336366335124,12.042110371029414
2111449660,1,193.97671980915646,0.37340867986867526,0.2245229856888514,0.9529094500023667,15.44859518888678
2111641058,0,-36.96871097687942,0.3769692587358258,0.24178461935260087,0.9270517996745301,12.046681392247507
2111688362,1,38.49669710612934,0.35934082076982893,0.18179293623198262,0.9675988413762984,9.800218133080673
2112106908,3,124.86029674687555,0.41288786911962116,0.2236292481259063,0.9000940634941842,13.152188886732544
2112160292,0,32.15802326127248,0.34204462201602365,0.1690912844194486,1.048772862364286,12.926322791825955
2112420491,1,168.02195771635292,0.40834683617410195,0.31880202007232994,1.1088302184467829,23.941017385121384
2112498322,3,77.75857989140857,0.41121072564691924,0.33350180258247947,0.9879854561905853,19.58153330310212
2112731378,1,97.42849683692337,0.33295490082488854,0.2803501312487462,1.1819496250114654,20.63635246261625
2112734421,3,175.0492012848892,0.36531299716736065,0.16178422842258616,1.080799286038071,11.368540123621152
2112770434,0,93.56220953204351,0.3920756842023337,0.3474675994134747,0.8846818731481576,25.164635005309602
2112796549,2,290.50101047268976,0.3676849718978821,0.30425595378859205,1.1730241741221983,20.764492355863936
2112814629,2,-61.88194386133101,0.39040586157908136,0.21961407376660183,0.8408305027966871,13.692714190174756
2113232814,2,46.04911290494608,0.3697653918635935,0.23374072247062364,1.2303582146129008,14.287690431599051
2113271620,2,66.33191235500365,0.31160370164214424,0.1611740652376859,1.0513741190068795,14.766232019636622
2113327142,2,259.2534906627899,0.3875643766019093,0.2025320737338805,1.1637852441371535,21.488926853235917
2113413468,1,214.43888364029976,0.407939517481876,0.15277385449653524,1.0821444478448123,19.999362042728446
2113953037,4,98.02543619421898,0.3475774005520676,0.28191659799665725,1.177877160076844,23.688791618009386
2113988141,0,172.28803386748143,0.34372137703912675,0.2981623390916241,1.1815259166710614,22.918574677449584
2114154599,2,33.53028858803849,0.4144838099633227,0.22071323865745532,0.9556268659416052,16.09661179691061
2114560231,2,120.12394302624698,0.3565584692118479,0.2477360462778204,1.1873597612901106,22.18993466096229
2114893562,2,251.32678427922673,0.3979125026929027,0.2844933113736588,1.0746155345063952,24.43819152568581
2115270537,2,-82.56897222711412,0.3254145962252172,0.09292982364250574,1.5109285291286692,13.290267975722239
2115445958,1,217.27444663559362,0.34279156230218605,0.2683648017781686,1.2442145218512266,21.412342310344627
2115845960,1,290.70757298275356,0.3489159544644575,0.27195953160270947,1.193889970069127,21.513846560061808
2116023272,2,10.621876415119175,0.4062257989276618,0.26840572722481676,0.9524381247677094,20.063736097566192
2116043723,3,226.57222828616244,0.3679946334057584,0.2882311908657816,1.173598661000792,24.283469996350963
2116336179,0,202.3934413535978,0.3486182447932652,0.23670317652233455,1.0813545975986791,17.353086784493026
2116365788,3,215.05744106495604,0.3618916716198035,0.2691091597007567,1.1457272464419987,24.89999585405218
2116457345,2,227.3295725729214,0.35811728127720793,0.20032168747498572,1.2672408082362994,21.93647980808984
2116593356,0,61.588595329670035,0.43197527189469337,0.37424172312938514,0.9718128111844531,18.62729868900432
2117478348,4,58.81433772809856,0.3925577000284952,0.2285955338386863,0.9193626067972317,12.813028206754204
2117609308,1,155.88304825124354,0.3854304178403395,0.20647722725074968,1.1410050677282222,19.81192383406102
2117950580,3,115.5066334413438,0.3741724919481847,0.19186597532536714,0.9450298476772871,13.7670228085556
2118544879,0,215.97468372723947,0.37089065923569237,0.15826531392219662,1.1813860302168504,20.075742189786947
2118719720,3,82.6680691763105,0.3843849498217473,0.19230505391569025,0.9779419233260002,13.762151241184478
2118723389,1,14.473271450881583,0.33174433442451945,0.23567086545141086,1.1349072717288617,15.688431513657282
2118767527,3,230.71490583704448,0.3673459505475713,0.2898241306853289,1.1828523971221931,24.457561641844606
2118906166,3,72.50959680884488,0.421896793151118,0.19544811797354822,1.224551226671919,12.936251828526593
2119541663,3,68.75869529422616,0.36725835329586426,0.17030504693299528,1.06250021207372,14.877268509263763
2119800195,2,-15.556237203149891,0.3746791102141552,0.2683428735395928,0.9731805672394085,13.56824485860948
2119910769,0,42.88707427946881,0.35179386189534934,0.16839863469383226,1.15684279492808,14.563982658301585
2120362276,4,235.477683239858,0.3954693338943487,0.2655644926387224,0.911693319038741,17.4629880729667
2120569877,1,40.51984648521974,0.37498532740094936,0.30743570979494084,1.038725104236028,21.49926036890422
2120715373,4,38.271342305432995,0.3663261658186931,0.27985197536692347,0.9857647836486314,17.154770074696348
2120990962,4,62.688440572071045,0.35411000849338387,0.28972811634121204,1.0823501080305922,22.716326546322275
2121376176,1,229.8833360025601,0.36705494932375843,0.2743239369663251,1.1103310923229053,19.69944403390056
2121841286,1,132.3196403221336,0.4029388985255941,0.20429176737987043,0.9747206532991923,13.026119589349587
2122013892,2,-10.207343844479695,0.3428377398082111,0.20892900614282822,1.071572376745667,13.077285280921068
2122531737,1,141.27971547659885,0.39199568173356514,0.20771182310352457,1.1628799262833767,18.55578867407694
2123056342,4,204.20578257103392,0.36662862638501226,0.24721781219921798,0.9431181990675883,15.238874087115583
2123073246,2,22.084797401109185,0.33493448592454356,0.19692505730835386,1.1123323124701925,16.236002155075244
2123232751,3,62.73001866856608,0.39658739855763425,0.20689337414745074,1.1113620875893226,14.912681280841054
2124031511,1,-21.781087660081937,0.38234296265117435,0.21471167027338636,1.0952356521157578,14.293338703646237
2124040823,2,40.66722161346273,0.3659423644565859,0.25959116845684893,0.9811849366754394,19.72673925588012
2124483443,4,59.1790595453268,0.3653327680022694,0.18502889402264497,1.0093337463537084,9.470753136320678
2124605218,0,155.07834493900572,0.3671215667016085,0.21350411392346863,1.2144697546809653,18.427024512084188
2124727719,3,65.44391116749756,0.364028903551097,0.18870260322872806,1.1712770928694045,15.718834156752779
2125797590,3,227.33397883222818,0.34308979857402283,0.22881736745764714,1.162320307983096,20.250080559866614
2125841447,4,284.86899381296234,0.3869250031310029,0.23298500335838132,0.9712954053076065,14.109098210080361
2126001551,4,162.52592370203973,0.31639610983591343,0.20201693388714234,1.3703742658026965,18.356590969053382
2126142504,2,-14.93528874307242,0.3847387002013521,0.3409892571042583,0.8726213095501868,15.308608801964237
2127024895,1,23.119747470440785,0.37173372135379135,0.22175261961781123,0.9481056697775895,14.286707499702585
2127124600,1,213.28964230072066,0.3745074010516591,0.21458961312167216,1.1963346070357395,19.08903194907799
2127233037,2,-16.662764944607773,0.39187192150922673,0.357808272887127,0.8531197259090706,14.78756093190428
2127356325,2,20.701054470310467,0.4285991765129194,0.40060182091745533,0.8966117192006635,16.449677028661338
2127384896,0,18.4582517781662,0.34817293379989145,0.23991450283363294,1.0894921824064079,21.054946317865706
2127609495,1,90.85661732366552,0.3546979789237457,0.30663980576149424,1.0829263564821061,23.182816694260254
2127644258,2,256.07188091393795,0.34312461760702134,0.19440889781088308,1.2931952790248016,19.84352114776384
2127806896,2,55.39446929159019,0.35500873390123966,0.325802243104523,0.9844346264252734,20.82841766780643
2128237869,0,84.90597728889908,0.3794636231801983,0.15528264114462514,1.0490770575978752,14.95011991167903
2128329222,2,-5.110673920466013,0.37693919884143495,0.21158765736081322,1.1147420251504216,16.881813240184734
2128364241,2,184.78960470667727,0.4042774823943696,0.2596051299965662,1.084953561627327,21.905105493639372
2128965450,0,54.34095059415378,0.34745301752547,0.30996125184775425,1.019076293505756,21.218684788856873
2129332781,4,42.63662202457237,0.3573216121256576,0.3264607540031584,0.9436020758358511,20.76797083689661
2129403327,0,191.11750665079438,0.3629504480178851,0.21106423886752043,1.0071264725103761,16.89999288999619
2130807414,0,9.83247436041782,0.36498170850203265,0.18081656995688705,1.0220620972026033,11.702791243753994
2130816588,3,99.12094160315424,0.3334579199892367,0.1786011850753338,1.1851748700092042,15.156109052004554
2130846532,3,252.65839945528325,0.37132335374741554,0.22629398686707441,1.0017997592933818,17.534345195657064
2131450394,1,206.44047336753096,0.3588193332960524,0.20570170799208143,1.0325263078842561,15.306748316338595
2131565375,2,197.90282247268095,0.3494813559808972,0.3044278482227807,1.110886133913032,22.453462076670142
2132236820,1,-34.6390545035224,0.34375452521240984,0.2109336640703559,1.047837307192142,15.718964405490647
2132602127,1,101.66005030709395,0.35219405598743536,0.2778776254623406,1.0071869607089627,18.511029344480914
2132630814,4,296.1942421529982,0.462259591931151,0.23331342579950787,1.078968291739919,15.17774882895865
2132767837,0,206.76147509611923,0.37214667725648937,0.23426100061580224,1.0196445677749084,14.967898535996367
2132825345,4,5.917722714485151,0.4374684298194975,0.17542596105906058,0.9359962857993186,15.290250043651035
2133999177,1,207.03220220270663,0.3666035956684325,0.18408597730612974,1.0175222810623168,14.291757700111802
2134272821,0,155.82131190935505,0.33482018930876917,0.22493802692658582,1.0788504483975814,16.062048247623682
2134740083,0,51.52004524241603,0.4183706804955887,0.14323745929283,1.1332493671932267,17.75093622696321
2135550018,0,153.8084211933044,0.3600693976941309,0.22978789721415457,1.200945591743712,20.374379517620604
2135749372,4,61.79000302585021,0.35934085575900837,0.32445230766237376,0.9862439754036264,21.71826404672453
2135907142,2,226.54656089169436,0.36876433600211805,0.17710663830144163,1.060937242628079,13.036699465965091
2136380644,2,19.41881807746563,0.33580147645554864,0.23895845328163418,1.1210126963421954,15.278930983660338
2136556254,4,161.98663663852574,0.3770426902015786,0.22619113937306332,1.0837196584821467,16.02862848995943
2136774388,3,199.47276385929894,0.3761267433787111,0.24673901148441066,1.1502466051758324,21.3993813168486
2136777400,2,135.67379753126923,0.37030593273281576,0.20964165471652232,1.2241691569744786,17.461792936207992
2136833669,0,216.12829945204322,0.3684180639571176,0.23999244674994202,0.9973008198902074,16.800192629931676
2137189788,3,46.400184263752756,0.3539132529399558,0.29233822477919824,1.0386359427718816,21.666785596905193
2137510659,4,167.7737584580122,0.350032545071235,0.22621051050718372,1.2247713704826668,17.94928123150695
2137901854,1,124.55768415322926,0.389201737976388,0.09762962593439922,1.2624921034748757,18.801375182427734
2138950642,4,294.30088138221834,0.37484182534247484,0.25469696890348437,1.0152099505651457,14.553502898999266
2139033638,4,163.36542222330297,0.3662819891207849,0.14807245144018058,1.251160821939552,16.340947039873566
2139220347,4,82.02574517335316,0.3473746020754148,0.27047082179448023,1.1944739160857896,23.17199380215241
2139752461,4,192.5719237114501,0.3588118597549973,0.24250353122677967,0.9623937956544931,15.586375662608274
2139764431,2,237.0531081250217,0.4004771636813865,0.3335260676191338,1.1084815064125204,23.50009991361597
2140175803,4,32.60352210565817,0.3839358844971529,0.1711648152556445,1.1182037776006863,15.101778893153899
2140329869,4,208.20503661242697,0.36865431225357675,0.235148753681087,1.0515748568545806,14.53614234455772
2140546586,2,185.49134062450224,0.4000684820367647,0.2154050762405873,1.027685010731048,19.684968122187914
2141222333,0,28.76448475235118,0.39263316402214865,0.2075881585727195,0.8965015931349132,13.408754753980816
2141227349,3,12.680779533058242,0.38955738712090154,0.20950190008779201,1.2834339231848317,21.08442322792525
2141673799,4,-22.780797304125542,0.3504575258646218,0.26115368004096334,1.0035974060191661,19.96473001176136
2141743526,2,114.83237980333936,0.41786449684048826,0.32749876015129425,0.9948173500265345,18.7421583565492
2141765674,0,215.85260387334398,0.3569932803997287,0.22945426346836917,1.0830110381903617,16.413386336512986
2142082158,2,12.498129854784679,0.3593208754507028,0.19582786972256958,0.992309944597932,11.336336199609683
2142258643,3,-53.00033781444543,0.3363779784891422,0.036372159151249805,1.8865823346735695,18.79357436707075
2142436702,0,48.042436283641194,0.3683902896818023,0.22954947027098951,1.1178997851216388,13.923176188850942
2142712159,4,14.0031785579734,0.3463127249254738,0.269895231183938,1.065125700618691,17.66118655022978
2142796643,4,13.809152465493398,0.33246767365710694,0.25973228924907404,1.102355930613375,19.475645348953666
2143562639,4,370.6509543841871,0.4323892321863764,0.36443440886503525,0.9847241842971947,25.18025338633592
2143661007,0,105.39530473549691,0.38255625301425167,0.186643203372856,1.19260302455978,17.760305922957322
2143712913,1,163.29648985441906,0.35307465784927605,0.2164327721140828,1.1124571951415139,13.65734876682409
2143907277,1,209.77571482626013,0.4177110173749914,0.15254248811408128,1.0318962656230635,19.228000521409168
2144004917,2,178.92647801953274,0.37592708062908203,0.228487164711201,0.9724274369035367,17.575064418208136
2144112404,1,285.5286398088342,0.4086378643407624,0.21030268254614698,1.0870004516959912,17.96655493711806
2144122430,4,27.62206961245458,0.3821324284846656,0.23218269277975218,0.946840915874242,15.047716004758774
2144407419,2,196.83532527347768,0.3482444200169869,0.24182628812473725,1.0327663004649985,20.120711346723674
2144585137,4,-12.083317361222967,0.40354261693233157,0.37336751855443306,0.8728088099818534,19.826206103382653
2144833176,3,141.4535601384421,0.3514515702574197,0.2443005066442483,1.033983645858419,17.82847541352164
2144885299,4,124.92608543037699,0.3687806683386571,0.2660967165581342,1.1863120790204307,20.36992290798601
2145754904,2,56.3167023405674,0.3499271316671087,0.24179325589235326,1.201508414386722,21.066243027608383
2145995824,0,252.74804733099535,0.38952252938421517,0.21649498543332515,1.1553648045297562,21.292635153877473
2146083613,4,25.7277705797635,0.344348059074953,0.2315565148409489,0.9754664390615473,17.140419377848673
2146213237,4,142.67951009923473,0.3723452788529349,0.24228632267309488,1.0894929547102046,17.606998091231596
2146592435,1,57.541043165566435,0.36765356982654607,0.25403779429120693,1.0113523403798763,18.134169982816687
2146810552,3,156.47883075393491,0.3528931238468381,0.1996070857989687,1.2134374347828047,17.17363278438963
2147191531,4,112.68929218698914,0.3654103984412809,0.2790676319840635,1.0702573518180212,20.964888703292832
2147435020,3,48.79804148767165,0.4047837377925832,0.188180792336357,0.922540250150347,12.505519444326193
2147438299,2,9.600625830622064,0.37570109937489116,0.3798436923587948,0.9970379933971484,22.103517542964973
